# RE1.5 Port — BEFUND-LOG (Sep 13 2026 14:00:49)
# Eine Zeile je 15 Bilder, dazu jede F9-MARKE.
# Spalten:
#   F<n>        Bildnummer
#   R<xxxx> C<n> Raum und Kamerawinkel
#   pos=(x,y,z) Weltlage der Figur, rot = Blickrichtung (0..4095)
#   vz=a/b/c    Kamera-Tiefe von FUSS / HUEFTE / KOPF
#   scr=(x,y)   Fusspunkt im 320x240-Bild
#   kasten=...  geschaetzter Bildkasten der Figur (Messgroesse)
#   masken=n    geladene Vordergrund-Masken dieses Winkels
#   [i:(x,y)wxh t=T z=Z DECKT|frei]  jede Maske, die den Kasten beruehrt.
#       Der Zeichner verdeckt, solange die Figur-Tiefe GROESSER als z ist
#       (z = T*64). 'frei' heisst: die Figur steht VOR dieser Maske.
# ---------------------------------------------------------------
F0       R1150 C2  hp=65   pos=(-22685,     0,-19651) rot=-6389 vz= 5639/ 5376/ 5112 scr=( 99,190) kasten=x80..118,y125..193 masken=54 | [0:(78,105)24x24 t=107 z=6848 frei] [1:(102,105)24x24 t=87 z=5568 DECKT] [6:(78,129)24x24 t=90 z=5760 frei] [7:(102,129)40x24 t=89 z=5696 frei] [9:(78,153)24x24 t=95 z=6080 frei] [10:(102,153)40x24 t=95 z=6080 frei] [31:(70,185)24x24 t=39 z=2496 DECKT] [33:(94,185)24x24 t=43 z=2752 DECKT]
F15      R1150 C2  hp=65   pos=(-22685,     0,-19651) rot=-6389 vz= 5639/ 5376/ 5112 scr=( 99,190) kasten=x80..118,y125..193 masken=54 | [0:(78,105)24x24 t=107 z=6848 frei] [1:(102,105)24x24 t=87 z=5568 DECKT] [6:(78,129)24x24 t=90 z=5760 frei] [7:(102,129)40x24 t=89 z=5696 frei] [9:(78,153)24x24 t=95 z=6080 frei] [10:(102,153)40x24 t=95 z=6080 frei] [31:(70,185)24x24 t=39 z=2496 DECKT] [33:(94,185)24x24 t=43 z=2752 DECKT]
F30      R1150 C2  hp=65   pos=(-22490,     0,-19576) rot=-6389 vz= 5451/ 5187/ 4923 scr=(100,195) kasten=x80..120,y128..198 masken=54 | [0:(78,105)24x24 t=107 z=6848 frei] [1:(102,105)24x24 t=87 z=5568 frei] [6:(78,129)24x24 t=90 z=5760 frei] [7:(102,129)40x24 t=89 z=5696 frei] [9:(78,153)24x24 t=95 z=6080 frei] [10:(102,153)40x24 t=95 z=6080 frei] [31:(70,185)24x24 t=39 z=2496 DECKT] [33:(94,185)24x24 t=43 z=2752 DECKT] [35:(118,185)24x24 t=42 z=2688 DECKT]
F45      R1150 C2  hp=65   pos=(-22490,     0,-19576) rot=-5621 vz= 5451/ 5187/ 4923 scr=(100,195) kasten=x80..120,y128..198 masken=54 | [0:(78,105)24x24 t=107 z=6848 frei] [1:(102,105)24x24 t=87 z=5568 frei] [6:(78,129)24x24 t=90 z=5760 frei] [7:(102,129)40x24 t=89 z=5696 frei] [9:(78,153)24x24 t=95 z=6080 frei] [10:(102,153)40x24 t=95 z=6080 frei] [31:(70,185)24x24 t=39 z=2496 DECKT] [33:(94,185)24x24 t=43 z=2752 DECKT] [35:(118,185)24x24 t=42 z=2688 DECKT]
F60      R1150 C2  hp=65   pos=(-22490,     0,-19576) rot=-4469 vz= 5451/ 5187/ 4923 scr=(100,195) kasten=x80..120,y128..198 masken=54 | [0:(78,105)24x24 t=107 z=6848 frei] [1:(102,105)24x24 t=87 z=5568 frei] [6:(78,129)24x24 t=90 z=5760 frei] [7:(102,129)40x24 t=89 z=5696 frei] [9:(78,153)24x24 t=95 z=6080 frei] [10:(102,153)40x24 t=95 z=6080 frei] [31:(70,185)24x24 t=39 z=2496 DECKT] [33:(94,185)24x24 t=43 z=2752 DECKT] [35:(118,185)24x24 t=42 z=2688 DECKT]
F6       R2090 C0  hp=65   pos=( -8200,     0,-25550) rot=-4085 vz=10801/10607/10414 scr=( 88,127) kasten=x77..99,y92..130 masken=56 | keine Maske am Koerper
F21      R2090 C0  hp=65   pos=( -8200,     0,-25550) rot=-5237 vz=10801/10607/10414 scr=( 88,127) kasten=x77..99,y92..130 masken=56 | keine Maske am Koerper
F36      R2090 C0  hp=65   pos=( -8200,     0,-25550) rot=-5237 vz=10801/10607/10414 scr=( 88,127) kasten=x77..99,y92..130 masken=56 | keine Maske am Koerper
F51      R2090 C0  hp=65   pos=( -8200,     0,-25550) rot=-5237 vz=10801/10607/10414 scr=( 88,127) kasten=x77..99,y92..130 masken=56 | keine Maske am Koerper
F66      R2090 C0  hp=65   pos=( -8200,     0,-25550) rot=-5237 vz=10801/10607/10414 scr=( 88,127) kasten=x77..99,y92..130 masken=56 | keine Maske am Koerper
F3       R2090 C0  hp=65   pos=( -8200,     0,-25550) rot=-5237 vz=10801/10607/10414 scr=( 88,127) kasten=x77..99,y92..130 masken=0 | keine Maske am Koerper
F18      R2090 C0  hp=65   pos=( -8200,     0,-25550) rot=-5237 vz=10801/10607/10414 scr=( 88,127) kasten=x77..99,y92..130 masken=0 | keine Maske am Koerper
F33      R2090 C0  hp=65   pos=( -8200,     0,-25550) rot=-5237 vz=10801/10607/10414 scr=( 88,127) kasten=x77..99,y92..130 masken=0 | keine Maske am Koerper
F48      R2090 C0  hp=65   pos=( -8200,     0,-25550) rot=-5237 vz=10801/10607/10414 scr=( 88,127) kasten=x77..99,y92..130 masken=0 | keine Maske am Koerper
F63      R2090 C0  hp=65   pos=( -8200,     0,-25550) rot=-5237 vz=10801/10607/10414 scr=( 88,127) kasten=x77..99,y92..130 masken=0 | keine Maske am Koerper
F78      R2090 C0  hp=65   pos=( -8200,     0,-25550) rot=-5237 vz=10801/10607/10414 scr=( 88,127) kasten=x77..99,y92..130 masken=0 | keine Maske am Koerper
F93      R2090 C0  hp=65   pos=( -8200,     0,-25550) rot=-5237 vz=10801/10607/10414 scr=( 88,127) kasten=x77..99,y92..130 masken=0 | keine Maske am Koerper
F108     R2090 C0  hp=65   pos=( -8200,     0,-25550) rot=-5237 vz=10801/10607/10414 scr=( 88,127) kasten=x77..99,y92..130 masken=0 | keine Maske am Koerper
F123     R2090 C0  hp=65   pos=( -8200,     0,-25550) rot=3917  vz=10801/10607/10414 scr=( 88,127) kasten=x77..99,y92..130 masken=0 | keine Maske am Koerper
F138     R2090 C0  hp=65   pos=( -8200,     0,-25550) rot=3917  vz=10801/10607/10414 scr=( 88,127) kasten=x77..99,y92..130 masken=0 | keine Maske am Koerper
F153     R2090 C0  hp=65   pos=( -8200,     0,-25550) rot=3917  vz=10801/10607/10414 scr=( 88,127) kasten=x77..99,y92..130 masken=0 | keine Maske am Koerper
F168     R2090 C0  hp=65   pos=( -8200,     0,-25550) rot=3917  vz=10801/10607/10414 scr=( 88,127) kasten=x77..99,y92..130 masken=0 | keine Maske am Koerper
F183     R2090 C0  hp=65   pos=( -8432,     0,-26532) rot=3917  vz=10631/10437/10244 scr=( 68,128) kasten=x57..79,y92..131 masken=0 | keine Maske am Koerper
F198     R2090 C0  hp=65   pos=( -8432,     0,-26532) rot=3917  vz=10631/10437/10244 scr=( 68,128) kasten=x57..79,y92..131 masken=0 | keine Maske am Koerper
F213     R2090 C0  hp=65   pos=( -8432,     0,-26532) rot=3917  vz=10631/10437/10244 scr=( 68,128) kasten=x57..79,y92..131 masken=0 | keine Maske am Koerper
F228     R2090 C0  hp=65   pos=( -8354,     0,-25745) rot=3029  vz=10863/10670/10476 scr=( 84,126) kasten=x73..95,y91..129 masken=0 | keine Maske am Koerper
F243     R2090 C0  hp=65   pos=( -8432,     0,-22966) rot=2813  vz=11997/11803/11610 scr=(135,120) kasten=x125..145,y88..123 masken=0 | keine Maske am Koerper
F258     R2090 C0  hp=65   pos=( -8432,     0,-20206) rot=2813  vz=13054/12861/12667 scr=(177,117) kasten=x167..187,y87..120 masken=0 | keine Maske am Koerper
F273     R2090 C7  hp=65   pos=( -8166,     0,-17280) rot=3173  vz= 8759/ 8636/ 8512 scr=(114,160) kasten=x101..127,y117..163 masken=103 | keine Maske am Koerper
F288     R2090 C7  hp=65   pos=( -8432,     0,-16495) rot=3221  vz= 9476/ 9353/ 9229 scr=(109,155) kasten=x97..121,y115..158 masken=103 | keine Maske am Koerper
F303     R2090 C7  hp=15   pos=( -8432,     0,-17580) rot=3269  vz= 8421/ 8297/ 8173 scr=(107,163) kasten=x93..121,y119..166 masken=103 | keine Maske am Koerper
F318     R2090 C7  hp=15   pos=( -8443,     0,-18391) rot=3269  vz= 7630/ 7506/ 7382 scr=(105,171) kasten=x90..120,y122..174 masken=103 | keine Maske am Koerper
F333     R2090 C7  hp=15   pos=( -8446,     0,-18852) rot=3269  vz= 7181/ 7057/ 6933 scr=(104,177) kasten=x88..120,y125..180 masken=103 | keine Maske am Koerper
F348     R2090 C7  hp=15   pos=( -8446,     0,-18852) rot=3269  vz= 7181/ 7057/ 6933 scr=(104,177) kasten=x88..120,y125..180 masken=103 | keine Maske am Koerper
F363     R2090 C7  hp=15   pos=( -8432,     0,-19292) rot=3845  vz= 6755/ 6631/ 6508 scr=(104,183) kasten=x88..120,y128..186 masken=103 | keine Maske am Koerper
F378     R2090 C0  hp=15   pos=( -7119,     0,-20452) rot=4949  vz=11791/11598/11405 scr=(184,121) kasten=x174..194,y89..124 masken=56 | keine Maske am Koerper
F393     R2090 C0  hp=15   pos=( -7767,     0,-20941) rot=4733  vz=12181/11987/11794 scr=(171,120) kasten=x161..181,y88..123 masken=56 | keine Maske am Koerper
F408     R2090 C0  hp=-35  pos=( -8445,     0,-28149) rot=1047  vz=10023/ 9830/ 9636 scr=( 31,131) kasten=x19..43,y93..134 masken=56 | keine Maske am Koerper
F423     R2090 C0  hp=-35  pos=( -7532,     0,-25260) rot=1047  vz=10317/10124/ 9930 scr=( 96,129) kasten=x84..108,y92..132 masken=56 | keine Maske am Koerper
F438     R2090 C0  hp=-35  pos=( -8734,     0,-25052) rot=1047  vz=11466/11273/11080 scr=( 97,123) kasten=x86..108,y90..126 masken=56 | keine Maske am Koerper
F453     R2090 C0  hp=-35  pos=( -8266,     0,-25096) rot=1047  vz=11033/10840/10646 scr=( 97,125) kasten=x86..108,y90..128 masken=56 | keine Maske am Koerper
F468     R2090 C0  hp=-35  pos=( -7704,     0,-24004) rot=1047  vz=10951/10758/10565 scr=(120,126) kasten=x109..131,y91..129 masken=56 | keine Maske am Koerper
F483     R2090 C0  hp=-35  pos=( -7515,     0,-22533) rot=1047  vz=11347/11153/10960 scr=(148,124) kasten=x137..159,y90..127 masken=56 | keine Maske am Koerper
F498     R2090 C0  hp=-35  pos=( -9903,     0,-22863) rot=1047  vz=13344/13152/12959 scr=(130,116) kasten=x120..140,y87..119 masken=56 | keine Maske am Koerper
F513     R2090 C0  hp=-35  pos=( -7581,     0,-22624) rot=1047  vz=11371/11177/10984 scr=(146,123) kasten=x135..157,y89..126 masken=56 | keine Maske am Koerper
F528     R2090 C0  hp=-35  pos=( -7158,     0,-23134) rot=1047  vz=10799/10605/10412 scr=(139,127) kasten=x128..150,y92..130 masken=56 | keine Maske am Koerper
F543     R2090 C0  hp=-35  pos=( -7155,     0,-23141) rot=1047  vz=10793/10600/10407 scr=(139,127) kasten=x128..150,y92..130 masken=56 | keine Maske am Koerper

=========== MARKE 1 (F9) ===========
  Bild: C:/workspace/git/reAi_v2/re15_port/build/platform/pc/befund_2090_F545_marke1.bmp
F545     R2090 C0  hp=-35  pos=( -7155,     0,-23141) rot=1047  vz=10793/10600/10407 scr=(139,127) kasten=x128..150,y92..130 masken=56 | keine Maske am Koerper
  alle 56 Masken dieses Winkels (Nr:(x,y)bxh Tiefe -> Kamera-z):
      0:(311, 52)  8x8   t=87  z=5568    1:(319, 52)  1x8   t=87  z=5568    2:(311, 60)  8x8   t=88  z=5632    3:(319, 60)  1x8   t=87  z=5568 
      4:(311, 68)  8x8   t=89  z=5696    5:(319, 68)  1x8   t=87  z=5568    6:(311, 76)  8x8   t=90  z=5760    7:(319, 76)  1x8   t=88  z=5632 
      8:(311, 84)  8x8   t=91  z=5824    9:(319, 84)  1x8   t=88  z=5632   10:(303, 92)  8x8   t=92  z=5888   11:(311, 92)  8x8   t=91  z=5824 
     12:(319, 92)  1x8   t=88  z=5632   13:(287,100)  8x8   t=102 z=6528   14:(295,100)  8x8   t=98  z=6272   15:(303,100)  8x8   t=95  z=6080 
     16:(311,100)  8x8   t=92  z=5888   17:(319,100)  1x8   t=89  z=5696   18:(279,108)  8x8   t=103 z=6592   19:(287,108)  8x8   t=102 z=6528 
     20:(295,108)  8x8   t=99  z=6336   21:(303,108)  8x8   t=95  z=6080   22:(311,108)  8x8   t=92  z=5888   23:(319,108)  1x8   t=89  z=5696 
     24:(279,116)  8x8   t=105 z=6720   25:(287,116)  8x8   t=103 z=6592   26:(295,116)  8x8   t=99  z=6336   27:(303,116)  8x8   t=96  z=6144 
     28:(311,116)  8x8   t=92  z=5888   29:(319,116)  1x8   t=89  z=5696   30:(279,124)  8x8   t=106 z=6784   31:(287,124)  8x8   t=103 z=6592 
     32:(295,124)  8x8   t=99  z=6336   33:(303,124)  8x8   t=96  z=6144   34:(311,124)  8x8   t=93  z=5952   35:(319,124)  1x8   t=90  z=5760 
     36:(279,132)  8x8   t=107 z=6848   37:(287,132)  8x8   t=104 z=6656   38:(295,132)  8x8   t=100 z=6400   39:(303,132)  8x8   t=96  z=6144 
     40:(311,132)  8x8   t=93  z=5952   41:(319,132)  1x8   t=90  z=5760   42:(279,140)  8x8   t=108 z=6912   43:(287,140)  8x8   t=104 z=6656 
     44:(295,140)  8x8   t=100 z=6400   45:(303,140)  8x8   t=97  z=6208   46:(311,140)  8x8   t=93  z=5952   47:(319,140)  1x8   t=90  z=5760 
     48:(279,148)  8x8   t=106 z=6784   49:(287,148)  8x8   t=104 z=6656   50:(295,148)  8x8   t=100 z=6400   51:(303,148)  8x8   t=97  z=6208 
     52:(311,148)  8x8   t=94  z=6016   53:(319,148)  1x8   t=91  z=5824   54:(311,156)  8x3   t=94  z=6016   55:(319,156)  1x3   t=91  z=5824 
  Gegner im Raum:
     1  typ=0x25 st=1 ss= 4/1  clip=3   bild=10  hp=111  dist=13232  pos=(  -998,     0,-11388) rot=-24   spd=100  fl22a=0000 grid=00 anim=0000
     2  typ=0x25 st=7 ss= 1/1  clip=13  bild=67  hp=-55  dist=2521   pos=( -7882, -1534,-25566) rot=2016  spd=73   fl22a=0000 grid=00 anim=0000
     8  typ=0x26 st=1 ss= 4/1  clip=0   bild=0   hp=1    dist=2521   pos=( -7882, -1610,-25566) rot=14784 spd=0    fl22a=0000 grid=03 anim=0000
    15  typ=0x23 st=1 ss= 0/0  clip=11  bild=14  hp=3000 dist=0      pos=( -7156, -1200,-17545) rot=1047  spd=0    fl22a=0000 grid=00 anim=0000
  Opfer-FSM des Spielers: state=4 typ=0x23
  Gezeichnete Dreiecke: Kamera-z 9348..11020 (Maskentiefe 146..172)
====================================
F558     R2090 C0  hp=-35  pos=( -7155,     0,-23141) rot=1047  vz=10793/10600/10407 scr=(139,127) kasten=x128..150,y92..130 masken=56 | keine Maske am Koerper
F573     R2090 C0  hp=-35  pos=( -7155,     0,-23141) rot=1047  vz=10793/10600/10407 scr=(139,127) kasten=x128..150,y92..130 masken=56 | keine Maske am Koerper
F588     R2090 C0  hp=-35  pos=( -7155,     0,-23141) rot=1047  vz=10793/10600/10407 scr=(139,127) kasten=x128..150,y92..130 masken=56 | keine Maske am Koerper
F603     R2090 C0  hp=-35  pos=( -7155,     0,-23141) rot=1047  vz=10793/10600/10407 scr=(139,127) kasten=x128..150,y92..130 masken=56 | keine Maske am Koerper
F618     R2090 C0  hp=-35  pos=( -7155,     0,-23141) rot=1047  vz=10793/10600/10407 scr=(139,127) kasten=x128..150,y92..130 masken=56 | keine Maske am Koerper
F633     R2090 C0  hp=-35  pos=( -7155,     0,-23141) rot=1047  vz=10793/10600/10407 scr=(139,127) kasten=x128..150,y92..130 masken=56 | keine Maske am Koerper
F648     R2090 C0  hp=-35  pos=( -7155,     0,-23141) rot=1047  vz=10793/10600/10407 scr=(139,127) kasten=x128..150,y92..130 masken=56 | keine Maske am Koerper
F663     R2090 C0  hp=-35  pos=( -7155,     0,-23141) rot=1047  vz=10793/10600/10407 scr=(139,127) kasten=x128..150,y92..130 masken=56 | keine Maske am Koerper
F678     R2090 C0  hp=-35  pos=( -7155,     0,-23141) rot=1047  vz=10793/10600/10407 scr=(139,127) kasten=x128..150,y92..130 masken=56 | keine Maske am Koerper
F693     R2090 C0  hp=-35  pos=( -7155,     0,-23141) rot=1047  vz=10793/10600/10407 scr=(139,127) kasten=x128..150,y92..130 masken=56 | keine Maske am Koerper

=========== MARKE 2 (F9) ===========
  Bild: C:/workspace/git/reAi_v2/re15_port/build/platform/pc/befund_2090_F704_marke2.bmp
F704     R2090 C0  hp=-35  pos=( -7155,     0,-23141) rot=1047  vz=10793/10600/10407 scr=(139,127) kasten=x128..150,y92..130 masken=56 | keine Maske am Koerper
  alle 56 Masken dieses Winkels (Nr:(x,y)bxh Tiefe -> Kamera-z):
      0:(311, 52)  8x8   t=87  z=5568    1:(319, 52)  1x8   t=87  z=5568    2:(311, 60)  8x8   t=88  z=5632    3:(319, 60)  1x8   t=87  z=5568 
      4:(311, 68)  8x8   t=89  z=5696    5:(319, 68)  1x8   t=87  z=5568    6:(311, 76)  8x8   t=90  z=5760    7:(319, 76)  1x8   t=88  z=5632 
      8:(311, 84)  8x8   t=91  z=5824    9:(319, 84)  1x8   t=88  z=5632   10:(303, 92)  8x8   t=92  z=5888   11:(311, 92)  8x8   t=91  z=5824 
     12:(319, 92)  1x8   t=88  z=5632   13:(287,100)  8x8   t=102 z=6528   14:(295,100)  8x8   t=98  z=6272   15:(303,100)  8x8   t=95  z=6080 
     16:(311,100)  8x8   t=92  z=5888   17:(319,100)  1x8   t=89  z=5696   18:(279,108)  8x8   t=103 z=6592   19:(287,108)  8x8   t=102 z=6528 
     20:(295,108)  8x8   t=99  z=6336   21:(303,108)  8x8   t=95  z=6080   22:(311,108)  8x8   t=92  z=5888   23:(319,108)  1x8   t=89  z=5696 
     24:(279,116)  8x8   t=105 z=6720   25:(287,116)  8x8   t=103 z=6592   26:(295,116)  8x8   t=99  z=6336   27:(303,116)  8x8   t=96  z=6144 
     28:(311,116)  8x8   t=92  z=5888   29:(319,116)  1x8   t=89  z=5696   30:(279,124)  8x8   t=106 z=6784   31:(287,124)  8x8   t=103 z=6592 
     32:(295,124)  8x8   t=99  z=6336   33:(303,124)  8x8   t=96  z=6144   34:(311,124)  8x8   t=93  z=5952   35:(319,124)  1x8   t=90  z=5760 
     36:(279,132)  8x8   t=107 z=6848   37:(287,132)  8x8   t=104 z=6656   38:(295,132)  8x8   t=100 z=6400   39:(303,132)  8x8   t=96  z=6144 
     40:(311,132)  8x8   t=93  z=5952   41:(319,132)  1x8   t=90  z=5760   42:(279,140)  8x8   t=108 z=6912   43:(287,140)  8x8   t=104 z=6656 
     44:(295,140)  8x8   t=100 z=6400   45:(303,140)  8x8   t=97  z=6208   46:(311,140)  8x8   t=93  z=5952   47:(319,140)  1x8   t=90  z=5760 
     48:(279,148)  8x8   t=106 z=6784   49:(287,148)  8x8   t=104 z=6656   50:(295,148)  8x8   t=100 z=6400   51:(303,148)  8x8   t=97  z=6208 
     52:(311,148)  8x8   t=94  z=6016   53:(319,148)  1x8   t=91  z=5824   54:(311,156)  8x3   t=94  z=6016   55:(319,156)  1x3   t=91  z=5824 
  Gegner im Raum:
     1  typ=0x25 st=1 ss= 0/1  clip=0   bild=11  hp=111  dist=13192  pos=( -2410,     0,-10813) rot=-2592 spd=100  fl22a=0000 grid=00 anim=0000
     2  typ=0x25 st=7 ss= 0/1  clip=13  bild=41  hp=-55  dist=2521   pos=( -7882, -1542,-25566) rot=2016  spd=73   fl22a=0000 grid=00 anim=0000
    15  typ=0x23 st=1 ss= 0/0  clip=0   bild=53  hp=3000 dist=0      pos=( -5676, -1200,-17955) rot=3447  spd=0    fl22a=0000 grid=00 anim=0000
  Opfer-FSM des Spielers: state=0 typ=0x23
  Gezeichnete Dreiecke: Kamera-z 9807..11014 (Maskentiefe 153..172)
====================================
F708     R2090 C0  hp=-35  pos=( -7155,     0,-23141) rot=1047  vz=10793/10600/10407 scr=(139,127) kasten=x128..150,y92..130 masken=56 | keine Maske am Koerper
F723     R2090 C0  hp=-35  pos=( -7155,     0,-23141) rot=1047  vz=10793/10600/10407 scr=(139,127) kasten=x128..150,y92..130 masken=56 | keine Maske am Koerper
F738     R2090 C0  hp=-35  pos=( -7155,     0,-23141) rot=1047  vz= 3493/ 3316/ 3139 scr=(160,143) kasten=x131..189,y39..146 masken=56 | keine Maske am Koerper
F753     R2090 C0  hp=-35  pos=( -7155,     0,-23141) rot=1047  vz= 4254/ 3825/ 3396 scr=(160,135) kasten=x135..185,y49..138 masken=56 | keine Maske am Koerper

=========== MARKE 3 (F9) ===========
  Bild: C:/workspace/git/reAi_v2/re15_port/build/platform/pc/befund_2090_F757_marke3.bmp
F757     R2090 C0  hp=-35  pos=( -7155,     0,-23141) rot=1047  vz= 4533/ 4058/ 3581 scr=(160,134) kasten=x137..183,y53..137 masken=56 | keine Maske am Koerper
  alle 56 Masken dieses Winkels (Nr:(x,y)bxh Tiefe -> Kamera-z):
      0:(311, 52)  8x8   t=87  z=5568    1:(319, 52)  1x8   t=87  z=5568    2:(311, 60)  8x8   t=88  z=5632    3:(319, 60)  1x8   t=87  z=5568 
      4:(311, 68)  8x8   t=89  z=5696    5:(319, 68)  1x8   t=87  z=5568    6:(311, 76)  8x8   t=90  z=5760    7:(319, 76)  1x8   t=88  z=5632 
      8:(311, 84)  8x8   t=91  z=5824    9:(319, 84)  1x8   t=88  z=5632   10:(303, 92)  8x8   t=92  z=5888   11:(311, 92)  8x8   t=91  z=5824 
     12:(319, 92)  1x8   t=88  z=5632   13:(287,100)  8x8   t=102 z=6528   14:(295,100)  8x8   t=98  z=6272   15:(303,100)  8x8   t=95  z=6080 
     16:(311,100)  8x8   t=92  z=5888   17:(319,100)  1x8   t=89  z=5696   18:(279,108)  8x8   t=103 z=6592   19:(287,108)  8x8   t=102 z=6528 
     20:(295,108)  8x8   t=99  z=6336   21:(303,108)  8x8   t=95  z=6080   22:(311,108)  8x8   t=92  z=5888   23:(319,108)  1x8   t=89  z=5696 
     24:(279,116)  8x8   t=105 z=6720   25:(287,116)  8x8   t=103 z=6592   26:(295,116)  8x8   t=99  z=6336   27:(303,116)  8x8   t=96  z=6144 
     28:(311,116)  8x8   t=92  z=5888   29:(319,116)  1x8   t=89  z=5696   30:(279,124)  8x8   t=106 z=6784   31:(287,124)  8x8   t=103 z=6592 
     32:(295,124)  8x8   t=99  z=6336   33:(303,124)  8x8   t=96  z=6144   34:(311,124)  8x8   t=93  z=5952   35:(319,124)  1x8   t=90  z=5760 
     36:(279,132)  8x8   t=107 z=6848   37:(287,132)  8x8   t=104 z=6656   38:(295,132)  8x8   t=100 z=6400   39:(303,132)  8x8   t=96  z=6144 
     40:(311,132)  8x8   t=93  z=5952   41:(319,132)  1x8   t=90  z=5760   42:(279,140)  8x8   t=108 z=6912   43:(287,140)  8x8   t=104 z=6656 
     44:(295,140)  8x8   t=100 z=6400   45:(303,140)  8x8   t=97  z=6208   46:(311,140)  8x8   t=93  z=5952   47:(319,140)  1x8   t=90  z=5760 
     48:(279,148)  8x8   t=106 z=6784   49:(287,148)  8x8   t=104 z=6656   50:(295,148)  8x8   t=100 z=6400   51:(303,148)  8x8   t=97  z=6208 
     52:(311,148)  8x8   t=94  z=6016   53:(319,148)  1x8   t=91  z=5824   54:(311,156)  8x3   t=94  z=6016   55:(319,156)  1x3   t=91  z=5824 
  Gegner im Raum:
     1  typ=0x25 st=1 ss= 1/1  clip=2   bild=13  hp=111  dist=12116  pos=( -2878,     0,-11897) rot=-2832 spd=100  fl22a=0000 grid=00 anim=0000
     2  typ=0x25 st=7 ss= 1/1  clip=13  bild=67  hp=-55  dist=2521   pos=( -7882, -1518,-25566) rot=2016  spd=73   fl22a=0000 grid=00 anim=0000
    15  typ=0x23 st=1 ss= 0/0  clip=0   bild=106 hp=3000 dist=0      pos=( -5880, -1200,-15853) rot=2943  spd=0    fl22a=0000 grid=00 anim=0000
  Opfer-FSM des Spielers: state=0 typ=0x23
  Gezeichnete Dreiecke: Kamera-z 2533..4572 (Maskentiefe 39..71)
====================================
F768     R2090 C0  hp=-35  pos=( -7155,     0,-23141) rot=1047  vz= 5357/ 4788/ 4220 scr=(160,130) kasten=x140..180,y61..133 masken=56 | keine Maske am Koerper
F783     R2090 C0  hp=-35  pos=( -7155,     0,-23141) rot=1047  vz= 6604/ 5965/ 5327 scr=(160,126) kasten=x143..177,y70..129 masken=56 | keine Maske am Koerper
# RE1.5 Port — BEFUND-LOG (Sep 13 2026 14:00:49)
# Eine Zeile je 15 Bilder, dazu jede F9-MARKE.
# Spalten:
#   F<n>        Bildnummer
#   R<xxxx> C<n> Raum und Kamerawinkel
#   pos=(x,y,z) Weltlage der Figur, rot = Blickrichtung (0..4095)
#   vz=a/b/c    Kamera-Tiefe von FUSS / HUEFTE / KOPF
#   scr=(x,y)   Fusspunkt im 320x240-Bild
#   kasten=...  geschaetzter Bildkasten der Figur (Messgroesse)
#   masken=n    geladene Vordergrund-Masken dieses Winkels
#   [i:(x,y)wxh t=T z=Z DECKT|frei]  jede Maske, die den Kasten beruehrt.
#       Der Zeichner verdeckt, solange die Figur-Tiefe GROESSER als z ist
#       (z = T*64). 'frei' heisst: die Figur steht VOR dieser Maske.
# ---------------------------------------------------------------
F0       R1150 C2  hp=65   pos=(-22685,     0,-19651) rot=-6389 vz= 5639/ 5376/ 5112 scr=( 99,190) kasten=x80..118,y125..193 masken=54 | [0:(78,105)24x24 t=107 z=6848 frei] [1:(102,105)24x24 t=87 z=5568 DECKT] [6:(78,129)24x24 t=90 z=5760 frei] [7:(102,129)40x24 t=89 z=5696 frei] [9:(78,153)24x24 t=95 z=6080 frei] [10:(102,153)40x24 t=95 z=6080 frei] [31:(70,185)24x24 t=39 z=2496 DECKT] [33:(94,185)24x24 t=43 z=2752 DECKT]
F15      R1150 C2  hp=65   pos=(-22685,     0,-19651) rot=-6389 vz= 5639/ 5376/ 5112 scr=( 99,190) kasten=x80..118,y125..193 masken=54 | [0:(78,105)24x24 t=107 z=6848 frei] [1:(102,105)24x24 t=87 z=5568 DECKT] [6:(78,129)24x24 t=90 z=5760 frei] [7:(102,129)40x24 t=89 z=5696 frei] [9:(78,153)24x24 t=95 z=6080 frei] [10:(102,153)40x24 t=95 z=6080 frei] [31:(70,185)24x24 t=39 z=2496 DECKT] [33:(94,185)24x24 t=43 z=2752 DECKT]
F30      R1150 C2  hp=65   pos=(-22685,     0,-19651) rot=-6389 vz= 5639/ 5376/ 5112 scr=( 99,190) kasten=x80..118,y125..193 masken=54 | [0:(78,105)24x24 t=107 z=6848 frei] [1:(102,105)24x24 t=87 z=5568 DECKT] [6:(78,129)24x24 t=90 z=5760 frei] [7:(102,129)40x24 t=89 z=5696 frei] [9:(78,153)24x24 t=95 z=6080 frei] [10:(102,153)40x24 t=95 z=6080 frei] [31:(70,185)24x24 t=39 z=2496 DECKT] [33:(94,185)24x24 t=43 z=2752 DECKT]
F45      R1150 C2  hp=65   pos=(-22685,     0,-19651) rot=-6389 vz= 5639/ 5376/ 5112 scr=( 99,190) kasten=x80..118,y125..193 masken=54 | [0:(78,105)24x24 t=107 z=6848 frei] [1:(102,105)24x24 t=87 z=5568 DECKT] [6:(78,129)24x24 t=90 z=5760 frei] [7:(102,129)40x24 t=89 z=5696 frei] [9:(78,153)24x24 t=95 z=6080 frei] [10:(102,153)40x24 t=95 z=6080 frei] [31:(70,185)24x24 t=39 z=2496 DECKT] [33:(94,185)24x24 t=43 z=2752 DECKT]
F60      R1150 C2  hp=65   pos=(-22490,     0,-19576) rot=-6389 vz= 5451/ 5187/ 4923 scr=(100,195) kasten=x80..120,y128..198 masken=54 | [0:(78,105)24x24 t=107 z=6848 frei] [1:(102,105)24x24 t=87 z=5568 frei] [6:(78,129)24x24 t=90 z=5760 frei] [7:(102,129)40x24 t=89 z=5696 frei] [9:(78,153)24x24 t=95 z=6080 frei] [10:(102,153)40x24 t=95 z=6080 frei] [31:(70,185)24x24 t=39 z=2496 DECKT] [33:(94,185)24x24 t=43 z=2752 DECKT] [35:(118,185)24x24 t=42 z=2688 DECKT]
F75      R1150 C2  hp=65   pos=(-22490,     0,-19576) rot=-6389 vz= 5451/ 5187/ 4923 scr=(100,195) kasten=x80..120,y128..198 masken=54 | [0:(78,105)24x24 t=107 z=6848 frei] [1:(102,105)24x24 t=87 z=5568 frei] [6:(78,129)24x24 t=90 z=5760 frei] [7:(102,129)40x24 t=89 z=5696 frei] [9:(78,153)24x24 t=95 z=6080 frei] [10:(102,153)40x24 t=95 z=6080 frei] [31:(70,185)24x24 t=39 z=2496 DECKT] [33:(94,185)24x24 t=43 z=2752 DECKT] [35:(118,185)24x24 t=42 z=2688 DECKT]
F90      R1150 C2  hp=65   pos=(-22490,     0,-19576) rot=-6677 vz= 5451/ 5187/ 4923 scr=(100,195) kasten=x80..120,y128..198 masken=54 | [0:(78,105)24x24 t=107 z=6848 frei] [1:(102,105)24x24 t=87 z=5568 frei] [6:(78,129)24x24 t=90 z=5760 frei] [7:(102,129)40x24 t=89 z=5696 frei] [9:(78,153)24x24 t=95 z=6080 frei] [10:(102,153)40x24 t=95 z=6080 frei] [31:(70,185)24x24 t=39 z=2496 DECKT] [33:(94,185)24x24 t=43 z=2752 DECKT] [35:(118,185)24x24 t=42 z=2688 DECKT]
F105     R1150 C2  hp=65   pos=(-22490,     0,-19576) rot=-8117 vz= 5451/ 5187/ 4923 scr=(100,195) kasten=x80..120,y128..198 masken=54 | [0:(78,105)24x24 t=107 z=6848 frei] [1:(102,105)24x24 t=87 z=5568 frei] [6:(78,129)24x24 t=90 z=5760 frei] [7:(102,129)40x24 t=89 z=5696 frei] [9:(78,153)24x24 t=95 z=6080 frei] [10:(102,153)40x24 t=95 z=6080 frei] [31:(70,185)24x24 t=39 z=2496 DECKT] [33:(94,185)24x24 t=43 z=2752 DECKT] [35:(118,185)24x24 t=42 z=2688 DECKT]
F120     R1150 C2  hp=65   pos=(-22490,     0,-19576) rot=-9173 vz= 5451/ 5187/ 4923 scr=(100,195) kasten=x80..120,y128..198 masken=54 | [0:(78,105)24x24 t=107 z=6848 frei] [1:(102,105)24x24 t=87 z=5568 frei] [6:(78,129)24x24 t=90 z=5760 frei] [7:(102,129)40x24 t=89 z=5696 frei] [9:(78,153)24x24 t=95 z=6080 frei] [10:(102,153)40x24 t=95 z=6080 frei] [31:(70,185)24x24 t=39 z=2496 DECKT] [33:(94,185)24x24 t=43 z=2752 DECKT] [35:(118,185)24x24 t=42 z=2688 DECKT]
F135     R1150 C2  hp=65   pos=(-22490,     0,-19576) rot=-10133 vz= 5451/ 5187/ 4923 scr=(100,195) kasten=x80..120,y128..198 masken=54 | [0:(78,105)24x24 t=107 z=6848 frei] [1:(102,105)24x24 t=87 z=5568 frei] [6:(78,129)24x24 t=90 z=5760 frei] [7:(102,129)40x24 t=89 z=5696 frei] [9:(78,153)24x24 t=95 z=6080 frei] [10:(102,153)40x24 t=95 z=6080 frei] [31:(70,185)24x24 t=39 z=2496 DECKT] [33:(94,185)24x24 t=43 z=2752 DECKT] [35:(118,185)24x24 t=42 z=2688 DECKT]
F5       R1050 C0  hp=65   pos=( 20600,     0, 12350) rot=-10517 vz= 7136/ 6891/ 6646 scr=(171,157) kasten=x155..187,y105..160 masken=0 | keine Maske am Koerper
F20      R1050 C0  hp=65   pos=( 20600,     0, 12350) rot=-10517 vz= 7136/ 6891/ 6646 scr=(171,157) kasten=x155..187,y105..160 masken=0 | keine Maske am Koerper
F35      R1050 C0  hp=65   pos=( 20600,     0, 12350) rot=-10517 vz= 7136/ 6891/ 6646 scr=(171,157) kasten=x155..187,y105..160 masken=0 | keine Maske am Koerper
F50      R1050 C0  hp=65   pos=( 20600,     0, 12350) rot=-10517 vz= 7136/ 6891/ 6646 scr=(171,157) kasten=x155..187,y105..160 masken=0 | keine Maske am Koerper
F65      R1050 C0  hp=65   pos=( 20600,     0, 12350) rot=-10517 vz= 7136/ 6891/ 6646 scr=(171,157) kasten=x155..187,y105..160 masken=0 | keine Maske am Koerper
F80      R1050 C0  hp=65   pos=( 20600,     0, 12350) rot=-10517 vz= 7136/ 6891/ 6646 scr=(171,157) kasten=x155..187,y105..160 masken=0 | keine Maske am Koerper
F95      R1050 C0  hp=65   pos=( 20600,     0, 12350) rot=-10517 vz= 7136/ 6891/ 6646 scr=(171,157) kasten=x155..187,y105..160 masken=0 | keine Maske am Koerper
F110     R1050 C0  hp=65   pos=( 20600,     0, 12350) rot=-10517 vz= 7136/ 6891/ 6646 scr=(171,157) kasten=x155..187,y105..160 masken=0 | keine Maske am Koerper
F125     R1050 C0  hp=65   pos=( 20600,     0, 12350) rot=-10517 vz= 7136/ 6891/ 6646 scr=(171,157) kasten=x155..187,y105..160 masken=0 | keine Maske am Koerper
F140     R1050 C0  hp=65   pos=( 20600,     0, 12350) rot=-10517 vz= 7136/ 6891/ 6646 scr=(171,157) kasten=x155..187,y105..160 masken=0 | keine Maske am Koerper
F155     R1050 C0  hp=65   pos=( 20600,     0, 12350) rot=-10517 vz= 7136/ 6891/ 6646 scr=(171,157) kasten=x155..187,y105..160 masken=0 | keine Maske am Koerper
F170     R1050 C0  hp=65   pos=( 20600,     0, 12350) rot=-10517 vz= 7136/ 6891/ 6646 scr=(171,157) kasten=x155..187,y105..160 masken=0 | keine Maske am Koerper
F185     R1050 C0  hp=65   pos=( 20600,     0, 12350) rot=-10325 vz= 7136/ 6891/ 6646 scr=(171,157) kasten=x155..187,y105..160 masken=0 | keine Maske am Koerper
F200     R1050 C0  hp=65   pos=( 20600,     0, 12350) rot=-10325 vz= 7136/ 6891/ 6646 scr=(171,157) kasten=x155..187,y105..160 masken=0 | keine Maske am Koerper
F215     R1050 C0  hp=65   pos=( 20600,     0, 12350) rot=-10325 vz= 7136/ 6891/ 6646 scr=(171,157) kasten=x155..187,y105..160 masken=0 | keine Maske am Koerper
F230     R1050 C0  hp=65   pos=( 20600,     0, 12350) rot=-10325 vz= 7136/ 6891/ 6646 scr=(171,157) kasten=x155..187,y105..160 masken=0 | keine Maske am Koerper
F245     R1050 C0  hp=65   pos=( 20600,     0, 12350) rot=-10325 vz= 7136/ 6891/ 6646 scr=(171,157) kasten=x155..187,y105..160 masken=0 | keine Maske am Koerper
F260     R1050 C0  hp=65   pos=( 20600,     0, 12350) rot=-10325 vz= 7136/ 6891/ 6646 scr=(171,157) kasten=x155..187,y105..160 masken=0 | keine Maske am Koerper
F275     R1050 C0  hp=65   pos=( 19214,     0, 12175) rot=-10325 vz= 5817/ 5572/ 5327 scr=(170,182) kasten=x151..189,y119..185 masken=0 | keine Maske am Koerper
F290     R1050 C1  hp=65   pos=( 16626,     0, 10800) rot=-10469 vz= 9942/ 9757/ 9572 scr=(171,135) kasten=x159..183,y97..138 masken=84 | [0:(179,134)12x12 t=90 z=5760 DECKT]
F305     R1050 C1  hp=65   pos=( 14393,     0,  9071) rot=-10829 vz= 8049/ 7865/ 7680 scr=(121,151) kasten=x107..135,y105..154 masken=84 | keine Maske am Koerper
F320     R1050 C1  hp=65   pos=( 14393,     0,  9071) rot=-10637 vz= 8049/ 7865/ 7680 scr=(121,151) kasten=x107..135,y105..154 masken=84 | keine Maske am Koerper
F335     R1050 C1  hp=65   pos=( 14393,     0,  9071) rot=-10637 vz= 8049/ 7865/ 7680 scr=(121,151) kasten=x107..135,y105..154 masken=84 | keine Maske am Koerper
F350     R1050 C1  hp=65   pos=( 14393,     0,  9071) rot=-10637 vz= 8049/ 7865/ 7680 scr=(121,151) kasten=x107..135,y105..154 masken=84 | keine Maske am Koerper
F365     R1050 C1  hp=65   pos=( 14393,     0,  9071) rot=-10637 vz= 8049/ 7865/ 7680 scr=(121,151) kasten=x107..135,y105..154 masken=84 | keine Maske am Koerper
F380     R1050 C1  hp=65   pos=( 14393,     0,  9071) rot=-10637 vz= 8049/ 7865/ 7680 scr=(121,151) kasten=x107..135,y105..154 masken=84 | keine Maske am Koerper
F395     R1050 C1  hp=65   pos=( 14393,     0,  9071) rot=-10637 vz= 8049/ 7865/ 7680 scr=(121,151) kasten=x107..135,y105..154 masken=84 | keine Maske am Koerper
F410     R1050 C1  hp=65   pos=( 14393,     0,  9071) rot=-10637 vz= 8049/ 7865/ 7680 scr=(121,151) kasten=x107..135,y105..154 masken=84 | keine Maske am Koerper
F4       R1000 C6  hp=65   pos=(   650,     0,  3250) rot=2048  vz= 5605/ 5386/ 5166 scr=(179,173) kasten=x160..198,y107..176 masken=93 | keine Maske am Koerper
F19      R1000 C6  hp=65   pos=(   650,     0,  3250) rot=1280  vz= 5605/ 5386/ 5166 scr=(179,173) kasten=x160..198,y107..176 masken=93 | keine Maske am Koerper
F34      R1000 C6  hp=65   pos=(   650,     0,  3250) rot=512   vz= 5605/ 5386/ 5166 scr=(179,173) kasten=x160..198,y107..176 masken=93 | keine Maske am Koerper
F49      R1000 C6  hp=65   pos=(   650,     0,  3250) rot=512   vz= 5605/ 5386/ 5166 scr=(179,173) kasten=x160..198,y107..176 masken=93 | keine Maske am Koerper
F64      R1000 C6  hp=65   pos=(   650,     0,  3250) rot=512   vz= 5605/ 5386/ 5166 scr=(179,173) kasten=x160..198,y107..176 masken=93 | keine Maske am Koerper
F79      R1000 C6  hp=65   pos=(   650,     0,  3250) rot=512   vz= 5605/ 5386/ 5166 scr=(179,173) kasten=x160..198,y107..176 masken=93 | keine Maske am Koerper
F94      R1000 C6  hp=65   pos=(   650,     0,  3250) rot=512   vz= 5605/ 5386/ 5166 scr=(179,173) kasten=x160..198,y107..176 masken=93 | keine Maske am Koerper
F109     R1000 C6  hp=65   pos=(   650,     0,  3250) rot=512   vz= 5605/ 5386/ 5166 scr=(179,173) kasten=x160..198,y107..176 masken=93 | keine Maske am Koerper
F124     R1000 C6  hp=65   pos=(   650,     0,  3250) rot=512   vz= 5605/ 5386/ 5166 scr=(179,173) kasten=x160..198,y107..176 masken=93 | keine Maske am Koerper
F139     R1000 C6  hp=65   pos=(   650,     0,  3250) rot=512   vz= 5605/ 5386/ 5166 scr=(179,173) kasten=x160..198,y107..176 masken=93 | keine Maske am Koerper
F2       R1050 C1  hp=65   pos=( 14700,     0,  9150) rot=0     vz= 8156/ 7971/ 7786 scr=(129,150) kasten=x115..143,y104..153 masken=84 | keine Maske am Koerper
F17      R1050 C1  hp=65   pos=( 14733,     0,  9084) rot=720   vz= 8096/ 7911/ 7726 scr=(130,150) kasten=x116..144,y104..153 masken=84 | keine Maske am Koerper
F32      R1050 C1  hp=65   pos=( 14795,     0,  7985) rot=1056  vz= 7039/ 6854/ 6669 scr=(131,163) kasten=x115..147,y110..166 masken=84 | keine Maske am Koerper
F47      R1050 C1  hp=65   pos=( 14303,     0,  6995) rot=1392  vz= 6033/ 5849/ 5664 scr=(112,179) kasten=x94..130,y118..182 masken=84 | keine Maske am Koerper
F13      R1000 C3  hp=65   pos=(   650,     0,    50) rot=2048  vz= 5123/ 5180/ 5237 scr=(158,178) kasten=x137..179,y106..181 masken=17 | [0:(170,102)8x8 t=216 z=13824 frei] [1:(178,102)1x8 t=233 z=14912 frei] [2:(170,110)8x8 t=216 z=13824 frei] [3:(178,110)1x8 t=233 z=14912 frei] [4:(162,118)8x8 t=334 z=21376 frei] [5:(170,118)8x8 t=216 z=13824 frei] [6:(178,118)1x8 t=233 z=14912 frei] [7:(162,126)8x8 t=496 z=31744 frei] [8:(170,126)8x8 t=216 z=13824 frei] [9:(178,126)1x8 t=233 z=14912 frei] [10:(162,134)8x8 t=496 z=31744 frei] [11:(170,134)8x8 t=216 z=13824 frei] ...
F28      R1000 C3  hp=65   pos=(   650,     0,    50) rot=2048  vz= 5123/ 5180/ 5237 scr=(158,178) kasten=x137..179,y106..181 masken=17 | [0:(170,102)8x8 t=216 z=13824 frei] [1:(178,102)1x8 t=233 z=14912 frei] [2:(170,110)8x8 t=216 z=13824 frei] [3:(178,110)1x8 t=233 z=14912 frei] [4:(162,118)8x8 t=334 z=21376 frei] [5:(170,118)8x8 t=216 z=13824 frei] [6:(178,118)1x8 t=233 z=14912 frei] [7:(162,126)8x8 t=496 z=31744 frei] [8:(170,126)8x8 t=216 z=13824 frei] [9:(178,126)1x8 t=233 z=14912 frei] [10:(162,134)8x8 t=496 z=31744 frei] [11:(170,134)8x8 t=216 z=13824 frei] ...
F43      R1000 C3  hp=65   pos=(   650,     0,    50) rot=2048  vz= 5123/ 5180/ 5237 scr=(158,178) kasten=x137..179,y106..181 masken=17 | [0:(170,102)8x8 t=216 z=13824 frei] [1:(178,102)1x8 t=233 z=14912 frei] [2:(170,110)8x8 t=216 z=13824 frei] [3:(178,110)1x8 t=233 z=14912 frei] [4:(162,118)8x8 t=334 z=21376 frei] [5:(170,118)8x8 t=216 z=13824 frei] [6:(178,118)1x8 t=233 z=14912 frei] [7:(162,126)8x8 t=496 z=31744 frei] [8:(170,126)8x8 t=216 z=13824 frei] [9:(178,126)1x8 t=233 z=14912 frei] [10:(162,134)8x8 t=496 z=31744 frei] [11:(170,134)8x8 t=216 z=13824 frei] ...
F58      R1000 C3  hp=65   pos=(   650,     0,    50) rot=2048  vz= 5123/ 5180/ 5237 scr=(158,178) kasten=x137..179,y106..181 masken=17 | [0:(170,102)8x8 t=216 z=13824 frei] [1:(178,102)1x8 t=233 z=14912 frei] [2:(170,110)8x8 t=216 z=13824 frei] [3:(178,110)1x8 t=233 z=14912 frei] [4:(162,118)8x8 t=334 z=21376 frei] [5:(170,118)8x8 t=216 z=13824 frei] [6:(178,118)1x8 t=233 z=14912 frei] [7:(162,126)8x8 t=496 z=31744 frei] [8:(170,126)8x8 t=216 z=13824 frei] [9:(178,126)1x8 t=233 z=14912 frei] [10:(162,134)8x8 t=496 z=31744 frei] [11:(170,134)8x8 t=216 z=13824 frei] ...
F73      R1000 C3  hp=65   pos=(   650,     0,    50) rot=2048  vz= 5123/ 5180/ 5237 scr=(158,178) kasten=x137..179,y106..181 masken=17 | [0:(170,102)8x8 t=216 z=13824 frei] [1:(178,102)1x8 t=233 z=14912 frei] [2:(170,110)8x8 t=216 z=13824 frei] [3:(178,110)1x8 t=233 z=14912 frei] [4:(162,118)8x8 t=334 z=21376 frei] [5:(170,118)8x8 t=216 z=13824 frei] [6:(178,118)1x8 t=233 z=14912 frei] [7:(162,126)8x8 t=496 z=31744 frei] [8:(170,126)8x8 t=216 z=13824 frei] [9:(178,126)1x8 t=233 z=14912 frei] [10:(162,134)8x8 t=496 z=31744 frei] [11:(170,134)8x8 t=216 z=13824 frei] ...
F88      R1000 C3  hp=65   pos=(   650,     0,    50) rot=2048  vz= 5123/ 5180/ 5237 scr=(158,178) kasten=x137..179,y106..181 masken=17 | [0:(170,102)8x8 t=216 z=13824 frei] [1:(178,102)1x8 t=233 z=14912 frei] [2:(170,110)8x8 t=216 z=13824 frei] [3:(178,110)1x8 t=233 z=14912 frei] [4:(162,118)8x8 t=334 z=21376 frei] [5:(170,118)8x8 t=216 z=13824 frei] [6:(178,118)1x8 t=233 z=14912 frei] [7:(162,126)8x8 t=496 z=31744 frei] [8:(170,126)8x8 t=216 z=13824 frei] [9:(178,126)1x8 t=233 z=14912 frei] [10:(162,134)8x8 t=496 z=31744 frei] [11:(170,134)8x8 t=216 z=13824 frei] ...
F103     R1000 C3  hp=65   pos=(   650,     0,    50) rot=2048  vz= 5123/ 5180/ 5237 scr=(158,178) kasten=x137..179,y106..181 masken=17 | [0:(170,102)8x8 t=216 z=13824 frei] [1:(178,102)1x8 t=233 z=14912 frei] [2:(170,110)8x8 t=216 z=13824 frei] [3:(178,110)1x8 t=233 z=14912 frei] [4:(162,118)8x8 t=334 z=21376 frei] [5:(170,118)8x8 t=216 z=13824 frei] [6:(178,118)1x8 t=233 z=14912 frei] [7:(162,126)8x8 t=496 z=31744 frei] [8:(170,126)8x8 t=216 z=13824 frei] [9:(178,126)1x8 t=233 z=14912 frei] [10:(162,134)8x8 t=496 z=31744 frei] [11:(170,134)8x8 t=216 z=13824 frei] ...
F118     R1000 C3  hp=65   pos=(   650,     0,    50) rot=2048  vz= 5123/ 5180/ 5237 scr=(158,178) kasten=x137..179,y106..181 masken=17 | [0:(170,102)8x8 t=216 z=13824 frei] [1:(178,102)1x8 t=233 z=14912 frei] [2:(170,110)8x8 t=216 z=13824 frei] [3:(178,110)1x8 t=233 z=14912 frei] [4:(162,118)8x8 t=334 z=21376 frei] [5:(170,118)8x8 t=216 z=13824 frei] [6:(178,118)1x8 t=233 z=14912 frei] [7:(162,126)8x8 t=496 z=31744 frei] [8:(170,126)8x8 t=216 z=13824 frei] [9:(178,126)1x8 t=233 z=14912 frei] [10:(162,134)8x8 t=496 z=31744 frei] [11:(170,134)8x8 t=216 z=13824 frei] ...
F133     R1000 C3  hp=65   pos=(   650,     0,    50) rot=1184  vz= 5123/ 5180/ 5237 scr=(158,178) kasten=x137..179,y106..181 masken=17 | [0:(170,102)8x8 t=216 z=13824 frei] [1:(178,102)1x8 t=233 z=14912 frei] [2:(170,110)8x8 t=216 z=13824 frei] [3:(178,110)1x8 t=233 z=14912 frei] [4:(162,118)8x8 t=334 z=21376 frei] [5:(170,118)8x8 t=216 z=13824 frei] [6:(178,118)1x8 t=233 z=14912 frei] [7:(162,126)8x8 t=496 z=31744 frei] [8:(170,126)8x8 t=216 z=13824 frei] [9:(178,126)1x8 t=233 z=14912 frei] [10:(162,134)8x8 t=496 z=31744 frei] [11:(170,134)8x8 t=216 z=13824 frei] ...
F148     R1000 C3  hp=65   pos=(   650,     0,    50) rot=224   vz= 5123/ 5180/ 5237 scr=(158,178) kasten=x137..179,y106..181 masken=17 | [0:(170,102)8x8 t=216 z=13824 frei] [1:(178,102)1x8 t=233 z=14912 frei] [2:(170,110)8x8 t=216 z=13824 frei] [3:(178,110)1x8 t=233 z=14912 frei] [4:(162,118)8x8 t=334 z=21376 frei] [5:(170,118)8x8 t=216 z=13824 frei] [6:(178,118)1x8 t=233 z=14912 frei] [7:(162,126)8x8 t=496 z=31744 frei] [8:(170,126)8x8 t=216 z=13824 frei] [9:(178,126)1x8 t=233 z=14912 frei] [10:(162,134)8x8 t=496 z=31744 frei] [11:(170,134)8x8 t=216 z=13824 frei] ...
F7       R1050 C1  hp=65   pos=( 14700,     0,  6100) rot=0     vz= 5207/ 5023/ 4838 scr=(124,197) kasten=x104..144,y127..200 masken=84 | keine Maske am Koerper
F22      R1050 C1  hp=65   pos=( 14700,     0,  6100) rot=0     vz= 5207/ 5023/ 4838 scr=(124,197) kasten=x104..144,y127..200 masken=84 | keine Maske am Koerper
F37      R1050 C1  hp=65   pos=( 14700,     0,  6100) rot=0     vz= 5207/ 5023/ 4838 scr=(124,197) kasten=x104..144,y127..200 masken=84 | keine Maske am Koerper
F52      R1050 C1  hp=65   pos=( 14700,     0,  6100) rot=0     vz= 5207/ 5023/ 4838 scr=(124,197) kasten=x104..144,y127..200 masken=84 | keine Maske am Koerper
F67      R1050 C1  hp=65   pos=( 14700,     0,  6100) rot=0     vz= 5207/ 5023/ 4838 scr=(124,197) kasten=x104..144,y127..200 masken=84 | keine Maske am Koerper
F82      R1050 C1  hp=65   pos=( 14700,     0,  6100) rot=0     vz= 5207/ 5023/ 4838 scr=(124,197) kasten=x104..144,y127..200 masken=84 | keine Maske am Koerper
F97      R1050 C1  hp=65   pos=( 14700,     0,  6100) rot=0     vz= 5207/ 5023/ 4838 scr=(124,197) kasten=x104..144,y127..200 masken=84 | keine Maske am Koerper
F112     R1050 C1  hp=65   pos=( 14700,     0,  6100) rot=0     vz= 5207/ 5023/ 4838 scr=(124,197) kasten=x104..144,y127..200 masken=84 | keine Maske am Koerper
F127     R1050 C1  hp=65   pos=( 14700,     0,  6100) rot=0     vz= 5207/ 5023/ 4838 scr=(124,197) kasten=x104..144,y127..200 masken=84 | keine Maske am Koerper
F142     R1050 C1  hp=65   pos=( 14700,     0,  6100) rot=0     vz= 5207/ 5023/ 4838 scr=(124,197) kasten=x104..144,y127..200 masken=84 | keine Maske am Koerper
F157     R1050 C1  hp=65   pos=( 14700,     0,  6100) rot=0     vz= 5207/ 5023/ 4838 scr=(124,197) kasten=x104..144,y127..200 masken=84 | keine Maske am Koerper
F172     R1050 C1  hp=65   pos=( 14700,     0,  6100) rot=0     vz= 5207/ 5023/ 4838 scr=(124,197) kasten=x104..144,y127..200 masken=84 | keine Maske am Koerper
F187     R1050 C1  hp=65   pos=( 14700,     0,  6100) rot=0     vz= 5207/ 5023/ 4838 scr=(124,197) kasten=x104..144,y127..200 masken=84 | keine Maske am Koerper
F202     R1050 C1  hp=65   pos=( 14700,     0,  6100) rot=0     vz= 5207/ 5023/ 4838 scr=(124,197) kasten=x104..144,y127..200 masken=84 | keine Maske am Koerper
F217     R1050 C1  hp=65   pos=( 15093,     0,  6035) rot=144   vz= 5183/ 4999/ 4814 scr=(140,197) kasten=x119..161,y126..200 masken=84 | keine Maske am Koerper
F232     R1050 C2  hp=65   pos=( 15648,     0,  3646) rot=1008  vz= 7500/ 7301/ 7102 scr=(173,163) kasten=x158..188,y113..166 masken=0 | keine Maske am Koerper
F247     R1050 C2  hp=65   pos=( 15648,     0,   661) rot=1008  vz= 4638/ 4440/ 4241 scr=(197,225) kasten=x174..220,y146..228 masken=0 | keine Maske am Koerper
F262     R1050 C3  hp=65   pos=( 15708,     0, -2324) rot=1008  vz= 4025/ 3787/ 3550 scr=(123,253) kasten=x97..149,y163..256 masken=9 | keine Maske am Koerper
F277     R1050 C3  hp=65   pos=( 15748,     0, -5309) rot=1008  vz= 6844/ 6607/ 6369 scr=(149,169) kasten=x133..165,y115..172 masken=9 | [1:(126,112)8x8 t=131 z=8384 frei] [3:(126,120)8x8 t=134 z=8576 frei] [5:(126,128)8x8 t=134 z=8576 frei] [7:(126,136)8x8 t=128 z=8192 frei]
F292     R1050 C3  hp=65   pos=( 15732,     0, -5482) rot=864   vz= 7005/ 6768/ 6530 scr=(151,166) kasten=x135..167,y113..169 masken=9 | keine Maske am Koerper
F307     R1050 C3  hp=65   pos=( 15220,     0, -6657) rot=864   vz= 8050/ 7812/ 7574 scr=(168,151) kasten=x154..182,y105..154 masken=9 | keine Maske am Koerper
F322     R1050 C3  hp=65   pos=( 15232,     0, -8139) rot=216   vz= 9449/ 9211/ 8973 scr=(171,136) kasten=x159..183,y96..139 masken=9 | keine Maske am Koerper
F337     R1050 C3  hp=65   pos=( 16732,     0, -9508) rot=0     vz=10925/10688/10450 scr=(145,125) kasten=x134..156,y90..128 masken=9 | keine Maske am Koerper
F352     R1050 C3  hp=65   pos=( 16732,     0, -9358) rot=-336  vz=10784/10546/10309 scr=(145,126) kasten=x134..156,y91..129 masken=9 | keine Maske am Koerper
F367     R1050 C3  hp=65   pos=( 16732,     0, -8681) rot=-528  vz=10146/ 9908/ 9670 scr=(142,130) kasten=x130..154,y93..133 masken=9 | [1:(126,112)8x8 t=131 z=8384 DECKT] [3:(126,120)8x8 t=134 z=8576 DECKT] [5:(126,128)8x8 t=134 z=8576 DECKT]
F382     R1050 C3  hp=65   pos=( 16732,     0, -8627) rot=-528  vz=10095/ 9857/ 9619 scr=(142,131) kasten=x130..154,y93..134 masken=9 | [1:(126,112)8x8 t=131 z=8384 DECKT] [3:(126,120)8x8 t=134 z=8576 DECKT] [5:(126,128)8x8 t=134 z=8576 DECKT]
F397     R1050 C3  hp=65   pos=( 16732,     0, -8627) rot=-528  vz=10095/ 9857/ 9619 scr=(142,131) kasten=x130..154,y93..134 masken=9 | [1:(126,112)8x8 t=131 z=8384 DECKT] [3:(126,120)8x8 t=134 z=8576 DECKT] [5:(126,128)8x8 t=134 z=8576 DECKT]
F412     R1050 C3  hp=65   pos=( 16732,     0, -8627) rot=-528  vz=10095/ 9857/ 9619 scr=(142,131) kasten=x130..154,y93..134 masken=9 | [1:(126,112)8x8 t=131 z=8384 DECKT] [3:(126,120)8x8 t=134 z=8576 DECKT] [5:(126,128)8x8 t=134 z=8576 DECKT]
F427     R1050 C3  hp=65   pos=( 16732,     0, -8627) rot=-528  vz=10095/ 9857/ 9619 scr=(142,131) kasten=x130..154,y93..134 masken=9 | [1:(126,112)8x8 t=131 z=8384 DECKT] [3:(126,120)8x8 t=134 z=8576 DECKT] [5:(126,128)8x8 t=134 z=8576 DECKT]
F442     R1050 C3  hp=65   pos=( 16732,     0, -8627) rot=-528  vz=10095/ 9857/ 9619 scr=(142,131) kasten=x130..154,y93..134 masken=9 | [1:(126,112)8x8 t=131 z=8384 DECKT] [3:(126,120)8x8 t=134 z=8576 DECKT] [5:(126,128)8x8 t=134 z=8576 DECKT]
F457     R1050 C3  hp=65   pos=( 16732,     0, -8627) rot=-528  vz=10095/ 9857/ 9619 scr=(142,131) kasten=x130..154,y93..134 masken=9 | [1:(126,112)8x8 t=131 z=8384 DECKT] [3:(126,120)8x8 t=134 z=8576 DECKT] [5:(126,128)8x8 t=134 z=8576 DECKT]
F472     R1050 C3  hp=65   pos=( 16732,     0, -8627) rot=-528  vz=10095/ 9857/ 9619 scr=(142,131) kasten=x130..154,y93..134 masken=9 | [1:(126,112)8x8 t=131 z=8384 DECKT] [3:(126,120)8x8 t=134 z=8576 DECKT] [5:(126,128)8x8 t=134 z=8576 DECKT]
F487     R1050 C3  hp=65   pos=( 16732,     0, -8627) rot=-528  vz=10095/ 9857/ 9619 scr=(142,131) kasten=x130..154,y93..134 masken=9 | [1:(126,112)8x8 t=131 z=8384 DECKT] [3:(126,120)8x8 t=134 z=8576 DECKT] [5:(126,128)8x8 t=134 z=8576 DECKT]
F502     R1050 C3  hp=65   pos=( 16732,     0, -8627) rot=-528  vz=10095/ 9857/ 9619 scr=(142,131) kasten=x130..154,y93..134 masken=9 | [1:(126,112)8x8 t=131 z=8384 DECKT] [3:(126,120)8x8 t=134 z=8576 DECKT] [5:(126,128)8x8 t=134 z=8576 DECKT]
F517     R1050 C3  hp=65   pos=( 16732,     0, -8627) rot=-528  vz=10095/ 9857/ 9619 scr=(142,131) kasten=x130..154,y93..134 masken=9 | [1:(126,112)8x8 t=131 z=8384 DECKT] [3:(126,120)8x8 t=134 z=8576 DECKT] [5:(126,128)8x8 t=134 z=8576 DECKT]
F532     R1050 C3  hp=65   pos=( 16732,     0, -8627) rot=-528  vz=10095/ 9857/ 9619 scr=(142,131) kasten=x130..154,y93..134 masken=9 | [1:(126,112)8x8 t=131 z=8384 DECKT] [3:(126,120)8x8 t=134 z=8576 DECKT] [5:(126,128)8x8 t=134 z=8576 DECKT]
F547     R1050 C3  hp=65   pos=( 16732,     0, -8627) rot=-528  vz=10095/ 9857/ 9619 scr=(142,131) kasten=x130..154,y93..134 masken=9 | [1:(126,112)8x8 t=131 z=8384 DECKT] [3:(126,120)8x8 t=134 z=8576 DECKT] [5:(126,128)8x8 t=134 z=8576 DECKT]
F562     R1050 C3  hp=65   pos=( 16732,     0, -8627) rot=-528  vz=10095/ 9857/ 9619 scr=(142,131) kasten=x130..154,y93..134 masken=9 | [1:(126,112)8x8 t=131 z=8384 DECKT] [3:(126,120)8x8 t=134 z=8576 DECKT] [5:(126,128)8x8 t=134 z=8576 DECKT]
F577     R1050 C3  hp=65   pos=( 16732,     0, -8627) rot=-528  vz=10095/ 9857/ 9619 scr=(142,131) kasten=x130..154,y93..134 masken=9 | [1:(126,112)8x8 t=131 z=8384 DECKT] [3:(126,120)8x8 t=134 z=8576 DECKT] [5:(126,128)8x8 t=134 z=8576 DECKT]
F592     R1050 C3  hp=65   pos=( 16732,     0, -8627) rot=-528  vz=10095/ 9857/ 9619 scr=(142,131) kasten=x130..154,y93..134 masken=9 | [1:(126,112)8x8 t=131 z=8384 DECKT] [3:(126,120)8x8 t=134 z=8576 DECKT] [5:(126,128)8x8 t=134 z=8576 DECKT]
F607     R1050 C3  hp=65   pos=( 16732,     0, -8627) rot=-528  vz=10095/ 9857/ 9619 scr=(142,131) kasten=x130..154,y93..134 masken=9 | [1:(126,112)8x8 t=131 z=8384 DECKT] [3:(126,120)8x8 t=134 z=8576 DECKT] [5:(126,128)8x8 t=134 z=8576 DECKT]
F622     R1050 C3  hp=65   pos=( 16732,     0, -8627) rot=240   vz=10095/ 9857/ 9619 scr=(142,131) kasten=x130..154,y93..134 masken=9 | [1:(126,112)8x8 t=131 z=8384 DECKT] [3:(126,120)8x8 t=134 z=8576 DECKT] [5:(126,128)8x8 t=134 z=8576 DECKT]
F637     R1050 C3  hp=65   pos=( 16400,     0,-10848) rot=1392  vz=12148/11910/11672 scr=(155,118) kasten=x145..165,y86..121 masken=9 | keine Maske am Koerper
F652     R1050 C4  hp=65   pos=( 14168,     0,-12331) rot=1752  vz= 4890/ 4680/ 4470 scr=(218,216) kasten=x196..240,y141..219 masken=0 | keine Maske am Koerper
F9       R1000 C0  hp=65   pos=( 21850,     0,-13400) rot=2048  vz= 7940/ 7744/ 7549 scr=(129,151) kasten=x115..143,y104..154 masken=0 | keine Maske am Koerper
F24      R1000 C0  hp=65   pos=( 21850,     0,-13400) rot=2048  vz= 7940/ 7744/ 7549 scr=(129,151) kasten=x115..143,y104..154 masken=0 | keine Maske am Koerper
F39      R1000 C0  hp=65   pos=( 21850,     0,-13400) rot=2048  vz= 7940/ 7744/ 7549 scr=(129,151) kasten=x115..143,y104..154 masken=0 | keine Maske am Koerper
F54      R1000 C0  hp=65   pos=( 21850,     0,-13400) rot=2048  vz= 7940/ 7744/ 7549 scr=(129,151) kasten=x115..143,y104..154 masken=0 | keine Maske am Koerper
F69      R1000 C0  hp=65   pos=( 21850,     0,-13400) rot=2048  vz= 7940/ 7744/ 7549 scr=(129,151) kasten=x115..143,y104..154 masken=0 | keine Maske am Koerper
F84      R1000 C0  hp=65   pos=( 21850,     0,-13400) rot=2048  vz= 7940/ 7744/ 7549 scr=(129,151) kasten=x115..143,y104..154 masken=0 | keine Maske am Koerper
F99      R1000 C0  hp=65   pos=( 21850,     0,-13400) rot=2048  vz= 7940/ 7744/ 7549 scr=(129,151) kasten=x115..143,y104..154 masken=0 | keine Maske am Koerper
F114     R1000 C0  hp=65   pos=( 21850,     0,-13400) rot=2048  vz= 7940/ 7744/ 7549 scr=(129,151) kasten=x115..143,y104..154 masken=0 | keine Maske am Koerper
F129     R1000 C0  hp=65   pos=( 21850,     0,-13400) rot=2048  vz= 7940/ 7744/ 7549 scr=(129,151) kasten=x115..143,y104..154 masken=0 | keine Maske am Koerper
F144     R1000 C0  hp=65   pos=( 21850,     0,-13400) rot=2048  vz= 7940/ 7744/ 7549 scr=(129,151) kasten=x115..143,y104..154 masken=0 | keine Maske am Koerper
F159     R1000 C0  hp=65   pos=( 21850,     0,-13400) rot=2048  vz= 7940/ 7744/ 7549 scr=(129,151) kasten=x115..143,y104..154 masken=0 | keine Maske am Koerper
F174     R1000 C0  hp=65   pos=( 21850,     0,-13400) rot=704   vz= 7940/ 7744/ 7549 scr=(129,151) kasten=x115..143,y104..154 masken=0 | keine Maske am Koerper
F10      R1050 C4  hp=65   pos=( 14925,     0,-13500) rot=0     vz= 6102/ 5892/ 5682 scr=(186,185) kasten=x168..204,y125..188 masken=0 | keine Maske am Koerper
F6       R10A0 C0  hp=65   pos=( 26200,-14400, 24800) rot=2048  vz= 9341/ 8924/ 8508 scr=(219,123) kasten=x206..232,y83..126 masken=0 | keine Maske am Koerper
F21      R10A0 C0  hp=65   pos=( 26200,-14400, 24800) rot=2048  vz= 9341/ 8924/ 8508 scr=(219,123) kasten=x206..232,y83..126 masken=0 | keine Maske am Koerper
F36      R10A0 C0  hp=65   pos=( 26200,-14400, 24800) rot=2048  vz= 9341/ 8924/ 8508 scr=(219,123) kasten=x206..232,y83..126 masken=0 | keine Maske am Koerper
F51      R10A0 C0  hp=65   pos=( 26200,-14400, 24800) rot=2048  vz= 9341/ 8924/ 8508 scr=(219,123) kasten=x206..232,y83..126 masken=0 | keine Maske am Koerper
F66      R10A0 C0  hp=65   pos=( 26200,-14400, 24800) rot=2048  vz= 9341/ 8924/ 8508 scr=(219,123) kasten=x206..232,y83..126 masken=0 | keine Maske am Koerper
F81      R10A0 C0  hp=65   pos=( 26200,-14400, 24800) rot=2048  vz= 9341/ 8924/ 8508 scr=(219,123) kasten=x206..232,y83..126 masken=0 | keine Maske am Koerper
F96      R10A0 C0  hp=65   pos=( 26200,-14400, 24800) rot=2048  vz= 9341/ 8924/ 8508 scr=(219,123) kasten=x206..232,y83..126 masken=0 | keine Maske am Koerper
F111     R10A0 C0  hp=65   pos=( 26200,-14400, 24800) rot=2048  vz= 9341/ 8924/ 8508 scr=(219,123) kasten=x206..232,y83..126 masken=0 | keine Maske am Koerper
F126     R10A0 C0  hp=65   pos=( 26200,-14400, 24800) rot=2048  vz= 9341/ 8924/ 8508 scr=(219,123) kasten=x206..232,y83..126 masken=0 | keine Maske am Koerper

=========== MARKE 1 (F9) ===========
  Bild: C:/workspace/git/reAi_v2/re15_port/build/platform/pc/befund_10A0_F135_marke1.bmp
F135     R10A0 C0  hp=65   pos=( 26200,-14400, 24800) rot=2048  vz= 9341/ 8924/ 8508 scr=(219,123) kasten=x206..232,y83..126 masken=0 | keine Maske am Koerper
  alle 0 Masken dieses Winkels (Nr:(x,y)bxh Tiefe -> Kamera-z):
  Gegner im Raum: keine
  Gezeichnete Dreiecke: Kamera-z 7591..9521 (Maskentiefe 118..148)
====================================
F141     R10A0 C0  hp=65   pos=( 26200,-14400, 24800) rot=2048  vz= 9341/ 8924/ 8508 scr=(219,123) kasten=x206..232,y83..126 masken=0 | keine Maske am Koerper
F156     R10A0 C0  hp=65   pos=( 26200,-14400, 24800) rot=2048  vz= 9341/ 8924/ 8508 scr=(219,123) kasten=x206..232,y83..126 masken=0 | keine Maske am Koerper
F171     R10A0 C0  hp=65   pos=( 26200,-14400, 24800) rot=2048  vz= 9341/ 8924/ 8508 scr=(219,123) kasten=x206..232,y83..126 masken=0 | keine Maske am Koerper
# RE1.5 Port — BEFUND-LOG (Sep 13 2026 14:00:49)
# Eine Zeile je 15 Bilder, dazu jede F9-MARKE.
# Spalten:
#   F<n>        Bildnummer
#   R<xxxx> C<n> Raum und Kamerawinkel
#   pos=(x,y,z) Weltlage der Figur, rot = Blickrichtung (0..4095)
#   vz=a/b/c    Kamera-Tiefe von FUSS / HUEFTE / KOPF
#   scr=(x,y)   Fusspunkt im 320x240-Bild
#   kasten=...  geschaetzter Bildkasten der Figur (Messgroesse)
#   masken=n    geladene Vordergrund-Masken dieses Winkels
#   [i:(x,y)wxh t=T z=Z DECKT|frei]  jede Maske, die den Kasten beruehrt.
#       Der Zeichner verdeckt, solange die Figur-Tiefe GROESSER als z ist
#       (z = T*64). 'frei' heisst: die Figur steht VOR dieser Maske.
# ---------------------------------------------------------------
F0       R1150 C2  hp=65   pos=(-22685,     0,-19651) rot=-6389 vz= 5639/ 5376/ 5112 scr=( 99,190) kasten=x80..118,y125..193 masken=54 | [0:(78,105)24x24 t=107 z=6848 frei] [1:(102,105)24x24 t=87 z=5568 DECKT] [6:(78,129)24x24 t=90 z=5760 frei] [7:(102,129)40x24 t=89 z=5696 frei] [9:(78,153)24x24 t=95 z=6080 frei] [10:(102,153)40x24 t=95 z=6080 frei] [31:(70,185)24x24 t=39 z=2496 DECKT] [33:(94,185)24x24 t=43 z=2752 DECKT]
F15      R1150 C2  hp=65   pos=(-22685,     0,-19651) rot=-6389 vz= 5639/ 5376/ 5112 scr=( 99,190) kasten=x80..118,y125..193 masken=54 | [0:(78,105)24x24 t=107 z=6848 frei] [1:(102,105)24x24 t=87 z=5568 DECKT] [6:(78,129)24x24 t=90 z=5760 frei] [7:(102,129)40x24 t=89 z=5696 frei] [9:(78,153)24x24 t=95 z=6080 frei] [10:(102,153)40x24 t=95 z=6080 frei] [31:(70,185)24x24 t=39 z=2496 DECKT] [33:(94,185)24x24 t=43 z=2752 DECKT]
F30      R1150 C2  hp=65   pos=(-22555,     0,-19601) rot=-6389 vz= 5514/ 5250/ 4986 scr=(100,194) kasten=x81..119,y127..197 masken=54 | [0:(78,105)24x24 t=107 z=6848 frei] [1:(102,105)24x24 t=87 z=5568 frei] [6:(78,129)24x24 t=90 z=5760 frei] [7:(102,129)40x24 t=89 z=5696 frei] [9:(78,153)24x24 t=95 z=6080 frei] [10:(102,153)40x24 t=95 z=6080 frei] [31:(70,185)24x24 t=39 z=2496 DECKT] [33:(94,185)24x24 t=43 z=2752 DECKT] [35:(118,185)24x24 t=42 z=2688 DECKT]
F45      R1150 C2  hp=65   pos=(-22555,     0,-19601) rot=-6389 vz= 5514/ 5250/ 4986 scr=(100,194) kasten=x81..119,y127..197 masken=54 | [0:(78,105)24x24 t=107 z=6848 frei] [1:(102,105)24x24 t=87 z=5568 frei] [6:(78,129)24x24 t=90 z=5760 frei] [7:(102,129)40x24 t=89 z=5696 frei] [9:(78,153)24x24 t=95 z=6080 frei] [10:(102,153)40x24 t=95 z=6080 frei] [31:(70,185)24x24 t=39 z=2496 DECKT] [33:(94,185)24x24 t=43 z=2752 DECKT] [35:(118,185)24x24 t=42 z=2688 DECKT]
F60      R1150 C2  hp=65   pos=(-22555,     0,-19601) rot=-6389 vz= 5514/ 5250/ 4986 scr=(100,194) kasten=x81..119,y127..197 masken=54 | [0:(78,105)24x24 t=107 z=6848 frei] [1:(102,105)24x24 t=87 z=5568 frei] [6:(78,129)24x24 t=90 z=5760 frei] [7:(102,129)40x24 t=89 z=5696 frei] [9:(78,153)24x24 t=95 z=6080 frei] [10:(102,153)40x24 t=95 z=6080 frei] [31:(70,185)24x24 t=39 z=2496 DECKT] [33:(94,185)24x24 t=43 z=2752 DECKT] [35:(118,185)24x24 t=42 z=2688 DECKT]
F75      R1150 C2  hp=65   pos=(-22555,     0,-19601) rot=-6389 vz= 5514/ 5250/ 4986 scr=(100,194) kasten=x81..119,y127..197 masken=54 | [0:(78,105)24x24 t=107 z=6848 frei] [1:(102,105)24x24 t=87 z=5568 frei] [6:(78,129)24x24 t=90 z=5760 frei] [7:(102,129)40x24 t=89 z=5696 frei] [9:(78,153)24x24 t=95 z=6080 frei] [10:(102,153)40x24 t=95 z=6080 frei] [31:(70,185)24x24 t=39 z=2496 DECKT] [33:(94,185)24x24 t=43 z=2752 DECKT] [35:(118,185)24x24 t=42 z=2688 DECKT]
F90      R1150 C2  hp=65   pos=(-22555,     0,-19601) rot=-6389 vz= 5514/ 5250/ 4986 scr=(100,194) kasten=x81..119,y127..197 masken=54 | [0:(78,105)24x24 t=107 z=6848 frei] [1:(102,105)24x24 t=87 z=5568 frei] [6:(78,129)24x24 t=90 z=5760 frei] [7:(102,129)40x24 t=89 z=5696 frei] [9:(78,153)24x24 t=95 z=6080 frei] [10:(102,153)40x24 t=95 z=6080 frei] [31:(70,185)24x24 t=39 z=2496 DECKT] [33:(94,185)24x24 t=43 z=2752 DECKT] [35:(118,185)24x24 t=42 z=2688 DECKT]
F105     R1150 C2  hp=65   pos=(-22555,     0,-19601) rot=-6389 vz= 5514/ 5250/ 4986 scr=(100,194) kasten=x81..119,y127..197 masken=54 | [0:(78,105)24x24 t=107 z=6848 frei] [1:(102,105)24x24 t=87 z=5568 frei] [6:(78,129)24x24 t=90 z=5760 frei] [7:(102,129)40x24 t=89 z=5696 frei] [9:(78,153)24x24 t=95 z=6080 frei] [10:(102,153)40x24 t=95 z=6080 frei] [31:(70,185)24x24 t=39 z=2496 DECKT] [33:(94,185)24x24 t=43 z=2752 DECKT] [35:(118,185)24x24 t=42 z=2688 DECKT]
F120     R1150 C2  hp=65   pos=(-22555,     0,-19601) rot=-6389 vz= 5514/ 5250/ 4986 scr=(100,194) kasten=x81..119,y127..197 masken=54 | [0:(78,105)24x24 t=107 z=6848 frei] [1:(102,105)24x24 t=87 z=5568 frei] [6:(78,129)24x24 t=90 z=5760 frei] [7:(102,129)40x24 t=89 z=5696 frei] [9:(78,153)24x24 t=95 z=6080 frei] [10:(102,153)40x24 t=95 z=6080 frei] [31:(70,185)24x24 t=39 z=2496 DECKT] [33:(94,185)24x24 t=43 z=2752 DECKT] [35:(118,185)24x24 t=42 z=2688 DECKT]
F135     R1150 C2  hp=65   pos=(-22555,     0,-19601) rot=-6293 vz= 5514/ 5250/ 4986 scr=(100,194) kasten=x81..119,y127..197 masken=54 | [0:(78,105)24x24 t=107 z=6848 frei] [1:(102,105)24x24 t=87 z=5568 frei] [6:(78,129)24x24 t=90 z=5760 frei] [7:(102,129)40x24 t=89 z=5696 frei] [9:(78,153)24x24 t=95 z=6080 frei] [10:(102,153)40x24 t=95 z=6080 frei] [31:(70,185)24x24 t=39 z=2496 DECKT] [33:(94,185)24x24 t=43 z=2752 DECKT] [35:(118,185)24x24 t=42 z=2688 DECKT]
F150     R1150 C2  hp=65   pos=(-22555,     0,-19601) rot=-5429 vz= 5514/ 5250/ 4986 scr=(100,194) kasten=x81..119,y127..197 masken=54 | [0:(78,105)24x24 t=107 z=6848 frei] [1:(102,105)24x24 t=87 z=5568 frei] [6:(78,129)24x24 t=90 z=5760 frei] [7:(102,129)40x24 t=89 z=5696 frei] [9:(78,153)24x24 t=95 z=6080 frei] [10:(102,153)40x24 t=95 z=6080 frei] [31:(70,185)24x24 t=39 z=2496 DECKT] [33:(94,185)24x24 t=43 z=2752 DECKT] [35:(118,185)24x24 t=42 z=2688 DECKT]
F165     R1150 C2  hp=65   pos=(-22555,     0,-19601) rot=-5429 vz= 5514/ 5250/ 4986 scr=(100,194) kasten=x81..119,y127..197 masken=54 | [0:(78,105)24x24 t=107 z=6848 frei] [1:(102,105)24x24 t=87 z=5568 frei] [6:(78,129)24x24 t=90 z=5760 frei] [7:(102,129)40x24 t=89 z=5696 frei] [9:(78,153)24x24 t=95 z=6080 frei] [10:(102,153)40x24 t=95 z=6080 frei] [31:(70,185)24x24 t=39 z=2496 DECKT] [33:(94,185)24x24 t=43 z=2752 DECKT] [35:(118,185)24x24 t=42 z=2688 DECKT]
F13      R6030 C1  hp=65   pos=( -3873,     0,-23487) rot=3531  vz= 2827/ 2623/ 2419 scr=(175,300) kasten=x139..211,y172..303 masken=0 | keine Maske am Koerper
F28      R6030 C1  hp=65   pos=( -3873,     0,-23487) rot=3755  vz= 2827/ 2623/ 2419 scr=(175,300) kasten=x139..211,y172..303 masken=0 | keine Maske am Koerper
F1       R6020 C0  hp=65   pos=( -4500,     0,  2300) rot=3755  vz= 5141/ 5081/ 5020 scr=(185,177) kasten=x164..206,y106..180 masken=0 | keine Maske am Koerper
F16      R6020 C0  hp=65   pos=( -4500,     0,  2300) rot=3755  vz= 5141/ 5081/ 5020 scr=(185,177) kasten=x164..206,y106..180 masken=0 | keine Maske am Koerper
F31      R6020 C0  hp=65   pos=( -4500,     0,  2300) rot=3947  vz= 5141/ 5081/ 5020 scr=(185,177) kasten=x164..206,y106..180 masken=0 | keine Maske am Koerper
F11      R6030 C0  hp=65   pos=( -3873,     0,-23487) rot=4043  vz= 5397/ 5038/ 4679 scr=(213,199) kasten=x193..233,y131..202 masken=0 | keine Maske am Koerper
F26      R6030 C0  hp=65   pos=( -3873,     0,-23487) rot=4523  vz= 5397/ 5038/ 4679 scr=(213,199) kasten=x193..233,y131..202 masken=0 | keine Maske am Koerper
F41      R6030 C8  hp=65   pos=( -9600, -1800,-23450) rot=2336  vz=11712/11823/11934 scr=(176,142) kasten=x166..186,y109..145 masken=0 | keine Maske am Koerper
F56      R6030 C8  hp=65   pos=(-10671, -1788,-22794) rot=2048  vz=10755/10866/10977 scr=(162,142) kasten=x151..173,y107..145 masken=0 | keine Maske am Koerper
F71      R6030 C8  hp=65   pos=(-11715,  -934,-22779) rot=2048  vz= 9608/ 9719/ 9830 scr=(160,159) kasten=x148..172,y120..162 masken=0 | keine Maske am Koerper
F86      R6030 C8  hp=65   pos=(-12716,     0,-22801) rot=2048  vz= 8485/ 8596/ 8707 scr=(157,184) kasten=x143..171,y140..187 masken=0 | keine Maske am Koerper
F101     R6030 C7  hp=65   pos=(-16107,     0,-22801) rot=2048  vz=10471/10290/10109 scr=(174,148) kasten=x163..185,y112..151 masken=0 | keine Maske am Koerper
F116     R6030 C7  hp=65   pos=(-17207,     0,-22801) rot=2048  vz= 9453/ 9272/ 9091 scr=(168,156) kasten=x156..180,y116..159 masken=0 | keine Maske am Koerper
F131     R6030 C7  hp=65   pos=(-18256,     0,-22817) rot=1904  vz= 8477/ 8296/ 8115 scr=(161,166) kasten=x147..175,y122..169 masken=0 | keine Maske am Koerper
F146     R6030 C7  hp=65   pos=(-19295,     0,-23241) rot=1781  vz= 7387/ 7206/ 7025 scr=(164,181) kasten=x149..179,y131..184 masken=0 | keine Maske am Koerper
F5       R6020 C0  hp=65   pos=( -4500,     0,  2300) rot=1775  vz= 5141/ 5081/ 5020 scr=(185,177) kasten=x164..206,y106..180 masken=0 | keine Maske am Koerper
F20      R6020 C0  hp=65   pos=( -4500,     0,  2300) rot=2063  vz= 5141/ 5081/ 5020 scr=(185,177) kasten=x164..206,y106..180 masken=0 | keine Maske am Koerper
F14      R6030 C0  hp=65   pos=( -3873,     0,-23487) rot=2063  vz= 5397/ 5038/ 4679 scr=(213,199) kasten=x193..233,y131..202 masken=0 | keine Maske am Koerper
F29      R6030 C8  hp=65   pos=( -9675, -1800,-23450) rot=2048  vz=11638/11749/11860 scr=(176,142) kasten=x165..187,y109..145 masken=0 | keine Maske am Koerper
F44      R6030 C8  hp=65   pos=(-11062, -1689,-23445) rot=2048  vz=10263/10374/10485 scr=(174,143) kasten=x162..186,y106..146 masken=0 | keine Maske am Koerper
F59      R6030 C8  hp=65   pos=(-12189,  -611,-23431) rot=2048  vz= 9002/ 9113/ 9223 scr=(172,167) kasten=x159..185,y125..170 masken=0 | keine Maske am Koerper
F74      R6030 C8  hp=65   pos=(-13907,     0,-23453) rot=2048  vz= 7224/ 7335/ 7446 scr=(169,189) kasten=x154..184,y138..192 masken=0 | keine Maske am Koerper
F89      R6030 C7  hp=65   pos=(-16907,     0,-23453) rot=2048  vz= 9532/ 9351/ 9170 scr=(184,155) kasten=x172..196,y115..158 masken=0 | keine Maske am Koerper
F104     R6030 C7  hp=65   pos=(-19907,     0,-23453) rot=2048  vz= 6756/ 6575/ 6394 scr=(164,191) kasten=x148..180,y136..194 masken=0 | keine Maske am Koerper
F119     R6030 C9  hp=65   pos=(-22907,     0,-23453) rot=2048  vz= 8514/ 8325/ 8136 scr=(163,164) kasten=x150..176,y120..167 masken=0 | keine Maske am Koerper
F134     R6030 C12 hp=65   pos=(-25907,     0,-23453) rot=2048  vz= 8006/ 7700/ 7393 scr=(151,162) kasten=x137..165,y115..165 masken=0 | keine Maske am Koerper
F9       R5090 C4  hp=65   pos=( 26600,     0,  4900) rot=2048  vz= 9078/ 8541/ 8004 scr=(194,152) kasten=x182..206,y114..155 masken=0 | keine Maske am Koerper
F24      R5090 C4  hp=65   pos=( 23600,     0,  4900) rot=2048  vz= 9630/ 9093/ 8556 scr=(136,139) kasten=x125..147,y103..142 masken=0 | keine Maske am Koerper
F39      R5090 C3  hp=65   pos=( 20600,     0,  4900) rot=2048  vz= 8872/ 8676/ 8479 scr=(185,154) kasten=x171..199,y107..157 masken=0 | keine Maske am Koerper
F54      R5090 C3  hp=65   pos=( 17600,     0,  4900) rot=2048  vz= 6075/ 5878/ 5682 scr=(166,198) kasten=x146..186,y131..201 masken=0 | keine Maske am Koerper
F69      R5090 C2  hp=65   pos=( 14600,     0,  4900) rot=2048  vz= 8466/ 8320/ 8175 scr=(182,166) kasten=x167..197,y117..169 masken=0 | keine Maske am Koerper
F84      R5090 C1  hp=65   pos=( 11600,     0,  4900) rot=2048  vz= 6595/ 6432/ 6269 scr=(164,185) kasten=x147..181,y129..188 masken=0 | keine Maske am Koerper
F99      R5090 C1  hp=65   pos=(  8600,     0,  4900) rot=2048  vz= 9286/ 9123/ 8960 scr=(137,153) kasten=x124..150,y112..156 masken=0 | keine Maske am Koerper
F114     R5090 C1  hp=65   pos=(  5600,     0,  4900) rot=2048  vz=11977/11814/11651 scr=(121,135) kasten=x111..131,y103..138 masken=0 | keine Maske am Koerper
F129     R5090 C0  hp=65   pos=(  2600,     0,  4900) rot=2048  vz= 6832/ 6646/ 6460 scr=(142,169) kasten=x126..158,y115..172 masken=0 | keine Maske am Koerper
F144     R5090 C9  hp=65   pos=( 24100,     0, -9250) rot=2048  vz= 9272/ 8733/ 8195 scr=(192,146) kasten=x180..204,y109..149 masken=0 | keine Maske am Koerper
F159     R5090 C9  hp=65   pos=( 21100,     0, -9250) rot=2048  vz= 9773/ 9234/ 8696 scr=(135,134) kasten=x124..146,y99..137 masken=0 | keine Maske am Koerper
F174     R5090 C8  hp=65   pos=( 18100,     0, -9250) rot=2048  vz= 6203/ 6071/ 5938 scr=(171,184) kasten=x152..190,y118..187 masken=0 | keine Maske am Koerper
F189     R5090 C7  hp=65   pos=( 15100,     0, -9250) rot=2048  vz= 8255/ 8062/ 7870 scr=(182,160) kasten=x167..197,y110..163 masken=0 | keine Maske am Koerper
F204     R5090 C7  hp=65   pos=( 12100,     0, -9250) rot=2048  vz= 5640/ 5447/ 5254 scr=(140,208) kasten=x119..161,y136..211 masken=0 | keine Maske am Koerper
F219     R5090 C6  hp=65   pos=( 10254,     0,-10444) rot=1832  vz= 7386/ 7217/ 7047 scr=(120,171) kasten=x105..135,y121..174 masken=0 | keine Maske am Koerper
F234     R5090 C6  hp=65   pos=(  7285,     0,-10244) rot=2120  vz=10127/ 9957/ 9788 scr=(110,144) kasten=x98..122,y107..147 masken=0 | keine Maske am Koerper
F249     R5090 C6  hp=65   pos=(  4315,     0, -9914) rot=2120  vz=12919/12749/12580 scr=(107,128) kasten=x97..117,y98..131 masken=0 | keine Maske am Koerper
F264     R5090 C5  hp=65   pos=(  1345,     0, -9584) rot=2120  vz= 8242/ 8049/ 7856 scr=(132,157) kasten=x118..146,y112..160 masken=0 | keine Maske am Koerper
F279     R5090 C14 hp=65   pos=( 24400,     0,-23550) rot=2048  vz= 9024/ 8491/ 7957 scr=(198,150) kasten=x186..210,y112..153 masken=0 | keine Maske am Koerper
F294     R5090 C14 hp=65   pos=( 21400,     0,-23550) rot=2048  vz= 9529/ 8995/ 8462 scr=(139,138) kasten=x128..150,y102..141 masken=0 | keine Maske am Koerper
F309     R5090 C13 hp=65   pos=( 18400,     0,-23550) rot=2048  vz= 7941/ 7769/ 7596 scr=(187,158) kasten=x171..203,y106..161 masken=0 | keine Maske am Koerper
F324     R5090 C13 hp=65   pos=( 15400,     0,-23550) rot=2048  vz= 5139/ 4966/ 4793 scr=(162,209) kasten=x139..185,y130..212 masken=0 | keine Maske am Koerper
F339     R5090 C15 hp=65   pos=( 13600,     0,-23550) rot=2057  vz=10667/10779/10892 scr=(316,176) kasten=x305..327,y140..179 masken=0 | keine Maske am Koerper
F354     R5090 C15 hp=65   pos=( 13600,     0,-23550) rot=2057  vz=10667/10779/10892 scr=(316,176) kasten=x305..327,y140..179 masken=0 | keine Maske am Koerper
F369     R5090 C12 hp=65   pos=( 13600,     0,-23550) rot=2057  vz= 5548/ 5374/ 5200 scr=(156,172) kasten=x137..175,y106..175 masken=0 | keine Maske am Koerper
F384     R5090 C12 hp=65   pos=( 13600,     0,-23550) rot=2057  vz= 5548/ 5374/ 5200 scr=(156,172) kasten=x137..175,y106..175 masken=0 | keine Maske am Koerper
F399     R5090 C12 hp=65   pos=( 13600,     0,-23550) rot=2057  vz= 5548/ 5374/ 5200 scr=(156,172) kasten=x137..175,y106..175 masken=0 | keine Maske am Koerper
F414     R5090 C12 hp=65   pos=( 13600,     0,-23550) rot=2057  vz= 5548/ 5374/ 5200 scr=(156,172) kasten=x137..175,y106..175 masken=0 | keine Maske am Koerper
F429     R5090 C12 hp=65   pos=( 13600,     0,-23550) rot=2057  vz= 5548/ 5374/ 5200 scr=(156,172) kasten=x137..175,y106..175 masken=0 | keine Maske am Koerper
F444     R5090 C12 hp=65   pos=( 13600,     0,-23550) rot=2057  vz= 5548/ 5374/ 5200 scr=(156,172) kasten=x137..175,y106..175 masken=0 | keine Maske am Koerper
F459     R5090 C12 hp=65   pos=( 13600,     0,-23550) rot=2057  vz= 5548/ 5374/ 5200 scr=(156,172) kasten=x137..175,y106..175 masken=0 | keine Maske am Koerper
F474     R5090 C12 hp=65   pos=( 13600,     0,-23550) rot=2057  vz= 5548/ 5374/ 5200 scr=(156,172) kasten=x137..175,y106..175 masken=0 | keine Maske am Koerper
F489     R5090 C12 hp=65   pos=( 13600,     0,-23550) rot=2057  vz= 5548/ 5374/ 5200 scr=(156,172) kasten=x137..175,y106..175 masken=0 | keine Maske am Koerper
F504     R5090 C12 hp=65   pos=( 12375,     0,-23537) rot=2057  vz= 6712/ 6538/ 6364 scr=(148,155) kasten=x132..164,y100..158 masken=0 | keine Maske am Koerper
F519     R5090 C12 hp=65   pos=(  9375,     0,-23507) rot=2057  vz= 9562/ 9388/ 9214 scr=(136,129) kasten=x124..148,y90..132 masken=0 | keine Maske am Koerper
F534     R5090 C12 hp=65   pos=(  6375,     0,-23477) rot=2057  vz=12411/12237/12063 scr=(130,117) kasten=x120..140,y86..120 masken=0 | keine Maske am Koerper
F549     R5090 C12 hp=65   pos=(  3375,     0,-23447) rot=2057  vz=15261/15087/14913 scr=(126,108) kasten=x117..135,y82..111 masken=0 | keine Maske am Koerper
F564     R5090 C11 hp=65   pos=(   575,     0,-23419) rot=2057  vz= 7847/ 7677/ 7506 scr=(144,159) kasten=x130..158,y111..162 masken=0 | keine Maske am Koerper
F579     R5090 C11 hp=65   pos=(  1415,     0,-23419) rot=2057  vz= 7079/ 6909/ 6738 scr=(150,169) kasten=x134..166,y117..172 masken=0 | keine Maske am Koerper
F594     R5090 C11 hp=65   pos=(  2465,     0,-23419) rot=2057  vz= 6119/ 5948/ 5778 scr=(160,185) kasten=x142..178,y125..188 masken=0 | keine Maske am Koerper

=========== MARKE 1 (F9) ===========
  Bild: C:/workspace/git/reAi_v2/re15_port/build/platform/pc/befund_5090_F608_marke1.bmp
F608     R5090 C12 hp=65   pos=(  2815,     0,-23419) rot=2057  vz=15798/15624/15450 scr=(126,107) kasten=x118..134,y82..110 masken=0 | keine Maske am Koerper
  alle 0 Masken dieses Winkels (Nr:(x,y)bxh Tiefe -> Kamera-z):
  Gegner im Raum:
     1  typ=0x4D st=4 ss= 6/3  clip=2   bild=13  hp=-1   dist=0      pos=(   600,     0,-25300) rot=0     spd=0    fl22a=0000 grid=40 anim=0020
     2  typ=0x36 st=0 ss= 0/0  clip=3   bild=2   hp=600  dist=0      pos=( -7686,     0,-23350) rot=3     spd=0    fl22a=0000 grid=13 anim=0000
     3  typ=0x37 st=0 ss= 0/0  clip=14  bild=0   hp=-1   dist=0      pos=(-12040, -2283,-25302) rot=3     spd=0    fl22a=0000 grid=00 anim=0000
     4  typ=0x37 st=0 ss= 0/0  clip=14  bild=0   hp=-1   dist=0      pos=( -4277,  -558,-24586) rot=3     spd=0    fl22a=0000 grid=00 anim=0000
     5  typ=0x37 st=0 ss= 0/0  clip=0   bild=0   hp=-1   dist=0      pos=(-11328,  -675,-20828) rot=3     spd=0    fl22a=0000 grid=00 anim=0000
     6  typ=0x37 st=0 ss= 0/0  clip=0   bild=0   hp=-1   dist=0      pos=(-11804, -2420,-21365) rot=3     spd=0    fl22a=0000 grid=00 anim=0000
  Opfer-FSM des Spielers: state=0 typ=0x00
  Gezeichnete Dreiecke: Kamera-z 14916..15853 (Maskentiefe 233..247)
====================================
F609     R5090 C12 hp=65   pos=(  2815,     0,-23419) rot=2057  vz=15798/15624/15450 scr=(126,107) kasten=x118..134,y82..110 masken=0 | keine Maske am Koerper
F624     R5090 C12 hp=65   pos=(  3235,     0,-23419) rot=2057  vz=15400/15226/15052 scr=(126,108) kasten=x117..135,y83..111 masken=0 | keine Maske am Koerper
F639     R5090 C12 hp=65   pos=(  4285,     0,-23419) rot=2057  vz=14405/14231/14057 scr=(128,110) kasten=x119..137,y83..113 masken=0 | keine Maske am Koerper
F654     R5090 C12 hp=65   pos=(  5335,     0,-23419) rot=2057  vz=13411/13237/13063 scr=(129,113) kasten=x120..138,y84..116 masken=0 | keine Maske am Koerper
F669     R5090 C12 hp=65   pos=(  6385,     0,-23419) rot=2057  vz=12416/12242/12068 scr=(131,117) kasten=x121..141,y86..120 masken=0 | keine Maske am Koerper
F684     R5090 C12 hp=65   pos=(  7435,     0,-23419) rot=2057  vz=11421/11247/11073 scr=(133,120) kasten=x122..144,y87..123 masken=0 | keine Maske am Koerper
F699     R5090 C12 hp=65   pos=(  8485,     0,-23419) rot=2057  vz=10426/10252/10078 scr=(135,124) kasten=x124..146,y88..127 masken=0 | keine Maske am Koerper
F714     R5090 C12 hp=65   pos=(  9535,     0,-23419) rot=2057  vz= 9431/ 9257/ 9083 scr=(139,130) kasten=x127..151,y90..133 masken=0 | keine Maske am Koerper
F729     R5090 C12 hp=65   pos=( 10585,     0,-23419) rot=2057  vz= 8436/ 8262/ 8088 scr=(142,137) kasten=x128..156,y93..140 masken=0 | keine Maske am Koerper
F744     R5090 C12 hp=65   pos=( 11635,     0,-23419) rot=2057  vz= 7441/ 7267/ 7093 scr=(147,146) kasten=x132..162,y96..149 masken=0 | keine Maske am Koerper
F759     R5090 C12 hp=65   pos=( 12685,     0,-23419) rot=2057  vz= 6446/ 6272/ 6098 scr=(153,158) kasten=x136..170,y101..161 masken=0 | keine Maske am Koerper
F774     R5090 C12 hp=65   pos=( 13735,     0,-23419) rot=2057  vz= 5451/ 5277/ 5104 scr=(161,174) kasten=x141..181,y107..177 masken=0 | keine Maske am Koerper
F789     R5090 C12 hp=65   pos=( 13875,     0,-23419) rot=2057  vz= 5319/ 5145/ 4971 scr=(162,177) kasten=x142..182,y108..180 masken=0 | keine Maske am Koerper

=========== MARKE 2 (F9) ===========
  Bild: C:/workspace/git/reAi_v2/re15_port/build/platform/pc/befund_5090_F799_marke2.bmp
F799     R5090 C12 hp=65   pos=( 13875,     0,-23419) rot=2057  vz= 5319/ 5145/ 4971 scr=(162,177) kasten=x142..182,y108..180 masken=0 | keine Maske am Koerper
  alle 0 Masken dieses Winkels (Nr:(x,y)bxh Tiefe -> Kamera-z):
  Gegner im Raum:
     1  typ=0x4D st=4 ss= 6/3  clip=2   bild=48  hp=-1   dist=0      pos=(   600,     0,-25300) rot=0     spd=0    fl22a=0000 grid=40 anim=0000
     2  typ=0x36 st=0 ss= 0/0  clip=3   bild=93  hp=600  dist=0      pos=( -7686,     0,-23350) rot=3     spd=0    fl22a=0000 grid=13 anim=0000
     3  typ=0x37 st=0 ss= 0/0  clip=14  bild=0   hp=-1   dist=0      pos=(-12040, -2283,-25302) rot=3     spd=0    fl22a=0000 grid=00 anim=0000
     4  typ=0x37 st=0 ss= 0/0  clip=14  bild=0   hp=-1   dist=0      pos=( -4277,  -557,-24586) rot=3     spd=0    fl22a=0000 grid=00 anim=0000
     5  typ=0x37 st=0 ss= 0/0  clip=0   bild=0   hp=-1   dist=0      pos=(-11328,  -675,-20828) rot=3     spd=0    fl22a=0000 grid=00 anim=0000
     6  typ=0x37 st=0 ss= 0/0  clip=0   bild=0   hp=-1   dist=0      pos=(-11804, -2420,-21365) rot=3     spd=0    fl22a=0000 grid=00 anim=0000
  Opfer-FSM des Spielers: state=0 typ=0x00
  Gezeichnete Dreiecke: Kamera-z 4436..5623 (Maskentiefe 69..87)
====================================
F804     R5090 C12 hp=65   pos=( 13875,     0,-23419) rot=2057  vz= 5319/ 5145/ 4971 scr=(162,177) kasten=x142..182,y108..180 masken=0 | keine Maske am Koerper
F819     R5090 C12 hp=65   pos=( 13875,     0,-23419) rot=2057  vz= 5319/ 5145/ 4971 scr=(162,177) kasten=x142..182,y108..180 masken=0 | keine Maske am Koerper
F834     R5090 C12 hp=65   pos=( 13875,     0,-23419) rot=2057  vz= 5319/ 5145/ 4971 scr=(162,177) kasten=x142..182,y108..180 masken=0 | keine Maske am Koerper
F849     R5090 C12 hp=65   pos=( 13875,     0,-23419) rot=2921  vz= 5319/ 5145/ 4971 scr=(162,177) kasten=x142..182,y108..180 masken=0 | keine Maske am Koerper
F864     R5090 C12 hp=65   pos=( 13875,     0,-23419) rot=3593  vz= 5319/ 5145/ 4971 scr=(162,177) kasten=x142..182,y108..180 masken=0 | keine Maske am Koerper
F879     R5090 C13 hp=65   pos=( 14696,     0,-22620) rot=3593  vz= 4747/ 4574/ 4401 scr=(110,221) kasten=x86..134,y136..224 masken=0 | keine Maske am Koerper
F894     R5090 C13 hp=65   pos=( 17236,     0,-22234) rot=4241  vz= 7230/ 7057/ 6884 scr=(139,167) kasten=x122..156,y110..170 masken=0 | keine Maske am Koerper
F909     R5090 C13 hp=65   pos=( 20085,     0,-23080) rot=4097  vz= 9649/ 9477/ 9304 scr=(183,142) kasten=x170..196,y99..145 masken=0 | keine Maske am Koerper
F924     R5090 C14 hp=65   pos=( 23033,     0,-22782) rot=4169  vz= 9779/ 9245/ 8712 scr=(173,133) kasten=x162..184,y98..136 masken=0 | keine Maske am Koerper
F939     R5090 C14 hp=65   pos=( 25024,     0,-22702) rot=3809  vz= 9499/ 8965/ 8432 scr=(212,139) kasten=x201..223,y103..142 masken=0 | keine Maske am Koerper
F954     R5090 C14 hp=65   pos=( 25024,     0,-22702) rot=3809  vz= 9499/ 8965/ 8432 scr=(212,139) kasten=x201..223,y103..142 masken=0 | keine Maske am Koerper
# RE1.5 Port — BEFUND-LOG (Sep 13 2026 14:00:49)
# Eine Zeile je 15 Bilder, dazu jede F9-MARKE.
# Spalten:
#   F<n>        Bildnummer
#   R<xxxx> C<n> Raum und Kamerawinkel
#   pos=(x,y,z) Weltlage der Figur, rot = Blickrichtung (0..4095)
#   vz=a/b/c    Kamera-Tiefe von FUSS / HUEFTE / KOPF
#   scr=(x,y)   Fusspunkt im 320x240-Bild
#   kasten=...  geschaetzter Bildkasten der Figur (Messgroesse)
#   masken=n    geladene Vordergrund-Masken dieses Winkels
#   [i:(x,y)wxh t=T z=Z DECKT|frei]  jede Maske, die den Kasten beruehrt.
#       Der Zeichner verdeckt, solange die Figur-Tiefe GROESSER als z ist
#       (z = T*64). 'frei' heisst: die Figur steht VOR dieser Maske.
# ---------------------------------------------------------------
F0       R1150 C2  hp=65   pos=(-22685,     0,-19651) rot=-6389 vz= 5639/ 5376/ 5112 scr=( 99,190) kasten=x80..118,y125..193 masken=54 | [0:(78,105)24x24 t=107 z=6848 frei] [1:(102,105)24x24 t=87 z=5568 DECKT] [6:(78,129)24x24 t=90 z=5760 frei] [7:(102,129)40x24 t=89 z=5696 frei] [9:(78,153)24x24 t=95 z=6080 frei] [10:(102,153)40x24 t=95 z=6080 frei] [31:(70,185)24x24 t=39 z=2496 DECKT] [33:(94,185)24x24 t=43 z=2752 DECKT]
F15      R1150 C2  hp=65   pos=(-22685,     0,-19651) rot=-6389 vz= 5639/ 5376/ 5112 scr=( 99,190) kasten=x80..118,y125..193 masken=54 | [0:(78,105)24x24 t=107 z=6848 frei] [1:(102,105)24x24 t=87 z=5568 DECKT] [6:(78,129)24x24 t=90 z=5760 frei] [7:(102,129)40x24 t=89 z=5696 frei] [9:(78,153)24x24 t=95 z=6080 frei] [10:(102,153)40x24 t=95 z=6080 frei] [31:(70,185)24x24 t=39 z=2496 DECKT] [33:(94,185)24x24 t=43 z=2752 DECKT]
F30      R1150 C2  hp=65   pos=(-22490,     0,-19576) rot=-6869 vz= 5451/ 5187/ 4923 scr=(100,195) kasten=x80..120,y128..198 masken=54 | [0:(78,105)24x24 t=107 z=6848 frei] [1:(102,105)24x24 t=87 z=5568 frei] [6:(78,129)24x24 t=90 z=5760 frei] [7:(102,129)40x24 t=89 z=5696 frei] [9:(78,153)24x24 t=95 z=6080 frei] [10:(102,153)40x24 t=95 z=6080 frei] [31:(70,185)24x24 t=39 z=2496 DECKT] [33:(94,185)24x24 t=43 z=2752 DECKT] [35:(118,185)24x24 t=42 z=2688 DECKT]
F45      R1150 C2  hp=65   pos=(-22490,     0,-19576) rot=-8309 vz= 5451/ 5187/ 4923 scr=(100,195) kasten=x80..120,y128..198 masken=54 | [0:(78,105)24x24 t=107 z=6848 frei] [1:(102,105)24x24 t=87 z=5568 frei] [6:(78,129)24x24 t=90 z=5760 frei] [7:(102,129)40x24 t=89 z=5696 frei] [9:(78,153)24x24 t=95 z=6080 frei] [10:(102,153)40x24 t=95 z=6080 frei] [31:(70,185)24x24 t=39 z=2496 DECKT] [33:(94,185)24x24 t=43 z=2752 DECKT] [35:(118,185)24x24 t=42 z=2688 DECKT]
F60      R1150 C2  hp=65   pos=(-22490,     0,-19576) rot=-9365 vz= 5451/ 5187/ 4923 scr=(100,195) kasten=x80..120,y128..198 masken=54 | [0:(78,105)24x24 t=107 z=6848 frei] [1:(102,105)24x24 t=87 z=5568 frei] [6:(78,129)24x24 t=90 z=5760 frei] [7:(102,129)40x24 t=89 z=5696 frei] [9:(78,153)24x24 t=95 z=6080 frei] [10:(102,153)40x24 t=95 z=6080 frei] [31:(70,185)24x24 t=39 z=2496 DECKT] [33:(94,185)24x24 t=43 z=2752 DECKT] [35:(118,185)24x24 t=42 z=2688 DECKT]
F4       R1050 C0  hp=65   pos=( 20600,     0, 12350) rot=-9941 vz= 7136/ 6891/ 6646 scr=(171,157) kasten=x155..187,y105..160 masken=0 | keine Maske am Koerper
F19      R1050 C0  hp=65   pos=( 20600,     0, 12350) rot=-10037 vz= 7136/ 6891/ 6646 scr=(171,157) kasten=x155..187,y105..160 masken=0 | keine Maske am Koerper
F34      R1050 C0  hp=65   pos=( 18004,     0, 11457) rot=-10349 vz= 4553/ 4308/ 4063 scr=(193,219) kasten=x170..216,y139..222 masken=0 | keine Maske am Koerper
F49      R1050 C1  hp=65   pos=( 15019,     0, 11586) rot=-10205 vz=10543/10358/10173 scr=(138,131) kasten=x127..149,y95..134 masken=84 | keine Maske am Koerper
F64      R1050 C1  hp=65   pos=( 14168,     0,  9680) rot=-10853 vz= 8616/ 8431/ 8246 scr=(117,145) kasten=x104..130,y101..148 masken=84 | keine Maske am Koerper
F79      R1050 C1  hp=65   pos=( 14995,     0,  8423) rot=-11789 vz= 7482/ 7298/ 7113 scr=(137,157) kasten=x122..152,y107..160 masken=84 | keine Maske am Koerper
F94      R1050 C1  hp=65   pos=( 16732,     0,  6353) rot=-11789 vz= 5653/ 5468/ 5283 scr=(200,187) kasten=x181..219,y122..190 masken=84 | [0:(179,134)12x12 t=90 z=5760 frei] [1:(191,134)12x12 t=80 z=5120 DECKT] [2:(203,134)12x12 t=65 z=4160 DECKT] [3:(215,134)12x12 t=56 z=3584 DECKT] [6:(179,146)12x12 t=90 z=5760 frei] [7:(191,146)12x12 t=80 z=5120 DECKT] [8:(203,146)12x12 t=65 z=4160 DECKT] [9:(215,146)12x12 t=56 z=3584 DECKT] [13:(179,158)12x12 t=89 z=5696 frei] [14:(191,158)12x12 t=80 z=5120 DECKT] [15:(203,158)12x12 t=65 z=4160 DECKT] [16:(215,158)12x12 t=56 z=3584 DECKT] ...
F109     R1050 C1  hp=65   pos=( 16732,     0,  6368) rot=-11693 vz= 5667/ 5483/ 5298 scr=(200,186) kasten=x181..219,y121..189 masken=84 | [0:(179,134)12x12 t=90 z=5760 frei] [1:(191,134)12x12 t=80 z=5120 DECKT] [2:(203,134)12x12 t=65 z=4160 DECKT] [3:(215,134)12x12 t=56 z=3584 DECKT] [6:(179,146)12x12 t=90 z=5760 frei] [7:(191,146)12x12 t=80 z=5120 DECKT] [8:(203,146)12x12 t=65 z=4160 DECKT] [9:(215,146)12x12 t=56 z=3584 DECKT] [13:(179,158)12x12 t=89 z=5696 frei] [14:(191,158)12x12 t=80 z=5120 DECKT] [15:(203,158)12x12 t=65 z=4160 DECKT] [16:(215,158)12x12 t=56 z=3584 DECKT] ...
F124     R1050 C1  hp=65   pos=( 16732,     0,  6368) rot=-11021 vz= 5667/ 5483/ 5298 scr=(200,186) kasten=x181..219,y121..189 masken=84 | [0:(179,134)12x12 t=90 z=5760 frei] [1:(191,134)12x12 t=80 z=5120 DECKT] [2:(203,134)12x12 t=65 z=4160 DECKT] [3:(215,134)12x12 t=56 z=3584 DECKT] [6:(179,146)12x12 t=90 z=5760 frei] [7:(191,146)12x12 t=80 z=5120 DECKT] [8:(203,146)12x12 t=65 z=4160 DECKT] [9:(215,146)12x12 t=56 z=3584 DECKT] [13:(179,158)12x12 t=89 z=5696 frei] [14:(191,158)12x12 t=80 z=5120 DECKT] [15:(203,158)12x12 t=65 z=4160 DECKT] [16:(215,158)12x12 t=56 z=3584 DECKT] ...
F139     R1050 C1  hp=65   pos=( 16732,     0,  6368) rot=-11597 vz= 5667/ 5483/ 5298 scr=(200,186) kasten=x181..219,y121..189 masken=84 | [0:(179,134)12x12 t=90 z=5760 frei] [1:(191,134)12x12 t=80 z=5120 DECKT] [2:(203,134)12x12 t=65 z=4160 DECKT] [3:(215,134)12x12 t=56 z=3584 DECKT] [6:(179,146)12x12 t=90 z=5760 frei] [7:(191,146)12x12 t=80 z=5120 DECKT] [8:(203,146)12x12 t=65 z=4160 DECKT] [9:(215,146)12x12 t=56 z=3584 DECKT] [13:(179,158)12x12 t=89 z=5696 frei] [14:(191,158)12x12 t=80 z=5120 DECKT] [15:(203,158)12x12 t=65 z=4160 DECKT] [16:(215,158)12x12 t=56 z=3584 DECKT] ...
F154     R1050 C1  hp=65   pos=( 16732,     0,  6368) rot=-11597 vz= 5667/ 5483/ 5298 scr=(200,186) kasten=x181..219,y121..189 masken=84 | [0:(179,134)12x12 t=90 z=5760 frei] [1:(191,134)12x12 t=80 z=5120 DECKT] [2:(203,134)12x12 t=65 z=4160 DECKT] [3:(215,134)12x12 t=56 z=3584 DECKT] [6:(179,146)12x12 t=90 z=5760 frei] [7:(191,146)12x12 t=80 z=5120 DECKT] [8:(203,146)12x12 t=65 z=4160 DECKT] [9:(215,146)12x12 t=56 z=3584 DECKT] [13:(179,158)12x12 t=89 z=5696 frei] [14:(191,158)12x12 t=80 z=5120 DECKT] [15:(203,158)12x12 t=65 z=4160 DECKT] [16:(215,158)12x12 t=56 z=3584 DECKT] ...
F169     R1050 C1  hp=65   pos=( 16732,     0,  6368) rot=-11597 vz= 5667/ 5483/ 5298 scr=(200,186) kasten=x181..219,y121..189 masken=84 | [0:(179,134)12x12 t=90 z=5760 frei] [1:(191,134)12x12 t=80 z=5120 DECKT] [2:(203,134)12x12 t=65 z=4160 DECKT] [3:(215,134)12x12 t=56 z=3584 DECKT] [6:(179,146)12x12 t=90 z=5760 frei] [7:(191,146)12x12 t=80 z=5120 DECKT] [8:(203,146)12x12 t=65 z=4160 DECKT] [9:(215,146)12x12 t=56 z=3584 DECKT] [13:(179,158)12x12 t=89 z=5696 frei] [14:(191,158)12x12 t=80 z=5120 DECKT] [15:(203,158)12x12 t=65 z=4160 DECKT] [16:(215,158)12x12 t=56 z=3584 DECKT] ...

=========== MARKE 1 (F9) ===========
  Bild: C:/workspace/git/reAi_v2/re15_port/build/platform/pc/befund_1050_F172_marke1.bmp
F172     R1050 C1  hp=65   pos=( 16732,     0,  6368) rot=-11597 vz= 5667/ 5483/ 5298 scr=(200,186) kasten=x181..219,y121..189 masken=84 | [0:(179,134)12x12 t=90 z=5760 frei] [1:(191,134)12x12 t=80 z=5120 DECKT] [2:(203,134)12x12 t=65 z=4160 DECKT] [3:(215,134)12x12 t=56 z=3584 DECKT] [6:(179,146)12x12 t=90 z=5760 frei] [7:(191,146)12x12 t=80 z=5120 DECKT] [8:(203,146)12x12 t=65 z=4160 DECKT] [9:(215,146)12x12 t=56 z=3584 DECKT] [13:(179,158)12x12 t=89 z=5696 frei] [14:(191,158)12x12 t=80 z=5120 DECKT] [15:(203,158)12x12 t=65 z=4160 DECKT] [16:(215,158)12x12 t=56 z=3584 DECKT] ...
  alle 84 Masken dieses Winkels (Nr:(x,y)bxh Tiefe -> Kamera-z):
      0:(179,134) 12x12  t=90  z=5760    1:(191,134) 12x12  t=80  z=5120    2:(203,134) 12x12  t=65  z=4160    3:(215,134) 12x12  t=56  z=3584 
      4:(227,134) 12x12  t=55  z=3520    5:(239,134) 12x12  t=55  z=3520    6:(179,146) 12x12  t=90  z=5760    7:(191,146) 12x12  t=80  z=5120 
      8:(203,146) 12x12  t=65  z=4160    9:(215,146) 12x12  t=56  z=3584   10:(227,146) 12x12  t=55  z=3520   11:(239,146) 12x12  t=55  z=3520 
     12:(251,146) 12x12  t=55  z=3520   13:(179,158) 12x12  t=89  z=5696   14:(191,158) 12x12  t=80  z=5120   15:(203,158) 12x12  t=65  z=4160 
     16:(215,158) 12x12  t=56  z=3584   17:(227,158) 12x12  t=55  z=3520   18:(239,158) 12x12  t=55  z=3520   19:(251,158) 12x12  t=55  z=3520 
     20:(263,158) 12x12  t=55  z=3520   21:(275,158) 12x12  t=55  z=3520   22:(179,170) 12x12  t=69  z=4416   23:(191,170) 12x12  t=79  z=5056 
     24:(203,170) 12x12  t=65  z=4160   25:(215,170) 12x12  t=56  z=3584   26:(227,170) 12x12  t=55  z=3520   27:(239,170) 12x12  t=55  z=3520 
     28:(251,170) 12x12  t=55  z=3520   29:(263,170) 12x12  t=55  z=3520   30:(275,170) 12x12  t=55  z=3520   31:(287,170) 12x12  t=55  z=3520 
     32:(179,182) 12x12  t=69  z=4416   33:(191,182) 12x12  t=75  z=4800   34:(203,182) 12x12  t=65  z=4160   35:(215,182) 12x12  t=56  z=3584 
     36:(227,182) 12x12  t=55  z=3520   37:(239,182) 12x12  t=55  z=3520   38:(251,182) 12x12  t=55  z=3520   39:(263,182) 12x12  t=55  z=3520 
     40:(275,182) 12x12  t=55  z=3520   41:(287,182) 12x12  t=55  z=3520   42:(299,182) 12x12  t=55  z=3520   43:(179,194) 12x12  t=69  z=4416 
     44:(191,194) 12x12  t=73  z=4672   45:(203,194) 12x12  t=65  z=4160   46:(215,194) 12x12  t=56  z=3584   47:(227,194) 12x12  t=55  z=3520 
     48:(239,194) 12x12  t=55  z=3520   49:(251,194) 12x12  t=55  z=3520   50:(263,194) 12x12  t=55  z=3520   51:(275,194) 12x12  t=55  z=3520 
     52:(287,194) 12x12  t=55  z=3520   53:(299,194) 12x12  t=55  z=3520   54:(311,194)  9x12  t=55  z=3520   55:(203,206) 12x12  t=64  z=4096 
     56:(215,206) 12x12  t=56  z=3584   57:(227,206) 12x12  t=55  z=3520   58:(239,206) 12x12  t=55  z=3520   59:(251,206) 12x12  t=55  z=3520 
     60:(263,206) 12x12  t=55  z=3520   61:(275,206) 12x12  t=55  z=3520   62:(287,206) 12x12  t=55  z=3520   63:(299,206) 12x12  t=55  z=3520 
     64:(311,206)  9x12  t=55  z=3520   65:(203,218) 12x12  t=61  z=3904   66:(215,218) 12x12  t=56  z=3584   67:(227,218) 12x12  t=55  z=3520 
     68:(239,218) 12x12  t=55  z=3520   69:(251,218) 12x12  t=55  z=3520   70:(263,218) 12x12  t=55  z=3520   71:(275,218) 12x12  t=55  z=3520 
     72:(287,218) 12x12  t=55  z=3520   73:(299,218) 12x12  t=55  z=3520   74:(311,218)  9x12  t=55  z=3520   75:(215,230) 12x10  t=55  z=3520 
     76:(227,230) 12x10  t=55  z=3520   77:(239,230) 12x10  t=55  z=3520   78:(251,230) 12x10  t=55  z=3520   79:(263,230) 12x10  t=55  z=3520 
     80:(275,230) 12x10  t=55  z=3520   81:(287,230) 12x10  t=55  z=3520   82:(299,230) 12x10  t=55  z=3520   83:(311,230)  9x10  t=55  z=3520 
  Gegner im Raum: keine
  Gezeichnete Dreiecke: Kamera-z 4819..5828 (Maskentiefe 75..91)
====================================
F184     R1050 C1  hp=65   pos=( 16732,     0,  6368) rot=-11597 vz= 5667/ 5483/ 5298 scr=(200,186) kasten=x181..219,y121..189 masken=84 | [0:(179,134)12x12 t=90 z=5760 frei] [1:(191,134)12x12 t=80 z=5120 DECKT] [2:(203,134)12x12 t=65 z=4160 DECKT] [3:(215,134)12x12 t=56 z=3584 DECKT] [6:(179,146)12x12 t=90 z=5760 frei] [7:(191,146)12x12 t=80 z=5120 DECKT] [8:(203,146)12x12 t=65 z=4160 DECKT] [9:(215,146)12x12 t=56 z=3584 DECKT] [13:(179,158)12x12 t=89 z=5696 frei] [14:(191,158)12x12 t=80 z=5120 DECKT] [15:(203,158)12x12 t=65 z=4160 DECKT] [16:(215,158)12x12 t=56 z=3584 DECKT] ...
F199     R1050 C1  hp=65   pos=( 16732,     0,  6368) rot=-10445 vz= 5667/ 5483/ 5298 scr=(200,186) kasten=x181..219,y121..189 masken=84 | [0:(179,134)12x12 t=90 z=5760 frei] [1:(191,134)12x12 t=80 z=5120 DECKT] [2:(203,134)12x12 t=65 z=4160 DECKT] [3:(215,134)12x12 t=56 z=3584 DECKT] [6:(179,146)12x12 t=90 z=5760 frei] [7:(191,146)12x12 t=80 z=5120 DECKT] [8:(203,146)12x12 t=65 z=4160 DECKT] [9:(215,146)12x12 t=56 z=3584 DECKT] [13:(179,158)12x12 t=89 z=5696 frei] [14:(191,158)12x12 t=80 z=5120 DECKT] [15:(203,158)12x12 t=65 z=4160 DECKT] [16:(215,158)12x12 t=56 z=3584 DECKT] ...
F214     R1050 C1  hp=65   pos=( 15186,     0,  7159) rot=-9821 vz= 6279/ 6094/ 5909 scr=(143,175) kasten=x126..160,y116..178 masken=84 | keine Maske am Koerper
F229     R1050 C1  hp=65   pos=( 14168,     0,  8344) rot=-9821 vz= 7324/ 7139/ 6954 scr=(113,159) kasten=x98..128,y108..162 masken=84 | keine Maske am Koerper
F8       R1000 C6  hp=65   pos=(   650,     0,  3250) rot=2048  vz= 5605/ 5386/ 5166 scr=(179,173) kasten=x160..198,y107..176 masken=93 | keine Maske am Koerper
F23      R1000 C6  hp=65   pos=(  -167,     0,  3198) rot=1856  vz= 4826/ 4607/ 4387 scr=(177,192) kasten=x155..199,y116..195 masken=93 | keine Maske am Koerper
F38      R1000 C7  hp=65   pos=(  -837,     0,  2381) rot=1136  vz= 3227/ 2980/ 2733 scr=( 77,283) kasten=x45..109,y171..286 masken=104 | [100:(41,161)24x24 t=87 z=5568 frei] [101:(65,161)24x24 t=78 z=4992 frei] [102:(89,161)15x24 t=80 z=5120 frei] [103:(65,185)24x1 t=78 z=4992 frei]
F53      R1000 C7  hp=65   pos=(  -990,     0,  2368) rot=1376  vz= 3368/ 3121/ 2874 scr=( 78,273) kasten=x48..108,y166..276 masken=104 | [100:(41,161)24x24 t=87 z=5568 frei] [101:(65,161)24x24 t=78 z=4992 frei] [102:(89,161)15x24 t=80 z=5120 frei] [103:(65,185)24x1 t=78 z=4992 frei]
F68      R1000 C7  hp=65   pos=( -1282,     0,  2368) rot=2096  vz= 3641/ 3394/ 3147 scr=( 82,256) kasten=x54..110,y156..259 masken=104 | [97:(41,137)24x24 t=87 z=5568 frei] [98:(65,137)24x24 t=78 z=4992 frei] [99:(89,137)15x24 t=89 z=5696 frei] [100:(41,161)24x24 t=87 z=5568 frei] [101:(65,161)24x24 t=78 z=4992 frei] [102:(89,161)15x24 t=80 z=5120 frei] [103:(65,185)24x1 t=78 z=4992 frei]
F83      R1000 C7  hp=65   pos=( -1282,     0,  2489) rot=1376  vz= 3657/ 3410/ 3163 scr=( 89,255) kasten=x61..117,y156..258 masken=104 | [97:(41,137)24x24 t=87 z=5568 frei] [98:(65,137)24x24 t=78 z=4992 frei] [99:(89,137)15x24 t=89 z=5696 frei] [100:(41,161)24x24 t=87 z=5568 frei] [101:(65,161)24x24 t=78 z=4992 frei] [102:(89,161)15x24 t=80 z=5120 frei] [103:(65,185)24x1 t=78 z=4992 frei]
F98      R1000 C7  hp=65   pos=(  -585,     0,  2368) rot=512   vz= 2990/ 2743/ 2496 scr=( 72,302) kasten=x38..106,y181..305 masken=104 | [100:(41,161)24x24 t=87 z=5568 frei] [101:(65,161)24x24 t=78 z=4992 frei] [102:(89,161)15x24 t=80 z=5120 frei] [103:(65,185)24x1 t=78 z=4992 frei]
F113     R1000 C6  hp=65   pos=(   -73,     0,  2368) rot=560   vz= 4755/ 4535/ 4317 scr=(214,194) kasten=x192..236,y117..197 masken=93 | [0:(233,135)16x16 t=50 z=3200 DECKT] [4:(201,151)16x16 t=51 z=3264 DECKT] [5:(217,151)16x16 t=50 z=3200 DECKT] [6:(233,151)16x16 t=50 z=3200 DECKT] [11:(201,167)16x16 t=51 z=3264 DECKT] [12:(217,167)16x16 t=50 z=3200 DECKT] [13:(233,167)16x16 t=50 z=3200 DECKT] [18:(201,183)16x16 t=51 z=3264 DECKT] [19:(217,183)16x16 t=50 z=3200 DECKT] [20:(233,183)16x16 t=50 z=3200 DECKT]
F128     R1000 C6  hp=65   pos=(  -412,     0,  2368) rot=1712  vz= 4436/ 4217/ 3998 scr=(214,204) kasten=x190..238,y122..207 masken=93 | [0:(233,135)16x16 t=50 z=3200 DECKT] [4:(201,151)16x16 t=51 z=3264 DECKT] [5:(217,151)16x16 t=50 z=3200 DECKT] [6:(233,151)16x16 t=50 z=3200 DECKT] [11:(201,167)16x16 t=51 z=3264 DECKT] [12:(217,167)16x16 t=50 z=3200 DECKT] [13:(233,167)16x16 t=50 z=3200 DECKT] [18:(201,183)16x16 t=51 z=3264 DECKT] [19:(217,183)16x16 t=50 z=3200 DECKT] [20:(233,183)16x16 t=50 z=3200 DECKT] [26:(201,199)16x16 t=51 z=3264 DECKT] [27:(217,199)16x16 t=50 z=3200 DECKT] ...
F143     R1000 C7  hp=65   pos=( -1282,     0,  2551) rot=2432  vz= 3665/ 3418/ 3171 scr=( 93,255) kasten=x65..121,y156..258 masken=104 | [98:(65,137)24x24 t=78 z=4992 frei] [99:(89,137)15x24 t=89 z=5696 frei] [101:(65,161)24x24 t=78 z=4992 frei] [102:(89,161)15x24 t=80 z=5120 frei] [103:(65,185)24x1 t=78 z=4992 frei]
F158     R1000 C7  hp=65   pos=( -1344,     0,  3236) rot=2432  vz= 3814/ 3567/ 3320 scr=(132,247) kasten=x105..159,y152..250 masken=104 | keine Maske am Koerper
F173     R1000 C7  hp=65   pos=( -2889,     0,  3218) rot=1832  vz= 5256/ 5009/ 4762 scr=(131,192) kasten=x111..151,y122..195 masken=104 | keine Maske am Koerper
F188     R1000 C7  hp=65   pos=( -4532,     0,  3218) rot=1376  vz= 6792/ 6545/ 6298 scr=(130,159) kasten=x114..146,y104..162 masken=104 | keine Maske am Koerper
F203     R1000 C7  hp=65   pos=( -4532,     0,  3218) rot=1880  vz= 6792/ 6545/ 6298 scr=(130,159) kasten=x114..146,y104..162 masken=104 | keine Maske am Koerper
F218     R1000 C7  hp=65   pos=( -4394,     0,  3218) rot=800   vz= 6663/ 6416/ 6169 scr=(130,161) kasten=x113..147,y105..164 masken=104 | keine Maske am Koerper
F233     R1000 C7  hp=65   pos=( -2063,     0,  3218) rot=344   vz= 4484/ 4237/ 3990 scr=(131,217) kasten=x108..154,y136..220 masken=104 | keine Maske am Koerper
F248     R1000 C7  hp=65   pos=( -1519,     0,  3218) rot=728   vz= 3975/ 3728/ 3481 scr=(131,239) kasten=x105..157,y148..242 masken=104 | keine Maske am Koerper
F263     R1000 C7  hp=65   pos=(  -759,     0,  2666) rot=680   vz= 3192/ 2945/ 2698 scr=( 95,286) kasten=x63..127,y173..289 masken=104 | [100:(41,161)24x24 t=87 z=5568 frei] [101:(65,161)24x24 t=78 z=4992 frei] [102:(89,161)15x24 t=80 z=5120 frei] [103:(65,185)24x1 t=78 z=4992 frei]
F278     R1000 C7  hp=65   pos=(  -826,     0,  2368) rot=1400  vz= 3215/ 2968/ 2721 scr=( 76,284) kasten=x44..108,y172..287 masken=104 | [100:(41,161)24x24 t=87 z=5568 frei] [101:(65,161)24x24 t=78 z=4992 frei] [102:(89,161)15x24 t=80 z=5120 frei] [103:(65,185)24x1 t=78 z=4992 frei]
F293     R1000 C7  hp=65   pos=( -1282,     0,  2362) rot=2024  vz= 3640/ 3393/ 3146 scr=( 82,256) kasten=x54..110,y156..259 masken=104 | [97:(41,137)24x24 t=87 z=5568 frei] [98:(65,137)24x24 t=78 z=4992 frei] [99:(89,137)15x24 t=89 z=5696 frei] [100:(41,161)24x24 t=87 z=5568 frei] [101:(65,161)24x24 t=78 z=4992 frei] [102:(89,161)15x24 t=80 z=5120 frei] [103:(65,185)24x1 t=78 z=4992 frei]
F308     R1000 C7  hp=65   pos=( -1282,     0,  2368) rot=1448  vz= 3641/ 3394/ 3147 scr=( 82,256) kasten=x54..110,y156..259 masken=104 | [97:(41,137)24x24 t=87 z=5568 frei] [98:(65,137)24x24 t=78 z=4992 frei] [99:(89,137)15x24 t=89 z=5696 frei] [100:(41,161)24x24 t=87 z=5568 frei] [101:(65,161)24x24 t=78 z=4992 frei] [102:(89,161)15x24 t=80 z=5120 frei] [103:(65,185)24x1 t=78 z=4992 frei]
F323     R1000 C7  hp=65   pos=( -1171,     0,  2368) rot=728   vz= 3538/ 3291/ 3043 scr=( 81,263) kasten=x52..110,y161..266 masken=104 | [100:(41,161)24x24 t=87 z=5568 frei] [101:(65,161)24x24 t=78 z=4992 frei] [102:(89,161)15x24 t=80 z=5120 frei] [103:(65,185)24x1 t=78 z=4992 frei]
F338     R1000 C6  hp=65   pos=(  -406,     0,  2368) rot=104   vz= 4441/ 4223/ 4003 scr=(214,204) kasten=x190..238,y122..207 masken=93 | [0:(233,135)16x16 t=50 z=3200 DECKT] [4:(201,151)16x16 t=51 z=3264 DECKT] [5:(217,151)16x16 t=50 z=3200 DECKT] [6:(233,151)16x16 t=50 z=3200 DECKT] [11:(201,167)16x16 t=51 z=3264 DECKT] [12:(217,167)16x16 t=50 z=3200 DECKT] [13:(233,167)16x16 t=50 z=3200 DECKT] [18:(201,183)16x16 t=51 z=3264 DECKT] [19:(217,183)16x16 t=50 z=3200 DECKT] [20:(233,183)16x16 t=50 z=3200 DECKT] [26:(201,199)16x16 t=51 z=3264 DECKT] [27:(217,199)16x16 t=50 z=3200 DECKT] ...
F353     R1000 C6  hp=65   pos=(  -406,     0,  2368) rot=104   vz= 4441/ 4223/ 4003 scr=(214,204) kasten=x190..238,y122..207 masken=93 | [0:(233,135)16x16 t=50 z=3200 DECKT] [4:(201,151)16x16 t=51 z=3264 DECKT] [5:(217,151)16x16 t=50 z=3200 DECKT] [6:(233,151)16x16 t=50 z=3200 DECKT] [11:(201,167)16x16 t=51 z=3264 DECKT] [12:(217,167)16x16 t=50 z=3200 DECKT] [13:(233,167)16x16 t=50 z=3200 DECKT] [18:(201,183)16x16 t=51 z=3264 DECKT] [19:(217,183)16x16 t=50 z=3200 DECKT] [20:(233,183)16x16 t=50 z=3200 DECKT] [26:(201,199)16x16 t=51 z=3264 DECKT] [27:(217,199)16x16 t=50 z=3200 DECKT] ...
F368     R1000 C6  hp=65   pos=(  -406,     0,  2368) rot=-664  vz= 4441/ 4223/ 4003 scr=(214,204) kasten=x190..238,y122..207 masken=93 | [0:(233,135)16x16 t=50 z=3200 DECKT] [4:(201,151)16x16 t=51 z=3264 DECKT] [5:(217,151)16x16 t=50 z=3200 DECKT] [6:(233,151)16x16 t=50 z=3200 DECKT] [11:(201,167)16x16 t=51 z=3264 DECKT] [12:(217,167)16x16 t=50 z=3200 DECKT] [13:(233,167)16x16 t=50 z=3200 DECKT] [18:(201,183)16x16 t=51 z=3264 DECKT] [19:(217,183)16x16 t=50 z=3200 DECKT] [20:(233,183)16x16 t=50 z=3200 DECKT] [26:(201,199)16x16 t=51 z=3264 DECKT] [27:(217,199)16x16 t=50 z=3200 DECKT] ...
F383     R1000 C6  hp=65   pos=(  -185,     0,  2727) rot=-664  vz= 4719/ 4499/ 4281 scr=(198,195) kasten=x176..220,y118..198 masken=93 | [4:(201,151)16x16 t=51 z=3264 DECKT] [5:(217,151)16x16 t=50 z=3200 DECKT] [11:(201,167)16x16 t=51 z=3264 DECKT] [12:(217,167)16x16 t=50 z=3200 DECKT] [18:(201,183)16x16 t=51 z=3264 DECKT] [19:(217,183)16x16 t=50 z=3200 DECKT]
F398     R1000 C6  hp=65   pos=(  1132,     0,  4882) rot=-880  vz= 6374/ 6154/ 5934 scr=(128,159) kasten=x111..145,y101..162 masken=93 | keine Maske am Koerper
F413     R1000 C6  hp=65   pos=(   971,     0,  4882) rot=-1144 vz= 6222/ 6002/ 5783 scr=(126,161) kasten=x108..144,y102..164 masken=93 | keine Maske am Koerper
F428     R1000 C6  hp=65   pos=(   316,     0,  5615) rot=-1432 vz= 5747/ 5527/ 5307 scr=( 93,170) kasten=x74..112,y106..173 masken=93 | [73:(60,100)20x20 t=79 z=5056 DECKT] [74:(80,100)11x20 t=67 z=4288 DECKT] [78:(60,120)20x20 t=79 z=5056 DECKT] [79:(80,120)11x20 t=67 z=4288 DECKT] [83:(60,140)20x20 t=79 z=5056 DECKT] [84:(80,140)11x20 t=67 z=4288 DECKT] [88:(60,160)20x20 t=72 z=4608 DECKT] [89:(80,160)11x20 t=68 z=4352 DECKT]
F443     R1000 C8  hp=65   pos=(   238,     0,  5741) rot=-1384 vz= 4263/ 4063/ 3863 scr=(201,219) kasten=x177..225,y134..222 masken=92 | [76:(159,120)20x20 t=55 z=3520 DECKT] [77:(179,120)11x20 t=64 z=4096 DECKT] [79:(159,140)20x20 t=55 z=3520 DECKT] [80:(179,140)11x20 t=63 z=4032 DECKT] [82:(159,160)20x20 t=55 z=3520 DECKT] [83:(179,160)11x20 t=63 z=4032 DECKT] [85:(159,180)20x20 t=55 z=3520 DECKT] [86:(179,180)11x20 t=63 z=4032 DECKT] [88:(159,200)20x20 t=55 z=3520 DECKT] [89:(179,200)11x20 t=63 z=4032 DECKT] [91:(159,220)20x16 t=55 z=3520 DECKT]
F458     R1000 C6  hp=65   pos=(   499,     0,  5254) rot=-1048 vz= 5849/ 5630/ 5410 scr=(108,168) kasten=x89..127,y105..171 masken=93 | [74:(80,100)11x20 t=67 z=4288 DECKT] [79:(80,120)11x20 t=67 z=4288 DECKT] [84:(80,140)11x20 t=67 z=4288 DECKT] [89:(80,160)11x20 t=68 z=4352 DECKT]
F473     R1000 C6  hp=65   pos=(   491,     0,  5550) rot=-1048 vz= 5899/ 5679/ 5460 scr=( 98,167) kasten=x80..116,y105..170 masken=93 | [74:(80,100)11x20 t=67 z=4288 DECKT] [79:(80,120)11x20 t=67 z=4288 DECKT] [84:(80,140)11x20 t=67 z=4288 DECKT] [89:(80,160)11x20 t=68 z=4352 DECKT]
F488     R1000 C8  hp=65   pos=(   485,     0,  5772) rot=-1048 vz= 4271/ 4070/ 3870 scr=(213,219) kasten=x189..237,y134..222 masken=92 | [77:(179,120)11x20 t=64 z=4096 DECKT] [80:(179,140)11x20 t=63 z=4032 DECKT] [83:(179,160)11x20 t=63 z=4032 DECKT] [86:(179,180)11x20 t=63 z=4032 DECKT] [89:(179,200)11x20 t=63 z=4032 DECKT]
F503     R1000 C6  hp=65   pos=(   493,     0,  5496) rot=-1048 vz= 5890/ 5671/ 5451 scr=(100,167) kasten=x82..118,y104..170 masken=93 | [74:(80,100)11x20 t=67 z=4288 DECKT] [79:(80,120)11x20 t=67 z=4288 DECKT] [84:(80,140)11x20 t=67 z=4288 DECKT] [89:(80,160)11x20 t=68 z=4352 DECKT]
F518     R1000 C6  hp=65   pos=(   493,     0,  5496) rot=-1048 vz= 5890/ 5671/ 5451 scr=(100,167) kasten=x82..118,y104..170 masken=93 | [74:(80,100)11x20 t=67 z=4288 DECKT] [79:(80,120)11x20 t=67 z=4288 DECKT] [84:(80,140)11x20 t=67 z=4288 DECKT] [89:(80,160)11x20 t=68 z=4352 DECKT]
F533     R1000 C8  hp=65   pos=(   487,     0,  5718) rot=-1048 vz= 4219/ 4018/ 3818 scr=(214,221) kasten=x189..239,y135..224 masken=92 | [77:(179,120)11x20 t=64 z=4096 DECKT] [80:(179,140)11x20 t=63 z=4032 DECKT] [83:(179,160)11x20 t=63 z=4032 DECKT] [86:(179,180)11x20 t=63 z=4032 DECKT] [89:(179,200)11x20 t=63 z=4032 DECKT]
F548     R1000 C6  hp=65   pos=(   493,     0,  5511) rot=-1048 vz= 5893/ 5674/ 5454 scr=( 99,167) kasten=x81..117,y104..170 masken=93 | [74:(80,100)11x20 t=67 z=4288 DECKT] [79:(80,120)11x20 t=67 z=4288 DECKT] [84:(80,140)11x20 t=67 z=4288 DECKT] [89:(80,160)11x20 t=68 z=4352 DECKT]
F563     R1000 C8  hp=65   pos=(   487,     0,  5733) rot=-1048 vz= 4233/ 4033/ 3832 scr=(214,221) kasten=x189..239,y135..224 masken=92 | [77:(179,120)11x20 t=64 z=4096 DECKT] [80:(179,140)11x20 t=63 z=4032 DECKT] [83:(179,160)11x20 t=63 z=4032 DECKT] [86:(179,180)11x20 t=63 z=4032 DECKT] [89:(179,200)11x20 t=63 z=4032 DECKT]
F578     R1000 C8  hp=65   pos=(   487,     0,  5733) rot=-1336 vz= 4233/ 4033/ 3832 scr=(214,221) kasten=x189..239,y135..224 masken=92 | [77:(179,120)11x20 t=64 z=4096 DECKT] [80:(179,140)11x20 t=63 z=4032 DECKT] [83:(179,160)11x20 t=63 z=4032 DECKT] [86:(179,180)11x20 t=63 z=4032 DECKT] [89:(179,200)11x20 t=63 z=4032 DECKT]
F593     R1000 C6  hp=65   pos=(   583,     0,  5547) rot=-1336 vz= 5985/ 5765/ 5546 scr=(100,166) kasten=x82..118,y104..169 masken=93 | [74:(80,100)11x20 t=67 z=4288 DECKT] [79:(80,120)11x20 t=67 z=4288 DECKT] [84:(80,140)11x20 t=67 z=4288 DECKT] [89:(80,160)11x20 t=68 z=4352 DECKT]
F608     R1000 C8  hp=65   pos=(   481,     0,  5745) rot=-1336 vz= 4245/ 4045/ 3844 scr=(213,220) kasten=x188..238,y134..223 masken=92 | [77:(179,120)11x20 t=64 z=4096 DECKT] [80:(179,140)11x20 t=63 z=4032 DECKT] [83:(179,160)11x20 t=63 z=4032 DECKT] [86:(179,180)11x20 t=63 z=4032 DECKT] [89:(179,200)11x20 t=63 z=4032 DECKT]
F623     R1000 C6  hp=65   pos=(   577,     0,  5559) rot=-1336 vz= 5982/ 5762/ 5542 scr=( 99,166) kasten=x81..117,y104..169 masken=93 | [74:(80,100)11x20 t=67 z=4288 DECKT] [79:(80,120)11x20 t=67 z=4288 DECKT] [84:(80,140)11x20 t=67 z=4288 DECKT] [89:(80,160)11x20 t=68 z=4352 DECKT]
F638     R1000 C6  hp=65   pos=(   577,     0,  5559) rot=-1816 vz= 5982/ 5762/ 5542 scr=( 99,166) kasten=x81..117,y104..169 masken=93 | [74:(80,100)11x20 t=67 z=4288 DECKT] [79:(80,120)11x20 t=67 z=4288 DECKT] [84:(80,140)11x20 t=67 z=4288 DECKT] [89:(80,160)11x20 t=68 z=4352 DECKT]
F653     R1000 C6  hp=65   pos=(   355,     0,  5541) rot=-2104 vz= 5769/ 5550/ 5330 scr=( 96,170) kasten=x77..115,y106..173 masken=93 | [73:(60,100)20x20 t=79 z=5056 DECKT] [74:(80,100)11x20 t=67 z=4288 DECKT] [78:(60,120)20x20 t=79 z=5056 DECKT] [79:(80,120)11x20 t=67 z=4288 DECKT] [83:(60,140)20x20 t=79 z=5056 DECKT] [84:(80,140)11x20 t=67 z=4288 DECKT] [88:(60,160)20x20 t=72 z=4608 DECKT] [89:(80,160)11x20 t=68 z=4352 DECKT]
F668     R1000 C6  hp=65   pos=(   355,     0,  5541) rot=-2104 vz= 5769/ 5550/ 5330 scr=( 96,170) kasten=x77..115,y106..173 masken=93 | [73:(60,100)20x20 t=79 z=5056 DECKT] [74:(80,100)11x20 t=67 z=4288 DECKT] [78:(60,120)20x20 t=79 z=5056 DECKT] [79:(80,120)11x20 t=67 z=4288 DECKT] [83:(60,140)20x20 t=79 z=5056 DECKT] [84:(80,140)11x20 t=67 z=4288 DECKT] [88:(60,160)20x20 t=72 z=4608 DECKT] [89:(80,160)11x20 t=68 z=4352 DECKT]
F683     R1000 C6  hp=65   pos=(   355,     0,  5541) rot=-2104 vz= 5769/ 5550/ 5330 scr=( 96,170) kasten=x77..115,y106..173 masken=93 | [73:(60,100)20x20 t=79 z=5056 DECKT] [74:(80,100)11x20 t=67 z=4288 DECKT] [78:(60,120)20x20 t=79 z=5056 DECKT] [79:(80,120)11x20 t=67 z=4288 DECKT] [83:(60,140)20x20 t=79 z=5056 DECKT] [84:(80,140)11x20 t=67 z=4288 DECKT] [88:(60,160)20x20 t=72 z=4608 DECKT] [89:(80,160)11x20 t=68 z=4352 DECKT]

=========== MARKE 2 (F9) ===========
  Bild: C:/workspace/git/reAi_v2/re15_port/build/platform/pc/befund_1000_F693_marke2.bmp
F693     R1000 C6  hp=65   pos=(   355,     0,  5541) rot=-2104 vz= 5769/ 5550/ 5330 scr=( 96,170) kasten=x77..115,y106..173 masken=93 | [73:(60,100)20x20 t=79 z=5056 DECKT] [74:(80,100)11x20 t=67 z=4288 DECKT] [78:(60,120)20x20 t=79 z=5056 DECKT] [79:(80,120)11x20 t=67 z=4288 DECKT] [83:(60,140)20x20 t=79 z=5056 DECKT] [84:(80,140)11x20 t=67 z=4288 DECKT] [88:(60,160)20x20 t=72 z=4608 DECKT] [89:(80,160)11x20 t=68 z=4352 DECKT]
  alle 93 Masken dieses Winkels (Nr:(x,y)bxh Tiefe -> Kamera-z):
      0:(233,135) 16x16  t=50  z=3200    1:(249,135) 16x16  t=50  z=3200    2:(265,135) 16x16  t=50  z=3200    3:(281,135) 16x16  t=50  z=3200 
      4:(201,151) 16x16  t=51  z=3264    5:(217,151) 16x16  t=50  z=3200    6:(233,151) 16x16  t=50  z=3200    7:(249,151) 16x16  t=50  z=3200 
      8:(265,151) 16x16  t=50  z=3200    9:(281,151) 16x16  t=50  z=3200   10:(297,151) 16x16  t=50  z=3200   11:(201,167) 16x16  t=51  z=3264 
     12:(217,167) 16x16  t=50  z=3200   13:(233,167) 16x16  t=50  z=3200   14:(249,167) 16x16  t=50  z=3200   15:(265,167) 16x16  t=50  z=3200 
     16:(281,167) 16x16  t=50  z=3200   17:(297,167) 16x16  t=50  z=3200   18:(201,183) 16x16  t=51  z=3264   19:(217,183) 16x16  t=50  z=3200 
     20:(233,183) 16x16  t=50  z=3200   21:(249,183) 16x16  t=50  z=3200   22:(265,183) 16x16  t=50  z=3200   23:(281,183) 16x16  t=50  z=3200 
     24:(297,183) 16x16  t=50  z=3200   25:(313,183)  5x16  t=62  z=3968   26:(201,199) 16x16  t=51  z=3264   27:(217,199) 16x16  t=50  z=3200 
     28:(233,199) 16x16  t=50  z=3200   29:(249,199) 16x16  t=50  z=3200   30:(265,199) 16x16  t=50  z=3200   31:(281,199) 16x16  t=50  z=3200 
     32:(297,199) 16x16  t=50  z=3200   33:(313,199)  5x16  t=60  z=3840   34:(201,215) 16x16  t=51  z=3264   35:(217,215) 16x16  t=50  z=3200 
     36:(233,215) 16x16  t=50  z=3200   37:(249,215) 16x16  t=50  z=3200   38:(265,215) 16x16  t=50  z=3200   39:(281,215) 16x16  t=50  z=3200 
     40:(297,215) 16x16  t=50  z=3200   41:(201,231) 16x9   t=51  z=3264   42:(217,231) 16x9   t=50  z=3200   43:(233,231) 16x9   t=50  z=3200 
     44:(249,231) 16x9   t=50  z=3200   45:(265,231) 16x9   t=50  z=3200   46:(281,231) 16x9   t=50  z=3200   47:(297,231) 16x9   t=50  z=3200 
     48:(  0,  0) 20x20  t=84  z=5376   49:( 20,  0) 20x20  t=82  z=5248   50:( 40,  0) 20x20  t=80  z=5120   51:( 60,  0) 20x20  t=79  z=5056 
     52:(  0, 20) 20x20  t=84  z=5376   53:( 20, 20) 20x20  t=82  z=5248   54:( 40, 20) 20x20  t=81  z=5184   55:( 60, 20) 20x20  t=79  z=5056 
     56:(  0, 40) 20x20  t=84  z=5376   57:( 20, 40) 20x20  t=82  z=5248   58:( 40, 40) 20x20  t=81  z=5184   59:( 60, 40) 20x20  t=79  z=5056 
     60:(  0, 60) 20x20  t=84  z=5376   61:( 20, 60) 20x20  t=82  z=5248   62:( 40, 60) 20x20  t=81  z=5184   63:( 60, 60) 20x20  t=79  z=5056 
     64:( 80, 60) 11x20  t=66  z=4224   65:(  0, 80) 20x20  t=84  z=5376   66:( 20, 80) 20x20  t=82  z=5248   67:( 40, 80) 20x20  t=81  z=5184 
     68:( 60, 80) 20x20  t=79  z=5056   69:( 80, 80) 11x20  t=66  z=4224   70:(  0,100) 20x20  t=84  z=5376   71:( 20,100) 20x20  t=82  z=5248 
     72:( 40,100) 20x20  t=81  z=5184   73:( 60,100) 20x20  t=79  z=5056   74:( 80,100) 11x20  t=67  z=4288   75:(  0,120) 20x20  t=84  z=5376 
     76:( 20,120) 20x20  t=82  z=5248   77:( 40,120) 20x20  t=81  z=5184   78:( 60,120) 20x20  t=79  z=5056   79:( 80,120) 11x20  t=67  z=4288 
     80:(  0,140) 20x20  t=84  z=5376   81:( 20,140) 20x20  t=82  z=5248   82:( 40,140) 20x20  t=81  z=5184   83:( 60,140) 20x20  t=79  z=5056 
     84:( 80,140) 11x20  t=67  z=4288   85:(  0,160) 20x20  t=84  z=5376   86:( 20,160) 20x20  t=82  z=5248   87:( 40,160) 20x20  t=81  z=5184 
     88:( 60,160) 20x20  t=72  z=4608   89:( 80,160) 11x20  t=68  z=4352   90:( 60,180) 20x20  t=64  z=4096   91:( 80,180) 11x20  t=67  z=4288 
     92:( 60,200) 20x1   t=64  z=4096 
  Gegner im Raum: keine
  Gezeichnete Dreiecke: Kamera-z 4797..5742 (Maskentiefe 74..89)
====================================
F698     R1000 C6  hp=65   pos=(   355,     0,  5541) rot=-2104 vz= 5769/ 5550/ 5330 scr=( 96,170) kasten=x77..115,y106..173 masken=93 | [73:(60,100)20x20 t=79 z=5056 DECKT] [74:(80,100)11x20 t=67 z=4288 DECKT] [78:(60,120)20x20 t=79 z=5056 DECKT] [79:(80,120)11x20 t=67 z=4288 DECKT] [83:(60,140)20x20 t=79 z=5056 DECKT] [84:(80,140)11x20 t=67 z=4288 DECKT] [88:(60,160)20x20 t=72 z=4608 DECKT] [89:(80,160)11x20 t=68 z=4352 DECKT]
F713     R1000 C6  hp=65   pos=(   355,     0,  5541) rot=-2104 vz= 5769/ 5550/ 5330 scr=( 96,170) kasten=x77..115,y106..173 masken=93 | [73:(60,100)20x20 t=79 z=5056 DECKT] [74:(80,100)11x20 t=67 z=4288 DECKT] [78:(60,120)20x20 t=79 z=5056 DECKT] [79:(80,120)11x20 t=67 z=4288 DECKT] [83:(60,140)20x20 t=79 z=5056 DECKT] [84:(80,140)11x20 t=67 z=4288 DECKT] [88:(60,160)20x20 t=72 z=4608 DECKT] [89:(80,160)11x20 t=68 z=4352 DECKT]
F728     R1000 C6  hp=65   pos=(   355,     0,  5541) rot=-2104 vz= 5769/ 5550/ 5330 scr=( 96,170) kasten=x77..115,y106..173 masken=93 | [73:(60,100)20x20 t=79 z=5056 DECKT] [74:(80,100)11x20 t=67 z=4288 DECKT] [78:(60,120)20x20 t=79 z=5056 DECKT] [79:(80,120)11x20 t=67 z=4288 DECKT] [83:(60,140)20x20 t=79 z=5056 DECKT] [84:(80,140)11x20 t=67 z=4288 DECKT] [88:(60,160)20x20 t=72 z=4608 DECKT] [89:(80,160)11x20 t=68 z=4352 DECKT]
F743     R1000 C6  hp=65   pos=(   355,     0,  5541) rot=-2392 vz= 5769/ 5550/ 5330 scr=( 96,170) kasten=x77..115,y106..173 masken=93 | [73:(60,100)20x20 t=79 z=5056 DECKT] [74:(80,100)11x20 t=67 z=4288 DECKT] [78:(60,120)20x20 t=79 z=5056 DECKT] [79:(80,120)11x20 t=67 z=4288 DECKT] [83:(60,140)20x20 t=79 z=5056 DECKT] [84:(80,140)11x20 t=67 z=4288 DECKT] [88:(60,160)20x20 t=72 z=4608 DECKT] [89:(80,160)11x20 t=68 z=4352 DECKT]
F758     R1000 C7  hp=65   pos=(  -782,     0,  3847) rot=-2296 vz= 3370/ 3123/ 2876 scr=(170,273) kasten=x140..200,y166..276 masken=104 | [87:(190,160)20x20 t=79 z=5056 frei] [92:(190,180)20x14 t=79 z=5056 frei]
F773     R1000 C7  hp=65   pos=( -1820,     0,  4067) rot=-1576 vz= 4369/ 4122/ 3875 scr=(171,221) kasten=x147..195,y138..224 masken=104 | [77:(190,120)20x20 t=104 z=6656 frei] [82:(190,140)20x20 t=101 z=6464 frei] [87:(190,160)20x20 t=79 z=5056 frei] [92:(190,180)20x14 t=79 z=5056 frei]
F788     R1000 C7  hp=65   pos=( -2123,     0,  4882) rot=-1000 vz= 4760/ 4513/ 4266 scr=(203,207) kasten=x181..225,y130..210 masken=104 | [77:(190,120)20x20 t=104 z=6656 frei] [78:(210,120)20x20 t=77 z=4928 frei] [82:(190,140)20x20 t=101 z=6464 frei] [83:(210,140)20x20 t=77 z=4928 frei] [87:(190,160)20x20 t=79 z=5056 frei] [88:(210,160)20x20 t=77 z=4928 frei] [92:(190,180)20x14 t=79 z=5056 frei] [93:(210,180)20x14 t=75 z=4800 frei]
F803     R1000 C7  hp=65   pos=( -2082,     0,  5655) rot=-1624 vz= 4824/ 4577/ 4330 scr=(236,205) kasten=x214..258,y129..208 masken=104 | [25:(257,160)16x16 t=56 z=3584 DECKT] [29:(257,176)16x16 t=56 z=3584 DECKT] [33:(257,192)16x16 t=56 z=3584 DECKT] [78:(210,120)20x20 t=77 z=4928 frei] [79:(230,120)20x20 t=86 z=5504 frei] [80:(250,120)20x20 t=88 z=5632 frei] [83:(210,140)20x20 t=77 z=4928 frei] [84:(230,140)20x20 t=86 z=5504 frei] [85:(250,140)20x20 t=88 z=5632 frei] [88:(210,160)20x20 t=77 z=4928 frei] [89:(230,160)20x20 t=86 z=5504 frei] [90:(250,160)20x20 t=88 z=5632 frei] ...
F818     R1000 C7  hp=65   pos=( -2082,     0,  5655) rot=-1720 vz= 4824/ 4577/ 4330 scr=(236,205) kasten=x214..258,y129..208 masken=104 | [25:(257,160)16x16 t=56 z=3584 DECKT] [29:(257,176)16x16 t=56 z=3584 DECKT] [33:(257,192)16x16 t=56 z=3584 DECKT] [78:(210,120)20x20 t=77 z=4928 frei] [79:(230,120)20x20 t=86 z=5504 frei] [80:(250,120)20x20 t=88 z=5632 frei] [83:(210,140)20x20 t=77 z=4928 frei] [84:(230,140)20x20 t=86 z=5504 frei] [85:(250,140)20x20 t=88 z=5632 frei] [88:(210,160)20x20 t=77 z=4928 frei] [89:(230,160)20x20 t=86 z=5504 frei] [90:(250,160)20x20 t=88 z=5632 frei] ...
F833     R1000 C8  hp=65   pos=( -1963,     0,  6300) rot=-712  vz= 4999/ 4799/ 4598 scr=(107,196) kasten=x86..128,y123..199 masken=92 | [34:(80,120)20x20 t=99 z=6336 frei] [35:(100,120)4x20 t=113 z=7232 frei] [40:(80,140)20x20 t=95 z=6080 frei] [41:(100,140)4x20 t=113 z=7232 frei] [46:(80,160)20x20 t=88 z=5632 frei]
F848     R1000 C8  hp=65   pos=( -1817,     0,  6272) rot=152   vz= 4959/ 4759/ 4558 scr=(112,197) kasten=x91..133,y123..200 masken=92 | [34:(80,120)20x20 t=99 z=6336 frei] [35:(100,120)4x20 t=113 z=7232 frei] [40:(80,140)20x20 t=95 z=6080 frei] [41:(100,140)4x20 t=113 z=7232 frei] [46:(80,160)20x20 t=88 z=5632 frei]
F863     R1000 C8  hp=65   pos=( -1318,     0,  5997) rot=-328  vz= 4650/ 4450/ 4249 scr=(130,206) kasten=x107..153,y127..209 masken=92 | [75:(139,120)20x20 t=55 z=3520 DECKT] [78:(139,140)20x20 t=55 z=3520 DECKT] [81:(139,160)20x20 t=55 z=3520 DECKT] [84:(139,180)20x20 t=55 z=3520 DECKT] [87:(139,200)20x20 t=55 z=3520 DECKT]
F878     R1000 C8  hp=65   pos=( -1318,     0,  6453) rot=-856  vz= 5087/ 4887/ 4687 scr=(135,194) kasten=x114..156,y122..197 masken=92 | [75:(139,120)20x20 t=55 z=3520 DECKT] [78:(139,140)20x20 t=55 z=3520 DECKT] [81:(139,160)20x20 t=55 z=3520 DECKT] [84:(139,180)20x20 t=55 z=3520 DECKT]
F893     R1000 C8  hp=65   pos=( -1307,     0,  6759) rot=-1336 vz= 5380/ 5180/ 4979 scr=(138,187) kasten=x118..158,y119..190 masken=92 | [72:(139,100)20x20 t=55 z=3520 DECKT] [75:(139,120)20x20 t=55 z=3520 DECKT] [78:(139,140)20x20 t=55 z=3520 DECKT] [81:(139,160)20x20 t=55 z=3520 DECKT] [84:(139,180)20x20 t=55 z=3520 DECKT]
F908     R1000 C8  hp=65   pos=( -1307,     0,  6759) rot=-664  vz= 5380/ 5180/ 4979 scr=(138,187) kasten=x118..158,y119..190 masken=92 | [72:(139,100)20x20 t=55 z=3520 DECKT] [75:(139,120)20x20 t=55 z=3520 DECKT] [78:(139,140)20x20 t=55 z=3520 DECKT] [81:(139,160)20x20 t=55 z=3520 DECKT] [84:(139,180)20x20 t=55 z=3520 DECKT]
F923     R1000 C8  hp=65   pos=( -1465,     0,  6693) rot=-1672 vz= 5331/ 5131/ 4930 scr=(131,188) kasten=x111..151,y119..191 masken=92 | [72:(139,100)20x20 t=55 z=3520 DECKT] [75:(139,120)20x20 t=55 z=3520 DECKT] [78:(139,140)20x20 t=55 z=3520 DECKT] [81:(139,160)20x20 t=55 z=3520 DECKT] [84:(139,180)20x20 t=55 z=3520 DECKT]
F938     R1000 C8  hp=65   pos=( -2082,     0,  6588) rot=-2152 vz= 5286/ 5086/ 4885 scr=(106,189) kasten=x86..126,y120..192 masken=92 | [34:(80,120)20x20 t=99 z=6336 frei] [35:(100,120)4x20 t=113 z=7232 frei] [40:(80,140)20x20 t=95 z=6080 frei] [41:(100,140)4x20 t=113 z=7232 frei] [46:(80,160)20x20 t=88 z=5632 frei]
F953     R1000 C8  hp=65   pos=( -2082,     0,  5898) rot=-2680 vz= 4624/ 4424/ 4223 scr=( 95,207) kasten=x72..118,y128..210 masken=92 | [33:(60,120)20x20 t=74 z=4736 frei] [34:(80,120)20x20 t=99 z=6336 frei] [35:(100,120)4x20 t=113 z=7232 frei] [39:(60,140)20x20 t=74 z=4736 frei] [40:(80,140)20x20 t=95 z=6080 frei] [41:(100,140)4x20 t=113 z=7232 frei] [45:(60,160)20x20 t=74 z=4736 frei] [46:(80,160)20x20 t=88 z=5632 frei] [50:(60,180)20x20 t=67 z=4288 DECKT] [53:(60,200)20x20 t=58 z=3712 DECKT]
F968     R1000 C7  hp=65   pos=( -2082,     0,  5166) rot=-2680 vz= 4759/ 4512/ 4265 scr=(216,207) kasten=x194..238,y130..210 masken=104 | [77:(190,120)20x20 t=104 z=6656 frei] [78:(210,120)20x20 t=77 z=4928 frei] [79:(230,120)20x20 t=86 z=5504 frei] [82:(190,140)20x20 t=101 z=6464 frei] [83:(210,140)20x20 t=77 z=4928 frei] [84:(230,140)20x20 t=86 z=5504 frei] [87:(190,160)20x20 t=79 z=5056 frei] [88:(210,160)20x20 t=77 z=4928 frei] [89:(230,160)20x20 t=86 z=5504 frei] [92:(190,180)20x14 t=79 z=5056 frei] [93:(210,180)20x14 t=75 z=4800 frei]
F983     R1000 C7  hp=65   pos=( -2082,     0,  5166) rot=-1912 vz= 4759/ 4512/ 4265 scr=(216,207) kasten=x194..238,y130..210 masken=104 | [77:(190,120)20x20 t=104 z=6656 frei] [78:(210,120)20x20 t=77 z=4928 frei] [79:(230,120)20x20 t=86 z=5504 frei] [82:(190,140)20x20 t=101 z=6464 frei] [83:(210,140)20x20 t=77 z=4928 frei] [84:(230,140)20x20 t=86 z=5504 frei] [87:(190,160)20x20 t=79 z=5056 frei] [88:(210,160)20x20 t=77 z=4928 frei] [89:(230,160)20x20 t=86 z=5504 frei] [92:(190,180)20x14 t=79 z=5056 frei] [93:(210,180)20x14 t=75 z=4800 frei]
F998     R1000 C7  hp=65   pos=( -2082,     0,  5537) rot=-952  vz= 4808/ 4561/ 4314 scr=(231,205) kasten=x209..253,y129..208 masken=104 | [77:(190,120)20x20 t=104 z=6656 frei] [78:(210,120)20x20 t=77 z=4928 frei] [79:(230,120)20x20 t=86 z=5504 frei] [80:(250,120)20x20 t=88 z=5632 frei] [82:(190,140)20x20 t=101 z=6464 frei] [83:(210,140)20x20 t=77 z=4928 frei] [84:(230,140)20x20 t=86 z=5504 frei] [85:(250,140)20x20 t=88 z=5632 frei] [87:(190,160)20x20 t=79 z=5056 frei] [88:(210,160)20x20 t=77 z=4928 frei] [89:(230,160)20x20 t=86 z=5504 frei] [90:(250,160)20x20 t=88 z=5632 frei] ...
F1013    R1000 C8  hp=65   pos=( -1593,     0,  5868) rot=-328  vz= 4551/ 4351/ 4150 scr=(117,209) kasten=x94..140,y129..212 masken=92 | [34:(80,120)20x20 t=99 z=6336 frei] [35:(100,120)4x20 t=113 z=7232 frei] [40:(80,140)20x20 t=95 z=6080 frei] [41:(100,140)4x20 t=113 z=7232 frei] [46:(80,160)20x20 t=88 z=5632 frei] [75:(139,120)20x20 t=55 z=3520 DECKT] [78:(139,140)20x20 t=55 z=3520 DECKT] [81:(139,160)20x20 t=55 z=3520 DECKT] [84:(139,180)20x20 t=55 z=3520 DECKT] [87:(139,200)20x20 t=55 z=3520 DECKT]
F1028    R1000 C8  hp=65   pos=( -1420,     0,  5729) rot=488   vz= 4402/ 4202/ 4001 scr=(123,214) kasten=x99..147,y131..217 masken=92 | [34:(80,120)20x20 t=99 z=6336 frei] [35:(100,120)4x20 t=113 z=7232 frei] [40:(80,140)20x20 t=95 z=6080 frei] [41:(100,140)4x20 t=113 z=7232 frei] [46:(80,160)20x20 t=88 z=5632 frei] [75:(139,120)20x20 t=55 z=3520 DECKT] [78:(139,140)20x20 t=55 z=3520 DECKT] [81:(139,160)20x20 t=55 z=3520 DECKT] [84:(139,180)20x20 t=55 z=3520 DECKT] [87:(139,200)20x20 t=55 z=3520 DECKT]
F1043    R1000 C7  hp=65   pos=( -1318,     0,  5096) rot=488   vz= 4036/ 3789/ 3542 scr=(228,236) kasten=x202..254,y146..239 masken=104 | [82:(190,140)20x20 t=101 z=6464 frei] [83:(210,140)20x20 t=77 z=4928 frei] [84:(230,140)20x20 t=86 z=5504 frei] [85:(250,140)20x20 t=88 z=5632 frei] [87:(190,160)20x20 t=79 z=5056 frei] [88:(210,160)20x20 t=77 z=4928 frei] [89:(230,160)20x20 t=86 z=5504 frei] [90:(250,160)20x20 t=88 z=5632 frei] [92:(190,180)20x14 t=79 z=5056 frei] [93:(210,180)20x14 t=75 z=4800 frei]
F1058    R1000 C6  hp=65   pos=(  -406,     0,  4719) rot=56    vz= 4894/ 4675/ 4455 scr=(112,190) kasten=x90..134,y115..193 masken=93 | [74:(80,100)11x20 t=67 z=4288 DECKT] [79:(80,120)11x20 t=67 z=4288 DECKT] [84:(80,140)11x20 t=67 z=4288 DECKT] [89:(80,160)11x20 t=68 z=4352 DECKT] [91:(80,180)11x20 t=67 z=4288 DECKT]
F2       R1050 C1  hp=65   pos=( 14700,     0,  9150) rot=0     vz= 8156/ 7971/ 7786 scr=(129,150) kasten=x115..143,y104..153 masken=84 | keine Maske am Koerper
F17      R1050 C1  hp=65   pos=( 14700,     0,  9150) rot=672   vz= 8156/ 7971/ 7786 scr=(129,150) kasten=x115..143,y104..153 masken=84 | keine Maske am Koerper
F32      R1050 C1  hp=65   pos=( 15119,     0,  6937) rot=1200  vz= 6058/ 5873/ 5688 scr=(141,179) kasten=x123..159,y118..182 masken=84 | keine Maske am Koerper
F47      R1050 C1  hp=65   pos=( 15659,     0,  6576) rot=144   vz= 5762/ 5578/ 5393 scr=(160,184) kasten=x141..179,y120..187 masken=84 | keine Maske am Koerper
F62      R1050 C1  hp=65   pos=( 16732,     0,  7038) rot=216   vz= 6315/ 6130/ 5945 scr=(193,174) kasten=x176..210,y116..177 masken=84 | [0:(179,134)12x12 t=90 z=5760 DECKT] [1:(191,134)12x12 t=80 z=5120 DECKT] [2:(203,134)12x12 t=65 z=4160 DECKT] [6:(179,146)12x12 t=90 z=5760 DECKT] [7:(191,146)12x12 t=80 z=5120 DECKT] [8:(203,146)12x12 t=65 z=4160 DECKT] [13:(179,158)12x12 t=89 z=5696 DECKT] [14:(191,158)12x12 t=80 z=5120 DECKT] [15:(203,158)12x12 t=65 z=4160 DECKT] [22:(179,170)12x12 t=69 z=4416 DECKT] [23:(191,170)12x12 t=79 z=5056 DECKT] [24:(203,170)12x12 t=65 z=4160 DECKT] ...
F77      R1050 C1  hp=65   pos=( 16732,     0,  6459) rot=744   vz= 5755/ 5571/ 5386 scr=(199,184) kasten=x180..218,y120..187 masken=84 | [0:(179,134)12x12 t=90 z=5760 frei] [1:(191,134)12x12 t=80 z=5120 DECKT] [2:(203,134)12x12 t=65 z=4160 DECKT] [3:(215,134)12x12 t=56 z=3584 DECKT] [6:(179,146)12x12 t=90 z=5760 frei] [7:(191,146)12x12 t=80 z=5120 DECKT] [8:(203,146)12x12 t=65 z=4160 DECKT] [9:(215,146)12x12 t=56 z=3584 DECKT] [13:(179,158)12x12 t=89 z=5696 DECKT] [14:(191,158)12x12 t=80 z=5120 DECKT] [15:(203,158)12x12 t=65 z=4160 DECKT] [16:(215,158)12x12 t=56 z=3584 DECKT] ...
F92      R1050 C1  hp=65   pos=( 16732,     0,  6459) rot=936   vz= 5755/ 5571/ 5386 scr=(199,184) kasten=x180..218,y120..187 masken=84 | [0:(179,134)12x12 t=90 z=5760 frei] [1:(191,134)12x12 t=80 z=5120 DECKT] [2:(203,134)12x12 t=65 z=4160 DECKT] [3:(215,134)12x12 t=56 z=3584 DECKT] [6:(179,146)12x12 t=90 z=5760 frei] [7:(191,146)12x12 t=80 z=5120 DECKT] [8:(203,146)12x12 t=65 z=4160 DECKT] [9:(215,146)12x12 t=56 z=3584 DECKT] [13:(179,158)12x12 t=89 z=5696 DECKT] [14:(191,158)12x12 t=80 z=5120 DECKT] [15:(203,158)12x12 t=65 z=4160 DECKT] [16:(215,158)12x12 t=56 z=3584 DECKT] ...
F107     R1050 C1  hp=65   pos=( 14924,     0,  6258) rot=2064  vz= 5382/ 5197/ 5012 scr=(133,193) kasten=x113..153,y125..196 masken=84 | keine Maske am Koerper
F12      R1000 C3  hp=65   pos=(   650,     0,    50) rot=2048  vz= 5123/ 5180/ 5237 scr=(158,178) kasten=x137..179,y106..181 masken=17 | [0:(170,102)8x8 t=216 z=13824 frei] [1:(178,102)1x8 t=233 z=14912 frei] [2:(170,110)8x8 t=216 z=13824 frei] [3:(178,110)1x8 t=233 z=14912 frei] [4:(162,118)8x8 t=334 z=21376 frei] [5:(170,118)8x8 t=216 z=13824 frei] [6:(178,118)1x8 t=233 z=14912 frei] [7:(162,126)8x8 t=496 z=31744 frei] [8:(170,126)8x8 t=216 z=13824 frei] [9:(178,126)1x8 t=233 z=14912 frei] [10:(162,134)8x8 t=496 z=31744 frei] [11:(170,134)8x8 t=216 z=13824 frei] ...
F27      R1000 C3  hp=65   pos=(   136,     0,    -2) rot=1424  vz= 4613/ 4670/ 4727 scr=(155,183) kasten=x132..178,y104..186 masken=17 | [0:(170,102)8x8 t=216 z=13824 frei] [2:(170,110)8x8 t=216 z=13824 frei] [4:(162,118)8x8 t=334 z=21376 frei] [5:(170,118)8x8 t=216 z=13824 frei] [7:(162,126)8x8 t=496 z=31744 frei] [8:(170,126)8x8 t=216 z=13824 frei] [10:(162,134)8x8 t=496 z=31744 frei] [11:(170,134)8x8 t=216 z=13824 frei] [13:(162,142)8x8 t=334 z=21376 frei] [14:(170,142)8x8 t=216 z=13824 frei] [16:(170,150)8x1 t=216 z=13824 frei]
F42      R1000 C4  hp=65   pos=(  -931,     0,   103) rot=2288  vz= 3179/ 2984/ 2789 scr=(156,282) kasten=x124..188,y168..285 masken=100 | keine Maske am Koerper
F57      R1000 C4  hp=65   pos=( -1286,     0,   932) rot=3080  vz= 3359/ 3165/ 2970 scr=(210,271) kasten=x180..240,y163..274 masken=100 | keine Maske am Koerper
F72      R1000 C3  hp=65   pos=(   743,     0,   932) rot=3800  vz= 5429/ 5486/ 5543 scr=(126,176) kasten=x106..146,y108..179 masken=17 | keine Maske am Koerper
F87      R1000 C3  hp=65   pos=(   743,     0,   932) rot=2672  vz= 5429/ 5486/ 5543 scr=(126,176) kasten=x106..146,y108..179 masken=17 | keine Maske am Koerper
F102     R1000 C3  hp=65   pos=(  -303,     0,   932) rot=2480  vz= 4417/ 4474/ 4530 scr=(106,185) kasten=x82..130,y102..188 masken=17 | keine Maske am Koerper
F117     R1000 C4  hp=65   pos=( -1011,     0,   932) rot=2480  vz= 3098/ 2903/ 2708 scr=(210,288) kasten=x177..243,y171..291 masken=100 | keine Maske am Koerper
F132     R1000 C4  hp=65   pos=( -1282,     0,   792) rot=1712  vz= 3382/ 3187/ 2992 scr=(201,269) kasten=x171..231,y162..272 masken=100 | keine Maske am Koerper
F147     R1000 C4  hp=65   pos=( -1282,     0,   263) rot=1904  vz= 3482/ 3287/ 3093 scr=(169,263) kasten=x140..198,y159..266 masken=100 | keine Maske am Koerper
F162     R1000 C4  hp=65   pos=( -3353,     0,  -958) rot=1976  vz= 5682/ 5487/ 5292 scr=(137,186) kasten=x118..156,y121..189 masken=100 | keine Maske am Koerper
F177     R1000 C4  hp=65   pos=( -4536,     0,    82) rot=3056  vz= 6609/ 6414/ 6220 scr=(179,169) kasten=x162..196,y113..172 masken=100 | keine Maske am Koerper
F192     R1000 C4  hp=65   pos=( -4532,     0,    82) rot=1832  vz= 6605/ 6411/ 6216 scr=(179,169) kasten=x162..196,y113..172 masken=100 | keine Maske am Koerper
F207     R1000 C4  hp=65   pos=( -4536,     0,  -772) rot=1064  vz= 6771/ 6576/ 6381 scr=(153,166) kasten=x137..169,y111..169 masken=100 | keine Maske am Koerper
F222     R1000 C4  hp=65   pos=( -4536,     0, -1582) rot=1016  vz= 6924/ 6729/ 6534 scr=(130,164) kasten=x114..146,y110..167 masken=100 | keine Maske am Koerper
F237     R1000 C4  hp=65   pos=( -4158,     0, -1814) rot=584   vz= 6609/ 6414/ 6219 scr=(119,169) kasten=x102..136,y113..172 masken=100 | keine Maske am Koerper
F252     R1000 C4  hp=65   pos=( -3882,     0, -2162) rot=584   vz= 6412/ 6217/ 6023 scr=(105,172) kasten=x88..122,y114..175 masken=100 | [75:(80,111)16x16 t=73 z=4672 DECKT] [81:(80,127)16x16 t=74 z=4736 DECKT] [87:(80,143)16x16 t=74 z=4736 DECKT] [88:(96,143)1x16 t=93 z=5952 DECKT] [94:(80,159)16x16 t=74 z=4736 DECKT] [95:(96,159)1x16 t=93 z=5952 DECKT]
F267     R1000 C5  hp=65   pos=( -3744,     0, -2336) rot=584   vz= 4331/ 4132/ 3933 scr=(211,221) kasten=x187..235,y137..224 masken=102 | [83:(180,128)15x16 t=66 z=4224 DECKT] [86:(180,144)15x16 t=66 z=4224 DECKT] [89:(180,160)15x16 t=66 z=4224 DECKT] [92:(180,176)15x16 t=66 z=4224 DECKT] [95:(180,192)15x16 t=66 z=4224 DECKT] [98:(180,208)15x16 t=58 z=3712 DECKT]
F282     R1000 C5  hp=65   pos=( -3744,     0, -2336) rot=584   vz= 4331/ 4132/ 3933 scr=(211,221) kasten=x187..235,y137..224 masken=102 | [83:(180,128)15x16 t=66 z=4224 DECKT] [86:(180,144)15x16 t=66 z=4224 DECKT] [89:(180,160)15x16 t=66 z=4224 DECKT] [92:(180,176)15x16 t=66 z=4224 DECKT] [95:(180,192)15x16 t=66 z=4224 DECKT] [98:(180,208)15x16 t=58 z=3712 DECKT]
F297     R1000 C5  hp=65   pos=( -3568,     0, -3130) rot=872   vz= 5115/ 4916/ 4717 scr=(201,197) kasten=x180..222,y125..200 masken=102 | [80:(180,112)15x16 t=66 z=4224 DECKT] [83:(180,128)15x16 t=66 z=4224 DECKT] [86:(180,144)15x16 t=66 z=4224 DECKT] [89:(180,160)15x16 t=66 z=4224 DECKT] [92:(180,176)15x16 t=66 z=4224 DECKT] [95:(180,192)15x16 t=66 z=4224 DECKT]
F312     R1000 C5  hp=65   pos=( -3568,     0, -3418) rot=488   vz= 5390/ 5191/ 4992 scr=(200,190) kasten=x180..220,y122..193 masken=102 | [80:(180,112)15x16 t=66 z=4224 DECKT] [83:(180,128)15x16 t=66 z=4224 DECKT] [86:(180,144)15x16 t=66 z=4224 DECKT] [89:(180,160)15x16 t=66 z=4224 DECKT] [92:(180,176)15x16 t=66 z=4224 DECKT] [95:(180,192)15x16 t=66 z=4224 DECKT]
F327     R1000 C5  hp=65   pos=( -3568,     0, -3418) rot=8     vz= 5390/ 5191/ 4992 scr=(200,190) kasten=x180..220,y122..193 masken=102 | [80:(180,112)15x16 t=66 z=4224 DECKT] [83:(180,128)15x16 t=66 z=4224 DECKT] [86:(180,144)15x16 t=66 z=4224 DECKT] [89:(180,160)15x16 t=66 z=4224 DECKT] [92:(180,176)15x16 t=66 z=4224 DECKT] [95:(180,192)15x16 t=66 z=4224 DECKT]
F342     R1000 C5  hp=65   pos=( -3568,     0, -3276) rot=-808  vz= 5254/ 5055/ 4856 scr=(200,193) kasten=x180..220,y123..196 masken=102 | [80:(180,112)15x16 t=66 z=4224 DECKT] [83:(180,128)15x16 t=66 z=4224 DECKT] [86:(180,144)15x16 t=66 z=4224 DECKT] [89:(180,160)15x16 t=66 z=4224 DECKT] [92:(180,176)15x16 t=66 z=4224 DECKT] [95:(180,192)15x16 t=66 z=4224 DECKT]
F357     R1000 C5  hp=65   pos=( -3568,     0, -2459) rot=-520  vz= 4473/ 4274/ 4075 scr=(202,216) kasten=x179..225,y134..219 masken=102 | [82:(164,128)16x16 t=58 z=3712 DECKT] [83:(180,128)15x16 t=66 z=4224 DECKT] [85:(164,144)16x16 t=58 z=3712 DECKT] [86:(180,144)15x16 t=66 z=4224 DECKT] [88:(164,160)16x16 t=58 z=3712 DECKT] [89:(180,160)15x16 t=66 z=4224 DECKT] [91:(164,176)16x16 t=58 z=3712 DECKT] [92:(180,176)15x16 t=66 z=4224 DECKT] [94:(164,192)16x16 t=58 z=3712 DECKT] [95:(180,192)15x16 t=66 z=4224 DECKT] [97:(164,208)16x16 t=58 z=3712 DECKT] [98:(180,208)15x16 t=58 z=3712 DECKT] ...
F372     R1000 C5  hp=65   pos=( -3568,     0, -2459) rot=-904  vz= 4473/ 4274/ 4075 scr=(202,216) kasten=x179..225,y134..219 masken=102 | [82:(164,128)16x16 t=58 z=3712 DECKT] [83:(180,128)15x16 t=66 z=4224 DECKT] [85:(164,144)16x16 t=58 z=3712 DECKT] [86:(180,144)15x16 t=66 z=4224 DECKT] [88:(164,160)16x16 t=58 z=3712 DECKT] [89:(180,160)15x16 t=66 z=4224 DECKT] [91:(164,176)16x16 t=58 z=3712 DECKT] [92:(180,176)15x16 t=66 z=4224 DECKT] [94:(164,192)16x16 t=58 z=3712 DECKT] [95:(180,192)15x16 t=66 z=4224 DECKT] [97:(164,208)16x16 t=58 z=3712 DECKT] [98:(180,208)15x16 t=58 z=3712 DECKT] ...
F387     R1000 C4  hp=65   pos=( -3566,     0, -1518) rot=-760  vz= 5990/ 5795/ 5600 scr=(121,180) kasten=x103..139,y118..183 masken=100 | keine Maske am Koerper
F402     R1000 C4  hp=65   pos=( -2677,     0,  -944) rot=-40   vz= 5036/ 4842/ 4647 scr=(129,202) kasten=x108..150,y129..205 masken=100 | keine Maske am Koerper
F417     R1000 C4  hp=65   pos=( -1763,     0, -1472) rot=680   vz= 4268/ 4073/ 3878 scr=( 90,227) kasten=x66..114,y142..230 masken=100 | [80:(64,127)16x16 t=87 z=5568 frei] [81:(80,127)16x16 t=74 z=4736 frei] [86:(64,143)16x16 t=87 z=5568 frei] [87:(80,143)16x16 t=74 z=4736 frei] [88:(96,143)1x16 t=93 z=5952 frei] [93:(64,159)16x16 t=87 z=5568 frei] [94:(80,159)16x16 t=74 z=4736 frei] [95:(96,159)1x16 t=93 z=5952 frei] [97:(64,175)16x16 t=86 z=5504 frei] [98:(80,175)16x16 t=74 z=4736 frei] [99:(80,191)16x10 t=72 z=4608 frei]
F432     R1000 C5  hp=65   pos=( -1830,     0, -2531) rot=1400  vz= 4773/ 4574/ 4375 scr=(126,206) kasten=x104..148,y129..209 masken=102 | [37:(100,120)15x20 t=109 z=6976 frei] [43:(100,140)15x20 t=105 z=6720 frei] [49:(100,160)15x20 t=99 z=6336 frei]
F447     R1000 C5  hp=65   pos=( -2032,     0, -2947) rot=2120  vz= 5144/ 4945/ 4746 scr=(139,196) kasten=x118..160,y125..199 masken=102 | [78:(148,112)16x16 t=58 z=3712 DECKT] [81:(148,128)16x16 t=58 z=3712 DECKT] [84:(148,144)16x16 t=58 z=3712 DECKT] [87:(148,160)16x16 t=58 z=3712 DECKT] [90:(148,176)16x16 t=58 z=3712 DECKT] [93:(148,192)16x16 t=58 z=3712 DECKT]
F462     R1000 C5  hp=65   pos=( -2032,     0, -2923) rot=1160  vz= 5121/ 4922/ 4723 scr=(139,197) kasten=x118..160,y125..200 masken=102 | [78:(148,112)16x16 t=58 z=3712 DECKT] [81:(148,128)16x16 t=58 z=3712 DECKT] [84:(148,144)16x16 t=58 z=3712 DECKT] [87:(148,160)16x16 t=58 z=3712 DECKT] [90:(148,176)16x16 t=58 z=3712 DECKT] [93:(148,192)16x16 t=58 z=3712 DECKT]
F477     R1000 C5  hp=65   pos=( -1446,     0, -3433) rot=248   vz= 5687/ 5488/ 5289 scr=(122,183) kasten=x103..141,y118..186 masken=102 | [31:(100,100)15x20 t=107 z=6848 frei] [37:(100,120)15x20 t=109 z=6976 frei] [43:(100,140)15x20 t=105 z=6720 frei] [49:(100,160)15x20 t=99 z=6336 frei]
F492     R1000 C5  hp=65   pos=( -1318,     0, -3205) rot=-472  vz= 5486/ 5287/ 5088 scr=(115,188) kasten=x95..135,y121..191 masken=102 | [36:(80,120)20x20 t=87 z=5568 frei] [37:(100,120)15x20 t=109 z=6976 frei] [42:(80,140)20x20 t=87 z=5568 frei] [43:(100,140)15x20 t=105 z=6720 frei] [48:(80,160)20x20 t=84 z=5376 DECKT] [49:(100,160)15x20 t=99 z=6336 frei] [54:(80,180)20x20 t=79 z=5056 DECKT]
F507     R1000 C5  hp=65   pos=( -1318,     0, -2410) rot=-520  vz= 4726/ 4527/ 4328 scr=(102,208) kasten=x80..124,y131..211 masken=102 | [36:(80,120)20x20 t=87 z=5568 frei] [37:(100,120)15x20 t=109 z=6976 frei] [42:(80,140)20x20 t=87 z=5568 frei] [43:(100,140)15x20 t=105 z=6720 frei] [48:(80,160)20x20 t=84 z=5376 frei] [49:(100,160)15x20 t=99 z=6336 frei] [54:(80,180)20x20 t=79 z=5056 frei]
F522     R1000 C4  hp=65   pos=( -1318,     0, -1721) rot=-520  vz= 3892/ 3697/ 3502 scr=( 65,242) kasten=x38..92,y149..245 masken=100 | [84:(32,143)16x16 t=90 z=5760 frei] [85:(48,143)16x16 t=88 z=5632 frei] [86:(64,143)16x16 t=87 z=5568 frei] [87:(80,143)16x16 t=74 z=4736 frei] [91:(32,159)16x16 t=90 z=5760 frei] [92:(48,159)16x16 t=88 z=5632 frei] [93:(64,159)16x16 t=87 z=5568 frei] [94:(80,159)16x16 t=74 z=4736 frei] [96:(48,175)16x16 t=87 z=5568 frei] [97:(64,175)16x16 t=86 z=5504 frei] [98:(80,175)16x16 t=74 z=4736 frei] [99:(80,191)16x10 t=72 z=4608 frei] ...
F537     R1000 C3  hp=65   pos=(    50,     0, -1353) rot=152   vz= 4200/ 4257/ 4314 scr=(217,187) kasten=x192..242,y100..190 masken=17 | keine Maske am Koerper
F552     R1000 C3  hp=65   pos=(  1132,     0, -1582) rot=584   vz= 5191/ 5248/ 5305 scr=(226,177) kasten=x205..247,y106..180 masken=17 | keine Maske am Koerper
F567     R1000 C3  hp=65   pos=(  1132,     0,  -822) rot=-640  vz= 5377/ 5434/ 5491 scr=(195,176) kasten=x175..215,y108..179 masken=17 | [0:(170,102)8x8 t=216 z=13824 frei] [1:(178,102)1x8 t=233 z=14912 frei] [2:(170,110)8x8 t=216 z=13824 frei] [3:(178,110)1x8 t=233 z=14912 frei] [5:(170,118)8x8 t=216 z=13824 frei] [6:(178,118)1x8 t=233 z=14912 frei] [8:(170,126)8x8 t=216 z=13824 frei] [9:(178,126)1x8 t=233 z=14912 frei] [11:(170,134)8x8 t=216 z=13824 frei] [12:(178,134)1x8 t=233 z=14912 frei] [14:(170,142)8x8 t=216 z=13824 frei] [15:(178,142)1x8 t=233 z=14912 frei] ...
F7       R1050 C1  hp=65   pos=( 14700,     0,  6100) rot=0     vz= 5207/ 5023/ 4838 scr=(124,197) kasten=x104..144,y127..200 masken=84 | keine Maske am Koerper
F22      R1050 C1  hp=65   pos=( 15224,     0,  6095) rot=336   vz= 5254/ 5069/ 4885 scr=(145,196) kasten=x125..165,y126..199 masken=84 | keine Maske am Koerper
F37      R1050 C2  hp=65   pos=( 15252,     0,  3925) rot=1080  vz= 7719/ 7520/ 7322 scr=(161,160) kasten=x146..176,y112..163 masken=0 | keine Maske am Koerper
F52      R1050 C2  hp=65   pos=( 15632,     0,  2192) rot=552   vz= 6104/ 5905/ 5706 scr=(181,186) kasten=x163..199,y126..189 masken=0 | keine Maske am Koerper
F67      R1050 C2  hp=65   pos=( 15982,     0,   -43) rot=552   vz= 4004/ 3805/ 3606 scr=(225,250) kasten=x199..251,y159..253 masken=0 | keine Maske am Koerper
F82      R1050 C3  hp=65   pos=( 15982,     0, -2082) rot=552   vz= 3831/ 3593/ 3355 scr=(105,263) kasten=x78..132,y168..266 masken=9 | keine Maske am Koerper
F97      R1050 C3  hp=65   pos=( 15982,     0, -2082) rot=840   vz= 3831/ 3593/ 3355 scr=(105,263) kasten=x78..132,y168..266 masken=9 | keine Maske am Koerper
F112     R1050 C3  hp=65   pos=( 15238,     0, -3127) rot=1416  vz= 4724/ 4486/ 4248 scr=(154,223) kasten=x132..176,y146..226 masken=9 | keine Maske am Koerper
F127     R1050 C3  hp=65   pos=( 14203,     0, -5784) rot=912   vz= 7101/ 6863/ 6625 scr=(195,165) kasten=x179..211,y113..168 masken=9 | keine Maske am Koerper
F142     R1050 C3  hp=65   pos=( 15232,     0, -8178) rot=264   vz= 9485/ 9248/ 9010 scr=(171,136) kasten=x159..183,y96..139 masken=9 | keine Maske am Koerper
F157     R1050 C3  hp=65   pos=( 16732,     0, -8318) rot=-384  vz= 9803/ 9566/ 9328 scr=(140,133) kasten=x128..152,y94..136 masken=9 | [1:(126,112)8x8 t=131 z=8384 DECKT] [3:(126,120)8x8 t=134 z=8576 DECKT] [5:(126,128)8x8 t=134 z=8576 DECKT]
F172     R1050 C3  hp=65   pos=( 16732,     0, -8313) rot=-48   vz= 9799/ 9561/ 9323 scr=(140,133) kasten=x128..152,y94..136 masken=9 | [1:(126,112)8x8 t=131 z=8384 DECKT] [3:(126,120)8x8 t=134 z=8576 DECKT] [5:(126,128)8x8 t=134 z=8576 DECKT]
F187     R1050 C3  hp=65   pos=( 16732,     0, -8313) rot=-48   vz= 9799/ 9561/ 9323 scr=(140,133) kasten=x128..152,y94..136 masken=9 | [1:(126,112)8x8 t=131 z=8384 DECKT] [3:(126,120)8x8 t=134 z=8576 DECKT] [5:(126,128)8x8 t=134 z=8576 DECKT]
F202     R1050 C3  hp=65   pos=( 16732,     0, -8313) rot=-48   vz= 9799/ 9561/ 9323 scr=(140,133) kasten=x128..152,y94..136 masken=9 | [1:(126,112)8x8 t=131 z=8384 DECKT] [3:(126,120)8x8 t=134 z=8576 DECKT] [5:(126,128)8x8 t=134 z=8576 DECKT]
F217     R1050 C3  hp=65   pos=( 16732,     0, -8313) rot=-48   vz= 9799/ 9561/ 9323 scr=(140,133) kasten=x128..152,y94..136 masken=9 | [1:(126,112)8x8 t=131 z=8384 DECKT] [3:(126,120)8x8 t=134 z=8576 DECKT] [5:(126,128)8x8 t=134 z=8576 DECKT]
F232     R1050 C3  hp=65   pos=( 16732,     0, -8313) rot=-48   vz= 9799/ 9561/ 9323 scr=(140,133) kasten=x128..152,y94..136 masken=9 | [1:(126,112)8x8 t=131 z=8384 DECKT] [3:(126,120)8x8 t=134 z=8576 DECKT] [5:(126,128)8x8 t=134 z=8576 DECKT]
F247     R1050 C3  hp=65   pos=( 16732,     0, -8313) rot=-48   vz= 9799/ 9561/ 9323 scr=(140,133) kasten=x128..152,y94..136 masken=9 | [1:(126,112)8x8 t=131 z=8384 DECKT] [3:(126,120)8x8 t=134 z=8576 DECKT] [5:(126,128)8x8 t=134 z=8576 DECKT]
F262     R1050 C3  hp=65   pos=( 16732,     0, -8313) rot=-48   vz= 9799/ 9561/ 9323 scr=(140,133) kasten=x128..152,y94..136 masken=9 | [1:(126,112)8x8 t=131 z=8384 DECKT] [3:(126,120)8x8 t=134 z=8576 DECKT] [5:(126,128)8x8 t=134 z=8576 DECKT]
F277     R1050 C3  hp=65   pos=( 16732,     0, -8313) rot=-48   vz= 9799/ 9561/ 9323 scr=(140,133) kasten=x128..152,y94..136 masken=9 | [1:(126,112)8x8 t=131 z=8384 DECKT] [3:(126,120)8x8 t=134 z=8576 DECKT] [5:(126,128)8x8 t=134 z=8576 DECKT]
F292     R1050 C3  hp=65   pos=( 16732,     0, -8313) rot=-48   vz= 9799/ 9561/ 9323 scr=(140,133) kasten=x128..152,y94..136 masken=9 | [1:(126,112)8x8 t=131 z=8384 DECKT] [3:(126,120)8x8 t=134 z=8576 DECKT] [5:(126,128)8x8 t=134 z=8576 DECKT]
F307     R1050 C3  hp=65   pos=( 16732,     0, -8313) rot=-48   vz= 9799/ 9561/ 9323 scr=(140,133) kasten=x128..152,y94..136 masken=9 | [1:(126,112)8x8 t=131 z=8384 DECKT] [3:(126,120)8x8 t=134 z=8576 DECKT] [5:(126,128)8x8 t=134 z=8576 DECKT]
F322     R1050 C3  hp=65   pos=( 16732,     0, -8313) rot=-48   vz= 9799/ 9561/ 9323 scr=(140,133) kasten=x128..152,y94..136 masken=9 | [1:(126,112)8x8 t=131 z=8384 DECKT] [3:(126,120)8x8 t=134 z=8576 DECKT] [5:(126,128)8x8 t=134 z=8576 DECKT]
F337     R1050 C3  hp=65   pos=( 16732,     0, -8313) rot=-48   vz= 9799/ 9561/ 9323 scr=(140,133) kasten=x128..152,y94..136 masken=9 | [1:(126,112)8x8 t=131 z=8384 DECKT] [3:(126,120)8x8 t=134 z=8576 DECKT] [5:(126,128)8x8 t=134 z=8576 DECKT]
F352     R1050 C3  hp=65   pos=( 16732,     0, -8313) rot=-48   vz= 9799/ 9561/ 9323 scr=(140,133) kasten=x128..152,y94..136 masken=9 | [1:(126,112)8x8 t=131 z=8384 DECKT] [3:(126,120)8x8 t=134 z=8576 DECKT] [5:(126,128)8x8 t=134 z=8576 DECKT]
F367     R1050 C3  hp=65   pos=( 16732,     0, -8313) rot=-48   vz= 9799/ 9561/ 9323 scr=(140,133) kasten=x128..152,y94..136 masken=9 | [1:(126,112)8x8 t=131 z=8384 DECKT] [3:(126,120)8x8 t=134 z=8576 DECKT] [5:(126,128)8x8 t=134 z=8576 DECKT]
F382     R1050 C3  hp=65   pos=( 16732,     0, -8313) rot=-48   vz= 9799/ 9561/ 9323 scr=(140,133) kasten=x128..152,y94..136 masken=9 | [1:(126,112)8x8 t=131 z=8384 DECKT] [3:(126,120)8x8 t=134 z=8576 DECKT] [5:(126,128)8x8 t=134 z=8576 DECKT]
F397     R1050 C3  hp=65   pos=( 16732,     0, -8313) rot=-48   vz= 9799/ 9561/ 9323 scr=(140,133) kasten=x128..152,y94..136 masken=9 | [1:(126,112)8x8 t=131 z=8384 DECKT] [3:(126,120)8x8 t=134 z=8576 DECKT] [5:(126,128)8x8 t=134 z=8576 DECKT]
F412     R1050 C3  hp=65   pos=( 16732,     0, -8313) rot=-48   vz= 9799/ 9561/ 9323 scr=(140,133) kasten=x128..152,y94..136 masken=9 | [1:(126,112)8x8 t=131 z=8384 DECKT] [3:(126,120)8x8 t=134 z=8576 DECKT] [5:(126,128)8x8 t=134 z=8576 DECKT]
F427     R1050 C3  hp=65   pos=( 16732,     0, -8891) rot=936   vz=10344/10106/ 9868 scr=(143,129) kasten=x131..155,y92..132 masken=9 | [1:(126,112)8x8 t=131 z=8384 DECKT] [3:(126,120)8x8 t=134 z=8576 DECKT] [5:(126,128)8x8 t=134 z=8576 DECKT]
F442     R1050 C3  hp=65   pos=( 15049,     0,-11137) rot=1656  vz=12253/12015/11777 scr=(178,118) kasten=x168..188,y87..121 masken=9 | keine Maske am Koerper
F2       R1000 C0  hp=65   pos=( 21850,     0,-13400) rot=2048  vz= 7940/ 7744/ 7549 scr=(129,151) kasten=x115..143,y104..154 masken=0 | keine Maske am Koerper
F17      R1000 C0  hp=65   pos=( 21850,     0,-13400) rot=2048  vz= 7940/ 7744/ 7549 scr=(129,151) kasten=x115..143,y104..154 masken=0 | keine Maske am Koerper
F32      R1000 C0  hp=65   pos=( 21327,     0,-13415) rot=1952  vz= 7825/ 7629/ 7433 scr=(142,152) kasten=x128..156,y104..155 masken=0 | keine Maske am Koerper
F47      R1000 C0  hp=65   pos=( 21185,     0,-13219) rot=2912  vz= 7606/ 7410/ 7214 scr=(144,155) kasten=x129..159,y106..158 masken=0 | keine Maske am Koerper
F62      R1000 C0  hp=65   pos=( 21541,     0,-12222) rot=3632  vz= 6761/ 6565/ 6369 scr=(123,166) kasten=x107..139,y111..169 masken=0 | keine Maske am Koerper
F77      R1000 C0  hp=65   pos=( 22332,     0,-12039) rot=4160  vz= 6785/ 6590/ 6394 scr=( 98,166) kasten=x82..114,y111..169 masken=0 | keine Maske am Koerper
F92      R1000 C0  hp=65   pos=( 22332,     0,-11818) rot=3488  vz= 6578/ 6383/ 6187 scr=( 95,169) kasten=x78..112,y113..172 masken=0 | keine Maske am Koerper
F107     R1000 C0  hp=65   pos=( 22332,     0,-11818) rot=3392  vz= 6578/ 6383/ 6187 scr=( 95,169) kasten=x78..112,y113..172 masken=0 | keine Maske am Koerper
F122     R1000 C0  hp=65   pos=( 22332,     0,-11818) rot=3392  vz= 6578/ 6383/ 6187 scr=( 95,169) kasten=x78..112,y113..172 masken=0 | keine Maske am Koerper
F137     R1000 C0  hp=65   pos=( 22332,     0,-11818) rot=3392  vz= 6578/ 6383/ 6187 scr=( 95,169) kasten=x78..112,y113..172 masken=0 | keine Maske am Koerper

=========== MARKE 3 (F9) ===========
  Bild: C:/workspace/git/reAi_v2/re15_port/build/platform/pc/befund_1000_F141_marke3.bmp
F141     R1000 C0  hp=65   pos=( 22332,     0,-11818) rot=3392  vz= 6578/ 6383/ 6187 scr=( 95,169) kasten=x78..112,y113..172 masken=0 | keine Maske am Koerper
  alle 0 Masken dieses Winkels (Nr:(x,y)bxh Tiefe -> Kamera-z):
  Gegner im Raum: keine
  Gezeichnete Dreiecke: Kamera-z 5682..6745 (Maskentiefe 88..105)
====================================
F152     R1000 C0  hp=65   pos=( 22332,     0,-11818) rot=3392  vz= 6578/ 6383/ 6187 scr=( 95,169) kasten=x78..112,y113..172 masken=0 | keine Maske am Koerper
F167     R1000 C0  hp=65   pos=( 22332,     0,-11818) rot=3392  vz= 6578/ 6383/ 6187 scr=( 95,169) kasten=x78..112,y113..172 masken=0 | keine Maske am Koerper
F182     R1000 C0  hp=65   pos=( 22332,     0,-11818) rot=3392  vz= 6578/ 6383/ 6187 scr=( 95,169) kasten=x78..112,y113..172 masken=0 | keine Maske am Koerper
F197     R1000 C0  hp=65   pos=( 22332,     0,-11818) rot=2912  vz= 6578/ 6383/ 6187 scr=( 95,169) kasten=x78..112,y113..172 masken=0 | keine Maske am Koerper
F212     R1000 C0  hp=65   pos=( 21538,     0,-11818) rot=2144  vz= 6382/ 6186/ 5990 scr=(118,172) kasten=x101..135,y114..175 masken=0 | keine Maske am Koerper
F227     R1000 C0  hp=65   pos=( 21118,     0,-11686) rot=2000  vz= 6154/ 5958/ 5762 scr=(128,176) kasten=x110..146,y116..179 masken=0 | keine Maske am Koerper
F242     R1000 C0  hp=65   pos=( 21118,     0,-12302) rot=1472  vz= 6731/ 6535/ 6339 scr=(136,166) kasten=x120..152,y111..169 masken=0 | keine Maske am Koerper
F257     R1000 C0  hp=65   pos=( 20796,     0,-13042) rot=1808  vz= 7344/ 7148/ 6952 scr=(152,158) kasten=x137..167,y107..161 masken=0 | keine Maske am Koerper
F272     R1000 C0  hp=65   pos=( 19760,     0,-12918) rot=2528  vz= 6971/ 6775/ 6579 scr=(180,163) kasten=x164..196,y110..166 masken=0 | keine Maske am Koerper
F287     R1000 C0  hp=65   pos=( 19416,     0,-12918) rot=2768  vz= 6886/ 6690/ 6494 scr=(190,164) kasten=x174..206,y110..167 masken=0 | keine Maske am Koerper
F302     R1000 C0  hp=65   pos=( 19416,     0,-12918) rot=2768  vz= 6886/ 6690/ 6494 scr=(190,164) kasten=x174..206,y110..167 masken=0 | keine Maske am Koerper

=========== MARKE 4 (F9) ===========
  Bild: C:/workspace/git/reAi_v2/re15_port/build/platform/pc/befund_1000_F307_marke4.bmp
F307     R1000 C0  hp=65   pos=( 19416,     0,-12918) rot=2768  vz= 6886/ 6690/ 6494 scr=(190,164) kasten=x174..206,y110..167 masken=0 | keine Maske am Koerper
  alle 0 Masken dieses Winkels (Nr:(x,y)bxh Tiefe -> Kamera-z):
  Gegner im Raum: keine
  Gezeichnete Dreiecke: Kamera-z 6002..6898 (Maskentiefe 93..107)
====================================
F317     R1000 C0  hp=65   pos=( 19416,     0,-12918) rot=2480  vz= 6886/ 6690/ 6494 scr=(190,164) kasten=x174..206,y110..167 masken=0 | keine Maske am Koerper
F332     R1000 C0  hp=65   pos=( 18395,     0,-12902) rot=2048  vz= 6618/ 6422/ 6226 scr=(222,168) kasten=x205..239,y112..171 masken=0 | keine Maske am Koerper
F347     R1000 C0  hp=65   pos=( 17293,     0,-12903) rot=2288  vz= 6346/ 6150/ 5954 scr=(260,173) kasten=x243..277,y115..176 masken=0 | keine Maske am Koerper
F362     R1000 C0  hp=65   pos=( 16818,     0,-12131) rot=2624  vz= 5505/ 5309/ 5114 scr=(285,189) kasten=x265..305,y122..192 masken=0 | keine Maske am Koerper
F377     R1000 C0  hp=65   pos=( 16818,     0,-11846) rot=2624  vz= 5238/ 5042/ 4847 scr=(289,196) kasten=x269..309,y126..199 masken=0 | keine Maske am Koerper
F392     R1000 C0  hp=65   pos=( 16818,     0,-11846) rot=2624  vz= 5238/ 5042/ 4847 scr=(289,196) kasten=x269..309,y126..199 masken=0 | keine Maske am Koerper
F407     R1000 C0  hp=65   pos=( 16818,     0,-11846) rot=2624  vz= 5238/ 5042/ 4847 scr=(289,196) kasten=x269..309,y126..199 masken=0 | keine Maske am Koerper

=========== MARKE 5 (F9) ===========
  Bild: C:/workspace/git/reAi_v2/re15_port/build/platform/pc/befund_1000_F412_marke5.bmp
F412     R1000 C0  hp=65   pos=( 16818,     0,-11846) rot=2624  vz= 5238/ 5042/ 4847 scr=(289,196) kasten=x269..309,y126..199 masken=0 | keine Maske am Koerper
  alle 0 Masken dieses Winkels (Nr:(x,y)bxh Tiefe -> Kamera-z):
  Gegner im Raum: keine
  Gezeichnete Dreiecke: Kamera-z 4352..5380 (Maskentiefe 68..84)
====================================
F422     R1000 C0  hp=65   pos=( 16818,     0,-11846) rot=2624  vz= 5238/ 5042/ 4847 scr=(289,196) kasten=x269..309,y126..199 masken=0 | keine Maske am Koerper
F437     R1000 C0  hp=65   pos=( 16818,     0,-11818) rot=2624  vz= 5212/ 5016/ 4821 scr=(289,196) kasten=x269..309,y126..199 masken=0 | keine Maske am Koerper
F452     R1000 C0  hp=65   pos=( 16818,     0,-11818) rot=2960  vz= 5212/ 5016/ 4821 scr=(289,196) kasten=x269..309,y126..199 masken=0 | keine Maske am Koerper
F467     R1000 C0  hp=65   pos=( 17391,     0,-11818) rot=3392  vz= 5354/ 5158/ 4963 scr=(264,193) kasten=x244..284,y124..196 masken=0 | keine Maske am Koerper
F482     R1000 C0  hp=65   pos=( 17618,     0, -9291) rot=2960  vz= 3044/ 2849/ 2653 scr=(284,291) kasten=x251..317,y172..294 masken=0 | keine Maske am Koerper
F497     R1000 C1  hp=65   pos=( 17618,     0, -6336) rot=2960  vz= 5751/ 5568/ 5385 scr=(101,193) kasten=x82..120,y129..196 masken=45 | keine Maske am Koerper
F512     R1000 C2  hp=65   pos=( 17618,     0, -3455) rot=2672  vz= 4176/ 3777/ 3378 scr=( 89,256) kasten=x64..114,y169..259 masken=0 | keine Maske am Koerper
F527     R1000 C2  hp=65   pos=( 17618,     0, -1656) rot=2288  vz= 5697/ 5298/ 4899 scr=(104,185) kasten=x85..123,y120..188 masken=0 | keine Maske am Koerper
F542     R1000 C2  hp=65   pos=( 16818,     0,  -818) rot=2456  vz= 6356/ 5958/ 5559 scr=( 81,164) kasten=x64..98,y106..167 masken=0 | keine Maske am Koerper
F557     R1000 C2  hp=65   pos=( 16818,     0,  -958) rot=1712  vz= 6238/ 5840/ 5441 scr=( 80,168) kasten=x62..98,y109..171 masken=0 | keine Maske am Koerper
F572     R1000 C2  hp=65   pos=( 16800,     0, -1282) rot=1184  vz= 5964/ 5565/ 5166 scr=( 77,176) kasten=x59..95,y114..179 masken=0 | keine Maske am Koerper
F587     R1000 C2  hp=65   pos=( 16800,     0, -1282) rot=1184  vz= 5964/ 5565/ 5166 scr=( 77,176) kasten=x59..95,y114..179 masken=0 | keine Maske am Koerper
F602     R1000 C2  hp=65   pos=( 16800,     0, -1282) rot=1184  vz= 5964/ 5565/ 5166 scr=( 77,176) kasten=x59..95,y114..179 masken=0 | keine Maske am Koerper
F617     R1000 C2  hp=65   pos=( 16800,     0, -1282) rot=1184  vz= 5964/ 5565/ 5166 scr=( 77,176) kasten=x59..95,y114..179 masken=0 | keine Maske am Koerper

=========== MARKE 6 (F9) ===========
  Bild: C:/workspace/git/reAi_v2/re15_port/build/platform/pc/befund_1000_F618_marke6.bmp
F618     R1000 C2  hp=65   pos=( 16800,     0, -1282) rot=1184  vz= 5964/ 5565/ 5166 scr=( 77,176) kasten=x59..95,y114..179 masken=0 | keine Maske am Koerper
  alle 0 Masken dieses Winkels (Nr:(x,y)bxh Tiefe -> Kamera-z):
  Gegner im Raum: keine
  Gezeichnete Dreiecke: Kamera-z 4297..6035 (Maskentiefe 67..94)
====================================
F632     R1000 C2  hp=65   pos=( 16900,     0, -1282) rot=512   vz= 5970/ 5571/ 5172 scr=( 80,176) kasten=x62..98,y114..179 masken=0 | keine Maske am Koerper
F647     R1000 C2  hp=65   pos=( 17850,     0, -1502) rot=512   vz= 5841/ 5442/ 5043 scr=(113,180) kasten=x94..132,y117..183 masken=0 | keine Maske am Koerper
F662     R1000 C2  hp=65   pos=( 18332,     0, -2409) rot=416   vz= 5103/ 4704/ 4306 scr=(128,208) kasten=x107..149,y136..211 masken=0 | keine Maske am Koerper
F677     R1000 C2  hp=65   pos=( 18332,     0, -2751) rot=-64   vz= 4814/ 4415/ 4017 scr=(127,221) kasten=x105..149,y145..224 masken=0 | keine Maske am Koerper
F692     R1000 C2  hp=65   pos=( 18494,     0, -2152) rot=-496  vz= 5330/ 4932/ 4533 scr=(135,198) kasten=x115..155,y129..201 masken=0 | keine Maske am Koerper
F707     R1000 C2  hp=65   pos=( 19504,     0, -1826) rot=128   vz= 5667/ 5268/ 4869 scr=(172,186) kasten=x153..191,y121..189 masken=0 | keine Maske am Koerper
F722     R1000 C2  hp=65   pos=( 20252,     0, -2282) rot=848   vz= 5326/ 4928/ 4529 scr=(203,198) kasten=x183..223,y129..201 masken=0 | keine Maske am Koerper
F737     R1000 C2  hp=65   pos=( 19946,     0, -2282) rot=1424  vz= 5308/ 4909/ 4510 scr=(192,199) kasten=x172..212,y130..202 masken=0 | keine Maske am Koerper
F752     R1000 C2  hp=65   pos=( 19832,     0, -2282) rot=944   vz= 5301/ 4902/ 4503 scr=(187,199) kasten=x167..207,y130..202 masken=0 | keine Maske am Koerper
F767     R1000 C2  hp=65   pos=( 19832,     0, -2282) rot=944   vz= 5301/ 4902/ 4503 scr=(187,199) kasten=x167..207,y130..202 masken=0 | keine Maske am Koerper
F782     R1000 C2  hp=65   pos=( 19832,     0, -2282) rot=944   vz= 5301/ 4902/ 4503 scr=(187,199) kasten=x167..207,y130..202 masken=0 | keine Maske am Koerper

=========== MARKE 7 (F9) ===========
  Bild: C:/workspace/git/reAi_v2/re15_port/build/platform/pc/befund_1000_F789_marke7.bmp
F789     R1000 C2  hp=65   pos=( 19832,     0, -2282) rot=944   vz= 5301/ 4902/ 4503 scr=(187,199) kasten=x167..207,y130..202 masken=0 | keine Maske am Koerper
  alle 0 Masken dieses Winkels (Nr:(x,y)bxh Tiefe -> Kamera-z):
  Gegner im Raum: keine
  Gezeichnete Dreiecke: Kamera-z 3630..5376 (Maskentiefe 56..84)
====================================
F797     R1000 C2  hp=65   pos=( 19832,     0, -2282) rot=752   vz= 5301/ 4902/ 4503 scr=(187,199) kasten=x167..207,y130..202 masken=0 | keine Maske am Koerper
F812     R1000 C2  hp=65   pos=( 20673,     0, -2265) rot=-112  vz= 5366/ 4967/ 4569 scr=(219,197) kasten=x199..239,y129..200 masken=0 | keine Maske am Koerper
F827     R1000 C2  hp=65   pos=( 21912,     0,  -835) rot=-424  vz= 6649/ 6250/ 5852 scr=(244,157) kasten=x227..261,y101..160 masken=0 | keine Maske am Koerper
F842     R1000 C2  hp=65   pos=( 22332,     0,  -929) rot=296   vz= 6595/ 6196/ 5798 scr=(258,158) kasten=x241..275,y102..161 masken=0 | keine Maske am Koerper
F857     R1000 C2  hp=65   pos=( 22332,     0, -1282) rot=440   vz= 6296/ 5898/ 5500 scr=(263,166) kasten=x246..280,y107..169 masken=0 | keine Maske am Koerper
F872     R1000 C2  hp=65   pos=( 22332,     0, -1282) rot=920   vz= 6296/ 5898/ 5500 scr=(263,166) kasten=x246..280,y107..169 masken=0 | keine Maske am Koerper
F887     R1000 C2  hp=65   pos=( 22332,     0, -1282) rot=920   vz= 6296/ 5898/ 5500 scr=(263,166) kasten=x246..280,y107..169 masken=0 | keine Maske am Koerper
F902     R1000 C2  hp=65   pos=( 22332,     0, -1282) rot=920   vz= 6296/ 5898/ 5500 scr=(263,166) kasten=x246..280,y107..169 masken=0 | keine Maske am Koerper

=========== MARKE 8 (F9) ===========
  Bild: C:/workspace/git/reAi_v2/re15_port/build/platform/pc/befund_1000_F904_marke8.bmp
F904     R1000 C2  hp=65   pos=( 22332,     0, -1282) rot=920   vz= 6296/ 5898/ 5500 scr=(263,166) kasten=x246..280,y107..169 masken=0 | keine Maske am Koerper
  alle 0 Masken dieses Winkels (Nr:(x,y)bxh Tiefe -> Kamera-z):
  Gegner im Raum: keine
  Gezeichnete Dreiecke: Kamera-z 4625..6377 (Maskentiefe 72..99)
====================================
F917     R1000 C2  hp=65   pos=( 22332,     0, -1282) rot=728   vz= 6296/ 5898/ 5500 scr=(263,166) kasten=x246..280,y107..169 masken=0 | keine Maske am Koerper
F932     R1000 C2  hp=65   pos=( 22332,     0, -1282) rot=512   vz= 6296/ 5898/ 5500 scr=(263,166) kasten=x246..280,y107..169 masken=0 | keine Maske am Koerper
F947     R1000 C2  hp=65   pos=( 22332,     0,  -818) rot=-568  vz= 6689/ 6290/ 5892 scr=(256,156) kasten=x240..272,y101..159 masken=0 | keine Maske am Koerper
F962     R1000 C2  hp=65   pos=( 22154,     0,  -818) rot=-1576 vz= 6678/ 6279/ 5881 scr=(251,156) kasten=x234..268,y101..159 masken=0 | keine Maske am Koerper
F977     R1000 C2  hp=65   pos=( 20682,     0, -1799) rot=-2512 vz= 5761/ 5362/ 4963 scr=(214,183) kasten=x195..233,y119..186 masken=0 | keine Maske am Koerper
F992     R1000 C2  hp=65   pos=( 20172,     0, -2282) rot=-3448 vz= 5322/ 4923/ 4524 scr=(200,199) kasten=x180..220,y130..202 masken=0 | keine Maske am Koerper
F1007    R1000 C1  hp=65   pos=( 21482,     0, -3807) rot=-3304 vz= 8430/ 8247/ 8064 scr=(210,153) kasten=x196..224,y109..156 masken=45 | keine Maske am Koerper
F1022    R1000 C1  hp=65   pos=( 21482,     0, -6612) rot=-3304 vz= 5715/ 5532/ 5349 scr=(241,194) kasten=x222..260,y130..197 masken=45 | keine Maske am Koerper
F1037    R1000 C0  hp=65   pos=( 21482,     0, -9417) rot=-3304 vz= 4120/ 3924/ 3728 scr=( 66,232) kasten=x41..91,y144..235 masken=0 | keine Maske am Koerper
F1052    R1000 C0  hp=65   pos=( 21748,     0,-12193) rot=-3448 vz= 6785/ 6589/ 6393 scr=(117,166) kasten=x101..133,y111..169 masken=0 | keine Maske am Koerper
F11      R1050 C4  hp=65   pos=( 15500,     0,-13500) rot=0     vz= 6175/ 5965/ 5755 scr=(166,184) kasten=x148..184,y124..187 masken=0 | keine Maske am Koerper
F26      R1050 C4  hp=65   pos=( 16732,     0,-13500) rot=384   vz= 6330/ 6120/ 5910 scr=(127,181) kasten=x110..144,y123..184 masken=0 | keine Maske am Koerper
F41      R1050 C4  hp=65   pos=( 16685,     0,-15032) rot=696   vz= 7787/ 7577/ 7367 scr=(140,158) kasten=x125..155,y110..161 masken=0 | keine Maske am Koerper
F56      R1050 C4  hp=65   pos=( 16500,     0,-15032) rot=1224  vz= 7764/ 7554/ 7344 scr=(145,158) kasten=x130..160,y110..161 masken=0 | keine Maske am Koerper
F71      R1050 C5  hp=65   pos=( 15994,     0,-17344) rot=648   vz= 6484/ 6277/ 6070 scr=( 69,190) kasten=x52..86,y133..193 masken=73 | keine Maske am Koerper
F86      R1050 C5  hp=65   pos=( 15994,     0,-17344) rot=-24   vz= 6484/ 6277/ 6070 scr=( 69,190) kasten=x52..86,y133..193 masken=73 | keine Maske am Koerper
F101     R1050 C5  hp=65   pos=( 18780,     0,-17246) rot=-24   vz= 5970/ 5763/ 5556 scr=(157,201) kasten=x139..175,y139..204 masken=73 | [46:(136,120)24x24 t=107 z=6848 frei] [47:(160,120)24x24 t=104 z=6656 frei] [55:(136,144)24x24 t=107 z=6848 frei] [56:(160,144)24x24 t=104 z=6656 frei] [64:(136,168)24x24 t=106 z=6784 frei] [65:(160,168)24x24 t=104 z=6656 frei]
F116     R1050 C5  hp=65   pos=( 21765,     0,-17141) rot=-24   vz= 5420/ 5213/ 5006 scr=(268,216) kasten=x248..288,y148..219 masken=73 | [59:(232,144)24x24 t=97 z=6208 frei] [60:(256,144)24x24 t=94 z=6016 frei] [61:(280,144)24x24 t=92 z=5888 frei] [68:(232,168)24x24 t=97 z=6208 frei] [69:(256,168)24x24 t=94 z=6016 frei] [70:(280,168)24x24 t=92 z=5888 frei]
F131     R1050 C5  hp=65   pos=( 23206,     0,-17648) rot=-24   vz= 4632/ 4425/ 4218 scr=(345,242) kasten=x322..368,y163..245 masken=73 | keine Maske am Koerper
F146     R1050 C5  hp=65   pos=( 23201,     0,-17641) rot=48    vz= 4640/ 4433/ 4226 scr=(344,242) kasten=x321..367,y163..245 masken=73 | keine Maske am Koerper
F161     R1050 C6  hp=65   pos=( 23232,     0,-19755) rot=768   vz= 8943/ 8711/ 8479 scr=( 56,149) kasten=x43..69,y107..152 masken=101 | [20:(35,98)10x10 t=216 z=13824 frei] [21:(45,98)10x10 t=134 z=8576 DECKT] [22:(55,98)10x10 t=135 z=8640 DECKT] [23:(65,98)10x10 t=141 z=9024 frei] [25:(35,108)10x10 t=198 z=12672 frei] [26:(45,108)10x10 t=134 z=8576 DECKT] [27:(55,108)10x10 t=135 z=8640 DECKT] [28:(65,108)10x10 t=141 z=9024 frei] [30:(45,118)10x10 t=131 z=8384 DECKT] [31:(55,118)10x10 t=135 z=8640 DECKT] [32:(65,118)10x10 t=141 z=9024 frei] [35:(45,128)10x10 t=131 z=8384 DECKT] ...
F176     R1050 C6  hp=65   pos=( 23232,     0,-21423) rot=120   vz=10328/10096/ 9864 scr=( 87,136) kasten=x75..99,y99..139 masken=101 | [24:(75,98)10x10 t=147 z=9408 DECKT] [29:(75,108)10x10 t=147 z=9408 DECKT] [33:(75,118)10x10 t=148 z=9472 DECKT] [34:(85,118)1x10 t=153 z=9792 DECKT] [38:(75,128)10x10 t=147 z=9408 DECKT] [39:(85,128)1x10 t=153 z=9792 DECKT]
F191     R1050 C6  hp=65   pos=( 23232,     0,-21179) rot=-384  vz=10126/ 9894/ 9662 scr=( 83,137) kasten=x71..95,y100..140 masken=101 | [23:(65,98)10x10 t=141 z=9024 DECKT] [24:(75,98)10x10 t=147 z=9408 DECKT] [28:(65,108)10x10 t=141 z=9024 DECKT] [29:(75,108)10x10 t=147 z=9408 DECKT] [32:(65,118)10x10 t=141 z=9024 DECKT] [33:(75,118)10x10 t=148 z=9472 DECKT] [34:(85,118)1x10 t=153 z=9792 DECKT] [37:(65,128)10x10 t=141 z=9024 DECKT] [38:(75,128)10x10 t=147 z=9408 DECKT] [39:(85,128)1x10 t=153 z=9792 DECKT] [42:(65,138)10x9 t=139 z=8896 DECKT]
F206     R1050 C6  hp=65   pos=( 23232,     0,-20974) rot=-384  vz= 9955/ 9723/ 9491 scr=( 79,139) kasten=x67..91,y101..142 masken=101 | [23:(65,98)10x10 t=141 z=9024 DECKT] [24:(75,98)10x10 t=147 z=9408 DECKT] [28:(65,108)10x10 t=141 z=9024 DECKT] [29:(75,108)10x10 t=147 z=9408 DECKT] [32:(65,118)10x10 t=141 z=9024 DECKT] [33:(75,118)10x10 t=148 z=9472 DECKT] [34:(85,118)1x10 t=153 z=9792 DECKT] [37:(65,128)10x10 t=141 z=9024 DECKT] [38:(75,128)10x10 t=147 z=9408 DECKT] [39:(85,128)1x10 t=153 z=9792 DECKT] [42:(65,138)10x9 t=139 z=8896 DECKT]
F221     R1050 C6  hp=65   pos=( 23232,     0,-20974) rot=-96   vz= 9955/ 9723/ 9491 scr=( 79,139) kasten=x67..91,y101..142 masken=101 | [23:(65,98)10x10 t=141 z=9024 DECKT] [24:(75,98)10x10 t=147 z=9408 DECKT] [28:(65,108)10x10 t=141 z=9024 DECKT] [29:(75,108)10x10 t=147 z=9408 DECKT] [32:(65,118)10x10 t=141 z=9024 DECKT] [33:(75,118)10x10 t=148 z=9472 DECKT] [34:(85,118)1x10 t=153 z=9792 DECKT] [37:(65,128)10x10 t=141 z=9024 DECKT] [38:(75,128)10x10 t=147 z=9408 DECKT] [39:(85,128)1x10 t=153 z=9792 DECKT] [42:(65,138)10x9 t=139 z=8896 DECKT]
F236     R1050 C6  hp=65   pos=( 23232,     0,-21128) rot=288   vz=10083/ 9851/ 9619 scr=( 82,138) kasten=x70..94,y100..141 masken=101 | [23:(65,98)10x10 t=141 z=9024 DECKT] [24:(75,98)10x10 t=147 z=9408 DECKT] [28:(65,108)10x10 t=141 z=9024 DECKT] [29:(75,108)10x10 t=147 z=9408 DECKT] [32:(65,118)10x10 t=141 z=9024 DECKT] [33:(75,118)10x10 t=148 z=9472 DECKT] [34:(85,118)1x10 t=153 z=9792 DECKT] [37:(65,128)10x10 t=141 z=9024 DECKT] [38:(75,128)10x10 t=147 z=9408 DECKT] [39:(85,128)1x10 t=153 z=9792 DECKT] [42:(65,138)10x9 t=139 z=8896 DECKT]
F251     R1050 C6  hp=65   pos=( 23232,     0,-21128) rot=288   vz=10083/ 9851/ 9619 scr=( 82,138) kasten=x70..94,y100..141 masken=101 | [23:(65,98)10x10 t=141 z=9024 DECKT] [24:(75,98)10x10 t=147 z=9408 DECKT] [28:(65,108)10x10 t=141 z=9024 DECKT] [29:(75,108)10x10 t=147 z=9408 DECKT] [32:(65,118)10x10 t=141 z=9024 DECKT] [33:(75,118)10x10 t=148 z=9472 DECKT] [34:(85,118)1x10 t=153 z=9792 DECKT] [37:(65,128)10x10 t=141 z=9024 DECKT] [38:(75,128)10x10 t=147 z=9408 DECKT] [39:(85,128)1x10 t=153 z=9792 DECKT] [42:(65,138)10x9 t=139 z=8896 DECKT]

=========== MARKE 9 (F9) ===========
  Bild: C:/workspace/git/reAi_v2/re15_port/build/platform/pc/befund_1050_F258_marke9.bmp
F258     R1050 C6  hp=65   pos=( 23232,     0,-21128) rot=288   vz=10083/ 9851/ 9619 scr=( 82,138) kasten=x70..94,y100..141 masken=101 | [23:(65,98)10x10 t=141 z=9024 DECKT] [24:(75,98)10x10 t=147 z=9408 DECKT] [28:(65,108)10x10 t=141 z=9024 DECKT] [29:(75,108)10x10 t=147 z=9408 DECKT] [32:(65,118)10x10 t=141 z=9024 DECKT] [33:(75,118)10x10 t=148 z=9472 DECKT] [34:(85,118)1x10 t=153 z=9792 DECKT] [37:(65,128)10x10 t=141 z=9024 DECKT] [38:(75,128)10x10 t=147 z=9408 DECKT] [39:(85,128)1x10 t=153 z=9792 DECKT] [42:(65,138)10x9 t=139 z=8896 DECKT]
  alle 101 Masken dieses Winkels (Nr:(x,y)bxh Tiefe -> Kamera-z):
      0:( 35, 58) 10x10  t=301 z=19264   1:( 45, 58) 10x10  t=134 z=8576    2:( 55, 58) 10x10  t=136 z=8704    3:( 65, 58) 10x10  t=141 z=9024 
      4:( 75, 58) 10x10  t=145 z=9280    5:( 35, 68) 10x10  t=301 z=19264   6:( 45, 68) 10x10  t=134 z=8576    7:( 55, 68) 10x10  t=135 z=8640 
      8:( 65, 68) 10x10  t=141 z=9024    9:( 75, 68) 10x10  t=147 z=9408   10:( 35, 78) 10x10  t=268 z=17152  11:( 45, 78) 10x10  t=134 z=8576 
     12:( 55, 78) 10x10  t=135 z=8640   13:( 65, 78) 10x10  t=141 z=9024   14:( 75, 78) 10x10  t=147 z=9408   15:( 35, 88) 10x10  t=241 z=15424
     16:( 45, 88) 10x10  t=134 z=8576   17:( 55, 88) 10x10  t=135 z=8640   18:( 65, 88) 10x10  t=141 z=9024   19:( 75, 88) 10x10  t=147 z=9408 
     20:( 35, 98) 10x10  t=216 z=13824  21:( 45, 98) 10x10  t=134 z=8576   22:( 55, 98) 10x10  t=135 z=8640   23:( 65, 98) 10x10  t=141 z=9024 
     24:( 75, 98) 10x10  t=147 z=9408   25:( 35,108) 10x10  t=198 z=12672  26:( 45,108) 10x10  t=134 z=8576   27:( 55,108) 10x10  t=135 z=8640 
     28:( 65,108) 10x10  t=141 z=9024   29:( 75,108) 10x10  t=147 z=9408   30:( 45,118) 10x10  t=131 z=8384   31:( 55,118) 10x10  t=135 z=8640 
     32:( 65,118) 10x10  t=141 z=9024   33:( 75,118) 10x10  t=148 z=9472   34:( 85,118)  1x10  t=153 z=9792   35:( 45,128) 10x10  t=131 z=8384 
     36:( 55,128) 10x10  t=135 z=8640   37:( 65,128) 10x10  t=141 z=9024   38:( 75,128) 10x10  t=147 z=9408   39:( 85,128)  1x10  t=153 z=9792 
     40:( 45,138) 10x9   t=131 z=8384   41:( 55,138) 10x9   t=134 z=8576   42:( 65,138) 10x9   t=139 z=8896   43:(246,113) 12x12  t=65  z=4160 
     44:(282,113) 11x12  t=92  z=5888   45:(234,125) 12x12  t=66  z=4224   46:(246,125) 12x12  t=65  z=4160   47:(258,125) 12x12  t=65  z=4160 
     48:(270,125) 12x12  t=65  z=4160   49:(282,125) 11x12  t=88  z=5632   50:(222,137) 12x12  t=68  z=4352   51:(234,137) 12x12  t=67  z=4288 
     52:(246,137) 12x12  t=65  z=4160   53:(258,137) 12x12  t=65  z=4160   54:(270,137) 12x12  t=65  z=4160   55:(282,137) 11x12  t=92  z=5888 
     56:(222,149) 12x12  t=68  z=4352   57:(234,149) 12x12  t=67  z=4288   58:(246,149) 12x12  t=65  z=4160   59:(258,149) 12x12  t=65  z=4160 
     60:(270,149) 12x12  t=65  z=4160   61:(282,149) 11x12  t=92  z=5888   62:(222,161) 12x12  t=68  z=4352   63:(234,161) 12x12  t=67  z=4288 
     64:(246,161) 12x12  t=65  z=4160   65:(258,161) 12x12  t=65  z=4160   66:(270,161) 12x12  t=65  z=4160   67:(282,161) 11x12  t=88  z=5632 
     68:(222,173) 12x12  t=68  z=4352   69:(234,173) 12x12  t=67  z=4288   70:(246,173) 12x12  t=65  z=4160   71:(258,173) 12x12  t=65  z=4160 
     72:(270,173) 12x12  t=65  z=4160   73:(282,173) 11x12  t=84  z=5376   74:(222,185) 12x12  t=68  z=4352   75:(234,185) 12x12  t=67  z=4288 
     76:(246,185) 12x12  t=65  z=4160   77:(258,185) 12x12  t=65  z=4160   78:(270,185) 12x12  t=65  z=4160   79:(282,185) 11x12  t=81  z=5184 
     80:(222,197) 12x12  t=68  z=4352   81:(234,197) 12x12  t=67  z=4288   82:(246,197) 12x12  t=65  z=4160   83:(258,197) 12x12  t=65  z=4160 
     84:(270,197) 12x12  t=65  z=4160   85:(282,197) 11x12  t=78  z=4992   86:(222,209) 12x12  t=68  z=4352   87:(234,209) 12x12  t=67  z=4288 
     88:(246,209) 12x12  t=65  z=4160   89:(258,209) 12x12  t=65  z=4160   90:(270,209) 12x12  t=65  z=4160   91:(282,209) 11x12  t=75  z=4800 
     92:(222,221) 12x12  t=68  z=4352   93:(234,221) 12x12  t=67  z=4288   94:(246,221) 12x12  t=65  z=4160   95:(258,221) 12x12  t=65  z=4160 
     96:(270,221) 12x12  t=65  z=4160   97:(234,233) 12x7   t=66  z=4224   98:(246,233) 12x7   t=65  z=4160   99:(258,233) 12x7   t=65  z=4160 
    100:(270,233) 12x7   t=65  z=4160 
  Gegner im Raum: keine
  Gezeichnete Dreiecke: Kamera-z 8983..10151 (Maskentiefe 140..158)
====================================
F266     R1050 C6  hp=65   pos=( 23232,     0,-21128) rot=384   vz=10083/ 9851/ 9619 scr=( 82,138) kasten=x70..94,y100..141 masken=101 | [23:(65,98)10x10 t=141 z=9024 DECKT] [24:(75,98)10x10 t=147 z=9408 DECKT] [28:(65,108)10x10 t=141 z=9024 DECKT] [29:(75,108)10x10 t=147 z=9408 DECKT] [32:(65,118)10x10 t=141 z=9024 DECKT] [33:(75,118)10x10 t=148 z=9472 DECKT] [34:(85,118)1x10 t=153 z=9792 DECKT] [37:(65,128)10x10 t=141 z=9024 DECKT] [38:(75,128)10x10 t=147 z=9408 DECKT] [39:(85,128)1x10 t=153 z=9792 DECKT] [42:(65,138)10x9 t=139 z=8896 DECKT]
F281     R1050 C6  hp=65   pos=( 22530,     0,-22577) rot=1584  vz=10954/10722/10490 scr=(114,131) kasten=x103..125,y96..134 masken=101 | keine Maske am Koerper
F296     R1050 C6  hp=65   pos=( 19701,     0,-22909) rot=1872  vz= 9888/ 9656/ 9424 scr=(163,139) kasten=x151..175,y101..142 masken=101 | keine Maske am Koerper
F311     R1050 C6  hp=65   pos=( 16821,     0,-22909) rot=1872  vz= 8522/ 8290/ 8058 scr=(225,153) kasten=x212..238,y109..156 masken=101 | [45:(234,125)12x12 t=66 z=4224 DECKT] [50:(222,137)12x12 t=68 z=4352 DECKT] [51:(234,137)12x12 t=67 z=4288 DECKT] [56:(222,149)12x12 t=68 z=4352 DECKT] [57:(234,149)12x12 t=67 z=4288 DECKT]
F326     R1050 C6  hp=65   pos=( 16568,     0,-22250) rot=2592  vz= 7854/ 7622/ 7390 scr=(228,162) kasten=x214..242,y114..165 masken=101 | [45:(234,125)12x12 t=66 z=4224 DECKT] [50:(222,137)12x12 t=68 z=4352 DECKT] [51:(234,137)12x12 t=67 z=4288 DECKT] [56:(222,149)12x12 t=68 z=4352 DECKT] [57:(234,149)12x12 t=67 z=4288 DECKT] [62:(222,161)12x12 t=68 z=4352 DECKT] [63:(234,161)12x12 t=67 z=4288 DECKT]
F341     R1050 C6  hp=65   pos=( 16568,     0,-21116) rot=1992  vz= 6912/ 6680/ 6448 scr=(220,177) kasten=x204..236,y123..180 masken=101 | [45:(234,125)12x12 t=66 z=4224 DECKT] [50:(222,137)12x12 t=68 z=4352 DECKT] [51:(234,137)12x12 t=67 z=4288 DECKT] [56:(222,149)12x12 t=68 z=4352 DECKT] [57:(234,149)12x12 t=67 z=4288 DECKT] [62:(222,161)12x12 t=68 z=4352 DECKT] [63:(234,161)12x12 t=67 z=4288 DECKT] [68:(222,173)12x12 t=68 z=4352 DECKT] [69:(234,173)12x12 t=67 z=4288 DECKT]
F356     R1050 C6  hp=65   pos=( 16568,     0,-22909) rot=1344  vz= 8402/ 8170/ 7938 scr=(231,155) kasten=x217..245,y110..158 masken=101 | [45:(234,125)12x12 t=66 z=4224 DECKT] [50:(222,137)12x12 t=68 z=4352 DECKT] [51:(234,137)12x12 t=67 z=4288 DECKT] [56:(222,149)12x12 t=68 z=4352 DECKT] [57:(234,149)12x12 t=67 z=4288 DECKT]
# RE1.5 Port — BEFUND-LOG (Sep 13 2026 14:00:49)
# Eine Zeile je 15 Bilder, dazu jede F9-MARKE.
# Spalten:
#   F<n>        Bildnummer
#   R<xxxx> C<n> Raum und Kamerawinkel
#   pos=(x,y,z) Weltlage der Figur, rot = Blickrichtung (0..4095)
#   vz=a/b/c    Kamera-Tiefe von FUSS / HUEFTE / KOPF
#   scr=(x,y)   Fusspunkt im 320x240-Bild
#   kasten=...  geschaetzter Bildkasten der Figur (Messgroesse)
#   masken=n    geladene Vordergrund-Masken dieses Winkels
#   [i:(x,y)wxh t=T z=Z DECKT|frei]  jede Maske, die den Kasten beruehrt.
#       Der Zeichner verdeckt, solange die Figur-Tiefe GROESSER als z ist
#       (z = T*64). 'frei' heisst: die Figur steht VOR dieser Maske.
# ---------------------------------------------------------------
F0       R1150 C2  hp=65   pos=(-22685,     0,-19651) rot=-6389 vz= 5639/ 5376/ 5112 scr=( 99,190) kasten=x80..118,y125..193 masken=54 | [0:(78,105)24x24 t=107 z=6848 frei] [1:(102,105)24x24 t=87 z=5568 DECKT] [6:(78,129)24x24 t=90 z=5760 frei] [7:(102,129)40x24 t=89 z=5696 frei] [9:(78,153)24x24 t=95 z=6080 frei] [10:(102,153)40x24 t=95 z=6080 frei] [31:(70,185)24x24 t=39 z=2496 DECKT] [33:(94,185)24x24 t=43 z=2752 DECKT]
F15      R1150 C2  hp=65   pos=(-22685,     0,-19651) rot=-6389 vz= 5639/ 5376/ 5112 scr=( 99,190) kasten=x80..118,y125..193 masken=54 | [0:(78,105)24x24 t=107 z=6848 frei] [1:(102,105)24x24 t=87 z=5568 DECKT] [6:(78,129)24x24 t=90 z=5760 frei] [7:(102,129)40x24 t=89 z=5696 frei] [9:(78,153)24x24 t=95 z=6080 frei] [10:(102,153)40x24 t=95 z=6080 frei] [31:(70,185)24x24 t=39 z=2496 DECKT] [33:(94,185)24x24 t=43 z=2752 DECKT]
F30      R1150 C2  hp=65   pos=(-22685,     0,-19651) rot=-6389 vz= 5639/ 5376/ 5112 scr=( 99,190) kasten=x80..118,y125..193 masken=54 | [0:(78,105)24x24 t=107 z=6848 frei] [1:(102,105)24x24 t=87 z=5568 DECKT] [6:(78,129)24x24 t=90 z=5760 frei] [7:(102,129)40x24 t=89 z=5696 frei] [9:(78,153)24x24 t=95 z=6080 frei] [10:(102,153)40x24 t=95 z=6080 frei] [31:(70,185)24x24 t=39 z=2496 DECKT] [33:(94,185)24x24 t=43 z=2752 DECKT]
F45      R1150 C2  hp=65   pos=(-22360,     0,-19526) rot=-6389 vz= 5326/ 5062/ 4798 scr=(100,199) kasten=x80..120,y130..202 masken=54 | [6:(78,129)24x24 t=90 z=5760 frei] [7:(102,129)40x24 t=89 z=5696 frei] [9:(78,153)24x24 t=95 z=6080 frei] [10:(102,153)40x24 t=95 z=6080 frei] [31:(70,185)24x24 t=39 z=2496 DECKT] [33:(94,185)24x24 t=43 z=2752 DECKT] [35:(118,185)24x24 t=42 z=2688 DECKT]
F60      R1150 C2  hp=65   pos=(-22567,     0,-19607) rot=-7061 vz= 5526/ 5262/ 4998 scr=( 99,193) kasten=x80..118,y127..196 masken=54 | [0:(78,105)24x24 t=107 z=6848 frei] [1:(102,105)24x24 t=87 z=5568 frei] [6:(78,129)24x24 t=90 z=5760 frei] [7:(102,129)40x24 t=89 z=5696 frei] [9:(78,153)24x24 t=95 z=6080 frei] [10:(102,153)40x24 t=95 z=6080 frei] [31:(70,185)24x24 t=39 z=2496 DECKT] [33:(94,185)24x24 t=43 z=2752 DECKT]
F75      R1150 C2  hp=65   pos=(-22567,     0,-19607) rot=-7829 vz= 5526/ 5262/ 4998 scr=( 99,193) kasten=x80..118,y127..196 masken=54 | [0:(78,105)24x24 t=107 z=6848 frei] [1:(102,105)24x24 t=87 z=5568 frei] [6:(78,129)24x24 t=90 z=5760 frei] [7:(102,129)40x24 t=89 z=5696 frei] [9:(78,153)24x24 t=95 z=6080 frei] [10:(102,153)40x24 t=95 z=6080 frei] [31:(70,185)24x24 t=39 z=2496 DECKT] [33:(94,185)24x24 t=43 z=2752 DECKT]
F90      R1150 C2  hp=65   pos=(-22567,     0,-19607) rot=-8789 vz= 5526/ 5262/ 4998 scr=( 99,193) kasten=x80..118,y127..196 masken=54 | [0:(78,105)24x24 t=107 z=6848 frei] [1:(102,105)24x24 t=87 z=5568 frei] [6:(78,129)24x24 t=90 z=5760 frei] [7:(102,129)40x24 t=89 z=5696 frei] [9:(78,153)24x24 t=95 z=6080 frei] [10:(102,153)40x24 t=95 z=6080 frei] [31:(70,185)24x24 t=39 z=2496 DECKT] [33:(94,185)24x24 t=43 z=2752 DECKT]
F105     R1150 C2  hp=65   pos=(-22567,     0,-19607) rot=-8981 vz= 5526/ 5262/ 4998 scr=( 99,193) kasten=x80..118,y127..196 masken=54 | [0:(78,105)24x24 t=107 z=6848 frei] [1:(102,105)24x24 t=87 z=5568 frei] [6:(78,129)24x24 t=90 z=5760 frei] [7:(102,129)40x24 t=89 z=5696 frei] [9:(78,153)24x24 t=95 z=6080 frei] [10:(102,153)40x24 t=95 z=6080 frei] [31:(70,185)24x24 t=39 z=2496 DECKT] [33:(94,185)24x24 t=43 z=2752 DECKT]
F120     R1150 C2  hp=65   pos=(-22567,     0,-19607) rot=-8789 vz= 5526/ 5262/ 4998 scr=( 99,193) kasten=x80..118,y127..196 masken=54 | [0:(78,105)24x24 t=107 z=6848 frei] [1:(102,105)24x24 t=87 z=5568 frei] [6:(78,129)24x24 t=90 z=5760 frei] [7:(102,129)40x24 t=89 z=5696 frei] [9:(78,153)24x24 t=95 z=6080 frei] [10:(102,153)40x24 t=95 z=6080 frei] [31:(70,185)24x24 t=39 z=2496 DECKT] [33:(94,185)24x24 t=43 z=2752 DECKT]
F14      R10C0 C0  hp=65   pos=(   300,     0,  9550) rot=-8789 vz= 6815/ 6596/ 6378 scr=(209,167) kasten=x193..225,y113..170 masken=0 | keine Maske am Koerper
F29      R10C0 C0  hp=65   pos=(   300,     0,  9550) rot=-8789 vz= 6815/ 6596/ 6378 scr=(209,167) kasten=x193..225,y113..170 masken=0 | keine Maske am Koerper
F44      R10C0 C0  hp=65   pos=(   300,     0,  9550) rot=-8789 vz= 6815/ 6596/ 6378 scr=(209,167) kasten=x193..225,y113..170 masken=0 | keine Maske am Koerper
F59      R10C0 C0  hp=65   pos=(   300,     0,  9550) rot=-8789 vz= 6815/ 6596/ 6378 scr=(209,167) kasten=x193..225,y113..170 masken=0 | keine Maske am Koerper
F74      R10C0 C0  hp=65   pos=(   300,     0,  9550) rot=-8789 vz= 6815/ 6596/ 6378 scr=(209,167) kasten=x193..225,y113..170 masken=0 | keine Maske am Koerper
F89      R10C0 C0  hp=65   pos=(   300,     0,  9550) rot=-8789 vz= 6815/ 6596/ 6378 scr=(209,167) kasten=x193..225,y113..170 masken=0 | keine Maske am Koerper
F104     R10C0 C0  hp=65   pos=(   300,     0,  9550) rot=-8789 vz= 6815/ 6596/ 6378 scr=(209,167) kasten=x193..225,y113..170 masken=0 | keine Maske am Koerper
F119     R10C0 C0  hp=65   pos=(   300,     0,  9550) rot=-8789 vz= 6815/ 6596/ 6378 scr=(209,167) kasten=x193..225,y113..170 masken=0 | keine Maske am Koerper
F134     R10C0 C0  hp=65   pos=(   300,     0,  9550) rot=-8789 vz= 6815/ 6596/ 6378 scr=(209,167) kasten=x193..225,y113..170 masken=0 | keine Maske am Koerper
F149     R10C0 C0  hp=65   pos=(   300,     0,  9550) rot=-8789 vz= 6815/ 6596/ 6378 scr=(209,167) kasten=x193..225,y113..170 masken=0 | keine Maske am Koerper
F5       R10D0 C0  hp=65   pos=(  1700,     0, -7000) rot=-8501 vz= 5912/ 5692/ 5471 scr=(171,178) kasten=x153..189,y116..181 masken=0 | keine Maske am Koerper
F20      R10D0 C0  hp=65   pos=(  1700,     0, -7000) rot=-8693 vz= 5912/ 5692/ 5471 scr=(171,178) kasten=x153..189,y116..181 masken=0 | keine Maske am Koerper
F35      R10D0 C1  hp=65   pos=(  2496,     0, -4873) rot=-8981 vz=12202/11986/11770 scr=(179,113) kasten=x169..189,y82..116 masken=45 | [3:(162,88)8x8 t=279 z=17856 frei] [4:(170,88)4x8 t=292 z=18688 frei] [9:(162,96)8x8 t=237 z=15168 frei] [16:(166,88)8x8 t=140 z=8960 DECKT] [17:(174,88)3x8 t=157 z=10048 DECKT] [23:(166,96)8x8 t=138 z=8832 DECKT] [24:(174,96)3x8 t=142 z=9088 DECKT] [27:(166,104)8x8 t=136 z=8704 DECKT] [30:(166,112)8x8 t=139 z=8896 DECKT] [31:(174,112)3x8 t=142 z=9088 DECKT]
F50      R10D0 C1  hp=65   pos=(  2756,     0, -4568) rot=-9413 vz=11947/11732/11516 scr=(175,114) kasten=x165..185,y82..117 masken=45 | [3:(162,88)8x8 t=279 z=17856 frei] [4:(170,88)4x8 t=292 z=18688 frei] [9:(162,96)8x8 t=237 z=15168 frei] [15:(158,88)8x8 t=122 z=7808 DECKT] [16:(166,88)8x8 t=140 z=8960 DECKT] [17:(174,88)3x8 t=157 z=10048 DECKT] [22:(158,96)8x8 t=118 z=7552 DECKT] [23:(166,96)8x8 t=138 z=8832 DECKT] [24:(174,96)3x8 t=142 z=9088 DECKT] [26:(158,104)8x8 t=115 z=7360 DECKT] [27:(166,104)8x8 t=136 z=8704 DECKT] [29:(158,112)8x8 t=115 z=7360 DECKT] ...
F65      R10D0 C1  hp=65   pos=(  1278,     0, -2770) rot=-9341 vz=10044/ 9828/ 9612 scr=(203,124) kasten=x191..215,y86..127 masken=45 | keine Maske am Koerper
F80      R10D0 C1  hp=65   pos=(  1263,     0,   215) rot=-9269 vz= 7210/ 6994/ 6778 scr=(208,150) kasten=x193..223,y98..153 masken=45 | keine Maske am Koerper
F95      R10D0 C1  hp=65   pos=(  1634,     0,  3174) rot=-9125 vz= 4452/ 4236/ 4020 scr=(201,208) kasten=x177..225,y126..211 masken=45 | keine Maske am Koerper
F110     R10D0 C2  hp=65   pos=(  2167,     0,  6096) rot=-8909 vz= 7916/ 7335/ 6754 scr=(206, 81) kasten=x192..220,y34..84 masken=0 | keine Maske am Koerper
F125     R10D0 C2  hp=65   pos=(  4766,     0,  6665) rot=-7829 vz= 6253/ 5672/ 5091 scr=(204,137) kasten=x187..221,y78..140 masken=0 | keine Maske am Koerper
F6       R10E0 C0  hp=65   pos=( -8050,     0,  3200) rot=1024  vz= 6769/ 6892/ 7015 scr=(153,185) kasten=x137..169,y130..188 masken=96 | keine Maske am Koerper
F21      R10E0 C0  hp=65   pos=( -8050,     0,   200) rot=1024  vz= 3859/ 3982/ 4104 scr=(175,208) kasten=x148..202,y114..211 masken=96 | keine Maske am Koerper
F36      R10E0 C1  hp=65   pos=( -8050,     0, -2800) rot=1024  vz= 6354/ 6169/ 5985 scr=(174,176) kasten=x157..191,y118..179 masken=100 | keine Maske am Koerper
F51      R10E0 C1  hp=65   pos=( -7164,     0, -5484) rot=448   vz= 9098/ 8913/ 8728 scr=(169,143) kasten=x156..182,y102..146 masken=100 | keine Maske am Koerper
F66      R10E0 C2  hp=65   pos=( -4521,     0, -6537) rot=-56   vz= 9415/ 9231/ 9048 scr=(103,139) kasten=x91..115,y99..142 masken=85 | keine Maske am Koerper
F81      R10E0 C2  hp=65   pos=( -1839,     0, -5579) rot=-632  vz= 6647/ 6463/ 6279 scr=( 80,169) kasten=x63..97,y113..172 masken=85 | [0:(64,142)16x16 t=55 z=3520 DECKT] [1:(80,142)16x16 t=55 z=3520 DECKT] [6:(48,158)16x16 t=55 z=3520 DECKT] [7:(64,158)16x16 t=55 z=3520 DECKT] [8:(80,158)16x16 t=55 z=3520 DECKT] [9:(96,158)16x16 t=55 z=3520 DECKT]
F96      R10E0 C2  hp=65   pos=( -2062,     0, -2698) rot=-1208 vz= 5925/ 5742/ 5558 scr=(167,181) kasten=x149..185,y119..184 masken=85 | [4:(144,142)16x16 t=55 z=3520 DECKT] [12:(144,158)16x16 t=55 z=3520 DECKT] [13:(160,158)16x16 t=55 z=3520 DECKT] [14:(176,158)16x16 t=55 z=3520 DECKT] [24:(144,174)16x16 t=55 z=3520 DECKT] [25:(160,174)16x16 t=55 z=3520 DECKT] [26:(176,174)16x16 t=55 z=3520 DECKT]
F111     R10E0 C7  hp=65   pos=(  -927,     0,  -171) rot=-488  vz= 5857/ 5663/ 5468 scr=(159,188) kasten=x141..177,y125..191 masken=101 | [2:(158,147)24x24 t=50 z=3200 DECKT] [9:(134,171)24x24 t=50 z=3200 DECKT] [10:(158,171)24x24 t=50 z=3200 DECKT] [56:(129,121)32x32 t=131 z=8384 frei] [57:(161,121)32x32 t=130 z=8320 frei] [77:(132,113)16x16 t=158 z=10112 frei] [78:(148,113)16x16 t=158 z=10112 frei] [79:(164,113)11x16 t=158 z=10112 frei] [85:(132,129)16x16 t=162 z=10368 frei] [86:(148,129)16x16 t=162 z=10368 frei] [92:(132,145)16x16 t=165 z=10560 frei] [93:(148,145)16x16 t=165 z=10560 frei] ...
# RE1.5 Port — BEFUND-LOG (Sep 13 2026 14:00:49)
# Eine Zeile je 15 Bilder, dazu jede F9-MARKE.
# Spalten:
#   F<n>        Bildnummer
#   R<xxxx> C<n> Raum und Kamerawinkel
#   pos=(x,y,z) Weltlage der Figur, rot = Blickrichtung (0..4095)
#   vz=a/b/c    Kamera-Tiefe von FUSS / HUEFTE / KOPF
#   scr=(x,y)   Fusspunkt im 320x240-Bild
#   kasten=...  geschaetzter Bildkasten der Figur (Messgroesse)
#   masken=n    geladene Vordergrund-Masken dieses Winkels
#   [i:(x,y)wxh t=T z=Z DECKT|frei]  jede Maske, die den Kasten beruehrt.
#       Der Zeichner verdeckt, solange die Figur-Tiefe GROESSER als z ist
#       (z = T*64). 'frei' heisst: die Figur steht VOR dieser Maske.
# ---------------------------------------------------------------
F0       R1150 C2  hp=65   pos=(-22685,     0,-19651) rot=-6389 vz= 5639/ 5376/ 5112 scr=( 99,190) kasten=x80..118,y125..193 masken=54 | [0:(78,105)24x24 t=107 z=6848 frei] [1:(102,105)24x24 t=87 z=5568 DECKT] [6:(78,129)24x24 t=90 z=5760 frei] [7:(102,129)40x24 t=89 z=5696 frei] [9:(78,153)24x24 t=95 z=6080 frei] [10:(102,153)40x24 t=95 z=6080 frei] [31:(70,185)24x24 t=39 z=2496 DECKT] [33:(94,185)24x24 t=43 z=2752 DECKT]
F15      R1150 C2  hp=65   pos=(-22685,     0,-19651) rot=-6389 vz= 5639/ 5376/ 5112 scr=( 99,190) kasten=x80..118,y125..193 masken=54 | [0:(78,105)24x24 t=107 z=6848 frei] [1:(102,105)24x24 t=87 z=5568 DECKT] [6:(78,129)24x24 t=90 z=5760 frei] [7:(102,129)40x24 t=89 z=5696 frei] [9:(78,153)24x24 t=95 z=6080 frei] [10:(102,153)40x24 t=95 z=6080 frei] [31:(70,185)24x24 t=39 z=2496 DECKT] [33:(94,185)24x24 t=43 z=2752 DECKT]
F30      R1150 C2  hp=65   pos=(-22685,     0,-19651) rot=-6389 vz= 5639/ 5376/ 5112 scr=( 99,190) kasten=x80..118,y125..193 masken=54 | [0:(78,105)24x24 t=107 z=6848 frei] [1:(102,105)24x24 t=87 z=5568 DECKT] [6:(78,129)24x24 t=90 z=5760 frei] [7:(102,129)40x24 t=89 z=5696 frei] [9:(78,153)24x24 t=95 z=6080 frei] [10:(102,153)40x24 t=95 z=6080 frei] [31:(70,185)24x24 t=39 z=2496 DECKT] [33:(94,185)24x24 t=43 z=2752 DECKT]
F45      R1150 C2  hp=65   pos=(-22685,     0,-19651) rot=-6197 vz= 5639/ 5376/ 5112 scr=( 99,190) kasten=x80..118,y125..193 masken=54 | [0:(78,105)24x24 t=107 z=6848 frei] [1:(102,105)24x24 t=87 z=5568 DECKT] [6:(78,129)24x24 t=90 z=5760 frei] [7:(102,129)40x24 t=89 z=5696 frei] [9:(78,153)24x24 t=95 z=6080 frei] [10:(102,153)40x24 t=95 z=6080 frei] [31:(70,185)24x24 t=39 z=2496 DECKT] [33:(94,185)24x24 t=43 z=2752 DECKT]
F60      R1150 C2  hp=65   pos=(-22554,     0,-19606) rot=-6389 vz= 5513/ 5250/ 4986 scr=( 99,194) kasten=x80..118,y127..197 masken=54 | [0:(78,105)24x24 t=107 z=6848 frei] [1:(102,105)24x24 t=87 z=5568 frei] [6:(78,129)24x24 t=90 z=5760 frei] [7:(102,129)40x24 t=89 z=5696 frei] [9:(78,153)24x24 t=95 z=6080 frei] [10:(102,153)40x24 t=95 z=6080 frei] [31:(70,185)24x24 t=39 z=2496 DECKT] [33:(94,185)24x24 t=43 z=2752 DECKT]
F75      R1150 C2  hp=65   pos=(-22554,     0,-19606) rot=-6389 vz= 5513/ 5250/ 4986 scr=( 99,194) kasten=x80..118,y127..197 masken=54 | [0:(78,105)24x24 t=107 z=6848 frei] [1:(102,105)24x24 t=87 z=5568 frei] [6:(78,129)24x24 t=90 z=5760 frei] [7:(102,129)40x24 t=89 z=5696 frei] [9:(78,153)24x24 t=95 z=6080 frei] [10:(102,153)40x24 t=95 z=6080 frei] [31:(70,185)24x24 t=39 z=2496 DECKT] [33:(94,185)24x24 t=43 z=2752 DECKT]
F90      R1150 C2  hp=65   pos=(-22554,     0,-19606) rot=-6389 vz= 5513/ 5250/ 4986 scr=( 99,194) kasten=x80..118,y127..197 masken=54 | [0:(78,105)24x24 t=107 z=6848 frei] [1:(102,105)24x24 t=87 z=5568 frei] [6:(78,129)24x24 t=90 z=5760 frei] [7:(102,129)40x24 t=89 z=5696 frei] [9:(78,153)24x24 t=95 z=6080 frei] [10:(102,153)40x24 t=95 z=6080 frei] [31:(70,185)24x24 t=39 z=2496 DECKT] [33:(94,185)24x24 t=43 z=2752 DECKT]
F105     R1150 C2  hp=65   pos=(-22554,     0,-19606) rot=-6293 vz= 5513/ 5250/ 4986 scr=( 99,194) kasten=x80..118,y127..197 masken=54 | [0:(78,105)24x24 t=107 z=6848 frei] [1:(102,105)24x24 t=87 z=5568 frei] [6:(78,129)24x24 t=90 z=5760 frei] [7:(102,129)40x24 t=89 z=5696 frei] [9:(78,153)24x24 t=95 z=6080 frei] [10:(102,153)40x24 t=95 z=6080 frei] [31:(70,185)24x24 t=39 z=2496 DECKT] [33:(94,185)24x24 t=43 z=2752 DECKT]
F120     R1150 C2  hp=65   pos=(-22554,     0,-19606) rot=-5621 vz= 5513/ 5250/ 4986 scr=( 99,194) kasten=x80..118,y127..197 masken=54 | [0:(78,105)24x24 t=107 z=6848 frei] [1:(102,105)24x24 t=87 z=5568 frei] [6:(78,129)24x24 t=90 z=5760 frei] [7:(102,129)40x24 t=89 z=5696 frei] [9:(78,153)24x24 t=95 z=6080 frei] [10:(102,153)40x24 t=95 z=6080 frei] [31:(70,185)24x24 t=39 z=2496 DECKT] [33:(94,185)24x24 t=43 z=2752 DECKT]
F135     R1150 C2  hp=65   pos=(-22554,     0,-19606) rot=-5141 vz= 5513/ 5250/ 4986 scr=( 99,194) kasten=x80..118,y127..197 masken=54 | [0:(78,105)24x24 t=107 z=6848 frei] [1:(102,105)24x24 t=87 z=5568 frei] [6:(78,129)24x24 t=90 z=5760 frei] [7:(102,129)40x24 t=89 z=5696 frei] [9:(78,153)24x24 t=95 z=6080 frei] [10:(102,153)40x24 t=95 z=6080 frei] [31:(70,185)24x24 t=39 z=2496 DECKT] [33:(94,185)24x24 t=43 z=2752 DECKT]
F150     R1150 C2  hp=65   pos=(-22554,     0,-19606) rot=-5525 vz= 5513/ 5250/ 4986 scr=( 99,194) kasten=x80..118,y127..197 masken=54 | [0:(78,105)24x24 t=107 z=6848 frei] [1:(102,105)24x24 t=87 z=5568 frei] [6:(78,129)24x24 t=90 z=5760 frei] [7:(102,129)40x24 t=89 z=5696 frei] [9:(78,153)24x24 t=95 z=6080 frei] [10:(102,153)40x24 t=95 z=6080 frei] [31:(70,185)24x24 t=39 z=2496 DECKT] [33:(94,185)24x24 t=43 z=2752 DECKT]
F165     R1150 C2  hp=65   pos=(-22554,     0,-19606) rot=-6485 vz= 5513/ 5250/ 4986 scr=( 99,194) kasten=x80..118,y127..197 masken=54 | [0:(78,105)24x24 t=107 z=6848 frei] [1:(102,105)24x24 t=87 z=5568 frei] [6:(78,129)24x24 t=90 z=5760 frei] [7:(102,129)40x24 t=89 z=5696 frei] [9:(78,153)24x24 t=95 z=6080 frei] [10:(102,153)40x24 t=95 z=6080 frei] [31:(70,185)24x24 t=39 z=2496 DECKT] [33:(94,185)24x24 t=43 z=2752 DECKT]
F180     R1150 C2  hp=65   pos=(-22554,     0,-19606) rot=-7253 vz= 5513/ 5250/ 4986 scr=( 99,194) kasten=x80..118,y127..197 masken=54 | [0:(78,105)24x24 t=107 z=6848 frei] [1:(102,105)24x24 t=87 z=5568 frei] [6:(78,129)24x24 t=90 z=5760 frei] [7:(102,129)40x24 t=89 z=5696 frei] [9:(78,153)24x24 t=95 z=6080 frei] [10:(102,153)40x24 t=95 z=6080 frei] [31:(70,185)24x24 t=39 z=2496 DECKT] [33:(94,185)24x24 t=43 z=2752 DECKT]
F195     R1150 C2  hp=65   pos=(-22554,     0,-19606) rot=-7925 vz= 5513/ 5250/ 4986 scr=( 99,194) kasten=x80..118,y127..197 masken=54 | [0:(78,105)24x24 t=107 z=6848 frei] [1:(102,105)24x24 t=87 z=5568 frei] [6:(78,129)24x24 t=90 z=5760 frei] [7:(102,129)40x24 t=89 z=5696 frei] [9:(78,153)24x24 t=95 z=6080 frei] [10:(102,153)40x24 t=95 z=6080 frei] [31:(70,185)24x24 t=39 z=2496 DECKT] [33:(94,185)24x24 t=43 z=2752 DECKT]
F210     R1150 C2  hp=65   pos=(-22554,     0,-19606) rot=-7925 vz= 5513/ 5250/ 4986 scr=( 99,194) kasten=x80..118,y127..197 masken=54 | [0:(78,105)24x24 t=107 z=6848 frei] [1:(102,105)24x24 t=87 z=5568 frei] [6:(78,129)24x24 t=90 z=5760 frei] [7:(102,129)40x24 t=89 z=5696 frei] [9:(78,153)24x24 t=95 z=6080 frei] [10:(102,153)40x24 t=95 z=6080 frei] [31:(70,185)24x24 t=39 z=2496 DECKT] [33:(94,185)24x24 t=43 z=2752 DECKT]
F225     R1150 C2  hp=65   pos=(-22554,     0,-19606) rot=-7925 vz= 5513/ 5250/ 4986 scr=( 99,194) kasten=x80..118,y127..197 masken=54 | [0:(78,105)24x24 t=107 z=6848 frei] [1:(102,105)24x24 t=87 z=5568 frei] [6:(78,129)24x24 t=90 z=5760 frei] [7:(102,129)40x24 t=89 z=5696 frei] [9:(78,153)24x24 t=95 z=6080 frei] [10:(102,153)40x24 t=95 z=6080 frei] [31:(70,185)24x24 t=39 z=2496 DECKT] [33:(94,185)24x24 t=43 z=2752 DECKT]
F240     R1150 C2  hp=65   pos=(-22554,     0,-19606) rot=-7925 vz= 5513/ 5250/ 4986 scr=( 99,194) kasten=x80..118,y127..197 masken=54 | [0:(78,105)24x24 t=107 z=6848 frei] [1:(102,105)24x24 t=87 z=5568 frei] [6:(78,129)24x24 t=90 z=5760 frei] [7:(102,129)40x24 t=89 z=5696 frei] [9:(78,153)24x24 t=95 z=6080 frei] [10:(102,153)40x24 t=95 z=6080 frei] [31:(70,185)24x24 t=39 z=2496 DECKT] [33:(94,185)24x24 t=43 z=2752 DECKT]
F5       R10D0 C0  hp=65   pos=(  1700,     0, -7000) rot=-7925 vz= 5912/ 5692/ 5471 scr=(171,178) kasten=x153..189,y116..181 masken=0 | keine Maske am Koerper
F20      R10D0 C0  hp=65   pos=(  1700,     0, -7000) rot=-7925 vz= 5912/ 5692/ 5471 scr=(171,178) kasten=x153..189,y116..181 masken=0 | keine Maske am Koerper
F35      R10D0 C0  hp=65   pos=(  1700,     0, -7000) rot=-8501 vz= 5912/ 5692/ 5471 scr=(171,178) kasten=x153..189,y116..181 masken=0 | keine Maske am Koerper
F50      R10D0 C0  hp=65   pos=(  1700,     0, -7000) rot=-8789 vz= 5912/ 5692/ 5471 scr=(171,178) kasten=x153..189,y116..181 masken=0 | keine Maske am Koerper
F65      R10D0 C0  hp=65   pos=(  1700,     0, -7000) rot=-8789 vz= 5912/ 5692/ 5471 scr=(171,178) kasten=x153..189,y116..181 masken=0 | keine Maske am Koerper
F80      R10D0 C0  hp=65   pos=(  1700,     0, -7000) rot=-8789 vz= 5912/ 5692/ 5471 scr=(171,178) kasten=x153..189,y116..181 masken=0 | keine Maske am Koerper
F95      R10D0 C0  hp=65   pos=(  1700,     0, -7000) rot=-8789 vz= 5912/ 5692/ 5471 scr=(171,178) kasten=x153..189,y116..181 masken=0 | keine Maske am Koerper
F110     R10D0 C0  hp=65   pos=(  1700,     0, -7000) rot=-8789 vz= 5912/ 5692/ 5471 scr=(171,178) kasten=x153..189,y116..181 masken=0 | keine Maske am Koerper
F125     R10D0 C0  hp=65   pos=(  1700,     0, -7000) rot=-8789 vz= 5912/ 5692/ 5471 scr=(171,178) kasten=x153..189,y116..181 masken=0 | keine Maske am Koerper
F140     R10D0 C0  hp=65   pos=(  1700,     0, -7000) rot=-8789 vz= 5912/ 5692/ 5471 scr=(171,178) kasten=x153..189,y116..181 masken=0 | keine Maske am Koerper
F155     R10D0 C0  hp=65   pos=(  2139,     0, -6106) rot=-8933 vz= 4966/ 4746/ 4525 scr=(169,201) kasten=x148..190,y127..204 masken=0 | keine Maske am Koerper
F170     R10D0 C1  hp=65   pos=(  2866,     0, -4568) rot=-9293 vz=11962/11746/11530 scr=(173,114) kasten=x163..183,y82..117 masken=45 | [3:(162,88)8x8 t=279 z=17856 frei] [4:(170,88)4x8 t=292 z=18688 frei] [9:(162,96)8x8 t=237 z=15168 frei] [15:(158,88)8x8 t=122 z=7808 DECKT] [16:(166,88)8x8 t=140 z=8960 DECKT] [17:(174,88)3x8 t=157 z=10048 DECKT] [22:(158,96)8x8 t=118 z=7552 DECKT] [23:(166,96)8x8 t=138 z=8832 DECKT] [24:(174,96)3x8 t=142 z=9088 DECKT] [26:(158,104)8x8 t=115 z=7360 DECKT] [27:(166,104)8x8 t=136 z=8704 DECKT] [29:(158,112)8x8 t=115 z=7360 DECKT] ...
F185     R10D0 C1  hp=65   pos=(  1859,     0, -3817) rot=-9725 vz=11115/10899/10683 scr=(190,118) kasten=x179..201,y84..121 masken=45 | keine Maske am Koerper
F200     R10D0 C1  hp=65   pos=(  1262,     0,  -990) rot=-9221 vz= 8353/ 8137/ 7921 scr=(206,138) kasten=x192..220,y93..141 masken=45 | keine Maske am Koerper
F215     R10D0 C1  hp=65   pos=(  1266,     0,  2010) rot=-9221 vz= 5507/ 5291/ 5075 scr=(213,179) kasten=x194..232,y112..182 masken=45 | keine Maske am Koerper
F230     R10D0 C2  hp=65   pos=(  1763,     0,  4926) rot=-9005 vz= 8420/ 7839/ 7258 scr=(179, 68) kasten=x165..193,y24..71 masken=0 | keine Maske am Koerper
F245     R10D0 C2  hp=65   pos=(  3868,     0,  6611) rot=-8141 vz= 6796/ 6215/ 5634 scr=(209,116) kasten=x193..225,y61..119 masken=0 | keine Maske am Koerper
F1       R10E0 C0  hp=65   pos=( -8050,     0,  3200) rot=1024  vz= 6769/ 6892/ 7015 scr=(153,185) kasten=x137..169,y130..188 masken=96 | keine Maske am Koerper
F16      R10E0 C0  hp=65   pos=( -7518,     0,  1368) rot=520   vz= 5088/ 5209/ 5332 scr=(184,195) kasten=x163..205,y123..198 masken=96 | keine Maske am Koerper
F31      R10E0 C1  hp=65   pos=( -7518,     0, -1407) rot=1024  vz= 5224/ 5039/ 4854 scr=(141,199) kasten=x121..161,y129..202 masken=100 | [20:(117,126)10x10 t=79 z=5056 DECKT] [21:(127,126)10x10 t=88 z=5632 frei] [22:(137,126)10x10 t=100 z=6400 frei] [23:(147,126)5x10 t=107 z=6848 frei] [31:(117,136)10x10 t=79 z=5056 DECKT] [32:(127,136)10x10 t=88 z=5632 frei] [33:(137,136)10x10 t=101 z=6464 frei] [34:(147,136)5x10 t=104 z=6656 frei] [43:(117,146)10x10 t=79 z=5056 DECKT] [44:(127,146)10x10 t=88 z=5632 frei] [45:(137,146)10x10 t=100 z=6400 frei] [46:(147,146)5x10 t=104 z=6656 frei] ...
F46      R10E0 C1  hp=65   pos=( -7518,     0, -3167) rot=592   vz= 6851/ 6666/ 6480 scr=(161,168) kasten=x145..177,y114..171 masken=100 | [4:(137,106)10x10 t=98 z=6272 DECKT] [5:(147,106)5x10 t=104 z=6656 DECKT] [12:(137,116)10x10 t=100 z=6400 DECKT] [13:(147,116)5x10 t=105 z=6720 DECKT] [22:(137,126)10x10 t=100 z=6400 DECKT] [23:(147,126)5x10 t=107 z=6848 DECKT] [33:(137,136)10x10 t=101 z=6464 DECKT] [34:(147,136)5x10 t=104 z=6656 DECKT] [45:(137,146)10x10 t=100 z=6400 DECKT] [46:(147,146)5x10 t=104 z=6656 DECKT] [56:(137,156)10x10 t=98 z=6272 DECKT] [57:(147,156)5x10 t=104 z=6656 DECKT] ...
F61      R10E0 C1  hp=65   pos=( -7518,     0, -3167) rot=592   vz= 6851/ 6666/ 6480 scr=(161,168) kasten=x145..177,y114..171 masken=100 | [4:(137,106)10x10 t=98 z=6272 DECKT] [5:(147,106)5x10 t=104 z=6656 DECKT] [12:(137,116)10x10 t=100 z=6400 DECKT] [13:(147,116)5x10 t=105 z=6720 DECKT] [22:(137,126)10x10 t=100 z=6400 DECKT] [23:(147,126)5x10 t=107 z=6848 DECKT] [33:(137,136)10x10 t=101 z=6464 DECKT] [34:(147,136)5x10 t=104 z=6656 DECKT] [45:(137,146)10x10 t=100 z=6400 DECKT] [46:(147,146)5x10 t=104 z=6656 DECKT] [56:(137,156)10x10 t=98 z=6272 DECKT] [57:(147,156)5x10 t=104 z=6656 DECKT] ...
F76      R10E0 C1  hp=65   pos=( -7518,     0, -3167) rot=592   vz= 6851/ 6666/ 6480 scr=(161,168) kasten=x145..177,y114..171 masken=100 | [4:(137,106)10x10 t=98 z=6272 DECKT] [5:(147,106)5x10 t=104 z=6656 DECKT] [12:(137,116)10x10 t=100 z=6400 DECKT] [13:(147,116)5x10 t=105 z=6720 DECKT] [22:(137,126)10x10 t=100 z=6400 DECKT] [23:(147,126)5x10 t=107 z=6848 DECKT] [33:(137,136)10x10 t=101 z=6464 DECKT] [34:(147,136)5x10 t=104 z=6656 DECKT] [45:(137,146)10x10 t=100 z=6400 DECKT] [46:(147,146)5x10 t=104 z=6656 DECKT] [56:(137,156)10x10 t=98 z=6272 DECKT] [57:(147,156)5x10 t=104 z=6656 DECKT] ...
F91      R10E0 C1  hp=65   pos=( -7518,     0, -3167) rot=592   vz= 6851/ 6666/ 6480 scr=(161,168) kasten=x145..177,y114..171 masken=100 | [4:(137,106)10x10 t=98 z=6272 DECKT] [5:(147,106)5x10 t=104 z=6656 DECKT] [12:(137,116)10x10 t=100 z=6400 DECKT] [13:(147,116)5x10 t=105 z=6720 DECKT] [22:(137,126)10x10 t=100 z=6400 DECKT] [23:(147,126)5x10 t=107 z=6848 DECKT] [33:(137,136)10x10 t=101 z=6464 DECKT] [34:(147,136)5x10 t=104 z=6656 DECKT] [45:(137,146)10x10 t=100 z=6400 DECKT] [46:(147,146)5x10 t=104 z=6656 DECKT] [56:(137,156)10x10 t=98 z=6272 DECKT] [57:(147,156)5x10 t=104 z=6656 DECKT] ...
F106     R10E0 C1  hp=65   pos=( -7518,     0, -3954) rot=16    vz= 7578/ 7393/ 7208 scr=(167,158) kasten=x152..182,y109..161 masken=100 | keine Maske am Koerper
F121     R10E0 C1  hp=65   pos=( -6431,     0, -5574) rot=376   vz= 9398/ 9213/ 9028 scr=(155,140) kasten=x143..167,y100..143 masken=100 | [4:(137,106)10x10 t=98 z=6272 DECKT] [5:(147,106)5x10 t=104 z=6656 DECKT] [12:(137,116)10x10 t=100 z=6400 DECKT] [13:(147,116)5x10 t=105 z=6720 DECKT] [22:(137,126)10x10 t=100 z=6400 DECKT] [23:(147,126)5x10 t=107 z=6848 DECKT] [33:(137,136)10x10 t=101 z=6464 DECKT] [34:(147,136)5x10 t=104 z=6656 DECKT]
F136     R10E0 C2  hp=65   pos=( -3561,     0, -5276) rot=-200  vz= 8129/ 7945/ 7762 scr=(116,150) kasten=x102..130,y104..153 masken=85 | [2:(112,142)16x16 t=55 z=3520 DECKT] [3:(128,142)16x16 t=55 z=3520 DECKT]
F151     R10E0 C2  hp=65   pos=( -2251,     0, -2793) rot=-920  vz= 6129/ 5945/ 5762 scr=(166,177) kasten=x148..184,y117..180 masken=85 | [4:(144,142)16x16 t=55 z=3520 DECKT] [12:(144,158)16x16 t=55 z=3520 DECKT] [13:(160,158)16x16 t=55 z=3520 DECKT] [14:(176,158)16x16 t=55 z=3520 DECKT] [24:(144,174)16x16 t=55 z=3520 DECKT] [25:(160,174)16x16 t=55 z=3520 DECKT] [26:(176,174)16x16 t=55 z=3520 DECKT]
F166     R10E0 C7  hp=65   pos=( -1412,     0,    25) rot=-632  vz= 6203/ 6007/ 5812 scr=(146,181) kasten=x128..164,y121..184 masken=101 | [2:(158,147)24x24 t=50 z=3200 DECKT] [8:(110,171)24x24 t=50 z=3200 DECKT] [9:(134,171)24x24 t=50 z=3200 DECKT] [10:(158,171)24x24 t=50 z=3200 DECKT] [56:(129,121)32x32 t=131 z=8384 frei] [57:(161,121)32x32 t=130 z=8320 frei] [62:(97,153)32x32 t=154 z=9856 frei] [76:(116,113)16x16 t=154 z=9856 frei] [77:(132,113)16x16 t=158 z=10112 frei] [78:(148,113)16x16 t=158 z=10112 frei] [84:(116,129)16x16 t=158 z=10112 frei] [85:(132,129)16x16 t=162 z=10368 frei] ...
F181     R10E0 C7  hp=65   pos=(  -327,     0,  1832) rot=-920  vz= 7458/ 7263/ 7067 scr=(194,161) kasten=x179..209,y111..164 masken=101 | [2:(158,147)24x24 t=50 z=3200 DECKT] [3:(182,147)24x24 t=50 z=3200 DECKT] [4:(206,147)24x24 t=50 z=3200 DECKT] [51:(161,89)32x32 t=122 z=7808 frei] [52:(193,89)32x32 t=123 z=7872 frei] [57:(161,121)32x32 t=130 z=8320 frei] [58:(193,121)32x32 t=129 z=8256 frei]
F196     R10E0 C7  hp=65   pos=(   377,     0,  2187) rot=-416  vz= 7534/ 7339/ 7144 scr=(215,160) kasten=x200..230,y111..163 masken=101 | [3:(182,147)24x24 t=50 z=3200 DECKT] [4:(206,147)24x24 t=50 z=3200 DECKT] [52:(193,89)32x32 t=123 z=7872 frei] [53:(225,89)32x32 t=123 z=7872 frei] [58:(193,121)32x32 t=129 z=8256 frei] [59:(225,121)32x32 t=129 z=8256 frei] [63:(225,153)32x32 t=129 z=8256 frei]
F211     R10E0 C8  hp=65   pos=(   432,     0,  2881) rot=-1136 vz= 7180/ 6933/ 6686 scr=(138,150) kasten=x122..154,y98..153 masken=102 | keine Maske am Koerper
F226     R10E0 C8  hp=65   pos=(   432,     0,  2881) rot=2581  vz= 7180/ 6933/ 6686 scr=(138,150) kasten=x122..154,y98..153 masken=102 | keine Maske am Koerper
F241     R10E0 C8  hp=65   pos=(   432,     0,  2881) rot=2581  vz= 7180/ 6933/ 6686 scr=(138,150) kasten=x122..154,y98..153 masken=102 | keine Maske am Koerper
F256     R10E0 C8  hp=65   pos=(   432,     0,  2881) rot=2581  vz= 7180/ 6933/ 6686 scr=(138,150) kasten=x122..154,y98..153 masken=102 | keine Maske am Koerper
F271     R10E0 C8  hp=65   pos=(   432,     0,  2881) rot=2581  vz= 7180/ 6933/ 6686 scr=(138,150) kasten=x122..154,y98..153 masken=102 | keine Maske am Koerper
F286     R10E0 C8  hp=65   pos=(   432,     0,  2881) rot=2581  vz= 7180/ 6933/ 6686 scr=(138,150) kasten=x122..154,y98..153 masken=102 | keine Maske am Koerper
F301     R10E0 C8  hp=65   pos=(   432,     0,  2881) rot=2581  vz= 7180/ 6933/ 6686 scr=(138,150) kasten=x122..154,y98..153 masken=102 | keine Maske am Koerper
F316     R10E0 C8  hp=65   pos=(   414,     0,  2809) rot=1189  vz= 7241/ 6994/ 6747 scr=(139,149) kasten=x124..154,y98..152 masken=102 | keine Maske am Koerper
F331     R10E0 C7  hp=65   pos=(   553,     0,    31) rot=1285  vz= 5528/ 5333/ 5137 scr=(213,195) kasten=x194..232,y129..198 masken=101 | [3:(182,147)24x24 t=50 z=3200 DECKT] [4:(206,147)24x24 t=50 z=3200 DECKT] [5:(230,147)24x24 t=50 z=3200 DECKT] [11:(182,171)24x24 t=50 z=3200 DECKT] [12:(206,171)24x24 t=50 z=3200 DECKT] [13:(230,171)24x24 t=50 z=3200 DECKT] [20:(182,195)24x24 t=50 z=3200 DECKT] [21:(206,195)24x24 t=50 z=3200 DECKT] [22:(230,195)24x24 t=50 z=3200 DECKT] [58:(193,121)32x32 t=129 z=8256 frei] [59:(225,121)32x32 t=129 z=8256 frei] [63:(225,153)32x32 t=129 z=8256 frei] ...
F346     R10E0 C7  hp=65   pos=(   322,     0,  -521) rot=1285  vz= 5109/ 4914/ 4719 scr=(200,206) kasten=x179..221,y134..209 masken=101 | [2:(158,147)24x24 t=50 z=3200 DECKT] [3:(182,147)24x24 t=50 z=3200 DECKT] [4:(206,147)24x24 t=50 z=3200 DECKT] [10:(158,171)24x24 t=50 z=3200 DECKT] [11:(182,171)24x24 t=50 z=3200 DECKT] [12:(206,171)24x24 t=50 z=3200 DECKT] [19:(158,195)24x24 t=50 z=3200 DECKT] [20:(182,195)24x24 t=50 z=3200 DECKT] [21:(206,195)24x24 t=50 z=3200 DECKT] [57:(161,121)32x32 t=130 z=8320 frei] [58:(193,121)32x32 t=129 z=8256 frei]
F361     R10E0 C7  hp=65   pos=(   322,     0,  -521) rot=1285  vz= 5109/ 4914/ 4719 scr=(200,206) kasten=x179..221,y134..209 masken=101 | [2:(158,147)24x24 t=50 z=3200 DECKT] [3:(182,147)24x24 t=50 z=3200 DECKT] [4:(206,147)24x24 t=50 z=3200 DECKT] [10:(158,171)24x24 t=50 z=3200 DECKT] [11:(182,171)24x24 t=50 z=3200 DECKT] [12:(206,171)24x24 t=50 z=3200 DECKT] [19:(158,195)24x24 t=50 z=3200 DECKT] [20:(182,195)24x24 t=50 z=3200 DECKT] [21:(206,195)24x24 t=50 z=3200 DECKT] [57:(161,121)32x32 t=130 z=8320 frei] [58:(193,121)32x32 t=129 z=8256 frei]
F376     R10E0 C7  hp=65   pos=(   322,     0,  -521) rot=1285  vz= 5109/ 4914/ 4719 scr=(200,206) kasten=x179..221,y134..209 masken=101 | [2:(158,147)24x24 t=50 z=3200 DECKT] [3:(182,147)24x24 t=50 z=3200 DECKT] [4:(206,147)24x24 t=50 z=3200 DECKT] [10:(158,171)24x24 t=50 z=3200 DECKT] [11:(182,171)24x24 t=50 z=3200 DECKT] [12:(206,171)24x24 t=50 z=3200 DECKT] [19:(158,195)24x24 t=50 z=3200 DECKT] [20:(182,195)24x24 t=50 z=3200 DECKT] [21:(206,195)24x24 t=50 z=3200 DECKT] [57:(161,121)32x32 t=130 z=8320 frei] [58:(193,121)32x32 t=129 z=8256 frei]
F391     R10E0 C7  hp=65   pos=(   322,     0,  -521) rot=1285  vz= 5109/ 4914/ 4719 scr=(200,206) kasten=x179..221,y134..209 masken=101 | [2:(158,147)24x24 t=50 z=3200 DECKT] [3:(182,147)24x24 t=50 z=3200 DECKT] [4:(206,147)24x24 t=50 z=3200 DECKT] [10:(158,171)24x24 t=50 z=3200 DECKT] [11:(182,171)24x24 t=50 z=3200 DECKT] [12:(206,171)24x24 t=50 z=3200 DECKT] [19:(158,195)24x24 t=50 z=3200 DECKT] [20:(182,195)24x24 t=50 z=3200 DECKT] [21:(206,195)24x24 t=50 z=3200 DECKT] [57:(161,121)32x32 t=130 z=8320 frei] [58:(193,121)32x32 t=129 z=8256 frei]
F406     R10E0 C7  hp=65   pos=(   322,     0,  -521) rot=1669  vz= 5109/ 4914/ 4719 scr=(200,206) kasten=x179..221,y134..209 masken=101 | [2:(158,147)24x24 t=50 z=3200 DECKT] [3:(182,147)24x24 t=50 z=3200 DECKT] [4:(206,147)24x24 t=50 z=3200 DECKT] [10:(158,171)24x24 t=50 z=3200 DECKT] [11:(182,171)24x24 t=50 z=3200 DECKT] [12:(206,171)24x24 t=50 z=3200 DECKT] [19:(158,195)24x24 t=50 z=3200 DECKT] [20:(182,195)24x24 t=50 z=3200 DECKT] [21:(206,195)24x24 t=50 z=3200 DECKT] [57:(161,121)32x32 t=130 z=8320 frei] [58:(193,121)32x32 t=129 z=8256 frei]
F421     R10E0 C7  hp=65   pos=(   322,     0,  -521) rot=1669  vz= 5109/ 4914/ 4719 scr=(200,206) kasten=x179..221,y134..209 masken=101 | [2:(158,147)24x24 t=50 z=3200 DECKT] [3:(182,147)24x24 t=50 z=3200 DECKT] [4:(206,147)24x24 t=50 z=3200 DECKT] [10:(158,171)24x24 t=50 z=3200 DECKT] [11:(182,171)24x24 t=50 z=3200 DECKT] [12:(206,171)24x24 t=50 z=3200 DECKT] [19:(158,195)24x24 t=50 z=3200 DECKT] [20:(182,195)24x24 t=50 z=3200 DECKT] [21:(206,195)24x24 t=50 z=3200 DECKT] [57:(161,121)32x32 t=130 z=8320 frei] [58:(193,121)32x32 t=129 z=8256 frei]
F436     R10E0 C7  hp=65   pos=(   322,     0,  -521) rot=1669  vz= 5109/ 4914/ 4719 scr=(200,206) kasten=x179..221,y134..209 masken=101 | [2:(158,147)24x24 t=50 z=3200 DECKT] [3:(182,147)24x24 t=50 z=3200 DECKT] [4:(206,147)24x24 t=50 z=3200 DECKT] [10:(158,171)24x24 t=50 z=3200 DECKT] [11:(182,171)24x24 t=50 z=3200 DECKT] [12:(206,171)24x24 t=50 z=3200 DECKT] [19:(158,195)24x24 t=50 z=3200 DECKT] [20:(182,195)24x24 t=50 z=3200 DECKT] [21:(206,195)24x24 t=50 z=3200 DECKT] [57:(161,121)32x32 t=130 z=8320 frei] [58:(193,121)32x32 t=129 z=8256 frei]
F451     R10E0 C7  hp=65   pos=(   322,     0,  -521) rot=2053  vz= 5109/ 4914/ 4719 scr=(200,206) kasten=x179..221,y134..209 masken=101 | [2:(158,147)24x24 t=50 z=3200 DECKT] [3:(182,147)24x24 t=50 z=3200 DECKT] [4:(206,147)24x24 t=50 z=3200 DECKT] [10:(158,171)24x24 t=50 z=3200 DECKT] [11:(182,171)24x24 t=50 z=3200 DECKT] [12:(206,171)24x24 t=50 z=3200 DECKT] [19:(158,195)24x24 t=50 z=3200 DECKT] [20:(182,195)24x24 t=50 z=3200 DECKT] [21:(206,195)24x24 t=50 z=3200 DECKT] [57:(161,121)32x32 t=130 z=8320 frei] [58:(193,121)32x32 t=129 z=8256 frei]
F466     R10E0 C7  hp=65   pos=(   322,     0,  -521) rot=2053  vz= 5109/ 4914/ 4719 scr=(200,206) kasten=x179..221,y134..209 masken=101 | [2:(158,147)24x24 t=50 z=3200 DECKT] [3:(182,147)24x24 t=50 z=3200 DECKT] [4:(206,147)24x24 t=50 z=3200 DECKT] [10:(158,171)24x24 t=50 z=3200 DECKT] [11:(182,171)24x24 t=50 z=3200 DECKT] [12:(206,171)24x24 t=50 z=3200 DECKT] [19:(158,195)24x24 t=50 z=3200 DECKT] [20:(182,195)24x24 t=50 z=3200 DECKT] [21:(206,195)24x24 t=50 z=3200 DECKT] [57:(161,121)32x32 t=130 z=8320 frei] [58:(193,121)32x32 t=129 z=8256 frei]
F481     R10E0 C7  hp=65   pos=(   322,     0,  -521) rot=2053  vz= 5109/ 4914/ 4719 scr=(200,206) kasten=x179..221,y134..209 masken=101 | [2:(158,147)24x24 t=50 z=3200 DECKT] [3:(182,147)24x24 t=50 z=3200 DECKT] [4:(206,147)24x24 t=50 z=3200 DECKT] [10:(158,171)24x24 t=50 z=3200 DECKT] [11:(182,171)24x24 t=50 z=3200 DECKT] [12:(206,171)24x24 t=50 z=3200 DECKT] [19:(158,195)24x24 t=50 z=3200 DECKT] [20:(182,195)24x24 t=50 z=3200 DECKT] [21:(206,195)24x24 t=50 z=3200 DECKT] [57:(161,121)32x32 t=130 z=8320 frei] [58:(193,121)32x32 t=129 z=8256 frei]
F496     R10E0 C7  hp=65   pos=(   322,     0,  -521) rot=2053  vz= 5109/ 4914/ 4719 scr=(200,206) kasten=x179..221,y134..209 masken=101 | [2:(158,147)24x24 t=50 z=3200 DECKT] [3:(182,147)24x24 t=50 z=3200 DECKT] [4:(206,147)24x24 t=50 z=3200 DECKT] [10:(158,171)24x24 t=50 z=3200 DECKT] [11:(182,171)24x24 t=50 z=3200 DECKT] [12:(206,171)24x24 t=50 z=3200 DECKT] [19:(158,195)24x24 t=50 z=3200 DECKT] [20:(182,195)24x24 t=50 z=3200 DECKT] [21:(206,195)24x24 t=50 z=3200 DECKT] [57:(161,121)32x32 t=130 z=8320 frei] [58:(193,121)32x32 t=129 z=8256 frei]
F511     R10E0 C7  hp=65   pos=(   322,     0,  -521) rot=2725  vz= 5109/ 4914/ 4719 scr=(200,206) kasten=x179..221,y134..209 masken=101 | [2:(158,147)24x24 t=50 z=3200 DECKT] [3:(182,147)24x24 t=50 z=3200 DECKT] [4:(206,147)24x24 t=50 z=3200 DECKT] [10:(158,171)24x24 t=50 z=3200 DECKT] [11:(182,171)24x24 t=50 z=3200 DECKT] [12:(206,171)24x24 t=50 z=3200 DECKT] [19:(158,195)24x24 t=50 z=3200 DECKT] [20:(182,195)24x24 t=50 z=3200 DECKT] [21:(206,195)24x24 t=50 z=3200 DECKT] [57:(161,121)32x32 t=130 z=8320 frei] [58:(193,121)32x32 t=129 z=8256 frei]
F526     R10E0 C7  hp=65   pos=(   322,     0,  -521) rot=2053  vz= 5109/ 4914/ 4719 scr=(200,206) kasten=x179..221,y134..209 masken=101 | [2:(158,147)24x24 t=50 z=3200 DECKT] [3:(182,147)24x24 t=50 z=3200 DECKT] [4:(206,147)24x24 t=50 z=3200 DECKT] [10:(158,171)24x24 t=50 z=3200 DECKT] [11:(182,171)24x24 t=50 z=3200 DECKT] [12:(206,171)24x24 t=50 z=3200 DECKT] [19:(158,195)24x24 t=50 z=3200 DECKT] [20:(182,195)24x24 t=50 z=3200 DECKT] [21:(206,195)24x24 t=50 z=3200 DECKT] [57:(161,121)32x32 t=130 z=8320 frei] [58:(193,121)32x32 t=129 z=8256 frei]
F541     R10E0 C7  hp=65   pos=(   322,     0,  -521) rot=997   vz= 5109/ 4914/ 4719 scr=(200,206) kasten=x179..221,y134..209 masken=101 | [2:(158,147)24x24 t=50 z=3200 DECKT] [3:(182,147)24x24 t=50 z=3200 DECKT] [4:(206,147)24x24 t=50 z=3200 DECKT] [10:(158,171)24x24 t=50 z=3200 DECKT] [11:(182,171)24x24 t=50 z=3200 DECKT] [12:(206,171)24x24 t=50 z=3200 DECKT] [19:(158,195)24x24 t=50 z=3200 DECKT] [20:(182,195)24x24 t=50 z=3200 DECKT] [21:(206,195)24x24 t=50 z=3200 DECKT] [57:(161,121)32x32 t=130 z=8320 frei] [58:(193,121)32x32 t=129 z=8256 frei]
F556     R10E0 C7  hp=65   pos=(   322,     0,  -521) rot=613   vz= 5109/ 4914/ 4719 scr=(200,206) kasten=x179..221,y134..209 masken=101 | [2:(158,147)24x24 t=50 z=3200 DECKT] [3:(182,147)24x24 t=50 z=3200 DECKT] [4:(206,147)24x24 t=50 z=3200 DECKT] [10:(158,171)24x24 t=50 z=3200 DECKT] [11:(182,171)24x24 t=50 z=3200 DECKT] [12:(206,171)24x24 t=50 z=3200 DECKT] [19:(158,195)24x24 t=50 z=3200 DECKT] [20:(182,195)24x24 t=50 z=3200 DECKT] [21:(206,195)24x24 t=50 z=3200 DECKT] [57:(161,121)32x32 t=130 z=8320 frei] [58:(193,121)32x32 t=129 z=8256 frei]
F571     R10E0 C7  hp=65   pos=(   322,     0,  -521) rot=517   vz= 5109/ 4914/ 4719 scr=(200,206) kasten=x179..221,y134..209 masken=101 | [2:(158,147)24x24 t=50 z=3200 DECKT] [3:(182,147)24x24 t=50 z=3200 DECKT] [4:(206,147)24x24 t=50 z=3200 DECKT] [10:(158,171)24x24 t=50 z=3200 DECKT] [11:(182,171)24x24 t=50 z=3200 DECKT] [12:(206,171)24x24 t=50 z=3200 DECKT] [19:(158,195)24x24 t=50 z=3200 DECKT] [20:(182,195)24x24 t=50 z=3200 DECKT] [21:(206,195)24x24 t=50 z=3200 DECKT] [57:(161,121)32x32 t=130 z=8320 frei] [58:(193,121)32x32 t=129 z=8256 frei]
F586     R10E0 C7  hp=65   pos=(   322,     0,  -521) rot=133   vz= 5109/ 4914/ 4719 scr=(200,206) kasten=x179..221,y134..209 masken=101 | [2:(158,147)24x24 t=50 z=3200 DECKT] [3:(182,147)24x24 t=50 z=3200 DECKT] [4:(206,147)24x24 t=50 z=3200 DECKT] [10:(158,171)24x24 t=50 z=3200 DECKT] [11:(182,171)24x24 t=50 z=3200 DECKT] [12:(206,171)24x24 t=50 z=3200 DECKT] [19:(158,195)24x24 t=50 z=3200 DECKT] [20:(182,195)24x24 t=50 z=3200 DECKT] [21:(206,195)24x24 t=50 z=3200 DECKT] [57:(161,121)32x32 t=130 z=8320 frei] [58:(193,121)32x32 t=129 z=8256 frei]
F601     R10E0 C7  hp=65   pos=(   322,     0,  -521) rot=325   vz= 5109/ 4914/ 4719 scr=(200,206) kasten=x179..221,y134..209 masken=101 | [2:(158,147)24x24 t=50 z=3200 DECKT] [3:(182,147)24x24 t=50 z=3200 DECKT] [4:(206,147)24x24 t=50 z=3200 DECKT] [10:(158,171)24x24 t=50 z=3200 DECKT] [11:(182,171)24x24 t=50 z=3200 DECKT] [12:(206,171)24x24 t=50 z=3200 DECKT] [19:(158,195)24x24 t=50 z=3200 DECKT] [20:(182,195)24x24 t=50 z=3200 DECKT] [21:(206,195)24x24 t=50 z=3200 DECKT] [57:(161,121)32x32 t=130 z=8320 frei] [58:(193,121)32x32 t=129 z=8256 frei]
F7       R10B0 C0  hp=65   pos=( 17164, -9000, -7892) rot=421   vz= 9044/ 8831/ 8617 scr=(245,131) kasten=x232..258,y89..134 masken=63 | keine Maske am Koerper
F22      R10B0 C0  hp=65   pos=( 17164, -9000, -7892) rot=421   vz= 9044/ 8831/ 8617 scr=(245,131) kasten=x232..258,y89..134 masken=63 | keine Maske am Koerper
F37      R10B0 C0  hp=65   pos=( 17164, -9000, -7892) rot=37    vz= 9044/ 8831/ 8617 scr=(245,131) kasten=x232..258,y89..134 masken=63 | keine Maske am Koerper
F52      R10B0 C0  hp=65   pos=( 17164, -9000, -7892) rot=-155  vz= 9044/ 8831/ 8617 scr=(245,131) kasten=x232..258,y89..134 masken=63 | keine Maske am Koerper
F67      R10B0 C0  hp=65   pos=( 17164, -9000, -7892) rot=-155  vz= 9044/ 8831/ 8617 scr=(245,131) kasten=x232..258,y89..134 masken=63 | keine Maske am Koerper
F82      R10B0 C0  hp=65   pos=( 17164, -9000, -7892) rot=-539  vz= 9044/ 8831/ 8617 scr=(245,131) kasten=x232..258,y89..134 masken=63 | keine Maske am Koerper
F97      R10B0 C0  hp=65   pos=( 17164, -9000, -7892) rot=-923  vz= 9044/ 8831/ 8617 scr=(245,131) kasten=x232..258,y89..134 masken=63 | keine Maske am Koerper
F112     R10B0 C0  hp=65   pos=( 17164, -9000, -7892) rot=-923  vz= 9044/ 8831/ 8617 scr=(245,131) kasten=x232..258,y89..134 masken=63 | keine Maske am Koerper
F127     R10B0 C0  hp=65   pos=( 17164, -9000, -7892) rot=-923  vz= 9044/ 8831/ 8617 scr=(245,131) kasten=x232..258,y89..134 masken=63 | keine Maske am Koerper
F12      R1070 C0  hp=65   pos=(   850,     0,  3600) rot=-923  vz= 7786/ 7589/ 7392 scr=(148,171) kasten=x133..163,y123..174 masken=21 | [7:(153,143)8x56 t=94 z=6016 DECKT] [8:(161,143)16x64 t=84 z=5376 DECKT]
F27      R1070 C0  hp=65   pos=(   985,     0,  4380) rot=-1019 vz= 7966/ 7769/ 7572 scr=(168,168) kasten=x154..182,y121..171 masken=21 | [7:(153,143)8x56 t=94 z=6016 DECKT] [8:(161,143)16x64 t=84 z=5376 DECKT] [9:(177,143)8x64 t=77 z=4928 DECKT]
F42      R1070 C0  hp=65   pos=(   777,     0,  5143) rot=-2267 vz= 8444/ 8247/ 8050 scr=(182,162) kasten=x168..196,y118..165 masken=21 | [8:(161,143)16x64 t=84 z=5376 DECKT] [9:(177,143)8x64 t=77 z=4928 DECKT] [10:(185,135)16x80 t=70 z=4480 DECKT]
F57      R1070 C0  hp=65   pos=(   952,     0,  2800) rot=-3395 vz= 7389/ 7192/ 6996 scr=(128,177) kasten=x113..143,y127..180 masken=21 | keine Maske am Koerper
F72      R1070 C1  hp=65   pos=(  3616,     0,  1691) rot=-3971 vz=12763/12471/12179 scr=(111,111) kasten=x101..121,y81..114 masken=43 | keine Maske am Koerper
F87      R1070 C1  hp=65   pos=(  6534,     0,  1574) rot=-4403 vz=10137/ 9845/ 9553 scr=(111,130) kasten=x99..123,y93..133 masken=43 | keine Maske am Koerper
F102     R1070 C1  hp=65   pos=(  9311,     0,  2523) rot=-4115 vz= 7889/ 7597/ 7305 scr=(140,158) kasten=x126..154,y111..161 masken=43 | [4:(131,108)8x8 t=204 z=13056 frei]
F117     R1070 C2  hp=65   pos=( 12296,     0,  2518) rot=-4115 vz= 8034/ 7714/ 7394 scr=(204,145) kasten=x190..218,y98..148 masken=40 | [14:(168,102)24x8 t=119 z=7616 DECKT] [15:(168,110)24x8 t=105 z=6720 DECKT] [16:(168,118)24x8 t=96 z=6144 DECKT] [17:(168,126)24x8 t=98 z=6272 DECKT] [18:(168,134)24x8 t=100 z=6400 DECKT] [38:(199,92)8x24 t=177 z=11328 frei] [39:(207,92)8x8 t=219 z=14016 frei]
F132     R1070 C2  hp=65   pos=( 12495,     0,  2523) rot=-4115 vz= 8203/ 7883/ 7563 scr=(205,142) kasten=x191..219,y96..145 masken=40 | [14:(168,102)24x8 t=119 z=7616 DECKT] [15:(168,110)24x8 t=105 z=6720 DECKT] [16:(168,118)24x8 t=96 z=6144 DECKT] [17:(168,126)24x8 t=98 z=6272 DECKT] [18:(168,134)24x8 t=100 z=6400 DECKT] [38:(199,92)8x24 t=177 z=11328 frei] [39:(207,92)8x8 t=219 z=14016 frei]
F147     R1070 C2  hp=65   pos=( 12495,     0,  2523) rot=-4115 vz= 8203/ 7883/ 7563 scr=(205,142) kasten=x191..219,y96..145 masken=40 | [14:(168,102)24x8 t=119 z=7616 DECKT] [15:(168,110)24x8 t=105 z=6720 DECKT] [16:(168,118)24x8 t=96 z=6144 DECKT] [17:(168,126)24x8 t=98 z=6272 DECKT] [18:(168,134)24x8 t=100 z=6400 DECKT] [38:(199,92)8x24 t=177 z=11328 frei] [39:(207,92)8x8 t=219 z=14016 frei]
F162     R1070 C2  hp=65   pos=( 12495,     0,  2523) rot=3389  vz= 8203/ 7883/ 7563 scr=(205,142) kasten=x191..219,y96..145 masken=40 | [14:(168,102)24x8 t=119 z=7616 DECKT] [15:(168,110)24x8 t=105 z=6720 DECKT] [16:(168,118)24x8 t=96 z=6144 DECKT] [17:(168,126)24x8 t=98 z=6272 DECKT] [18:(168,134)24x8 t=100 z=6400 DECKT] [38:(199,92)8x24 t=177 z=11328 frei] [39:(207,92)8x8 t=219 z=14016 frei]
F177     R1070 C2  hp=65   pos=( 12495,     0,  2523) rot=3389  vz= 8203/ 7883/ 7563 scr=(205,142) kasten=x191..219,y96..145 masken=40 | [14:(168,102)24x8 t=119 z=7616 DECKT] [15:(168,110)24x8 t=105 z=6720 DECKT] [16:(168,118)24x8 t=96 z=6144 DECKT] [17:(168,126)24x8 t=98 z=6272 DECKT] [18:(168,134)24x8 t=100 z=6400 DECKT] [38:(199,92)8x24 t=177 z=11328 frei] [39:(207,92)8x8 t=219 z=14016 frei]
F192     R1070 C2  hp=65   pos=( 12495,     0,  2523) rot=3389  vz= 8203/ 7883/ 7563 scr=(205,142) kasten=x191..219,y96..145 masken=40 | [14:(168,102)24x8 t=119 z=7616 DECKT] [15:(168,110)24x8 t=105 z=6720 DECKT] [16:(168,118)24x8 t=96 z=6144 DECKT] [17:(168,126)24x8 t=98 z=6272 DECKT] [18:(168,134)24x8 t=100 z=6400 DECKT] [38:(199,92)8x24 t=177 z=11328 frei] [39:(207,92)8x8 t=219 z=14016 frei]
F207     R1070 C2  hp=65   pos=( 12495,     0,  2523) rot=3629  vz= 8203/ 7883/ 7563 scr=(205,142) kasten=x191..219,y96..145 masken=40 | [14:(168,102)24x8 t=119 z=7616 DECKT] [15:(168,110)24x8 t=105 z=6720 DECKT] [16:(168,118)24x8 t=96 z=6144 DECKT] [17:(168,126)24x8 t=98 z=6272 DECKT] [18:(168,134)24x8 t=100 z=6400 DECKT] [38:(199,92)8x24 t=177 z=11328 frei] [39:(207,92)8x8 t=219 z=14016 frei]
F222     R1070 C2  hp=65   pos=( 14152,     0,  2015) rot=4565  vz= 9428/ 9108/ 8789 scr=(223,127) kasten=x211..235,y87..130 masken=40 | [37:(175,84)40x8 t=171 z=10944 frei] [39:(207,92)8x8 t=219 z=14016 frei]
F237     R1070 C2  hp=65   pos=( 16865,     0,  1507) rot=3989  vz=11543/11223/10904 scr=(238,108) kasten=x227..249,y75..111 masken=40 | keine Maske am Koerper
F252     R1070 C6  hp=65   pos=( 19560,     0,  2534) rot=3485  vz= 6826/ 6337/ 5849 scr=(215,156) kasten=x199..231,y102..159 masken=19 | [10:(192,121)8x24 t=57 z=3648 DECKT]
F267     R1070 C6  hp=65   pos=( 19857,     0,  3270) rot=2997  vz= 7229/ 6740/ 6252 scr=(194,144) kasten=x179..209,y93..147 masken=19 | [8:(176,121)8x72 t=58 z=3712 DECKT] [9:(184,121)8x48 t=57 z=3648 DECKT] [10:(192,121)8x24 t=57 z=3648 DECKT]
F282     R1070 C6  hp=65   pos=( 19857,     0,  3270) rot=3031  vz= 7229/ 6740/ 6252 scr=(194,144) kasten=x179..209,y93..147 masken=19 | [8:(176,121)8x72 t=58 z=3712 DECKT] [9:(184,121)8x48 t=57 z=3648 DECKT] [10:(192,121)8x24 t=57 z=3648 DECKT]
F297     R1070 C6  hp=65   pos=( 19857,     0,  3270) rot=3031  vz= 7229/ 6740/ 6252 scr=(194,144) kasten=x179..209,y93..147 masken=19 | [8:(176,121)8x72 t=58 z=3712 DECKT] [9:(184,121)8x48 t=57 z=3648 DECKT] [10:(192,121)8x24 t=57 z=3648 DECKT]
F312     R1070 C6  hp=65   pos=( 19857,     0,  3270) rot=3031  vz= 7229/ 6740/ 6252 scr=(194,144) kasten=x179..209,y93..147 masken=19 | [8:(176,121)8x72 t=58 z=3712 DECKT] [9:(184,121)8x48 t=57 z=3648 DECKT] [10:(192,121)8x24 t=57 z=3648 DECKT]
F327     R1070 C6  hp=65   pos=( 19857,     0,  3270) rot=3031  vz= 7229/ 6740/ 6252 scr=(194,144) kasten=x179..209,y93..147 masken=19 | [8:(176,121)8x72 t=58 z=3712 DECKT] [9:(184,121)8x48 t=57 z=3648 DECKT] [10:(192,121)8x24 t=57 z=3648 DECKT]
F342     R1070 C6  hp=65   pos=( 19857,     0,  3270) rot=3031  vz= 7229/ 6740/ 6252 scr=(194,144) kasten=x179..209,y93..147 masken=19 | [8:(176,121)8x72 t=58 z=3712 DECKT] [9:(184,121)8x48 t=57 z=3648 DECKT] [10:(192,121)8x24 t=57 z=3648 DECKT]
F357     R1070 C6  hp=65   pos=( 19622,     0,  3560) rot=1951  vz= 7135/ 6646/ 6157 scr=(185,147) kasten=x169..201,y95..150 masken=19 | [7:(160,121)16x72 t=54 z=3456 DECKT] [8:(176,121)8x72 t=58 z=3712 DECKT] [9:(184,121)8x48 t=57 z=3648 DECKT] [10:(192,121)8x24 t=57 z=3648 DECKT]
F372     R1070 C6  hp=65   pos=( 19190,     0,  1825) rot=1375  vz= 6378/ 5889/ 5400 scr=(236,171) kasten=x219..253,y113..174 masken=19 | keine Maske am Koerper
F387     R1070 C2  hp=65   pos=( 16504,     0,  1619) rot=2239  vz=11277/10957/10637 scr=(235,110) kasten=x224..246,y76..113 masken=40 | keine Maske am Koerper
F402     R1070 C2  hp=65   pos=( 14217,     0,  3249) rot=2887  vz= 9898/ 9578/ 9258 scr=(196,122) kasten=x184..208,y84..125 masken=40 | [14:(168,102)24x8 t=119 z=7616 DECKT] [15:(168,110)24x8 t=105 z=6720 DECKT] [16:(168,118)24x8 t=96 z=6144 DECKT] [37:(175,84)40x8 t=171 z=10944 frei] [38:(199,92)8x24 t=177 z=11328 frei] [39:(207,92)8x8 t=219 z=14016 frei]
F417     R1070 C2  hp=65   pos=( 13719,     0,  5866) rot=2791  vz=10358/10038/ 9718 scr=(143,118) kasten=x131..155,y81..121 masken=40 | [8:(112,78)24x8 t=106 z=6784 DECKT] [9:(112,86)32x8 t=103 z=6592 DECKT] [10:(112,94)48x8 t=99 z=6336 DECKT] [11:(112,102)56x16 t=101 z=6464 DECKT] [12:(112,118)56x16 t=91 z=5824 DECKT] [28:(111,76)64x8 t=222 z=14208 frei] [30:(135,84)16x8 t=112 z=7168 DECKT] [31:(151,84)8x24 t=200 z=12800 frei]
F432     R1070 C2  hp=65   pos=( 13636,     0,  6376) rot=2991  vz=10460/10140/ 9820 scr=(133,117) kasten=x122..144,y81..120 masken=40 | [8:(112,78)24x8 t=106 z=6784 DECKT] [9:(112,86)32x8 t=103 z=6592 DECKT] [10:(112,94)48x8 t=99 z=6336 DECKT] [11:(112,102)56x16 t=101 z=6464 DECKT] [12:(112,118)56x16 t=91 z=5824 DECKT] [28:(111,76)64x8 t=222 z=14208 frei] [29:(111,84)16x8 t=210 z=13440 frei] [30:(135,84)16x8 t=112 z=7168 DECKT]
F447     R1070 C2  hp=65   pos=( 13636,     0,  6376) rot=3009  vz=10460/10140/ 9820 scr=(133,117) kasten=x122..144,y81..120 masken=40 | [8:(112,78)24x8 t=106 z=6784 DECKT] [9:(112,86)32x8 t=103 z=6592 DECKT] [10:(112,94)48x8 t=99 z=6336 DECKT] [11:(112,102)56x16 t=101 z=6464 DECKT] [12:(112,118)56x16 t=91 z=5824 DECKT] [28:(111,76)64x8 t=222 z=14208 frei] [29:(111,84)16x8 t=210 z=13440 frei] [30:(135,84)16x8 t=112 z=7168 DECKT]
F462     R1070 C2  hp=65   pos=( 13636,     0,  6376) rot=3009  vz=10460/10140/ 9820 scr=(133,117) kasten=x122..144,y81..120 masken=40 | [8:(112,78)24x8 t=106 z=6784 DECKT] [9:(112,86)32x8 t=103 z=6592 DECKT] [10:(112,94)48x8 t=99 z=6336 DECKT] [11:(112,102)56x16 t=101 z=6464 DECKT] [12:(112,118)56x16 t=91 z=5824 DECKT] [28:(111,76)64x8 t=222 z=14208 frei] [29:(111,84)16x8 t=210 z=13440 frei] [30:(135,84)16x8 t=112 z=7168 DECKT]
F477     R1070 C2  hp=65   pos=( 13636,     0,  6376) rot=3009  vz=10460/10140/ 9820 scr=(133,117) kasten=x122..144,y81..120 masken=40 | [8:(112,78)24x8 t=106 z=6784 DECKT] [9:(112,86)32x8 t=103 z=6592 DECKT] [10:(112,94)48x8 t=99 z=6336 DECKT] [11:(112,102)56x16 t=101 z=6464 DECKT] [12:(112,118)56x16 t=91 z=5824 DECKT] [28:(111,76)64x8 t=222 z=14208 frei] [29:(111,84)16x8 t=210 z=13440 frei] [30:(135,84)16x8 t=112 z=7168 DECKT]
F492     R1070 C2  hp=65   pos=( 13589,     0,  6819) rot=2961  vz=10569/10249/ 9929 scr=(125,116) kasten=x114..136,y80..119 masken=40 | [8:(112,78)24x8 t=106 z=6784 DECKT] [9:(112,86)32x8 t=103 z=6592 DECKT] [10:(112,94)48x8 t=99 z=6336 DECKT] [11:(112,102)56x16 t=101 z=6464 DECKT] [12:(112,118)56x16 t=91 z=5824 DECKT] [28:(111,76)64x8 t=222 z=14208 frei] [29:(111,84)16x8 t=210 z=13440 frei] [30:(135,84)16x8 t=112 z=7168 DECKT]
F507     R1070 C3  hp=65   pos=( 12968,     0,  8136) rot=1881  vz= 6735/ 6481/ 6227 scr=(115,156) kasten=x99..131,y101..159 masken=56 | [3:(0,88)104x16 t=157 z=10048 frei] [42:(93,98)16x8 t=101 z=6464 DECKT] [43:(93,106)16x8 t=104 z=6656 DECKT] [44:(93,114)16x8 t=99 z=6336 DECKT] [45:(93,122)16x8 t=101 z=6464 DECKT] [46:(87,120)16x8 t=101 z=6464 DECKT] [47:(87,128)16x16 t=74 z=4736 DECKT] [48:(79,144)24x16 t=76 z=4864 DECKT] [53:(87,144)24x8 t=63 z=4032 DECKT] [54:(87,152)32x8 t=76 z=4864 DECKT]
F522     R1070 C2  hp=65   pos=( 13540,     0,  6395) rot=873   vz=10385/10065/ 9745 scr=(132,118) kasten=x120..144,y81..121 masken=40 | [8:(112,78)24x8 t=106 z=6784 DECKT] [9:(112,86)32x8 t=103 z=6592 DECKT] [10:(112,94)48x8 t=99 z=6336 DECKT] [11:(112,102)56x16 t=101 z=6464 DECKT] [12:(112,118)56x16 t=91 z=5824 DECKT] [28:(111,76)64x8 t=222 z=14208 frei] [29:(111,84)16x8 t=210 z=13440 frei] [30:(135,84)16x8 t=112 z=7168 DECKT]
F537     R1070 C2  hp=65   pos=( 13507,     0,  3514) rot=1305  vz= 9389/ 9069/ 8749 scr=(187,127) kasten=x175..199,y87..130 masken=40 | [14:(168,102)24x8 t=119 z=7616 DECKT] [15:(168,110)24x8 t=105 z=6720 DECKT] [16:(168,118)24x8 t=96 z=6144 DECKT] [17:(168,126)24x8 t=98 z=6272 DECKT] [37:(175,84)40x8 t=171 z=10944 frei]
F552     R1070 C2  hp=65   pos=( 11230,     0,  2065) rot=2169  vz= 6983/ 6663/ 6344 scr=(212,163) kasten=x196..228,y110..166 masken=40 | [38:(199,92)8x24 t=177 z=11328 frei]
F567     R1070 C1  hp=65   pos=(  8373,     0,  2655) rot=2313  vz= 8755/ 8463/ 8171 scr=(139,145) kasten=x126..152,y102..148 masken=43 | [3:(131,92)64x16 t=197 z=12608 frei] [4:(131,108)8x8 t=204 z=13056 frei]
F582     R1070 C1  hp=65   pos=(  7322,     0,  5259) rot=3033  vz=10307/10015/ 9723 scr=(187,128) kasten=x175..199,y91..131 masken=43 | [2:(131,76)64x16 t=190 z=12160 frei] [3:(131,92)64x16 t=197 z=12608 frei] [6:(195,76)24x16 t=192 z=12288 frei] [7:(195,92)24x8 t=196 z=12544 frei] [8:(195,100)16x8 t=197 z=12608 frei] [17:(155,112)40x8 t=119 z=7616 DECKT] [18:(155,120)40x8 t=110 z=7040 DECKT] [19:(155,128)40x8 t=111 z=7104 DECKT] [27:(195,104)56x8 t=118 z=7552 DECKT] [28:(195,112)56x8 t=120 z=7680 DECKT] [29:(195,120)56x16 t=69 z=4416 DECKT]
F597     R1070 C1  hp=65   pos=(  7157,     0,  8244) rot=3033  vz=11160/10868/10576 scr=(238,121) kasten=x227..249,y87..124 masken=43 | [10:(219,76)16x16 t=196 z=12544 frei] [11:(219,92)16x8 t=213 z=13632 frei] [15:(235,84)64x8 t=218 z=13952 frei] [16:(235,92)64x8 t=205 z=13120 frei] [26:(203,96)40x8 t=116 z=7424 DECKT] [27:(195,104)56x8 t=118 z=7552 DECKT] [28:(195,112)56x8 t=120 z=7680 DECKT] [29:(195,120)56x16 t=69 z=4416 DECKT]
F612     R1070 C5  hp=65   pos=(  6992,     0, 11229) rot=3033  vz= 6886/ 6594/ 6302 scr=(145,174) kasten=x129..161,y120..177 masken=45 | [30:(87,119)48x8 t=126 z=8064 frei] [37:(143,119)56x8 t=119 z=7616 frei]
F627     R1070 C5  hp=65   pos=(  5956,     0, 13770) rot=2457  vz= 6716/ 6424/ 6132 scr=(228,177) kasten=x212..244,y122..180 masken=45 | [43:(198,111)40x24 t=110 z=7040 frei]
F642     R1070 C5  hp=65   pos=(  3726,     0, 14683) rot=2097  vz= 8198/ 7906/ 7614 scr=(261,151) kasten=x247..275,y105..154 masken=45 | keine Maske am Koerper
F657     R1070 C5  hp=65   pos=(   955,     0, 13943) rot=1593  vz=10799/10507/10216 scr=(248,122) kasten=x237..259,y87..125 masken=45 | [41:(198,87)40x16 t=123 z=7872 DECKT] [42:(198,103)48x8 t=134 z=8576 DECKT] [43:(198,111)40x24 t=110 z=7040 DECKT] [44:(238,111)8x8 t=112 z=7168 DECKT]
F672     R1070 C5  hp=65   pos=(   955,     0, 13943) rot=749   vz=10799/10507/10216 scr=(248,122) kasten=x237..259,y87..125 masken=45 | [41:(198,87)40x16 t=123 z=7872 DECKT] [42:(198,103)48x8 t=134 z=8576 DECKT] [43:(198,111)40x24 t=110 z=7040 DECKT] [44:(238,111)8x8 t=112 z=7168 DECKT]
F687     R1070 C5  hp=65   pos=(   955,     0, 13943) rot=747   vz=10799/10507/10216 scr=(248,122) kasten=x237..259,y87..125 masken=45 | [41:(198,87)40x16 t=123 z=7872 DECKT] [42:(198,103)48x8 t=134 z=8576 DECKT] [43:(198,111)40x24 t=110 z=7040 DECKT] [44:(238,111)8x8 t=112 z=7168 DECKT]
F702     R1070 C5  hp=65   pos=(   955,     0, 13943) rot=747   vz=10799/10507/10216 scr=(248,122) kasten=x237..259,y87..125 masken=45 | [41:(198,87)40x16 t=123 z=7872 DECKT] [42:(198,103)48x8 t=134 z=8576 DECKT] [43:(198,111)40x24 t=110 z=7040 DECKT] [44:(238,111)8x8 t=112 z=7168 DECKT]
F717     R1070 C5  hp=65   pos=(  1852,     0, 13437) rot=-93   vz=10259/ 9968/ 9676 scr=(235,127) kasten=x223..247,y90..130 masken=45 | [41:(198,87)40x16 t=123 z=7872 DECKT] [42:(198,103)48x8 t=134 z=8576 DECKT] [43:(198,111)40x24 t=110 z=7040 DECKT] [44:(238,111)8x8 t=112 z=7168 DECKT]
F732     R1070 C5  hp=65   pos=(  3429,     0, 14674) rot=-21   vz= 8448/ 8156/ 7865 scr=(261,148) kasten=x247..275,y104..151 masken=45 | keine Maske am Koerper
F747     R1070 C4  hp=65   pos=(  6414,     0, 14674) rot=-21   vz=10360/10076/ 9792 scr=(194,117) kasten=x182..206,y80..120 masken=23 | keine Maske am Koerper
F762     R1070 C4  hp=65   pos=(  9399,     0, 14674) rot=-21   vz= 7613/ 7329/ 7045 scr=(197,146) kasten=x182..212,y97..149 masken=23 | keine Maske am Koerper
F777     R1070 C7  hp=65   pos=( 12384,     0, 14674) rot=-21   vz= 8042/ 7426/ 6810 scr=( 96,131) kasten=x82..110,y85..134 masken=20 | [1:(55,128)32x8 t=85 z=5440 DECKT]
F792     R1070 C7  hp=65   pos=( 15369,     0, 14674) rot=-21   vz= 8696/ 8080/ 7464 scr=(166,109) kasten=x153..179,y66..112 masken=20 | keine Maske am Koerper
F807     R1070 C3  hp=65   pos=( 18301,     0, 14392) rot=339   vz=13588/13334/13080 scr=(196,101) kasten=x187..205,y72..104 masken=56 | [10:(184,67)48x8 t=173 z=11072 DECKT] [11:(160,75)80x16 t=162 z=10368 DECKT] [13:(168,91)72x8 t=123 z=7872 DECKT] [14:(184,99)56x8 t=120 z=7680 DECKT] [37:(173,93)16x8 t=123 z=7872 DECKT] [38:(173,101)16x8 t=125 z=8000 DECKT]
F822     R1070 C3  hp=65   pos=( 19187,     0, 14098) rot=987   vz=13499/13245/12991 scr=(210,101) kasten=x201..219,y72..104 masken=56 | [10:(184,67)48x8 t=173 z=11072 DECKT] [11:(160,75)80x16 t=162 z=10368 DECKT] [13:(168,91)72x8 t=123 z=7872 DECKT] [14:(184,99)56x8 t=120 z=7680 DECKT]
F837     R1070 C3  hp=65   pos=( 20500,     0, 12757) rot=699   vz=12534/12280/12027 scr=(240,106) kasten=x230..250,y75..109 masken=56 | [11:(160,75)80x16 t=162 z=10368 DECKT] [13:(168,91)72x8 t=123 z=7872 DECKT] [14:(184,99)56x8 t=120 z=7680 DECKT] [15:(192,107)48x8 t=106 z=6784 DECKT] [20:(240,75)32x16 t=80 z=5120 DECKT] [21:(240,91)32x16 t=85 z=5440 DECKT] [22:(240,107)32x16 t=72 z=4608 DECKT]
F852     R1070 C3  hp=65   pos=( 20181,     0,  9815) rot=1131  vz= 9761/ 9507/ 9253 scr=(270,122) kasten=x258..282,y83..125 masken=56 | [20:(240,75)32x16 t=80 z=5120 DECKT] [21:(240,91)32x16 t=85 z=5440 DECKT] [22:(240,107)32x16 t=72 z=4608 DECKT] [23:(240,123)32x8 t=77 z=4928 DECKT] [27:(272,91)48x8 t=112 z=7168 DECKT] [28:(272,99)48x8 t=117 z=7488 DECKT] [29:(272,107)48x16 t=101 z=6464 DECKT] [30:(272,123)48x16 t=75 z=4800 DECKT]
F867     R1070 C6  hp=65   pos=( 19701,     0,  6860) rot=1131  vz= 8041/ 7552/ 7063 scr=(103,124) kasten=x89..117,y78..127 masken=19 | [0:(88,105)24x72 t=60 z=3840 DECKT] [1:(112,105)16x72 t=58 z=3712 DECKT]
F882     R1070 C6  hp=55   pos=( 19920,     0,  7645) rot=1083  vz= 8400/ 7911/ 7423 scr=( 89,117) kasten=x75..103,y72..120 masken=19 | [0:(88,105)24x72 t=60 z=3840 DECKT] [17:(72,101)8x64 t=62 z=3968 DECKT] [18:(80,101)8x72 t=61 z=3904 DECKT]
F897     R1070 C6  hp=55   pos=( 20067,     0,  7502) rot=1083  vz= 8469/ 7980/ 7492 scr=( 94,115) kasten=x80..108,y71..118 masken=19 | [0:(88,105)24x72 t=60 z=3840 DECKT] [18:(80,101)8x72 t=61 z=3904 DECKT]
F912     R1070 C6  hp=45   pos=( 19920,     0,  7645) rot=1083  vz= 8400/ 7911/ 7423 scr=( 89,117) kasten=x75..103,y72..120 masken=19 | [0:(88,105)24x72 t=60 z=3840 DECKT] [17:(72,101)8x64 t=62 z=3968 DECKT] [18:(80,101)8x72 t=61 z=3904 DECKT]
F927     R1070 C6  hp=45   pos=( 19845,     0,  7526) rot=1083  vz= 8316/ 7827/ 7338 scr=( 90,119) kasten=x76..104,y74..122 masken=19 | [0:(88,105)24x72 t=60 z=3840 DECKT] [17:(72,101)8x64 t=62 z=3968 DECKT] [18:(80,101)8x72 t=61 z=3904 DECKT]
F942     R1070 C6  hp=45   pos=( 19965,     0,  7564) rot=1083  vz= 8412/ 7923/ 7434 scr=( 91,117) kasten=x77..105,y72..120 masken=19 | [0:(88,105)24x72 t=60 z=3840 DECKT] [17:(72,101)8x64 t=62 z=3968 DECKT] [18:(80,101)8x72 t=61 z=3904 DECKT]
F957     R1070 C6  hp=45   pos=( 19953,     0,  7263) rot=1083  vz= 8326/ 7837/ 7348 scr=( 98,118) kasten=x84..112,y73..121 masken=19 | [0:(88,105)24x72 t=60 z=3840 DECKT] [18:(80,101)8x72 t=61 z=3904 DECKT]
F972     R1070 C6  hp=45   pos=( 19789,     0,  8025) rot=1083  vz= 8404/ 7915/ 7426 scr=( 79,117) kasten=x65..93,y72..120 masken=19 | [0:(88,105)24x72 t=60 z=3840 DECKT] [16:(56,93)16x72 t=63 z=4032 DECKT] [17:(72,101)8x64 t=62 z=3968 DECKT] [18:(80,101)8x72 t=61 z=3904 DECKT]
F987     R1070 C6  hp=45   pos=( 19674,     0,  6649) rot=1083  vz= 7967/ 7478/ 6990 scr=(107,125) kasten=x93..121,y78..128 masken=19 | [0:(88,105)24x72 t=60 z=3840 DECKT] [1:(112,105)16x72 t=58 z=3712 DECKT]
F1002    R1070 C6  hp=45   pos=( 19622,     0,  3668) rot=1155  vz= 7162/ 6674/ 6185 scr=(182,146) kasten=x166..198,y94..149 masken=19 | [7:(160,121)16x72 t=54 z=3456 DECKT] [8:(176,121)8x72 t=58 z=3712 DECKT] [9:(184,121)8x48 t=57 z=3648 DECKT] [10:(192,121)8x24 t=57 z=3648 DECKT]
F1017    R1070 C2  hp=45   pos=( 17920,     0,  2427) rot=2235  vz=12742/12422/12102 scr=(223,100) kasten=x213..233,y70..103 masken=40 | [35:(175,68)40x16 t=170 z=10880 DECKT] [36:(215,68)8x8 t=242 z=15488 frei] [37:(175,84)40x8 t=171 z=10944 DECKT] [39:(207,92)8x8 t=219 z=14016 frei]
F1032    R1070 C2  hp=45   pos=( 15051,     0,  2144) rot=1803  vz=10229/ 9909/ 9589 scr=(222,119) kasten=x210..234,y82..122 masken=40 | [35:(175,68)40x16 t=170 z=10880 frei] [37:(175,84)40x8 t=171 z=10944 frei] [39:(207,92)8x8 t=219 z=14016 frei]
F1047    R1070 C2  hp=45   pos=( 12126,     0,  1866) rot=2091  vz= 7671/ 7351/ 7032 scr=(221,151) kasten=x206..236,y102..154 masken=40 | [38:(199,92)8x24 t=177 z=11328 frei]
F1062    R1070 C1  hp=45   pos=(  9141,     0,  2061) rot=2091  vz= 7931/ 7639/ 7347 scr=(127,157) kasten=x113..141,y110..160 masken=43 | [4:(131,108)8x8 t=204 z=13056 frei]
F1077    R1070 C1  hp=45   pos=(  6156,     0,  2256) rot=2091  vz=10635/10343/10051 scr=(124,125) kasten=x113..135,y89..128 masken=43 | [2:(131,76)64x16 t=190 z=12160 frei] [3:(131,92)64x16 t=197 z=12608 frei] [4:(131,108)8x8 t=204 z=13056 frei]
F1092    R1070 C1  hp=45   pos=(  3171,     0,  2451) rot=2091  vz=13339/13047/12755 scr=(123,107) kasten=x113..133,y78..110 masken=43 | [2:(131,76)64x16 t=190 z=12160 DECKT] [3:(131,92)64x16 t=197 z=12608 DECKT] [4:(131,108)8x8 t=204 z=13056 DECKT]
F1107    R1070 C0  hp=45   pos=(   700,     0,  3526) rot=2739  vz= 7891/ 7694/ 7497 scr=(145,169) kasten=x131..159,y122..172 masken=21 | [7:(153,143)8x56 t=94 z=6016 DECKT]
F4       R1030 C7  hp=45   pos=(-18000,     0, -3500) rot=2048  vz= 9272/ 9129/ 8986 scr=(137,150) kasten=x124..150,y109..153 masken=8 | keine Maske am Koerper
F19      R1030 C7  hp=45   pos=(-19246,     0, -4061) rot=1616  vz= 8196/ 8053/ 7910 scr=(155,160) kasten=x141..169,y114..163 masken=8 | keine Maske am Koerper
F34      R1030 C7  hp=45   pos=(-19313,     0, -4744) rot=536   vz= 8279/ 8136/ 7993 scr=(171,159) kasten=x157..185,y114..162 masken=8 | keine Maske am Koerper
F49      R1030 C5  hp=45   pos=(-17648,     0, -6544) rot=1040  vz=11792/11718/11644 scr=(167,154) kasten=x157..177,y122..157 masken=22 | [10:(163,125)72x8 t=120 z=7680 DECKT] [11:(163,133)72x8 t=116 z=7424 DECKT] [18:(173,141)16x48 t=123 z=7872 DECKT]
F64      R1030 C5  hp=45   pos=(-17929,     0, -7496) rot=1256  vz=10995/10921/10847 scr=(157,158) kasten=x146..168,y123..161 masken=22 | [3:(143,63)8x88 t=204 z=13056 frei] [10:(163,125)72x8 t=120 z=7680 DECKT] [11:(163,133)72x8 t=116 z=7424 DECKT]
F79      R1030 C12 hp=45   pos=(-17929,     0, -7496) rot=695   vz=-7832/-8030/-8229 scr=(160,120) kasten=x148..172,y123..123 masken=36 | [32:(146,121)32x8 t=126 z=8064 frei]
F94      R1030 C12 hp=45   pos=(-17929,     0, -7496) rot=695   vz=-7832/-8030/-8229 scr=(160,120) kasten=x148..172,y123..123 masken=36 | [32:(146,121)32x8 t=126 z=8064 frei]
F109     R1030 C12 hp=45   pos=(-17929,     0, -7496) rot=695   vz=-7832/-8030/-8229 scr=(160,120) kasten=x148..172,y123..123 masken=36 | [32:(146,121)32x8 t=126 z=8064 frei]
F124     R1030 C12 hp=45   pos=(-17929,     0, -7496) rot=695   vz=-7832/-8030/-8229 scr=(160,120) kasten=x148..172,y123..123 masken=36 | [32:(146,121)32x8 t=126 z=8064 frei]
F139     R1030 C12 hp=45   pos=(-17929,     0, -7496) rot=695   vz=-7832/-8030/-8229 scr=(160,120) kasten=x148..172,y123..123 masken=36 | [32:(146,121)32x8 t=126 z=8064 frei]
F154     R1030 C12 hp=45   pos=(-17929,     0, -7496) rot=695   vz=-7832/-8030/-8229 scr=(160,120) kasten=x148..172,y123..123 masken=36 | [32:(146,121)32x8 t=126 z=8064 frei]
F169     R1030 C12 hp=45   pos=(-17929,     0, -7496) rot=695   vz=-7832/-8030/-8229 scr=(160,120) kasten=x148..172,y123..123 masken=36 | [32:(146,121)32x8 t=126 z=8064 frei]
F184     R1030 C12 hp=45   pos=(-17929,     0, -7496) rot=695   vz=-7832/-8030/-8229 scr=(160,120) kasten=x148..172,y123..123 masken=36 | [32:(146,121)32x8 t=126 z=8064 frei]
F199     R1030 C12 hp=45   pos=(-17929,     0, -7496) rot=695   vz=-7832/-8030/-8229 scr=(160,120) kasten=x148..172,y123..123 masken=36 | [32:(146,121)32x8 t=126 z=8064 frei]
F214     R1030 C12 hp=45   pos=(-17929,     0, -7496) rot=695   vz=-7832/-8030/-8229 scr=(160,120) kasten=x148..172,y123..123 masken=36 | [32:(146,121)32x8 t=126 z=8064 frei]
F229     R1030 C12 hp=45   pos=(-17929,     0, -7496) rot=695   vz=-7832/-8030/-8229 scr=(160,120) kasten=x148..172,y123..123 masken=36 | [32:(146,121)32x8 t=126 z=8064 frei]
F244     R1030 C12 hp=45   pos=(-17929,     0, -7496) rot=695   vz=-7832/-8030/-8229 scr=(160,120) kasten=x148..172,y123..123 masken=36 | [32:(146,121)32x8 t=126 z=8064 frei]
F259     R1030 C12 hp=45   pos=(-17929,     0, -7496) rot=695   vz=-7832/-8030/-8229 scr=(160,120) kasten=x148..172,y123..123 masken=36 | [32:(146,121)32x8 t=126 z=8064 frei]
F274     R1030 C12 hp=45   pos=(-17929,     0, -7496) rot=695   vz=-7832/-8030/-8229 scr=(160,120) kasten=x148..172,y123..123 masken=36 | [32:(146,121)32x8 t=126 z=8064 frei]
F289     R1030 C12 hp=45   pos=(-17929,     0, -7496) rot=695   vz=-7832/-8030/-8229 scr=(160,120) kasten=x148..172,y123..123 masken=36 | [32:(146,121)32x8 t=126 z=8064 frei]
F304     R1030 C11 hp=45   pos=(-17929,     0, -7496) rot=695   vz=17623/17581/17540 scr=(270,143) kasten=x262..278,y120..146 masken=41 | [4:(248,117)40x8 t=243 z=15552 DECKT] [5:(264,125)24x16 t=239 z=15296 DECKT] [6:(256,141)32x8 t=244 z=15616 DECKT] [39:(254,89)16x56 t=295 z=18880 frei] [40:(270,89)8x40 t=303 z=19392 frei]
F319     R1030 C11 hp=45   pos=(-17929,     0, -7496) rot=695   vz=17623/17581/17540 scr=(270,143) kasten=x262..278,y120..146 masken=41 | [4:(248,117)40x8 t=243 z=15552 DECKT] [5:(264,125)24x16 t=239 z=15296 DECKT] [6:(256,141)32x8 t=244 z=15616 DECKT] [39:(254,89)16x56 t=295 z=18880 frei] [40:(270,89)8x40 t=303 z=19392 frei]
F334     R1030 C11 hp=45   pos=(-17929,     0, -7496) rot=695   vz=17623/17581/17540 scr=(270,143) kasten=x262..278,y120..146 masken=41 | [4:(248,117)40x8 t=243 z=15552 DECKT] [5:(264,125)24x16 t=239 z=15296 DECKT] [6:(256,141)32x8 t=244 z=15616 DECKT] [39:(254,89)16x56 t=295 z=18880 frei] [40:(270,89)8x40 t=303 z=19392 frei]
F349     R1030 C11 hp=45   pos=(-17929,     0, -7496) rot=695   vz=17623/17581/17540 scr=(270,143) kasten=x262..278,y120..146 masken=41 | [4:(248,117)40x8 t=243 z=15552 DECKT] [5:(264,125)24x16 t=239 z=15296 DECKT] [6:(256,141)32x8 t=244 z=15616 DECKT] [39:(254,89)16x56 t=295 z=18880 frei] [40:(270,89)8x40 t=303 z=19392 frei]
F364     R1030 C11 hp=45   pos=(-17929,     0, -7496) rot=695   vz=17623/17581/17540 scr=(270,143) kasten=x262..278,y120..146 masken=41 | [4:(248,117)40x8 t=243 z=15552 DECKT] [5:(264,125)24x16 t=239 z=15296 DECKT] [6:(256,141)32x8 t=244 z=15616 DECKT] [39:(254,89)16x56 t=295 z=18880 frei] [40:(270,89)8x40 t=303 z=19392 frei]
F379     R1030 C11 hp=45   pos=(-17929,     0, -7496) rot=695   vz=17623/17581/17540 scr=(270,143) kasten=x262..278,y120..146 masken=41 | [4:(248,117)40x8 t=243 z=15552 DECKT] [5:(264,125)24x16 t=239 z=15296 DECKT] [6:(256,141)32x8 t=244 z=15616 DECKT] [39:(254,89)16x56 t=295 z=18880 frei] [40:(270,89)8x40 t=303 z=19392 frei]
F394     R1030 C11 hp=45   pos=(-17929,     0, -7496) rot=695   vz=17623/17581/17540 scr=(270,143) kasten=x262..278,y120..146 masken=41 | [4:(248,117)40x8 t=243 z=15552 DECKT] [5:(264,125)24x16 t=239 z=15296 DECKT] [6:(256,141)32x8 t=244 z=15616 DECKT] [39:(254,89)16x56 t=295 z=18880 frei] [40:(270,89)8x40 t=303 z=19392 frei]
F409     R1030 C11 hp=45   pos=(-17929,     0, -7496) rot=695   vz=17623/17581/17540 scr=(270,143) kasten=x262..278,y120..146 masken=41 | [4:(248,117)40x8 t=243 z=15552 DECKT] [5:(264,125)24x16 t=239 z=15296 DECKT] [6:(256,141)32x8 t=244 z=15616 DECKT] [39:(254,89)16x56 t=295 z=18880 frei] [40:(270,89)8x40 t=303 z=19392 frei]
F424     R1030 C11 hp=45   pos=(-17929,     0, -7496) rot=695   vz=17623/17581/17540 scr=(270,143) kasten=x262..278,y120..146 masken=41 | [4:(248,117)40x8 t=243 z=15552 DECKT] [5:(264,125)24x16 t=239 z=15296 DECKT] [6:(256,141)32x8 t=244 z=15616 DECKT] [39:(254,89)16x56 t=295 z=18880 frei] [40:(270,89)8x40 t=303 z=19392 frei]
F439     R1030 C11 hp=45   pos=(-17929,     0, -7496) rot=695   vz=17623/17581/17540 scr=(270,143) kasten=x262..278,y120..146 masken=41 | [4:(248,117)40x8 t=243 z=15552 DECKT] [5:(264,125)24x16 t=239 z=15296 DECKT] [6:(256,141)32x8 t=244 z=15616 DECKT] [39:(254,89)16x56 t=295 z=18880 frei] [40:(270,89)8x40 t=303 z=19392 frei]
F454     R1030 C11 hp=45   pos=(-17929,     0, -7496) rot=695   vz=17623/17581/17540 scr=(270,143) kasten=x262..278,y120..146 masken=41 | [4:(248,117)40x8 t=243 z=15552 DECKT] [5:(264,125)24x16 t=239 z=15296 DECKT] [6:(256,141)32x8 t=244 z=15616 DECKT] [39:(254,89)16x56 t=295 z=18880 frei] [40:(270,89)8x40 t=303 z=19392 frei]
F469     R1030 C11 hp=45   pos=(-17929,     0, -7496) rot=695   vz=17623/17581/17540 scr=(270,143) kasten=x262..278,y120..146 masken=41 | [4:(248,117)40x8 t=243 z=15552 DECKT] [5:(264,125)24x16 t=239 z=15296 DECKT] [6:(256,141)32x8 t=244 z=15616 DECKT] [39:(254,89)16x56 t=295 z=18880 frei] [40:(270,89)8x40 t=303 z=19392 frei]
F484     R1030 C11 hp=45   pos=(-17929,     0, -7496) rot=695   vz=17623/17581/17540 scr=(270,143) kasten=x262..278,y120..146 masken=41 | [4:(248,117)40x8 t=243 z=15552 DECKT] [5:(264,125)24x16 t=239 z=15296 DECKT] [6:(256,141)32x8 t=244 z=15616 DECKT] [39:(254,89)16x56 t=295 z=18880 frei] [40:(270,89)8x40 t=303 z=19392 frei]
F499     R1030 C11 hp=45   pos=(-17929,     0, -7496) rot=695   vz=17623/17581/17540 scr=(270,143) kasten=x262..278,y120..146 masken=41 | [4:(248,117)40x8 t=243 z=15552 DECKT] [5:(264,125)24x16 t=239 z=15296 DECKT] [6:(256,141)32x8 t=244 z=15616 DECKT] [39:(254,89)16x56 t=295 z=18880 frei] [40:(270,89)8x40 t=303 z=19392 frei]
F514     R1030 C5  hp=45   pos=(-17929,     0, -7496) rot=695   vz=10995/10921/10847 scr=(157,158) kasten=x146..168,y123..161 masken=22 | [3:(143,63)8x88 t=204 z=13056 frei] [10:(163,125)72x8 t=120 z=7680 DECKT] [11:(163,133)72x8 t=116 z=7424 DECKT]
F529     R1030 C5  hp=45   pos=(-16934,     0, -9446) rot=839   vz= 8829/ 8755/ 8681 scr=(162,172) kasten=x149..175,y129..175 masken=22 | [3:(143,63)8x88 t=204 z=13056 frei] [10:(163,125)72x8 t=120 z=7680 DECKT] [11:(163,133)72x8 t=116 z=7424 DECKT] [18:(173,141)16x48 t=123 z=7872 DECKT]
F544     R1030 C5  hp=45   pos=(-16394,     0,-12326) rot=623   vz= 5945/ 5871/ 5798 scr=(147,208) kasten=x129..165,y146..211 masken=22 | [1:(127,63)8x88 t=177 z=11328 frei] [2:(135,63)8x88 t=191 z=12224 frei] [3:(143,63)8x88 t=204 z=13056 frei]
F559     R1030 C11 hp=45   pos=(-14985,     0,-14888) rot=839   vz=12456/12414/12373 scr=(215,157) kasten=x205..225,y126..160 masken=41 | [0:(202,128)16x24 t=237 z=15168 frei]
F574     R1030 C11 hp=45   pos=(-13496,     0,-16508) rot=479   vz=10524/10482/10441 scr=(204,166) kasten=x193..215,y130..169 masken=41 | [0:(202,128)16x24 t=237 z=15168 frei]
F589     R1030 C1  hp=45   pos=(-12347,     0,-16681) rot=949   vz= 6162/ 6099/ 6036 scr=( 87,207) kasten=x69..105,y147..210 masken=26 | [21:(80,152)8x8 t=176 z=11264 frei] [22:(88,144)8x16 t=180 z=11520 frei] [23:(96,136)40x24 t=204 z=13056 frei]
F604     R1030 C1  hp=40   pos=(-12331,     0,-16368) rot=949   vz= 6437/ 6374/ 6311 scr=( 86,203) kasten=x69..103,y146..206 masken=26 | [21:(80,152)8x8 t=176 z=11264 frei] [22:(88,144)8x16 t=180 z=11520 frei] [23:(96,136)40x24 t=204 z=13056 frei]
F619     R1030 C1  hp=40   pos=(-12344,     0,-16584) rot=949   vz= 6246/ 6183/ 6120 scr=( 87,206) kasten=x70..104,y147..209 masken=26 | [21:(80,152)8x8 t=176 z=11264 frei] [22:(88,144)8x16 t=180 z=11520 frei] [23:(96,136)40x24 t=204 z=13056 frei]
F634     R1030 C1  hp=35   pos=(-12386,     0,-16576) rot=949   vz= 6231/ 6168/ 6105 scr=( 85,206) kasten=x67..103,y147..209 masken=26 | [21:(80,152)8x8 t=176 z=11264 frei] [22:(88,144)8x16 t=180 z=11520 frei] [23:(96,136)40x24 t=204 z=13056 frei]
F649     R1030 C1  hp=35   pos=(-12276,     0,-16593) rot=949   vz= 6274/ 6211/ 6148 scr=( 89,205) kasten=x72..106,y146..208 masken=26 | [21:(80,152)8x8 t=176 z=11264 frei] [22:(88,144)8x16 t=180 z=11520 frei] [23:(96,136)40x24 t=204 z=13056 frei]
# RE1.5 Port — BEFUND-LOG (Sep 13 2026 14:00:49)
# Eine Zeile je 15 Bilder, dazu jede F9-MARKE.
# Spalten:
#   F<n>        Bildnummer
#   R<xxxx> C<n> Raum und Kamerawinkel
#   pos=(x,y,z) Weltlage der Figur, rot = Blickrichtung (0..4095)
#   vz=a/b/c    Kamera-Tiefe von FUSS / HUEFTE / KOPF
#   scr=(x,y)   Fusspunkt im 320x240-Bild
#   kasten=...  geschaetzter Bildkasten der Figur (Messgroesse)
#   masken=n    geladene Vordergrund-Masken dieses Winkels
#   [i:(x,y)wxh t=T z=Z DECKT|frei]  jede Maske, die den Kasten beruehrt.
#       Der Zeichner verdeckt, solange die Figur-Tiefe GROESSER als z ist
#       (z = T*64). 'frei' heisst: die Figur steht VOR dieser Maske.
# ---------------------------------------------------------------
F0       R1240 C0  hp=100  pos=(-26214,     0, -3861) rot=0     vz=-10207/-10258/-10308 scr=(160,120) kasten=x148..172,y123..123 masken=0 | keine Maske am Koerper
F664     R1030 C1  hp=35   pos=(-12355,     0,-16742) rot=949   vz= 6105/ 6043/ 5980 scr=( 88,208) kasten=x70..106,y148..211 masken=26 | [21:(80,152)8x8 t=176 z=11264 frei] [22:(88,144)8x16 t=180 z=11520 frei] [23:(96,136)40x24 t=204 z=13056 frei]
F15      R1240 C0  hp=100  pos=(-26214,     0, -3861) rot=0     vz=-10207/-10258/-10308 scr=(160,120) kasten=x148..172,y123..123 masken=0 | keine Maske am Koerper
F679     R1030 C1  hp=35   pos=(-12621,     0,-16119) rot=949   vz= 6498/ 6435/ 6372 scr=( 74,202) kasten=x57..91,y145..205 masken=26 | [21:(80,152)8x8 t=176 z=11264 frei] [22:(88,144)8x16 t=180 z=11520 frei]
F30      R1240 C0  hp=100  pos=(-26214,     0, -3861) rot=0     vz=-10207/-10258/-10308 scr=(160,120) kasten=x148..172,y123..123 masken=0 | keine Maske am Koerper
F694     R1030 C1  hp=35   pos=(-12496,     0,-16839) rot=877   vz= 5949/ 5886/ 5823 scr=( 83,211) kasten=x65..101,y149..214 masken=26 | [21:(80,152)8x8 t=176 z=11264 frei] [22:(88,144)8x16 t=180 z=11520 frei] [23:(96,136)40x24 t=204 z=13056 frei]
F709     R1030 C1  hp=35   pos=(-10127,     0,-18348) rot=157   vz= 5899/ 5836/ 5773 scr=(181,212) kasten=x163..199,y150..215 masken=26 | keine Maske am Koerper
F724     R1030 C9  hp=35   pos=( -8421,     0,-19603) rot=589   vz=10952/10901/10851 scr=(152,165) kasten=x141..163,y130..168 masken=42 | [19:(122,124)56x8 t=243 z=15552 frei] [20:(138,132)32x8 t=244 z=15616 frei] [21:(138,140)16x8 t=244 z=15616 frei]
# RE1.5 Port — BEFUND-LOG (Sep 13 2026 14:00:49)
# Eine Zeile je 15 Bilder, dazu jede F9-MARKE.
# Spalten:
#   F<n>        Bildnummer
#   R<xxxx> C<n> Raum und Kamerawinkel
#   pos=(x,y,z) Weltlage der Figur, rot = Blickrichtung (0..4095)
#   vz=a/b/c    Kamera-Tiefe von FUSS / HUEFTE / KOPF
#   scr=(x,y)   Fusspunkt im 320x240-Bild
#   kasten=...  geschaetzter Bildkasten der Figur (Messgroesse)
#   masken=n    geladene Vordergrund-Masken dieses Winkels
#   [i:(x,y)wxh t=T z=Z DECKT|frei]  jede Maske, die den Kasten beruehrt.
#       Der Zeichner verdeckt, solange die Figur-Tiefe GROESSER als z ist
#       (z = T*64). 'frei' heisst: die Figur steht VOR dieser Maske.
# ---------------------------------------------------------------
F0       R1240 C0  hp=100  pos=(-26214,     0, -3861) rot=0     vz=-10207/-10258/-10308 scr=(160,120) kasten=x148..172,y123..123 masken=0 | keine Maske am Koerper
F739     R1030 C9  hp=35   pos=( -8421,     0,-19603) rot=589   vz=10952/10901/10851 scr=(152,165) kasten=x141..163,y130..168 masken=42 | [19:(122,124)56x8 t=243 z=15552 frei] [20:(138,132)32x8 t=244 z=15616 frei] [21:(138,140)16x8 t=244 z=15616 frei]
F15      R1240 C0  hp=100  pos=(-26214,     0, -3861) rot=0     vz=-10207/-10258/-10308 scr=(160,120) kasten=x148..172,y123..123 masken=0 | keine Maske am Koerper
F754     R1030 C9  hp=35   pos=( -8421,     0,-19603) rot=1187  vz=10952/10901/10851 scr=(152,165) kasten=x141..163,y130..168 masken=42 | [19:(122,124)56x8 t=243 z=15552 frei] [20:(138,132)32x8 t=244 z=15616 frei] [21:(138,140)16x8 t=244 z=15616 frei]
F30      R1240 C0  hp=100  pos=(-26214,     0, -3861) rot=0     vz=-10207/-10258/-10308 scr=(160,120) kasten=x148..172,y123..123 masken=0 | keine Maske am Koerper
F769     R1030 C9  hp=35   pos=( -8421,     0,-19603) rot=1187  vz=10952/10901/10851 scr=(152,165) kasten=x141..163,y130..168 masken=42 | [19:(122,124)56x8 t=243 z=15552 frei] [20:(138,132)32x8 t=244 z=15616 frei] [21:(138,140)16x8 t=244 z=15616 frei]
F784     R1030 C9  hp=35   pos=( -8421,     0,-19603) rot=1187  vz=10952/10901/10851 scr=(152,165) kasten=x141..163,y130..168 masken=42 | [19:(122,124)56x8 t=243 z=15552 frei] [20:(138,132)32x8 t=244 z=15616 frei] [21:(138,140)16x8 t=244 z=15616 frei]
F799     R1030 C9  hp=35   pos=( -8421,     0,-19603) rot=1187  vz=10952/10901/10851 scr=(152,165) kasten=x141..163,y130..168 masken=42 | [19:(122,124)56x8 t=243 z=15552 frei] [20:(138,132)32x8 t=244 z=15616 frei] [21:(138,140)16x8 t=244 z=15616 frei]
F814     R1030 C9  hp=35   pos=( -8421,     0,-19603) rot=1187  vz=10952/10901/10851 scr=(152,165) kasten=x141..163,y130..168 masken=42 | [19:(122,124)56x8 t=243 z=15552 frei] [20:(138,132)32x8 t=244 z=15616 frei] [21:(138,140)16x8 t=244 z=15616 frei]
# RE1.5 Port — BEFUND-LOG (Sep 13 2026 14:00:49)
# Eine Zeile je 15 Bilder, dazu jede F9-MARKE.
# Spalten:
#   F<n>        Bildnummer
#   R<xxxx> C<n> Raum und Kamerawinkel
#   pos=(x,y,z) Weltlage der Figur, rot = Blickrichtung (0..4095)
#   vz=a/b/c    Kamera-Tiefe von FUSS / HUEFTE / KOPF
#   scr=(x,y)   Fusspunkt im 320x240-Bild
#   kasten=...  geschaetzter Bildkasten der Figur (Messgroesse)
#   masken=n    geladene Vordergrund-Masken dieses Winkels
#   [i:(x,y)wxh t=T z=Z DECKT|frei]  jede Maske, die den Kasten beruehrt.
#       Der Zeichner verdeckt, solange die Figur-Tiefe GROESSER als z ist
#       (z = T*64). 'frei' heisst: die Figur steht VOR dieser Maske.
# ---------------------------------------------------------------
F0       R1240 C0  hp=100  pos=(-26214,     0, -3861) rot=0     vz=-10207/-10258/-10308 scr=(160,120) kasten=x148..172,y123..123 masken=0 | keine Maske am Koerper

=========== MARKE 1 (F9) ===========
  Bild: C:/workspace/git/reAi_v2/re15_port/build/platform/pc/befund_1030_F817_marke1.bmp
F817     R1030 C9  hp=35   pos=( -8421,     0,-19603) rot=1187  vz=10952/10901/10851 scr=(152,165) kasten=x141..163,y130..168 masken=42 | [19:(122,124)56x8 t=243 z=15552 frei] [20:(138,132)32x8 t=244 z=15616 frei] [21:(138,140)16x8 t=244 z=15616 frei]
  alle 42 Masken dieses Winkels (Nr:(x,y)bxh Tiefe -> Kamera-z):
      0:(265,131) 40x56  t=101 z=6464    1:(267, 79) 40x56  t=99  z=6336    2:(  0,113) 40x8   t=161 z=10304   3:(  0,121) 48x16  t=162 z=10368
      4:(  0,137) 16x40  t=151 z=9664    5:( 16,137) 16x32  t=162 z=10368   6:( 32,137)  8x32  t=155 z=9920    7:( 40,137)  8x32  t=163 z=10432
      8:( 23, 83)  8x40  t=175 z=11200   9:( 31, 83)  8x48  t=174 z=11136  10:( 39, 83)  8x80  t=178 z=11392  11:( 47, 83)  8x80  t=185 z=11840
     12:( 51,118) 32x8   t=205 z=13120  13:( 51,126) 48x8   t=208 z=13312  14:( 51,134) 16x24  t=201 z=12864  15:( 67,134) 16x24  t=207 z=13248
     16:( 83,134) 16x24  t=209 z=13376  17:(122,108) 56x8   t=241 z=15424  18:(122,116) 56x8   t=242 z=15488  19:(122,124) 56x8   t=243 z=15552
     20:(138,132) 32x8   t=244 z=15616  21:(138,140) 16x8   t=244 z=15616  22:(177,108) 80x8   t=212 z=13568  23:(177,116) 80x8   t=213 z=13632
     24:(177,124) 48x8   t=214 z=13696  25:(241,124) 16x8   t=203 z=12992  26:(177,132) 16x8   t=208 z=13312  27:(201,132)  8x8   t=218 z=13952
     28:(241,132) 16x8   t=204 z=13056  29:(177,140) 16x8   t=208 z=13312  30:(201,140)  8x16  t=219 z=14016  31:(241,140) 16x24  t=205 z=13120
     32:(  0,208)  8x32  t=64  z=4096   33:(  8,208) 16x32  t=64  z=4096   34:( 24,208)  8x32  t=64  z=4096   35:( 32,216)  8x24  t=64  z=4096 
     36:( 40,224) 16x16  t=64  z=4096   37:( 56,216) 16x24  t=64  z=4096   38:( 72,224) 16x16  t=64  z=4096   39:( 88,224) 16x16  t=64  z=4096 
     40:(104,224)  8x16  t=64  z=4096   41:(112,232)  8x8   t=64  z=4096 
  Gegner im Raum:
     1  typ=0x16 st=2 ss= 7/1  clip=4   bild=37  hp=68   dist=5904   pos=(-10940,  1095,-24966) rot=3799  spd=0    fl22a=0000 grid=00 anim=0000
     2  typ=0x16 st=1 ss= 0/1  clip=5   bild=11  hp=82   dist=6312   pos=(-12240,     0,-24648) rot=3095  spd=0    fl22a=0000 grid=00 anim=1004
     3  typ=0x16 st=1 ss= 1/1  clip=2   bild=42  hp=75   dist=4222   pos=(-11917,     0,-21955) rot=3273  spd=0    fl22a=0000 grid=00 anim=2004
     4  typ=0x16 st=3 ss= 7/1  clip=7   bild=39  hp=-54  dist=3629   pos=( -8848,     0,-23213) rot=3153  spd=0    fl22a=0000 grid=00 anim=1000
     5  typ=0x16 st=7 ss= 1/0  clip=23  bild=3   hp=-1   dist=4344   pos=(-12388,     0,-17761) rot=2997  spd=0    fl22a=0000 grid=00 anim=1000
     6  typ=0x16 st=1 ss= 0/0  clip=5   bild=0   hp=10   dist=2839   pos=( -9159,     0,-22353) rot=3245  spd=0    fl22a=0000 grid=00 anim=2000
  Opfer-FSM des Spielers: state=0 typ=0x16
  Gezeichnete Dreiecke: Kamera-z 10353..11260 (Maskentiefe 161..175)
====================================
F829     R1030 C9  hp=35   pos=( -8421,     0,-19603) rot=1187  vz=10952/10901/10851 scr=(152,165) kasten=x141..163,y130..168 masken=42 | [19:(122,124)56x8 t=243 z=15552 frei] [20:(138,132)32x8 t=244 z=15616 frei] [21:(138,140)16x8 t=244 z=15616 frei]
F15      R1240 C0  hp=100  pos=(-26214,     0, -3861) rot=0     vz=-10207/-10258/-10308 scr=(160,120) kasten=x148..172,y123..123 masken=0 | keine Maske am Koerper
F844     R1030 C9  hp=35   pos=( -8421,     0,-19603) rot=1187  vz=10952/10901/10851 scr=(152,165) kasten=x141..163,y130..168 masken=42 | [19:(122,124)56x8 t=243 z=15552 frei] [20:(138,132)32x8 t=244 z=15616 frei] [21:(138,140)16x8 t=244 z=15616 frei]
F30      R1240 C0  hp=100  pos=(-26214,     0, -3861) rot=0     vz=-10207/-10258/-10308 scr=(160,120) kasten=x148..172,y123..123 masken=0 | keine Maske am Koerper
F859     R1030 C9  hp=35   pos=( -8421,     0,-19603) rot=1763  vz=10952/10901/10851 scr=(152,165) kasten=x141..163,y130..168 masken=42 | [19:(122,124)56x8 t=243 z=15552 frei] [20:(138,132)32x8 t=244 z=15616 frei] [21:(138,140)16x8 t=244 z=15616 frei]
F45      R1240 C0  hp=100  pos=(-26214,     0, -3861) rot=0     vz=-10207/-10258/-10308 scr=(160,120) kasten=x148..172,y123..123 masken=0 | keine Maske am Koerper
F874     R1030 C9  hp=35   pos=( -8563,     0,-19559) rot=1955  vz=10859/10808/10758 scr=(154,165) kasten=x143..165,y130..168 masken=42 | [19:(122,124)56x8 t=243 z=15552 frei] [20:(138,132)32x8 t=244 z=15616 frei] [21:(138,140)16x8 t=244 z=15616 frei]
F60      R1240 C0  hp=-1   pos=(-26214,     0, -3861) rot=0     vz=-10207/-10258/-10308 scr=(160,120) kasten=x148..172,y123..123 masken=0 | keine Maske am Koerper
F889     R1030 C9  hp=35   pos=( -8563,     0,-19559) rot=1747  vz=10859/10808/10758 scr=(154,165) kasten=x143..165,y130..168 masken=42 | [19:(122,124)56x8 t=243 z=15552 frei] [20:(138,132)32x8 t=244 z=15616 frei] [21:(138,140)16x8 t=244 z=15616 frei]
F75      R1240 C0  hp=-1   pos=(-26214,     0, -3861) rot=0     vz=-10207/-10258/-10308 scr=(160,120) kasten=x148..172,y123..123 masken=0 | keine Maske am Koerper
F904     R1030 C9  hp=35   pos=( -8563,     0,-19559) rot=1751  vz=10859/10808/10758 scr=(154,165) kasten=x143..165,y130..168 masken=42 | [19:(122,124)56x8 t=243 z=15552 frei] [20:(138,132)32x8 t=244 z=15616 frei] [21:(138,140)16x8 t=244 z=15616 frei]
F90      R1240 C0  hp=-1   pos=(-26214,     0, -3861) rot=0     vz=-10207/-10258/-10308 scr=(160,120) kasten=x148..172,y123..123 masken=0 | keine Maske am Koerper
F919     R1030 C9  hp=35   pos=( -8563,     0,-19559) rot=1463  vz=10859/10808/10758 scr=(154,165) kasten=x143..165,y130..168 masken=42 | [19:(122,124)56x8 t=243 z=15552 frei] [20:(138,132)32x8 t=244 z=15616 frei] [21:(138,140)16x8 t=244 z=15616 frei]
F105     R1240 C0  hp=-1   pos=(-26214,     0, -3861) rot=0     vz=-10207/-10258/-10308 scr=(160,120) kasten=x148..172,y123..123 masken=0 | keine Maske am Koerper
F934     R1030 C9  hp=35   pos=( -8563,     0,-19559) rot=839   vz=10859/10808/10758 scr=(154,165) kasten=x143..165,y130..168 masken=42 | [19:(122,124)56x8 t=243 z=15552 frei] [20:(138,132)32x8 t=244 z=15616 frei] [21:(138,140)16x8 t=244 z=15616 frei]
F120     R1240 C0  hp=-1   pos=(-26214,     0, -3861) rot=0     vz=-10207/-10258/-10308 scr=(160,120) kasten=x148..172,y123..123 masken=0 | keine Maske am Koerper
F949     R1030 C9  hp=35   pos=( -8563,     0,-19559) rot=815   vz=10859/10808/10758 scr=(154,165) kasten=x143..165,y130..168 masken=42 | [19:(122,124)56x8 t=243 z=15552 frei] [20:(138,132)32x8 t=244 z=15616 frei] [21:(138,140)16x8 t=244 z=15616 frei]
F135     R1240 C0  hp=-1   pos=(-26214,     0, -3861) rot=0     vz=-10207/-10258/-10308 scr=(160,120) kasten=x148..172,y123..123 masken=0 | keine Maske am Koerper
F964     R1030 C9  hp=35   pos=( -8710,     0,-19097) rot=815   vz=10376/10325/10275 scr=(153,168) kasten=x141..165,y131..171 masken=42 | [19:(122,124)56x8 t=243 z=15552 frei] [20:(138,132)32x8 t=244 z=15616 frei] [21:(138,140)16x8 t=244 z=15616 frei]
F150     R1240 C0  hp=-1   pos=(-26214,     0, -3861) rot=0     vz= 3571/ 3353/ 3135 scr=(160,142) kasten=x131..189,y40..145 masken=0 | keine Maske am Koerper
F979     R1030 C9  hp=35   pos=( -8857,     0,-18635) rot=815   vz= 9893/ 9843/ 9792 scr=(152,171) kasten=x140..164,y133..174 masken=42 | [20:(138,132)32x8 t=244 z=15616 frei] [21:(138,140)16x8 t=244 z=15616 frei]
F165     R1240 C1  hp=-1   pos=(-26214,     0, -3861) rot=0     vz= 4399/ 3944/ 3490 scr=(160,134) kasten=x136..184,y51..137 masken=0 | keine Maske am Koerper
F994     R1030 C9  hp=35   pos=( -8857,     0,-18635) rot=815   vz= 9893/ 9843/ 9792 scr=(152,171) kasten=x140..164,y133..174 masken=42 | [20:(138,132)32x8 t=244 z=15616 frei] [21:(138,140)16x8 t=244 z=15616 frei]
F180     R1240 C1  hp=-1   pos=(-26214,     0, -3861) rot=0     vz= 5514/ 4933/ 4353 scr=(160,129) kasten=x141..179,y62..132 masken=0 | keine Maske am Koerper
F1009    R1030 C9  hp=35   pos=( -8857,     0,-18635) rot=815   vz= 9893/ 9843/ 9792 scr=(152,171) kasten=x140..164,y133..174 masken=42 | [20:(138,132)32x8 t=244 z=15616 frei] [21:(138,140)16x8 t=244 z=15616 frei]
F195     R1240 C1  hp=-1   pos=(-26214,     0, -3861) rot=0     vz= 6760/ 6116/ 5473 scr=(160,126) kasten=x144..176,y71..129 masken=0 | keine Maske am Koerper
F1024    R1030 C9  hp=35   pos=( -8857,     0,-18635) rot=815   vz= 9893/ 9843/ 9792 scr=(152,171) kasten=x140..164,y133..174 masken=42 | [20:(138,132)32x8 t=244 z=15616 frei] [21:(138,140)16x8 t=244 z=15616 frei]
F210     R1240 C1  hp=-1   pos=(-26214,     0, -3861) rot=0     vz= 8111/ 7432/ 6753 scr=(160,124) kasten=x146..174,y78..127 masken=0 | keine Maske am Koerper
F225     R1240 C1  hp=-1   pos=(-26214,     0, -3861) rot=0     vz= 9512/ 8811/ 8111 scr=(160,122) kasten=x148..172,y82..125 masken=0 | keine Maske am Koerper
F240     R1240 C1  hp=-1   pos=(-26214,     0, -3861) rot=0     vz=10954/10239/ 9524 scr=(160,122) kasten=x149..171,y87..125 masken=0 | keine Maske am Koerper
F255     R1240 C1  hp=-1   pos=(-26214,     0, -3861) rot=0     vz=12376/11653/10931 scr=(160,121) kasten=x150..170,y90..124 masken=0 | keine Maske am Koerper
F270     R1240 C1  hp=-1   pos=(-26214,     0, -3861) rot=0     vz=13826/13097/12369 scr=(160,121) kasten=x151..169,y93..124 masken=0 | keine Maske am Koerper
F285     R1240 C1  hp=-1   pos=(-26214,     0, -3861) rot=0     vz=15297/14564/13831 scr=(160,121) kasten=x151..169,y95..124 masken=0 | keine Maske am Koerper
F300     R1240 C1  hp=-1   pos=(-26214,     0, -3861) rot=0     vz=16749/16014/15278 scr=(160,120) kasten=x152..168,y96..123 masken=0 | keine Maske am Koerper
F315     R1240 C1  hp=-1   pos=(-26214,     0, -3861) rot=0     vz=18276/17536/16797 scr=(160,120) kasten=x152..168,y98..123 masken=0 | keine Maske am Koerper
F9       R1240 C0  hp=100  pos=(-26214,     0, -3861) rot=0     vz=-10207/-10258/-10308 scr=(160,120) kasten=x148..172,y123..123 masken=0 | keine Maske am Koerper
F24      R1240 C0  hp=100  pos=(-26214,     0, -3861) rot=0     vz=-10207/-10258/-10308 scr=(160,120) kasten=x148..172,y123..123 masken=0 | keine Maske am Koerper
F39      R1240 C0  hp=100  pos=(-26214,     0, -3861) rot=0     vz=-10207/-10258/-10308 scr=(160,120) kasten=x148..172,y123..123 masken=0 | keine Maske am Koerper
F54      R1240 C0  hp=100  pos=(-26214,     0, -3861) rot=0     vz=-10207/-10258/-10308 scr=(160,120) kasten=x148..172,y123..123 masken=0 | keine Maske am Koerper
F69      R1240 C0  hp=-1   pos=(-26214,     0, -3861) rot=0     vz=-10207/-10258/-10308 scr=(160,120) kasten=x148..172,y123..123 masken=0 | keine Maske am Koerper
F84      R1240 C0  hp=-1   pos=(-26214,     0, -3861) rot=0     vz=-10207/-10258/-10308 scr=(160,120) kasten=x148..172,y123..123 masken=0 | keine Maske am Koerper
F99      R1240 C0  hp=-1   pos=(-26214,     0, -3861) rot=0     vz=-10207/-10258/-10308 scr=(160,120) kasten=x148..172,y123..123 masken=0 | keine Maske am Koerper
F114     R1240 C0  hp=-1   pos=(-26214,     0, -3861) rot=0     vz=-10207/-10258/-10308 scr=(160,120) kasten=x148..172,y123..123 masken=0 | keine Maske am Koerper
F129     R1240 C0  hp=-1   pos=(-26214,     0, -3861) rot=0     vz=-10207/-10258/-10308 scr=(160,120) kasten=x148..172,y123..123 masken=0 | keine Maske am Koerper
F144     R1240 C0  hp=-1   pos=(-26214,     0, -3861) rot=0     vz= 3380/ 3289/ 3198 scr=(160,144) kasten=x130..190,y37..147 masken=0 | keine Maske am Koerper
F159     R1240 C0  hp=-1   pos=(-26214,     0, -3861) rot=0     vz= 4014/ 3640/ 3265 scr=(160,137) kasten=x134..186,y46..140 masken=0 | keine Maske am Koerper
F174     R1240 C1  hp=-1   pos=(-26214,     0, -3861) rot=0     vz= 5048/ 4508/ 3967 scr=(160,131) kasten=x139..181,y58..134 masken=0 | keine Maske am Koerper
F189     R1240 C1  hp=-1   pos=(-26214,     0, -3861) rot=0     vz= 6246/ 5623/ 5001 scr=(160,127) kasten=x143..177,y68..130 masken=0 | keine Maske am Koerper
F204     R1240 C1  hp=-1   pos=(-26214,     0, -3861) rot=0     vz= 7575/ 6907/ 6239 scr=(160,124) kasten=x145..175,y75..127 masken=0 | keine Maske am Koerper
F219     R1240 C1  hp=-1   pos=(-26214,     0, -3861) rot=0     vz= 8994/ 8298/ 7601 scr=(160,123) kasten=x147..173,y81..126 masken=0 | keine Maske am Koerper
F234     R1240 C1  hp=-1   pos=(-26214,     0, -3861) rot=0     vz=10379/ 9669/ 8959 scr=(160,122) kasten=x148..172,y85..125 masken=0 | keine Maske am Koerper
F249     R1240 C1  hp=-1   pos=(-26214,     0, -3861) rot=0     vz=11809/11089/10369 scr=(160,121) kasten=x150..170,y89..124 masken=0 | keine Maske am Koerper
# RE1.5 Port — BEFUND-LOG (Sep 13 2026 14:00:49)
# Eine Zeile je 15 Bilder, dazu jede F9-MARKE.
# Spalten:
#   F<n>        Bildnummer
#   R<xxxx> C<n> Raum und Kamerawinkel
#   pos=(x,y,z) Weltlage der Figur, rot = Blickrichtung (0..4095)
#   vz=a/b/c    Kamera-Tiefe von FUSS / HUEFTE / KOPF
#   scr=(x,y)   Fusspunkt im 320x240-Bild
#   kasten=...  geschaetzter Bildkasten der Figur (Messgroesse)
#   masken=n    geladene Vordergrund-Masken dieses Winkels
#   [i:(x,y)wxh t=T z=Z DECKT|frei]  jede Maske, die den Kasten beruehrt.
#       Der Zeichner verdeckt, solange die Figur-Tiefe GROESSER als z ist
#       (z = T*64). 'frei' heisst: die Figur steht VOR dieser Maske.
# ---------------------------------------------------------------
F0       R1150 C2  hp=65   pos=(-22685,     0,-19651) rot=-6389 vz= 5639/ 5376/ 5112 scr=( 99,190) kasten=x80..118,y125..193 masken=54 | [0:(78,105)24x24 t=107 z=6848 frei] [1:(102,105)24x24 t=87 z=5568 DECKT] [6:(78,129)24x24 t=90 z=5760 frei] [7:(102,129)40x24 t=89 z=5696 frei] [9:(78,153)24x24 t=95 z=6080 frei] [10:(102,153)40x24 t=95 z=6080 frei] [31:(70,185)24x24 t=39 z=2496 DECKT] [33:(94,185)24x24 t=43 z=2752 DECKT]
F264     R1240 C1  hp=-1   pos=(-26214,     0, -3861) rot=0     vz=13223/12498/11773 scr=(160,121) kasten=x150..170,y92..124 masken=0 | keine Maske am Koerper
F15      R1150 C2  hp=65   pos=(-22685,     0,-19651) rot=-6389 vz= 5639/ 5376/ 5112 scr=( 99,190) kasten=x80..118,y125..193 masken=54 | [0:(78,105)24x24 t=107 z=6848 frei] [1:(102,105)24x24 t=87 z=5568 DECKT] [6:(78,129)24x24 t=90 z=5760 frei] [7:(102,129)40x24 t=89 z=5696 frei] [9:(78,153)24x24 t=95 z=6080 frei] [10:(102,153)40x24 t=95 z=6080 frei] [31:(70,185)24x24 t=39 z=2496 DECKT] [33:(94,185)24x24 t=43 z=2752 DECKT]
F279     R1240 C1  hp=-1   pos=(-26214,     0, -3861) rot=0     vz=14703/13972/13241 scr=(160,121) kasten=x151..169,y94..124 masken=0 | keine Maske am Koerper
F30      R1150 C2  hp=65   pos=(-22490,     0,-19576) rot=-6389 vz= 5451/ 5187/ 4923 scr=(100,195) kasten=x80..120,y128..198 masken=54 | [0:(78,105)24x24 t=107 z=6848 frei] [1:(102,105)24x24 t=87 z=5568 frei] [6:(78,129)24x24 t=90 z=5760 frei] [7:(102,129)40x24 t=89 z=5696 frei] [9:(78,153)24x24 t=95 z=6080 frei] [10:(102,153)40x24 t=95 z=6080 frei] [31:(70,185)24x24 t=39 z=2496 DECKT] [33:(94,185)24x24 t=43 z=2752 DECKT] [35:(118,185)24x24 t=42 z=2688 DECKT]
F45      R1150 C2  hp=65   pos=(-22490,     0,-19576) rot=-6389 vz= 5451/ 5187/ 4923 scr=(100,195) kasten=x80..120,y128..198 masken=54 | [0:(78,105)24x24 t=107 z=6848 frei] [1:(102,105)24x24 t=87 z=5568 frei] [6:(78,129)24x24 t=90 z=5760 frei] [7:(102,129)40x24 t=89 z=5696 frei] [9:(78,153)24x24 t=95 z=6080 frei] [10:(102,153)40x24 t=95 z=6080 frei] [31:(70,185)24x24 t=39 z=2496 DECKT] [33:(94,185)24x24 t=43 z=2752 DECKT] [35:(118,185)24x24 t=42 z=2688 DECKT]
F294     R1240 C1  hp=-1   pos=(-26214,     0, -3861) rot=0     vz=16163/15428/14694 scr=(160,120) kasten=x152..168,y96..123 masken=0 | keine Maske am Koerper
F60      R1150 C2  hp=65   pos=(-22490,     0,-19576) rot=-6389 vz= 5451/ 5187/ 4923 scr=(100,195) kasten=x80..120,y128..198 masken=54 | [0:(78,105)24x24 t=107 z=6848 frei] [1:(102,105)24x24 t=87 z=5568 frei] [6:(78,129)24x24 t=90 z=5760 frei] [7:(102,129)40x24 t=89 z=5696 frei] [9:(78,153)24x24 t=95 z=6080 frei] [10:(102,153)40x24 t=95 z=6080 frei] [31:(70,185)24x24 t=39 z=2496 DECKT] [33:(94,185)24x24 t=43 z=2752 DECKT] [35:(118,185)24x24 t=42 z=2688 DECKT]
F309     R1240 C1  hp=-1   pos=(-26214,     0, -3861) rot=0     vz=17706/16966/16226 scr=(160,120) kasten=x152..168,y98..123 masken=0 | keine Maske am Koerper
F75      R1150 C2  hp=65   pos=(-22490,     0,-19576) rot=-6389 vz= 5451/ 5187/ 4923 scr=(100,195) kasten=x80..120,y128..198 masken=54 | [0:(78,105)24x24 t=107 z=6848 frei] [1:(102,105)24x24 t=87 z=5568 frei] [6:(78,129)24x24 t=90 z=5760 frei] [7:(102,129)40x24 t=89 z=5696 frei] [9:(78,153)24x24 t=95 z=6080 frei] [10:(102,153)40x24 t=95 z=6080 frei] [31:(70,185)24x24 t=39 z=2496 DECKT] [33:(94,185)24x24 t=43 z=2752 DECKT] [35:(118,185)24x24 t=42 z=2688 DECKT]
F90      R1150 C2  hp=65   pos=(-22490,     0,-19576) rot=-6389 vz= 5451/ 5187/ 4923 scr=(100,195) kasten=x80..120,y128..198 masken=54 | [0:(78,105)24x24 t=107 z=6848 frei] [1:(102,105)24x24 t=87 z=5568 frei] [6:(78,129)24x24 t=90 z=5760 frei] [7:(102,129)40x24 t=89 z=5696 frei] [9:(78,153)24x24 t=95 z=6080 frei] [10:(102,153)40x24 t=95 z=6080 frei] [31:(70,185)24x24 t=39 z=2496 DECKT] [33:(94,185)24x24 t=43 z=2752 DECKT] [35:(118,185)24x24 t=42 z=2688 DECKT]
F105     R1150 C2  hp=65   pos=(-22490,     0,-19576) rot=-6389 vz= 5451/ 5187/ 4923 scr=(100,195) kasten=x80..120,y128..198 masken=54 | [0:(78,105)24x24 t=107 z=6848 frei] [1:(102,105)24x24 t=87 z=5568 frei] [6:(78,129)24x24 t=90 z=5760 frei] [7:(102,129)40x24 t=89 z=5696 frei] [9:(78,153)24x24 t=95 z=6080 frei] [10:(102,153)40x24 t=95 z=6080 frei] [31:(70,185)24x24 t=39 z=2496 DECKT] [33:(94,185)24x24 t=43 z=2752 DECKT] [35:(118,185)24x24 t=42 z=2688 DECKT]
F120     R1150 C2  hp=65   pos=(-22490,     0,-19576) rot=-6389 vz= 5451/ 5187/ 4923 scr=(100,195) kasten=x80..120,y128..198 masken=54 | [0:(78,105)24x24 t=107 z=6848 frei] [1:(102,105)24x24 t=87 z=5568 frei] [6:(78,129)24x24 t=90 z=5760 frei] [7:(102,129)40x24 t=89 z=5696 frei] [9:(78,153)24x24 t=95 z=6080 frei] [10:(102,153)40x24 t=95 z=6080 frei] [31:(70,185)24x24 t=39 z=2496 DECKT] [33:(94,185)24x24 t=43 z=2752 DECKT] [35:(118,185)24x24 t=42 z=2688 DECKT]
F135     R1150 C2  hp=65   pos=(-22490,     0,-19576) rot=-6389 vz= 5451/ 5187/ 4923 scr=(100,195) kasten=x80..120,y128..198 masken=54 | [0:(78,105)24x24 t=107 z=6848 frei] [1:(102,105)24x24 t=87 z=5568 frei] [6:(78,129)24x24 t=90 z=5760 frei] [7:(102,129)40x24 t=89 z=5696 frei] [9:(78,153)24x24 t=95 z=6080 frei] [10:(102,153)40x24 t=95 z=6080 frei] [31:(70,185)24x24 t=39 z=2496 DECKT] [33:(94,185)24x24 t=43 z=2752 DECKT] [35:(118,185)24x24 t=42 z=2688 DECKT]
# RE1.5 Port — BEFUND-LOG (Sep 13 2026 14:00:49)
# Eine Zeile je 15 Bilder, dazu jede F9-MARKE.
# Spalten:
#   F<n>        Bildnummer
#   R<xxxx> C<n> Raum und Kamerawinkel
#   pos=(x,y,z) Weltlage der Figur, rot = Blickrichtung (0..4095)
#   vz=a/b/c    Kamera-Tiefe von FUSS / HUEFTE / KOPF
#   scr=(x,y)   Fusspunkt im 320x240-Bild
#   kasten=...  geschaetzter Bildkasten der Figur (Messgroesse)
#   masken=n    geladene Vordergrund-Masken dieses Winkels
#   [i:(x,y)wxh t=T z=Z DECKT|frei]  jede Maske, die den Kasten beruehrt.
#       Der Zeichner verdeckt, solange die Figur-Tiefe GROESSER als z ist
#       (z = T*64). 'frei' heisst: die Figur steht VOR dieser Maske.
# ---------------------------------------------------------------
F0       R1240 C0  hp=100  pos=(-26214,     0, -3861) rot=0     vz=-10207/-10258/-10308 scr=(160,120) kasten=x148..172,y123..123 masken=0 | keine Maske am Koerper
F150     R1150 C2  hp=65   pos=(-22490,     0,-19576) rot=-6389 vz= 5451/ 5187/ 4923 scr=(100,195) kasten=x80..120,y128..198 masken=54 | [0:(78,105)24x24 t=107 z=6848 frei] [1:(102,105)24x24 t=87 z=5568 frei] [6:(78,129)24x24 t=90 z=5760 frei] [7:(102,129)40x24 t=89 z=5696 frei] [9:(78,153)24x24 t=95 z=6080 frei] [10:(102,153)40x24 t=95 z=6080 frei] [31:(70,185)24x24 t=39 z=2496 DECKT] [33:(94,185)24x24 t=43 z=2752 DECKT] [35:(118,185)24x24 t=42 z=2688 DECKT]
F15      R1240 C0  hp=100  pos=(-26214,     0, -3861) rot=0     vz=-10207/-10258/-10308 scr=(160,120) kasten=x148..172,y123..123 masken=0 | keine Maske am Koerper
F165     R1150 C2  hp=65   pos=(-22490,     0,-19576) rot=-6389 vz= 5451/ 5187/ 4923 scr=(100,195) kasten=x80..120,y128..198 masken=54 | [0:(78,105)24x24 t=107 z=6848 frei] [1:(102,105)24x24 t=87 z=5568 frei] [6:(78,129)24x24 t=90 z=5760 frei] [7:(102,129)40x24 t=89 z=5696 frei] [9:(78,153)24x24 t=95 z=6080 frei] [10:(102,153)40x24 t=95 z=6080 frei] [31:(70,185)24x24 t=39 z=2496 DECKT] [33:(94,185)24x24 t=43 z=2752 DECKT] [35:(118,185)24x24 t=42 z=2688 DECKT]
F180     R1150 C2  hp=65   pos=(-22490,     0,-19576) rot=-6389 vz= 5451/ 5187/ 4923 scr=(100,195) kasten=x80..120,y128..198 masken=54 | [0:(78,105)24x24 t=107 z=6848 frei] [1:(102,105)24x24 t=87 z=5568 frei] [6:(78,129)24x24 t=90 z=5760 frei] [7:(102,129)40x24 t=89 z=5696 frei] [9:(78,153)24x24 t=95 z=6080 frei] [10:(102,153)40x24 t=95 z=6080 frei] [31:(70,185)24x24 t=39 z=2496 DECKT] [33:(94,185)24x24 t=43 z=2752 DECKT] [35:(118,185)24x24 t=42 z=2688 DECKT]
F195     R1150 C2  hp=65   pos=(-22490,     0,-19576) rot=-6389 vz= 5451/ 5187/ 4923 scr=(100,195) kasten=x80..120,y128..198 masken=54 | [0:(78,105)24x24 t=107 z=6848 frei] [1:(102,105)24x24 t=87 z=5568 frei] [6:(78,129)24x24 t=90 z=5760 frei] [7:(102,129)40x24 t=89 z=5696 frei] [9:(78,153)24x24 t=95 z=6080 frei] [10:(102,153)40x24 t=95 z=6080 frei] [31:(70,185)24x24 t=39 z=2496 DECKT] [33:(94,185)24x24 t=43 z=2752 DECKT] [35:(118,185)24x24 t=42 z=2688 DECKT]
F210     R1150 C2  hp=65   pos=(-22490,     0,-19576) rot=-6389 vz= 5451/ 5187/ 4923 scr=(100,195) kasten=x80..120,y128..198 masken=54 | [0:(78,105)24x24 t=107 z=6848 frei] [1:(102,105)24x24 t=87 z=5568 frei] [6:(78,129)24x24 t=90 z=5760 frei] [7:(102,129)40x24 t=89 z=5696 frei] [9:(78,153)24x24 t=95 z=6080 frei] [10:(102,153)40x24 t=95 z=6080 frei] [31:(70,185)24x24 t=39 z=2496 DECKT] [33:(94,185)24x24 t=43 z=2752 DECKT] [35:(118,185)24x24 t=42 z=2688 DECKT]
F225     R1150 C2  hp=65   pos=(-22490,     0,-19576) rot=-6389 vz= 5451/ 5187/ 4923 scr=(100,195) kasten=x80..120,y128..198 masken=54 | [0:(78,105)24x24 t=107 z=6848 frei] [1:(102,105)24x24 t=87 z=5568 frei] [6:(78,129)24x24 t=90 z=5760 frei] [7:(102,129)40x24 t=89 z=5696 frei] [9:(78,153)24x24 t=95 z=6080 frei] [10:(102,153)40x24 t=95 z=6080 frei] [31:(70,185)24x24 t=39 z=2496 DECKT] [33:(94,185)24x24 t=43 z=2752 DECKT] [35:(118,185)24x24 t=42 z=2688 DECKT]
F240     R1150 C2  hp=65   pos=(-22490,     0,-19576) rot=-6389 vz= 5451/ 5187/ 4923 scr=(100,195) kasten=x80..120,y128..198 masken=54 | [0:(78,105)24x24 t=107 z=6848 frei] [1:(102,105)24x24 t=87 z=5568 frei] [6:(78,129)24x24 t=90 z=5760 frei] [7:(102,129)40x24 t=89 z=5696 frei] [9:(78,153)24x24 t=95 z=6080 frei] [10:(102,153)40x24 t=95 z=6080 frei] [31:(70,185)24x24 t=39 z=2496 DECKT] [33:(94,185)24x24 t=43 z=2752 DECKT] [35:(118,185)24x24 t=42 z=2688 DECKT]
F255     R1150 C2  hp=65   pos=(-22490,     0,-19576) rot=-6389 vz= 5451/ 5187/ 4923 scr=(100,195) kasten=x80..120,y128..198 masken=54 | [0:(78,105)24x24 t=107 z=6848 frei] [1:(102,105)24x24 t=87 z=5568 frei] [6:(78,129)24x24 t=90 z=5760 frei] [7:(102,129)40x24 t=89 z=5696 frei] [9:(78,153)24x24 t=95 z=6080 frei] [10:(102,153)40x24 t=95 z=6080 frei] [31:(70,185)24x24 t=39 z=2496 DECKT] [33:(94,185)24x24 t=43 z=2752 DECKT] [35:(118,185)24x24 t=42 z=2688 DECKT]
F270     R1150 C2  hp=65   pos=(-22295,     0,-19501) rot=-6389 vz= 5263/ 4999/ 4735 scr=(100,201) kasten=x80..120,y131..204 masken=54 | [6:(78,129)24x24 t=90 z=5760 frei] [7:(102,129)40x24 t=89 z=5696 frei] [9:(78,153)24x24 t=95 z=6080 frei] [10:(102,153)40x24 t=95 z=6080 frei] [31:(70,185)24x24 t=39 z=2496 DECKT] [33:(94,185)24x24 t=43 z=2752 DECKT] [35:(118,185)24x24 t=42 z=2688 DECKT]
F285     R1150 C2  hp=65   pos=(-22571,     0,-19609) rot=-6485 vz= 5530/ 5266/ 5002 scr=( 99,193) kasten=x80..118,y127..196 masken=54 | [0:(78,105)24x24 t=107 z=6848 frei] [1:(102,105)24x24 t=87 z=5568 frei] [6:(78,129)24x24 t=90 z=5760 frei] [7:(102,129)40x24 t=89 z=5696 frei] [9:(78,153)24x24 t=95 z=6080 frei] [10:(102,153)40x24 t=95 z=6080 frei] [31:(70,185)24x24 t=39 z=2496 DECKT] [33:(94,185)24x24 t=43 z=2752 DECKT]
F300     R1150 C2  hp=65   pos=(-22571,     0,-19609) rot=-7541 vz= 5530/ 5266/ 5002 scr=( 99,193) kasten=x80..118,y127..196 masken=54 | [0:(78,105)24x24 t=107 z=6848 frei] [1:(102,105)24x24 t=87 z=5568 frei] [6:(78,129)24x24 t=90 z=5760 frei] [7:(102,129)40x24 t=89 z=5696 frei] [9:(78,153)24x24 t=95 z=6080 frei] [10:(102,153)40x24 t=95 z=6080 frei] [31:(70,185)24x24 t=39 z=2496 DECKT] [33:(94,185)24x24 t=43 z=2752 DECKT]
F315     R1150 C2  hp=65   pos=(-22571,     0,-19609) rot=-8501 vz= 5530/ 5266/ 5002 scr=( 99,193) kasten=x80..118,y127..196 masken=54 | [0:(78,105)24x24 t=107 z=6848 frei] [1:(102,105)24x24 t=87 z=5568 frei] [6:(78,129)24x24 t=90 z=5760 frei] [7:(102,129)40x24 t=89 z=5696 frei] [9:(78,153)24x24 t=95 z=6080 frei] [10:(102,153)40x24 t=95 z=6080 frei] [31:(70,185)24x24 t=39 z=2496 DECKT] [33:(94,185)24x24 t=43 z=2752 DECKT]
F330     R1150 C2  hp=65   pos=(-22571,     0,-19609) rot=-9269 vz= 5530/ 5266/ 5002 scr=( 99,193) kasten=x80..118,y127..196 masken=54 | [0:(78,105)24x24 t=107 z=6848 frei] [1:(102,105)24x24 t=87 z=5568 frei] [6:(78,129)24x24 t=90 z=5760 frei] [7:(102,129)40x24 t=89 z=5696 frei] [9:(78,153)24x24 t=95 z=6080 frei] [10:(102,153)40x24 t=95 z=6080 frei] [31:(70,185)24x24 t=39 z=2496 DECKT] [33:(94,185)24x24 t=43 z=2752 DECKT]
F345     R1150 C2  hp=65   pos=(-22571,     0,-19609) rot=-10133 vz= 5530/ 5266/ 5002 scr=( 99,193) kasten=x80..118,y127..196 masken=54 | [0:(78,105)24x24 t=107 z=6848 frei] [1:(102,105)24x24 t=87 z=5568 frei] [6:(78,129)24x24 t=90 z=5760 frei] [7:(102,129)40x24 t=89 z=5696 frei] [9:(78,153)24x24 t=95 z=6080 frei] [10:(102,153)40x24 t=95 z=6080 frei] [31:(70,185)24x24 t=39 z=2496 DECKT] [33:(94,185)24x24 t=43 z=2752 DECKT]
F360     R1150 C2  hp=65   pos=(-22571,     0,-19609) rot=-11093 vz= 5530/ 5266/ 5002 scr=( 99,193) kasten=x80..118,y127..196 masken=54 | [0:(78,105)24x24 t=107 z=6848 frei] [1:(102,105)24x24 t=87 z=5568 frei] [6:(78,129)24x24 t=90 z=5760 frei] [7:(102,129)40x24 t=89 z=5696 frei] [9:(78,153)24x24 t=95 z=6080 frei] [10:(102,153)40x24 t=95 z=6080 frei] [31:(70,185)24x24 t=39 z=2496 DECKT] [33:(94,185)24x24 t=43 z=2752 DECKT]
F10      R1070 C0  hp=65   pos=(   850,     0,  3600) rot=-11093 vz= 7786/ 7589/ 7392 scr=(148,171) kasten=x133..163,y123..174 masken=21 | [7:(153,143)8x56 t=94 z=6016 DECKT] [8:(161,143)16x64 t=84 z=5376 DECKT]
F25      R1070 C0  hp=65   pos=(   850,     0,  3600) rot=-11477 vz= 7786/ 7589/ 7392 scr=(148,171) kasten=x133..163,y123..174 masken=21 | [7:(153,143)8x56 t=94 z=6016 DECKT] [8:(161,143)16x64 t=84 z=5376 DECKT]
F40      R1070 C1  hp=65   pos=(  2920,     0,  2189) rot=-11981 vz=13500/13208/12916 scr=(118,106) kasten=x109..127,y77..109 masken=43 | keine Maske am Koerper
F55      R1070 C1  hp=65   pos=(  5864,     0,  2098) rot=-12341 vz=10858/10566/10274 scr=(121,123) kasten=x110..132,y88..126 masken=43 | [2:(131,76)64x16 t=190 z=12160 frei] [3:(131,92)64x16 t=197 z=12608 frei] [4:(131,108)8x8 t=204 z=13056 frei]
F70      R1070 C1  hp=65   pos=(  8849,     0,  2323) rot=-12341 vz= 8253/ 7961/ 7669 scr=(133,152) kasten=x119..147,y107..155 masken=43 | [3:(131,92)64x16 t=197 z=12608 frei] [4:(131,108)8x8 t=204 z=13056 frei]
# RE1.5 Port — BEFUND-LOG (Sep 13 2026 14:00:49)
# Eine Zeile je 15 Bilder, dazu jede F9-MARKE.
# Spalten:
#   F<n>        Bildnummer
#   R<xxxx> C<n> Raum und Kamerawinkel
#   pos=(x,y,z) Weltlage der Figur, rot = Blickrichtung (0..4095)
#   vz=a/b/c    Kamera-Tiefe von FUSS / HUEFTE / KOPF
#   scr=(x,y)   Fusspunkt im 320x240-Bild
#   kasten=...  geschaetzter Bildkasten der Figur (Messgroesse)
#   masken=n    geladene Vordergrund-Masken dieses Winkels
#   [i:(x,y)wxh t=T z=Z DECKT|frei]  jede Maske, die den Kasten beruehrt.
#       Der Zeichner verdeckt, solange die Figur-Tiefe GROESSER als z ist
#       (z = T*64). 'frei' heisst: die Figur steht VOR dieser Maske.
# ---------------------------------------------------------------
F0       R1240 C0  hp=100  pos=(-26214,     0, -3861) rot=0     vz=-10207/-10258/-10308 scr=(160,120) kasten=x148..172,y123..123 masken=0 | keine Maske am Koerper
F85      R1070 C2  hp=65   pos=( 11834,     0,  2518) rot=-12341 vz= 7644/ 7325/ 7005 scr=(202,151) kasten=x187..217,y102..154 masken=40 | [14:(168,102)24x8 t=119 z=7616 DECKT] [15:(168,110)24x8 t=105 z=6720 DECKT] [16:(168,118)24x8 t=96 z=6144 DECKT] [17:(168,126)24x8 t=98 z=6272 DECKT] [18:(168,134)24x8 t=100 z=6400 DECKT] [38:(199,92)8x24 t=177 z=11328 frei]
F15      R1240 C0  hp=100  pos=(-26214,     0, -3861) rot=0     vz=-10207/-10258/-10308 scr=(160,120) kasten=x148..172,y123..123 masken=0 | keine Maske am Koerper
F100     R1070 C2  hp=65   pos=( 14719,     0,  1896) rot=-12341 vz= 9866/ 9546/ 9226 scr=(227,122) kasten=x215..239,y84..125 masken=40 | keine Maske am Koerper
F115     R1070 C2  hp=65   pos=( 14867,     0,  1906) rot=-12341 vz= 9994/ 9674/ 9354 scr=(227,121) kasten=x215..239,y83..124 masken=40 | keine Maske am Koerper
F130     R1070 C2  hp=65   pos=( 14867,     0,  1906) rot=2725  vz= 9994/ 9674/ 9354 scr=(227,121) kasten=x215..239,y83..124 masken=40 | keine Maske am Koerper
F145     R1070 C2  hp=65   pos=( 14867,     0,  1906) rot=2725  vz= 9994/ 9674/ 9354 scr=(227,121) kasten=x215..239,y83..124 masken=40 | keine Maske am Koerper
F160     R1070 C2  hp=65   pos=( 14867,     0,  1906) rot=2725  vz= 9994/ 9674/ 9354 scr=(227,121) kasten=x215..239,y83..124 masken=40 | keine Maske am Koerper
F175     R1070 C2  hp=65   pos=( 14867,     0,  1906) rot=3373  vz= 9994/ 9674/ 9354 scr=(227,121) kasten=x215..239,y83..124 masken=40 | keine Maske am Koerper
F190     R1070 C2  hp=65   pos=( 16802,     0,  1740) rot=4237  vz=11569/11249/10929 scr=(234,108) kasten=x223..245,y75..111 masken=40 | keine Maske am Koerper
F205     R1070 C6  hp=65   pos=( 19660,     0,  2500) rot=3877  vz= 6889/ 6401/ 5912 scr=(216,154) kasten=x200..232,y100..157 masken=19 | keine Maske am Koerper
F220     R1070 C6  hp=65   pos=( 20482,     0,  2784) rot=2899  vz= 7553/ 7065/ 6576 scr=(211,135) kasten=x196..226,y86..138 masken=19 | [10:(192,121)8x24 t=57 z=3648 DECKT]
F235     R1070 C6  hp=65   pos=( 20482,     0,  2784) rot=2887  vz= 7553/ 7065/ 6576 scr=(211,135) kasten=x196..226,y86..138 masken=19 | [10:(192,121)8x24 t=57 z=3648 DECKT]
F250     R1070 C6  hp=65   pos=( 20482,     0,  2784) rot=2887  vz= 7553/ 7065/ 6576 scr=(211,135) kasten=x196..226,y86..138 masken=19 | [10:(192,121)8x24 t=57 z=3648 DECKT]
F265     R1070 C6  hp=65   pos=( 20482,     0,  2784) rot=2887  vz= 7553/ 7065/ 6576 scr=(211,135) kasten=x196..226,y86..138 masken=19 | [10:(192,121)8x24 t=57 z=3648 DECKT]

=========== MARKE 1 (F9) ===========
  Bild: C:/workspace/git/reAi_v2/re15_port/build/platform/pc/befund_1070_F272_marke1.bmp
F272     R1070 C6  hp=65   pos=( 20482,     0,  2784) rot=2887  vz= 7553/ 7065/ 6576 scr=(211,135) kasten=x196..226,y86..138 masken=19 | [10:(192,121)8x24 t=57 z=3648 DECKT]
  alle 19 Masken dieses Winkels (Nr:(x,y)bxh Tiefe -> Kamera-z):
      0:( 88,105) 24x72  t=60  z=3840    1:(112,105) 16x72  t=58  z=3712    2:(120,177)  8x8   t=58  z=3712    3:(128,113)  8x72  t=55  z=3520 
      4:(136,113) 16x72  t=56  z=3584    5:(144,185)  8x8   t=51  z=3264    6:(152,113)  8x80  t=55  z=3520    7:(160,121) 16x72  t=54  z=3456 
      8:(176,121)  8x72  t=58  z=3712    9:(184,121)  8x48  t=57  z=3648   10:(192,121)  8x24  t=57  z=3648   11:(  0, 76) 16x72  t=66  z=4224 
     12:( 16, 84)  8x64  t=68  z=4352   13:( 24, 84)  8x72  t=67  z=4288   14:( 32, 92)  8x64  t=66  z=4224   15:( 40, 93) 16x64  t=64  z=4096 
     16:( 56, 93) 16x72  t=63  z=4032   17:( 72,101)  8x64  t=62  z=3968   18:( 80,101)  8x72  t=61  z=3904 
  Gegner im Raum:
     1  typ=0x10 st=7 ss= 1/0  clip=22  bild=0   hp=-1   dist=8062   pos=( 12918,     0,  5580) rot=500   spd=0    fl22a=0000 grid=00 anim=0000
     2  typ=0x10 st=1 ss= 1/1  clip=0   bild=56  hp=79   dist=10492  pos=( 12918,     0, 10079) rot=1815  spd=0    fl22a=0000 grid=00 anim=0004
     3  typ=0x10 st=3 ss= 7/1  clip=2   bild=58  hp=-120 dist=4910   pos=( 19830,     0,  7676) rot=1119  spd=0    fl22a=0000 grid=00 anim=0000
     4  typ=0x11 st=2 ss= 7/1  clip=4   bild=40  hp=50   dist=7038   pos=( 20305,  1413,  9832) rot=1024  spd=0    fl22a=0000 grid=00 anim=0000
     5  typ=0x11 st=1 ss= 1/1  clip=0   bild=9   hp=250  dist=22340  pos=(   667,     0, 13245) rot=1027  spd=0    fl22a=0000 grid=00 anim=0004
  Opfer-FSM des Spielers: state=0 typ=0x00
  Gezeichnete Dreiecke: Kamera-z 5522..7836 (Maskentiefe 86..122)
====================================

=========== MARKE 2 (F9) ===========
  Bild: C:/workspace/git/reAi_v2/re15_port/build/platform/pc/befund_1070_F277_marke2.bmp
F277     R1070 C6  hp=65   pos=( 20482,     0,  2784) rot=2887  vz= 7553/ 7065/ 6576 scr=(211,135) kasten=x196..226,y86..138 masken=19 | [10:(192,121)8x24 t=57 z=3648 DECKT]
  alle 19 Masken dieses Winkels (Nr:(x,y)bxh Tiefe -> Kamera-z):
      0:( 88,105) 24x72  t=60  z=3840    1:(112,105) 16x72  t=58  z=3712    2:(120,177)  8x8   t=58  z=3712    3:(128,113)  8x72  t=55  z=3520 
      4:(136,113) 16x72  t=56  z=3584    5:(144,185)  8x8   t=51  z=3264    6:(152,113)  8x80  t=55  z=3520    7:(160,121) 16x72  t=54  z=3456 
      8:(176,121)  8x72  t=58  z=3712    9:(184,121)  8x48  t=57  z=3648   10:(192,121)  8x24  t=57  z=3648   11:(  0, 76) 16x72  t=66  z=4224 
     12:( 16, 84)  8x64  t=68  z=4352   13:( 24, 84)  8x72  t=67  z=4288   14:( 32, 92)  8x64  t=66  z=4224   15:( 40, 93) 16x64  t=64  z=4096 
     16:( 56, 93) 16x72  t=63  z=4032   17:( 72,101)  8x64  t=62  z=3968   18:( 80,101)  8x72  t=61  z=3904 
  Gegner im Raum:
     1  typ=0x10 st=7 ss= 1/0  clip=22  bild=5   hp=-1   dist=8062   pos=( 12918,     0,  5580) rot=500   spd=0    fl22a=0000 grid=00 anim=0000
     2  typ=0x10 st=1 ss= 1/1  clip=0   bild=61  hp=79   dist=10492  pos=( 12918,     0, 10051) rot=1775  spd=0    fl22a=0000 grid=00 anim=0004
     3  typ=0x10 st=7 ss= 1/0  clip=22  bild=3   hp=-1   dist=4910   pos=( 19830,     0,  7676) rot=1119  spd=0    fl22a=0000 grid=00 anim=0000
     4  typ=0x11 st=1 ss= 0/1  clip=5   bild=3   hp=50   dist=7038   pos=( 20305,     0,  9832) rot=1024  spd=0    fl22a=0000 grid=00 anim=0004
     5  typ=0x11 st=1 ss= 1/1  clip=0   bild=16  hp=250  dist=22340  pos=(   691,     0, 13173) rot=1024  spd=0    fl22a=0000 grid=00 anim=0004
  Opfer-FSM des Spielers: state=0 typ=0x00
  Gezeichnete Dreiecke: Kamera-z 5522..7836 (Maskentiefe 86..122)
====================================
F280     R1070 C6  hp=65   pos=( 20482,     0,  2784) rot=2887  vz= 7553/ 7065/ 6576 scr=(211,135) kasten=x196..226,y86..138 masken=19 | [10:(192,121)8x24 t=57 z=3648 DECKT]
F295     R1070 C6  hp=65   pos=( 20482,     0,  2784) rot=2887  vz= 7553/ 7065/ 6576 scr=(211,135) kasten=x196..226,y86..138 masken=19 | [10:(192,121)8x24 t=57 z=3648 DECKT]
F310     R1070 C6  hp=65   pos=( 20482,     0,  2784) rot=2887  vz= 7553/ 7065/ 6576 scr=(211,135) kasten=x196..226,y86..138 masken=19 | [10:(192,121)8x24 t=57 z=3648 DECKT]
F325     R1070 C6  hp=65   pos=( 20482,     0,  2784) rot=2887  vz= 7553/ 7065/ 6576 scr=(211,135) kasten=x196..226,y86..138 masken=19 | [10:(192,121)8x24 t=57 z=3648 DECKT]
F340     R1070 C6  hp=65   pos=( 20482,     0,  2784) rot=2887  vz= 7553/ 7065/ 6576 scr=(211,135) kasten=x196..226,y86..138 masken=19 | [10:(192,121)8x24 t=57 z=3648 DECKT]
