# parity_trace loaded
# script=W60,R24,U240 frames=324 start=60 jumpleft=16
# Kalibrierung geladen: ok=true err=nil
F120 live=0 act=0 PL(0,0,rot=0,hp=0)
F240 live=0 act=0 PL(0,0,rot=0,hp=0)
F360 live=0 act=0 PL(0,0,rot=0,hp=0)
F480 live=0 act=0 PL(0,0,rot=0,hp=0)
F600 live=0 act=0 PL(0,0,rot=0,hp=0)
F720 live=0 act=0 PL(0,0,rot=0,hp=0)
F840 live=0 act=0 PL(0,0,rot=0,hp=0)
F960 live=0 act=0 PL(0,0,rot=0,hp=0)
F1080 live=0 act=0 PL(0,0,rot=0,hp=0)
F1200 live=0 act=0 PL(0,0,rot=0,hp=0)
F1320 live=0 act=0 PL(0,0,rot=0,hp=0)
F1440 live=0 act=0 PL(0,0,rot=0,hp=0)
F1560 live=0 act=0 PL(0,0,rot=0,hp=0)
F1680 live=0 act=0 PL(0,0,rot=0,hp=0)
F1800 live=0 act=0 PL(0,0,rot=0,hp=0)
F1920 live=0 act=0 PL(0,0,rot=0,hp=0)
F2040 live=0 act=0 PL(0,0,rot=0,hp=0)
F2160 live=0 act=0 PL(0,0,rot=0,hp=0)
F2280 live=0 act=0 PL(0,0,rot=0,hp=0)
F2400 live=0 act=0 PL(0,0,rot=0,hp=0)
F2520 live=0 act=0 PL(0,0,rot=0,hp=0)
F2640 live=0 act=0 PL(0,0,rot=0,hp=0)
F2760 live=0 act=0 PL(0,0,rot=0,hp=0)
F2880 live=0 act=0 PL(0,0,rot=0,hp=0)
F3000 live=0 act=0 PL(0,0,rot=0,hp=0)
F3120 live=0 act=0 PL(0,0,rot=0,hp=0)
F3240 live=0 act=0 PL(0,0,rot=0,hp=0)
F3360 live=0 act=0 PL(0,0,rot=0,hp=0)
F3480 live=0 act=0 PL(0,0,rot=0,hp=0)
F3600 live=0 act=0 PL(0,0,rot=0,hp=0)
F3720 live=0 act=0 PL(0,0,rot=0,hp=0)
F3840 live=0 act=0 PL(0,0,rot=0,hp=0)
F3960 live=0 act=0 PL(0,0,rot=0,hp=0)
F4080 live=0 act=0 PL(0,0,rot=0,hp=0)
F4200 live=0 act=0 PL(0,0,rot=0,hp=0)
F4320 live=0 act=0 PL(0,0,rot=0,hp=0)
F4440 live=0 act=0 PL(0,0,rot=0,hp=0)
F4560 live=0 act=0 PL(0,0,rot=0,hp=0)
F4680 live=0 act=0 PL(0,0,rot=0,hp=0)
F4800 live=0 act=0 PL(0,0,rot=0,hp=0)
F4920 live=0 act=0 PL(0,0,rot=0,hp=0)
F5040 live=0 act=0 PL(0,0,rot=0,hp=0)
F5160 live=0 act=0 PL(0,0,rot=0,hp=0)
F5280 live=0 act=0 PL(0,0,rot=0,hp=0)
F5400 live=0 act=0 PL(0,0,rot=0,hp=0)
F5520 live=0 act=0 PL(0,0,rot=0,hp=0)
F5640 live=0 act=0 PL(0,0,rot=0,hp=0)
F5760 live=0 act=0 PL(0,0,rot=0,hp=0)
F5880 live=0 act=0 PL(0,0,rot=0,hp=0)
F6000 live=0 act=0 PL(0,0,rot=0,hp=0)
F6120 live=0 act=0 PL(0,0,rot=0,hp=0)
F6240 live=0 act=0 PL(0,0,rot=0,hp=0)
F6360 live=0 act=0 PL(0,0,rot=0,hp=0)
F6480 live=0 act=0 PL(0,0,rot=0,hp=0)
F6600 live=0 act=0 PL(0,0,rot=0,hp=0)
F6720 live=0 act=0 PL(0,0,rot=0,hp=0)
F6840 live=0 act=0 PL(0,0,rot=0,hp=0)
F6960 live=0 act=0 PL(0,0,rot=0,hp=0)
F7080 live=0 act=0 PL(0,0,rot=0,hp=0)
F7200 live=0 act=0 PL(0,0,rot=0,hp=0)
F7320 live=0 act=0 PL(0,0,rot=0,hp=0)
F7440 live=0 act=0 PL(0,0,rot=0,hp=0)
F7560 live=0 act=0 PL(0,0,rot=0,hp=0)
F7680 live=0 act=0 PL(0,0,rot=0,hp=0)
F7800 live=0 act=0 PL(0,0,rot=0,hp=0)
F7920 live=0 act=0 PL(0,0,rot=0,hp=0)
F8040 live=0 act=0 PL(0,0,rot=0,hp=0)
F8160 live=0 act=0 PL(0,0,rot=0,hp=0)
F8280 live=0 act=0 PL(0,0,rot=0,hp=0)
F8400 live=0 act=0 PL(0,0,rot=0,hp=0) [0 t=00 st=0 ss1=0 ss2=0 ss3=0 g=01 mo=2 af=0 d=0 @(-1568,0,r1028)] [1 t=00 st=0 ss1=0 ss2=0 ss3=0 g=01 mo=2 af=0 d=0 @(1568,0,r1028)]
F8520 live=0 act=0 PL(0,0,rot=0,hp=0) [0 t=00 st=0 ss1=0 ss2=0 ss3=0 g=01 mo=2 af=7 d=0 @(-1568,0,r1028)] [1 t=00 st=0 ss1=0 ss2=0 ss3=0 g=01 mo=2 af=7 d=0 @(1568,0,r1028)]
F8640 live=0 act=0 PL(0,0,rot=0,hp=0) [0 t=00 st=0 ss1=0 ss2=0 ss3=0 g=01 mo=2 af=15 d=0 @(-1568,0,r1028)] [1 t=00 st=0 ss1=0 ss2=0 ss3=0 g=01 mo=2 af=15 d=0 @(1568,0,r1028)]
F8760 live=0 act=0 PL(0,0,rot=0,hp=0) [0 t=00 st=0 ss1=0 ss2=0 ss3=0 g=01 mo=2 af=23 d=0 @(-983,0,r1148)]
F8880 live=0 act=0 PL(0,0,rot=0,hp=0) [0 t=00 st=0 ss1=0 ss2=0 ss3=0 g=01 mo=2 af=31 d=0 @(31,0,r1356)]
F9000 live=0 act=0 PL(3940,14167,rot=-2904,hp=-7200)
F9120 live=0 act=0 PL(3940,14167,rot=-2904,hp=-7200)
F9240 live=0 act=0 PL(3940,14167,rot=-2904,hp=-7200)
F9360 live=0 act=0 PL(3940,14167,rot=-2904,hp=-7200)
F9480 live=0 act=0 PL(-26214,-3861,rot=0,hp=0)
F9600 live=0 act=0 PL(-26214,-3861,rot=0,hp=0)
F9720 live=0 act=0 PL(-26214,-3861,rot=0,hp=0)
F9840 live=0 act=0 PL(-26214,-3861,rot=0,hp=0)
F9960 live=0 act=0 PL(-26214,-3861,rot=0,hp=0)
F10080 live=0 act=0 PL(-26214,-3861,rot=0,hp=0)
F10200 live=0 act=0 PL(-26214,-3861,rot=0,hp=0)
F10320 live=0 act=0 PL(-26214,-3861,rot=0,hp=0)
F10440 live=0 act=0 PL(-26214,-3861,rot=0,hp=0)
F10560 live=0 act=0 PL(-26214,-3861,rot=0,hp=0)
F10680 live=0 act=0 PL(-26214,-3861,rot=0,hp=0)
F10800 live=0 act=0 PL(-26214,-3861,rot=0,hp=0)
F10920 live=0 act=0 PL(-26214,-3861,rot=0,hp=0)
F11040 live=0 act=0 PL(-26214,-3861,rot=0,hp=0)
F11160 live=0 act=0 PL(-26214,-3861,rot=0,hp=0)
F11280 live=0 act=0 PL(-26214,-3861,rot=0,hp=0)
F11400 live=0 act=0 PL(-26214,-3861,rot=0,hp=0)
F11520 live=0 act=0 PL(-26214,-3861,rot=0,hp=0)
F11640 live=0 act=0 PL(-26214,-3861,rot=0,hp=0)
F11760 live=0 act=0 PL(-26214,-3861,rot=0,hp=0)
F11880 live=0 act=0 PL(-26214,-3861,rot=0,hp=0)
F12000 live=0 act=0 PL(-26214,-3861,rot=0,hp=0)
F12120 live=0 act=0 PL(-26214,-3861,rot=0,hp=0)
F12240 live=0 act=0 PL(-26214,-3861,rot=0,hp=0)
F12360 live=0 act=0 PL(-26214,-3861,rot=0,hp=0)
F12480 live=0 act=0 PL(-26214,-3861,rot=0,hp=0)
F12600 live=0 act=0 PL(-26214,-3861,rot=0,hp=0)
F12720 live=0 act=0 PL(-26214,-3861,rot=0,hp=0)
F12840 live=0 act=0 PL(-26214,-3861,rot=0,hp=0)
F12960 live=0 act=0 PL(-26214,-3861,rot=0,hp=0)
F13080 live=0 act=0 PL(-26214,-3861,rot=0,hp=0)
F13200 live=0 act=0 PL(-26214,-3861,rot=0,hp=0)
F13320 live=0 act=0 PL(-26214,-3861,rot=0,hp=0)
F13440 live=0 act=0 PL(-26214,-3861,rot=0,hp=0)
F13560 live=0 act=0 PL(-26214,-3861,rot=0,hp=0)
F13680 live=0 act=0 PL(-26214,-3861,rot=0,hp=0)
F13800 live=0 act=0 PL(2300,14365,rot=1024,hp=-7200)
F13920 live=0 act=0 PL(2300,14365,rot=1024,hp=-7200) [0 t=47 st=0 ss1=0 ss2=0 ss3=0 g=40 mo=2 af=37 d=0 @(1261,10091,r1199)]
# f13921 RAUM-SUCHE: 8 Schrittzahlen werden probiert
# f13921 GAMEPLAY (act=1) -> debug JUMP, 16 steps left
F14040 live=0 act=1 PL(-31000,31000,rot=1024,hp=-7200) [0 t=47 st=4 ss1=0 ss2=1 ss3=0 g=40 mo=15 af=6 d=38200 @(-2196,5870,r1509)]
# f14121 Versuch 1: 4 Schritte
F14160 live=0 act=1 PL(-31000,31000,rot=1024,hp=-7200) [0 t=47 st=4 ss1=0 ss2=1 ss3=0 g=40 mo=15 af=16 d=38200 @(-2196,5870,r1509)]
F14280 live=0 act=1 PL(-31000,31000,rot=1024,hp=-7200) [0 t=47 st=4 ss1=0 ss2=2 ss3=0 g=40 mo=15 af=0 d=38200 @(-2196,5870,r1509)]
F14400 live=0 act=1 PL(-31000,31000,rot=1024,hp=-7200) [0 t=47 st=4 ss1=0 ss2=2 ss3=0 g=40 mo=15 af=0 d=38200 @(-2196,5870,r1509)]
F14520 live=0 act=1 PL(-31000,31000,rot=1024,hp=-7200) [0 t=47 st=4 ss1=0 ss2=2 ss3=0 g=40 mo=20 af=0 d=38200 @(-2196,5870,r1509)]
F14640 live=0 act=1 PL(-31000,31000,rot=1024,hp=-7200) [0 t=47 st=4 ss1=0 ss2=1 ss3=0 g=40 mo=16 af=4 d=38200 @(-2196,5870,r1509)]
F14760 live=0 act=1 PL(-31000,31000,rot=1024,hp=-7200) [0 t=47 st=4 ss1=0 ss2=1 ss3=0 g=40 mo=17 af=14 d=38200 @(-2196,5870,r1509)]
F14880 live=0 act=1 PL(-31000,31000,rot=1024,hp=-7200) [0 t=47 st=4 ss1=0 ss2=2 ss3=0 g=40 mo=17 af=0 d=38200 @(-2196,5870,r1509)]
F15000 live=0 act=1 PL(-31000,31000,rot=1024,hp=-7200) [0 t=47 st=4 ss1=0 ss2=2 ss3=0 g=40 mo=17 af=0 d=38200 @(-2196,5870,r1509)]
F15120 live=0 act=1 PL(-31000,31000,rot=1024,hp=-7200) [0 t=47 st=4 ss1=0 ss2=2 ss3=0 g=40 mo=17 af=0 d=1498 @(-31000,29500,r1509)]
F15240 live=0 act=1 PL(-1300,-13950,rot=1024,hp=0) [0 t=47 st=4 ss1=0 ss2=2 ss3=0 g=40 mo=17 af=0 d=1498 @(-31000,29500,r1509)]
# f15241 Versuch 1 (4 Schritte): 1 Gegner [47]
# f15301 Versuch 2: 8 Schritte
F15360 live=0 act=1 PL(-1300,-13950,rot=1024,hp=0) [0 t=47 st=4 ss1=0 ss2=2 ss3=0 g=40 mo=17 af=0 d=1498 @(-31000,29500,r1509)]
F15480 live=0 act=0 PL(-1300,-13950,rot=1024,hp=0)
F15600 live=0 act=0 PL(-1300,-13530,rot=64,hp=0)
F15720 live=0 act=0 PL(-1300,-13530,rot=-1856,hp=0)
F15840 live=0 act=0 PL(-1300,-13530,rot=-2816,hp=0)
F15960 live=0 act=0 PL(-1300,-13530,rot=-2816,hp=0)
F16080 live=0 act=0 PL(-1300,-13530,rot=-2816,hp=0)
F16200 live=0 act=0 PL(-1300,-13530,rot=-2816,hp=0)
F16320 live=0 act=0 PL(-1300,-13530,rot=-2816,hp=0)
F16440 live=0 act=0 PL(-1300,-13530,rot=-2816,hp=0)
# f16541 Versuch 2 (8 Schritte): 0 Gegner []
F16560 live=0 act=0 PL(-1300,-13530,rot=-2816,hp=0)
# f16601 Versuch 3: 12 Schritte
F16680 live=0 act=0 PL(-1300,-13530,rot=-2816,hp=0)
F16800 live=0 act=0 PL(-1144,-13146,rot=-2816,hp=0)
F16920 live=0 act=0 PL(-1144,-13146,rot=-4160,hp=0)
F17040 live=0 act=0 PL(-1144,-13146,rot=-6080,hp=0)
F17160 live=0 act=0 PL(-1144,-13146,rot=-8000,hp=0)
F17280 live=0 act=0 PL(-1144,-13146,rot=-8576,hp=0)
F17400 live=0 act=0 PL(-1144,-13146,rot=-8576,hp=0)
F17520 live=0 act=0 PL(-1144,-13146,rot=-8576,hp=0)
F17640 live=0 act=0 PL(-1144,-13146,rot=-8576,hp=0)
F17760 live=0 act=0 PL(-1144,-13146,rot=-8576,hp=0)
F17880 live=0 act=0 PL(-1144,-13146,rot=-8576,hp=0)
# f17961 Versuch 3 (12 Schritte): 0 Gegner []
F18000 live=0 act=0 PL(-7600,-17600,rot=0,hp=0)
# f18021 Versuch 4: 16 Schritte
F18120 live=0 act=0 PL(-7600,-17600,rot=0,hp=0)
F18240 live=0 act=1 PL(-7600,-17600,rot=0,hp=0) [0 t=16 st=1 ss1=0 ss2=0 ss3=0 g=88 mo=19 af=0 d=7419 @(-800,-20600,r1024)] [1 t=10 st=0 ss1=0 ss2=0 ss3=0 g=86 mo=2 af=6 d=0 @(-1800,-19600,r512)]
F18360 live=0 act=5 PL(-7600,-17600,rot=0,hp=0) [0 t=16 st=1 ss1=0 ss2=0 ss3=0 g=88 mo=19 af=0 d=7419 @(-800,-20600,r1024)] [1 t=10 st=1 ss1=12 ss2=3 ss3=0 g=00 mo=39 af=2 d=6122 @(-1800,-19600,r512)] [2 t=10 st=1 ss1=12 ss2=3 ss3=0 g=00 mo=39 af=2 d=7038 @(-1800,-21600,r3584)] [3 t=11 st=1 ss1=12 ss2=3 ss3=0 g=00 mo=39 af=2 d=8748 @(200,-21600,r2560)] [4 t=11 st=1 ss1=12 ss2=3 ss3=0 g=00 mo=40 af=2 d=8046 @(200,-19600,r1536)]
F18480 live=0 act=5 PL(-7600,-17600,rot=-1632,hp=0) [0 t=16 st=1 ss1=0 ss2=0 ss3=0 g=88 mo=19 af=0 d=7419 @(-800,-20600,r1024)] [1 t=10 st=1 ss1=12 ss2=3 ss3=0 g=00 mo=39 af=59 d=6122 @(-1800,-19600,r512)] [2 t=10 st=1 ss1=12 ss2=3 ss3=0 g=00 mo=39 af=59 d=7038 @(-1800,-21600,r3584)] [3 t=11 st=1 ss1=12 ss2=3 ss3=0 g=00 mo=39 af=59 d=8748 @(200,-21600,r2560)] [4 t=11 st=1 ss1=12 ss2=3 ss3=0 g=00 mo=40 af=59 d=8046 @(200,-19600,r1536)]
F18600 live=0 act=5 PL(-7600,-17600,rot=-3552,hp=0) [0 t=16 st=1 ss1=0 ss2=0 ss3=0 g=88 mo=19 af=0 d=7419 @(-800,-20600,r1024)] [1 t=10 st=1 ss1=12 ss2=3 ss3=0 g=00 mo=39 af=50 d=6122 @(-1800,-19600,r512)] [2 t=10 st=1 ss1=12 ss2=3 ss3=0 g=00 mo=39 af=50 d=7038 @(-1800,-21600,r3584)] [3 t=11 st=1 ss1=12 ss2=3 ss3=0 g=00 mo=39 af=50 d=8748 @(200,-21600,r2560)] [4 t=11 st=1 ss1=12 ss2=3 ss3=0 g=00 mo=40 af=37 d=8046 @(200,-19600,r1536)]
F18720 live=0 act=5 PL(-7600,-17600,rot=-5472,hp=0) [0 t=16 st=1 ss1=0 ss2=0 ss3=0 g=88 mo=19 af=0 d=7419 @(-800,-20600,r1024)] [1 t=10 st=1 ss1=12 ss2=3 ss3=0 g=00 mo=39 af=41 d=6122 @(-1800,-19600,r512)] [2 t=10 st=1 ss1=12 ss2=3 ss3=0 g=00 mo=39 af=41 d=7038 @(-1800,-21600,r3584)] [3 t=11 st=1 ss1=12 ss2=3 ss3=0 g=00 mo=39 af=41 d=8748 @(200,-21600,r2560)] [4 t=11 st=1 ss1=12 ss2=3 ss3=0 g=00 mo=40 af=15 d=8046 @(200,-19600,r1536)]
F18840 live=0 act=5 PL(-7600,-17600,rot=-5952,hp=0) [0 t=16 st=1 ss1=0 ss2=0 ss3=0 g=88 mo=19 af=0 d=7419 @(-800,-20600,r1024)] [1 t=10 st=1 ss1=12 ss2=3 ss3=0 g=00 mo=39 af=32 d=6122 @(-1800,-19600,r512)] [2 t=10 st=1 ss1=12 ss2=3 ss3=0 g=00 mo=39 af=32 d=7038 @(-1800,-21600,r3584)] [3 t=11 st=1 ss1=12 ss2=3 ss3=0 g=00 mo=39 af=32 d=8748 @(200,-21600,r2560)] [4 t=11 st=1 ss1=12 ss2=3 ss3=0 g=00 mo=40 af=75 d=8046 @(200,-19600,r1536)]
F18960 live=0 act=5 PL(-7600,-17600,rot=-5952,hp=0) [0 t=16 st=1 ss1=0 ss2=0 ss3=0 g=88 mo=19 af=0 d=7419 @(-800,-20600,r1024)] [1 t=10 st=1 ss1=12 ss2=3 ss3=0 g=00 mo=39 af=23 d=6122 @(-1800,-19600,r512)] [2 t=10 st=1 ss1=12 ss2=3 ss3=0 g=00 mo=39 af=23 d=7038 @(-1800,-21600,r3584)] [3 t=11 st=1 ss1=12 ss2=3 ss3=0 g=00 mo=39 af=23 d=8748 @(200,-21600,r2560)] [4 t=11 st=1 ss1=12 ss2=3 ss3=0 g=00 mo=40 af=53 d=8046 @(200,-19600,r1536)]
F19080 live=0 act=5 PL(-7600,-17600,rot=-5952,hp=0) [0 t=16 st=1 ss1=0 ss2=0 ss3=0 g=88 mo=19 af=0 d=7419 @(-800,-20600,r1024)] [1 t=10 st=1 ss1=12 ss2=3 ss3=0 g=00 mo=39 af=14 d=6122 @(-1800,-19600,r512)] [2 t=10 st=1 ss1=12 ss2=3 ss3=0 g=00 mo=39 af=14 d=7038 @(-1800,-21600,r3584)] [3 t=11 st=1 ss1=12 ss2=3 ss3=0 g=00 mo=39 af=14 d=8748 @(200,-21600,r2560)] [4 t=11 st=1 ss1=12 ss2=3 ss3=0 g=00 mo=40 af=31 d=8046 @(200,-19600,r1536)]
F19200 live=0 act=5 PL(-7600,-17600,rot=-5952,hp=0) [0 t=16 st=1 ss1=0 ss2=0 ss3=0 g=88 mo=19 af=0 d=7419 @(-800,-20600,r1024)] [1 t=10 st=1 ss1=12 ss2=3 ss3=0 g=00 mo=39 af=5 d=6122 @(-1800,-19600,r512)] [2 t=10 st=1 ss1=12 ss2=3 ss3=0 g=00 mo=39 af=5 d=7038 @(-1800,-21600,r3584)] [3 t=11 st=1 ss1=12 ss2=3 ss3=0 g=00 mo=39 af=5 d=8748 @(200,-21600,r2560)] [4 t=11 st=1 ss1=12 ss2=3 ss3=0 g=00 mo=40 af=9 d=8046 @(200,-19600,r1536)]
F19320 live=0 act=5 PL(-7600,-17600,rot=-5952,hp=0) [0 t=16 st=1 ss1=0 ss2=0 ss3=0 g=88 mo=19 af=0 d=7419 @(-800,-20600,r1024)] [1 t=10 st=1 ss1=12 ss2=3 ss3=0 g=00 mo=39 af=65 d=6122 @(-1800,-19600,r512)] [2 t=10 st=1 ss1=12 ss2=3 ss3=0 g=00 mo=39 af=65 d=7038 @(-1800,-21600,r3584)] [3 t=11 st=1 ss1=12 ss2=3 ss3=0 g=00 mo=39 af=65 d=8748 @(200,-21600,r2560)] [4 t=11 st=1 ss1=12 ss2=3 ss3=0 g=00 mo=40 af=69 d=8046 @(200,-19600,r1536)]
F19440 live=0 act=5 PL(-7600,-17600,rot=-5952,hp=0) [0 t=16 st=1 ss1=0 ss2=0 ss3=0 g=88 mo=19 af=0 d=7419 @(-800,-20600,r1024)] [1 t=10 st=1 ss1=12 ss2=3 ss3=0 g=00 mo=39 af=56 d=6122 @(-1800,-19600,r512)] [2 t=10 st=1 ss1=12 ss2=3 ss3=0 g=00 mo=39 af=56 d=7038 @(-1800,-21600,r3584)] [3 t=11 st=1 ss1=12 ss2=3 ss3=0 g=00 mo=39 af=56 d=8748 @(200,-21600,r2560)] [4 t=11 st=1 ss1=12 ss2=3 ss3=0 g=00 mo=40 af=47 d=8046 @(200,-19600,r1536)]
# f19501 Versuch 4 (16 Schritte): 5 Gegner [16,10,10,11,11]
# >>> ROOM1140 GEFUNDEN mit 16 Links-Schritten
# f19501 ROOM LIVE (act=5)
F19501 live=1 act=5 PL(-7600,-17600,rot=-5952,hp=0) [0 t=16 st=1 ss1=0 ss2=0 ss3=0 g=88 mo=19 af=0 d=7419 @(-800,-20600,r1024)] [1 t=10 st=1 ss1=12 ss2=3 ss3=0 g=00 mo=39 af=4 d=6122 @(-1800,-19600,r512)] [2 t=10 st=1 ss1=12 ss2=3 ss3=0 g=00 mo=39 af=4 d=7038 @(-1800,-21600,r3584)] [3 t=11 st=1 ss1=12 ss2=3 ss3=0 g=00 mo=39 af=4 d=8748 @(200,-21600,r2560)] [4 t=11 st=1 ss1=12 ss2=3 ss3=0 g=00 mo=40 af=64 d=8046 @(200,-19600,r1536)]
F19502 live=1 act=5 PL(-7600,-17600,rot=-5952,hp=0) [0 t=16 st=1 ss1=0 ss2=0 ss3=0 g=88 mo=19 af=0 d=7419 @(-800,-20600,r1024)] [1 t=10 st=1 ss1=12 ss2=3 ss3=0 g=00 mo=39 af=4 d=6122 @(-1800,-19600,r512)] [2 t=10 st=1 ss1=12 ss2=3 ss3=0 g=00 mo=39 af=4 d=7038 @(-1800,-21600,r3584)] [3 t=11 st=1 ss1=12 ss2=3 ss3=0 g=00 mo=39 af=4 d=8748 @(200,-21600,r2560)] [4 t=11 st=1 ss1=12 ss2=3 ss3=0 g=00 mo=40 af=64 d=8046 @(200,-19600,r1536)]
F19503 live=1 act=5 PL(-1300,-13950,rot=2048,hp=0) [0 t=16 st=1 ss1=0 ss2=0 ss3=0 g=88 mo=19 af=0 d=7419 @(-800,-20600,r1024)] [1 t=10 st=1 ss1=12 ss2=3 ss3=0 g=00 mo=39 af=4 d=6122 @(-1800,-19600,r512)] [2 t=10 st=1 ss1=12 ss2=3 ss3=0 g=00 mo=39 af=4 d=7038 @(-1800,-21600,r3584)] [3 t=11 st=1 ss1=12 ss2=3 ss3=0 g=00 mo=39 af=4 d=8748 @(200,-21600,r2560)] [4 t=11 st=1 ss1=12 ss2=3 ss3=0 g=00 mo=40 af=64 d=8046 @(200,-19600,r1536)]
F19504 live=1 act=5 PL(-1300,-13950,rot=2048,hp=0) [0 t=16 st=1 ss1=0 ss2=0 ss3=0 g=88 mo=19 af=0 d=7419 @(-800,-20600,r1024)] [1 t=10 st=1 ss1=12 ss2=3 ss3=0 g=00 mo=39 af=4 d=6122 @(-1800,-19600,r512)] [2 t=10 st=1 ss1=12 ss2=3 ss3=0 g=00 mo=39 af=4 d=7038 @(-1800,-21600,r3584)] [3 t=11 st=1 ss1=12 ss2=3 ss3=0 g=00 mo=39 af=4 d=8748 @(200,-21600,r2560)] [4 t=11 st=1 ss1=12 ss2=3 ss3=0 g=00 mo=40 af=64 d=8046 @(200,-19600,r1536)]
F19505 live=1 act=5 PL(-1300,-13950,rot=2048,hp=0) [0 t=16 st=1 ss1=0 ss2=0 ss3=0 g=88 mo=19 af=0 d=7419 @(-800,-20600,r1024)] [1 t=10 st=1 ss1=12 ss2=3 ss3=0 g=00 mo=39 af=4 d=6122 @(-1800,-19600,r512)] [2 t=10 st=1 ss1=12 ss2=3 ss3=0 g=00 mo=39 af=4 d=7038 @(-1800,-21600,r3584)] [3 t=11 st=1 ss1=12 ss2=3 ss3=0 g=00 mo=39 af=4 d=8748 @(200,-21600,r2560)] [4 t=11 st=1 ss1=12 ss2=3 ss3=0 g=00 mo=40 af=64 d=8046 @(200,-19600,r1536)]
F19506 live=1 act=5 PL(-1300,-13950,rot=2048,hp=0) [0 t=16 st=1 ss1=0 ss2=0 ss3=0 g=88 mo=19 af=0 d=7419 @(-800,-20600,r1024)] [1 t=10 st=1 ss1=12 ss2=3 ss3=0 g=00 mo=39 af=4 d=6122 @(-1800,-19600,r512)] [2 t=10 st=1 ss1=12 ss2=3 ss3=0 g=00 mo=39 af=4 d=7038 @(-1800,-21600,r3584)] [3 t=11 st=1 ss1=12 ss2=3 ss3=0 g=00 mo=39 af=4 d=8748 @(200,-21600,r2560)] [4 t=11 st=1 ss1=12 ss2=3 ss3=0 g=00 mo=40 af=64 d=8046 @(200,-19600,r1536)]
F19507 live=1 act=5 PL(-1300,-13950,rot=2048,hp=0) [0 t=16 st=1 ss1=0 ss2=0 ss3=0 g=88 mo=19 af=0 d=7419 @(-800,-20600,r1024)] [1 t=10 st=1 ss1=12 ss2=3 ss3=0 g=00 mo=39 af=4 d=6122 @(-1800,-19600,r512)] [2 t=10 st=1 ss1=12 ss2=3 ss3=0 g=00 mo=39 af=4 d=7038 @(-1800,-21600,r3584)] [3 t=11 st=1 ss1=12 ss2=3 ss3=0 g=00 mo=39 af=4 d=8748 @(200,-21600,r2560)] [4 t=11 st=1 ss1=12 ss2=3 ss3=0 g=00 mo=40 af=64 d=8046 @(200,-19600,r1536)]
F19508 live=1 act=5 PL(-1300,-13950,rot=2048,hp=0) [0 t=16 st=1 ss1=0 ss2=0 ss3=0 g=88 mo=19 af=0 d=7419 @(-800,-20600,r1024)] [1 t=10 st=1 ss1=12 ss2=3 ss3=0 g=00 mo=39 af=4 d=6122 @(-1800,-19600,r512)] [2 t=10 st=1 ss1=12 ss2=3 ss3=0 g=00 mo=39 af=4 d=7038 @(-1800,-21600,r3584)] [3 t=11 st=1 ss1=12 ss2=3 ss3=0 g=00 mo=39 af=4 d=8748 @(200,-21600,r2560)] [4 t=11 st=1 ss1=12 ss2=3 ss3=0 g=00 mo=40 af=64 d=8046 @(200,-19600,r1536)]
F19509 live=1 act=5 PL(-1300,-13950,rot=2048,hp=0) [0 t=16 st=1 ss1=0 ss2=0 ss3=0 g=88 mo=19 af=0 d=7419 @(-800,-20600,r1024)] [1 t=10 st=1 ss1=12 ss2=3 ss3=0 g=00 mo=39 af=4 d=6122 @(-1800,-19600,r512)] [2 t=10 st=1 ss1=12 ss2=3 ss3=0 g=00 mo=39 af=4 d=7038 @(-1800,-21600,r3584)] [3 t=11 st=1 ss1=12 ss2=3 ss3=0 g=00 mo=39 af=4 d=8748 @(200,-21600,r2560)] [4 t=11 st=1 ss1=12 ss2=3 ss3=0 g=00 mo=40 af=64 d=8046 @(200,-19600,r1536)]
F19510 live=1 act=5 PL(-1300,-13950,rot=2048,hp=0) [0 t=16 st=1 ss1=0 ss2=0 ss3=0 g=88 mo=19 af=0 d=7419 @(-800,-20600,r1024)] [1 t=10 st=1 ss1=12 ss2=3 ss3=0 g=00 mo=39 af=4 d=6122 @(-1800,-19600,r512)] [2 t=10 st=1 ss1=12 ss2=3 ss3=0 g=00 mo=39 af=4 d=7038 @(-1800,-21600,r3584)] [3 t=11 st=1 ss1=12 ss2=3 ss3=0 g=00 mo=39 af=4 d=8748 @(200,-21600,r2560)] [4 t=11 st=1 ss1=12 ss2=3 ss3=0 g=00 mo=40 af=64 d=8046 @(200,-19600,r1536)]
F19511 live=1 act=5 PL(-1300,-13950,rot=2048,hp=0) [0 t=16 st=1 ss1=0 ss2=0 ss3=0 g=88 mo=19 af=0 d=7419 @(-800,-20600,r1024)] [1 t=10 st=1 ss1=12 ss2=3 ss3=0 g=00 mo=39 af=4 d=6122 @(-1800,-19600,r512)] [2 t=10 st=1 ss1=12 ss2=3 ss3=0 g=00 mo=39 af=4 d=7038 @(-1800,-21600,r3584)] [3 t=11 st=1 ss1=12 ss2=3 ss3=0 g=00 mo=39 af=4 d=8748 @(200,-21600,r2560)] [4 t=11 st=1 ss1=12 ss2=3 ss3=0 g=00 mo=40 af=64 d=8046 @(200,-19600,r1536)]
F19512 live=1 act=5 PL(-1300,-13950,rot=2048,hp=0) [0 t=16 st=1 ss1=0 ss2=0 ss3=0 g=88 mo=19 af=0 d=7419 @(-800,-20600,r1024)] [1 t=10 st=1 ss1=12 ss2=3 ss3=0 g=00 mo=39 af=4 d=6122 @(-1800,-19600,r512)] [2 t=10 st=1 ss1=12 ss2=3 ss3=0 g=00 mo=39 af=4 d=7038 @(-1800,-21600,r3584)] [3 t=11 st=1 ss1=12 ss2=3 ss3=0 g=00 mo=39 af=4 d=8748 @(200,-21600,r2560)] [4 t=11 st=1 ss1=12 ss2=3 ss3=0 g=00 mo=40 af=64 d=8046 @(200,-19600,r1536)]
F19513 live=1 act=5 PL(-1300,-13950,rot=2048,hp=0) [0 t=16 st=1 ss1=0 ss2=0 ss3=0 g=88 mo=19 af=0 d=7419 @(-800,-20600,r1024)] [1 t=10 st=1 ss1=12 ss2=3 ss3=0 g=00 mo=39 af=4 d=6122 @(-1800,-19600,r512)] [2 t=10 st=1 ss1=12 ss2=3 ss3=0 g=00 mo=39 af=4 d=7038 @(-1800,-21600,r3584)] [3 t=11 st=1 ss1=12 ss2=3 ss3=0 g=00 mo=39 af=4 d=8748 @(200,-21600,r2560)] [4 t=11 st=1 ss1=12 ss2=3 ss3=0 g=00 mo=40 af=64 d=8046 @(200,-19600,r1536)]
F19514 live=1 act=5 PL(-1300,-13950,rot=2048,hp=0) [0 t=16 st=1 ss1=0 ss2=0 ss3=0 g=88 mo=19 af=0 d=7419 @(-800,-20600,r1024)] [1 t=10 st=1 ss1=12 ss2=3 ss3=0 g=00 mo=39 af=4 d=6122 @(-1800,-19600,r512)] [2 t=10 st=1 ss1=12 ss2=3 ss3=0 g=00 mo=39 af=4 d=7038 @(-1800,-21600,r3584)] [3 t=11 st=1 ss1=12 ss2=3 ss3=0 g=00 mo=39 af=4 d=8748 @(200,-21600,r2560)] [4 t=11 st=1 ss1=12 ss2=3 ss3=0 g=00 mo=40 af=64 d=8046 @(200,-19600,r1536)]
F19515 live=1 act=5 PL(-1300,-13950,rot=2048,hp=0) [0 t=16 st=1 ss1=0 ss2=0 ss3=0 g=88 mo=19 af=0 d=7419 @(-800,-20600,r1024)] [1 t=10 st=1 ss1=12 ss2=3 ss3=0 g=00 mo=39 af=4 d=6122 @(-1800,-19600,r512)] [2 t=10 st=1 ss1=12 ss2=3 ss3=0 g=00 mo=39 af=4 d=7038 @(-1800,-21600,r3584)] [3 t=11 st=1 ss1=12 ss2=3 ss3=0 g=00 mo=39 af=4 d=8748 @(200,-21600,r2560)] [4 t=11 st=1 ss1=12 ss2=3 ss3=0 g=00 mo=40 af=64 d=8046 @(200,-19600,r1536)]
F19516 live=1 act=5 PL(-1300,-13950,rot=2048,hp=0) [0 t=16 st=1 ss1=0 ss2=0 ss3=0 g=88 mo=19 af=0 d=7419 @(-800,-20600,r1024)] [1 t=10 st=1 ss1=12 ss2=3 ss3=0 g=00 mo=39 af=4 d=6122 @(-1800,-19600,r512)] [2 t=10 st=1 ss1=12 ss2=3 ss3=0 g=00 mo=39 af=4 d=7038 @(-1800,-21600,r3584)] [3 t=11 st=1 ss1=12 ss2=3 ss3=0 g=00 mo=39 af=4 d=8748 @(200,-21600,r2560)] [4 t=11 st=1 ss1=12 ss2=3 ss3=0 g=00 mo=40 af=64 d=8046 @(200,-19600,r1536)]
F19517 live=1 act=5 PL(-1300,-13950,rot=2048,hp=0) [0 t=16 st=1 ss1=0 ss2=0 ss3=0 g=88 mo=19 af=0 d=7419 @(-800,-20600,r1024)] [1 t=10 st=1 ss1=12 ss2=3 ss3=0 g=00 mo=39 af=4 d=6122 @(-1800,-19600,r512)] [2 t=10 st=1 ss1=12 ss2=3 ss3=0 g=00 mo=39 af=4 d=7038 @(-1800,-21600,r3584)] [3 t=11 st=1 ss1=12 ss2=3 ss3=0 g=00 mo=39 af=4 d=8748 @(200,-21600,r2560)] [4 t=11 st=1 ss1=12 ss2=3 ss3=0 g=00 mo=40 af=64 d=8046 @(200,-19600,r1536)]
F19518 live=1 act=5 PL(-1300,-13950,rot=2048,hp=0) [0 t=16 st=1 ss1=0 ss2=0 ss3=0 g=88 mo=19 af=0 d=7419 @(-800,-20600,r1024)] [1 t=10 st=1 ss1=12 ss2=3 ss3=0 g=00 mo=39 af=4 d=6122 @(-1800,-19600,r512)] [2 t=10 st=1 ss1=12 ss2=3 ss3=0 g=00 mo=39 af=4 d=7038 @(-1800,-21600,r3584)] [3 t=11 st=1 ss1=12 ss2=3 ss3=0 g=00 mo=39 af=4 d=8748 @(200,-21600,r2560)] [4 t=11 st=1 ss1=12 ss2=3 ss3=0 g=00 mo=40 af=64 d=8046 @(200,-19600,r1536)]
F19519 live=1 act=5 PL(-1300,-13950,rot=2048,hp=0) [0 t=16 st=1 ss1=0 ss2=0 ss3=0 g=88 mo=19 af=0 d=7419 @(-800,-20600,r1024)] [1 t=10 st=1 ss1=12 ss2=3 ss3=0 g=00 mo=39 af=4 d=6122 @(-1800,-19600,r512)] [2 t=10 st=1 ss1=12 ss2=3 ss3=0 g=00 mo=39 af=4 d=7038 @(-1800,-21600,r3584)] [3 t=11 st=1 ss1=12 ss2=3 ss3=0 g=00 mo=39 af=4 d=8748 @(200,-21600,r2560)] [4 t=11 st=1 ss1=12 ss2=3 ss3=0 g=00 mo=40 af=64 d=8046 @(200,-19600,r1536)]
F19520 live=1 act=5 PL(-1300,-13950,rot=2048,hp=0) [0 t=16 st=1 ss1=0 ss2=0 ss3=0 g=88 mo=19 af=0 d=7419 @(-800,-20600,r1024)] [1 t=10 st=1 ss1=12 ss2=3 ss3=0 g=00 mo=39 af=4 d=6122 @(-1800,-19600,r512)] [2 t=10 st=1 ss1=12 ss2=3 ss3=0 g=00 mo=39 af=4 d=7038 @(-1800,-21600,r3584)] [3 t=11 st=1 ss1=12 ss2=3 ss3=0 g=00 mo=39 af=4 d=8748 @(200,-21600,r2560)] [4 t=11 st=1 ss1=12 ss2=3 ss3=0 g=00 mo=40 af=64 d=8046 @(200,-19600,r1536)]
F19521 live=1 act=5 PL(-1300,-13950,rot=2048,hp=0) [0 t=16 st=1 ss1=0 ss2=0 ss3=0 g=88 mo=19 af=0 d=7419 @(-800,-20600,r1024)] [1 t=10 st=1 ss1=12 ss2=3 ss3=0 g=00 mo=39 af=4 d=6122 @(-1800,-19600,r512)] [2 t=10 st=1 ss1=12 ss2=3 ss3=0 g=00 mo=39 af=4 d=7038 @(-1800,-21600,r3584)] [3 t=11 st=1 ss1=12 ss2=3 ss3=0 g=00 mo=39 af=4 d=8748 @(200,-21600,r2560)] [4 t=11 st=1 ss1=12 ss2=3 ss3=0 g=00 mo=40 af=64 d=8046 @(200,-19600,r1536)]
F19522 live=1 act=5 PL(-1300,-13950,rot=2048,hp=0) [0 t=16 st=1 ss1=0 ss2=0 ss3=0 g=88 mo=19 af=0 d=7419 @(-800,-20600,r1024)] [1 t=10 st=1 ss1=12 ss2=3 ss3=0 g=00 mo=39 af=4 d=6122 @(-1800,-19600,r512)] [2 t=10 st=1 ss1=12 ss2=3 ss3=0 g=00 mo=39 af=4 d=7038 @(-1800,-21600,r3584)] [3 t=11 st=1 ss1=12 ss2=3 ss3=0 g=00 mo=39 af=4 d=8748 @(200,-21600,r2560)] [4 t=11 st=1 ss1=12 ss2=3 ss3=0 g=00 mo=40 af=64 d=8046 @(200,-19600,r1536)]
F19523 live=1 act=5 PL(-1300,-13950,rot=2048,hp=0) [0 t=16 st=1 ss1=0 ss2=0 ss3=0 g=88 mo=19 af=0 d=7419 @(-800,-20600,r1024)] [1 t=10 st=1 ss1=12 ss2=3 ss3=0 g=00 mo=39 af=4 d=6122 @(-1800,-19600,r512)] [2 t=10 st=1 ss1=12 ss2=3 ss3=0 g=00 mo=39 af=4 d=7038 @(-1800,-21600,r3584)] [3 t=11 st=1 ss1=12 ss2=3 ss3=0 g=00 mo=39 af=4 d=8748 @(200,-21600,r2560)] [4 t=11 st=1 ss1=12 ss2=3 ss3=0 g=00 mo=40 af=64 d=8046 @(200,-19600,r1536)]
F19524 live=1 act=5 PL(-1300,-13950,rot=2048,hp=0) [0 t=16 st=1 ss1=0 ss2=0 ss3=0 g=88 mo=19 af=0 d=7419 @(-800,-20600,r1024)] [1 t=10 st=1 ss1=12 ss2=3 ss3=0 g=00 mo=39 af=4 d=6122 @(-1800,-19600,r512)] [2 t=10 st=1 ss1=12 ss2=3 ss3=0 g=00 mo=39 af=4 d=7038 @(-1800,-21600,r3584)] [3 t=11 st=1 ss1=12 ss2=3 ss3=0 g=00 mo=39 af=4 d=8748 @(200,-21600,r2560)] [4 t=11 st=1 ss1=12 ss2=3 ss3=0 g=00 mo=40 af=64 d=8046 @(200,-19600,r1536)]
F19525 live=1 act=5 PL(-1300,-13950,rot=2048,hp=0) [0 t=16 st=1 ss1=0 ss2=0 ss3=0 g=88 mo=19 af=0 d=7419 @(-800,-20600,r1024)] [1 t=10 st=1 ss1=12 ss2=3 ss3=0 g=00 mo=39 af=4 d=6122 @(-1800,-19600,r512)] [2 t=10 st=1 ss1=12 ss2=3 ss3=0 g=00 mo=39 af=4 d=7038 @(-1800,-21600,r3584)] [3 t=11 st=1 ss1=12 ss2=3 ss3=0 g=00 mo=39 af=4 d=8748 @(200,-21600,r2560)] [4 t=11 st=1 ss1=12 ss2=3 ss3=0 g=00 mo=40 af=64 d=8046 @(200,-19600,r1536)]
F19526 live=1 act=5 PL(-1300,-13950,rot=2048,hp=0) [0 t=16 st=1 ss1=0 ss2=0 ss3=0 g=88 mo=19 af=0 d=7419 @(-800,-20600,r1024)] [1 t=10 st=1 ss1=12 ss2=3 ss3=0 g=00 mo=39 af=4 d=6122 @(-1800,-19600,r512)] [2 t=10 st=1 ss1=12 ss2=3 ss3=0 g=00 mo=39 af=4 d=7038 @(-1800,-21600,r3584)] [3 t=11 st=1 ss1=12 ss2=3 ss3=0 g=00 mo=39 af=4 d=8748 @(200,-21600,r2560)] [4 t=11 st=1 ss1=12 ss2=3 ss3=0 g=00 mo=40 af=64 d=8046 @(200,-19600,r1536)]
F19527 live=1 act=5 PL(-1300,-13950,rot=2048,hp=0) [0 t=16 st=1 ss1=0 ss2=0 ss3=0 g=88 mo=19 af=0 d=7419 @(-800,-20600,r1024)] [1 t=10 st=1 ss1=12 ss2=3 ss3=0 g=00 mo=39 af=4 d=6122 @(-1800,-19600,r512)] [2 t=10 st=1 ss1=12 ss2=3 ss3=0 g=00 mo=39 af=4 d=7038 @(-1800,-21600,r3584)] [3 t=11 st=1 ss1=12 ss2=3 ss3=0 g=00 mo=39 af=4 d=8748 @(200,-21600,r2560)] [4 t=11 st=1 ss1=12 ss2=3 ss3=0 g=00 mo=40 af=64 d=8046 @(200,-19600,r1536)]
F19528 live=1 act=5 PL(-1300,-13950,rot=2048,hp=0) [0 t=16 st=1 ss1=0 ss2=0 ss3=0 g=88 mo=19 af=0 d=7419 @(-800,-20600,r1024)] [1 t=10 st=1 ss1=12 ss2=3 ss3=0 g=00 mo=39 af=4 d=6122 @(-1800,-19600,r512)] [2 t=10 st=1 ss1=12 ss2=3 ss3=0 g=00 mo=39 af=4 d=7038 @(-1800,-21600,r3584)] [3 t=11 st=1 ss1=12 ss2=3 ss3=0 g=00 mo=39 af=4 d=8748 @(200,-21600,r2560)] [4 t=11 st=1 ss1=12 ss2=3 ss3=0 g=00 mo=40 af=64 d=8046 @(200,-19600,r1536)]
F19529 live=1 act=5 PL(-1300,-13950,rot=2048,hp=0) [0 t=16 st=1 ss1=0 ss2=0 ss3=0 g=88 mo=19 af=0 d=7419 @(-800,-20600,r1024)] [1 t=10 st=1 ss1=12 ss2=3 ss3=0 g=00 mo=39 af=4 d=6122 @(-1800,-19600,r512)] [2 t=10 st=1 ss1=12 ss2=3 ss3=0 g=00 mo=39 af=4 d=7038 @(-1800,-21600,r3584)] [3 t=11 st=1 ss1=12 ss2=3 ss3=0 g=00 mo=39 af=4 d=8748 @(200,-21600,r2560)] [4 t=11 st=1 ss1=12 ss2=3 ss3=0 g=00 mo=40 af=64 d=8046 @(200,-19600,r1536)]
F19530 live=1 act=5 PL(-1300,-13950,rot=2048,hp=0) [0 t=16 st=1 ss1=0 ss2=0 ss3=0 g=88 mo=19 af=0 d=7419 @(-800,-20600,r1024)] [1 t=10 st=1 ss1=12 ss2=3 ss3=0 g=00 mo=39 af=4 d=6122 @(-1800,-19600,r512)] [2 t=10 st=1 ss1=12 ss2=3 ss3=0 g=00 mo=39 af=4 d=7038 @(-1800,-21600,r3584)] [3 t=11 st=1 ss1=12 ss2=3 ss3=0 g=00 mo=39 af=4 d=8748 @(200,-21600,r2560)] [4 t=11 st=1 ss1=12 ss2=3 ss3=0 g=00 mo=40 af=64 d=8046 @(200,-19600,r1536)]
F19531 live=1 act=5 PL(-1300,-13950,rot=2048,hp=0) [0 t=16 st=1 ss1=0 ss2=0 ss3=0 g=88 mo=19 af=0 d=7419 @(-800,-20600,r1024)] [1 t=10 st=1 ss1=12 ss2=3 ss3=0 g=00 mo=39 af=4 d=6122 @(-1800,-19600,r512)] [2 t=10 st=1 ss1=12 ss2=3 ss3=0 g=00 mo=39 af=4 d=7038 @(-1800,-21600,r3584)] [3 t=11 st=1 ss1=12 ss2=3 ss3=0 g=00 mo=39 af=4 d=8748 @(200,-21600,r2560)] [4 t=11 st=1 ss1=12 ss2=3 ss3=0 g=00 mo=40 af=64 d=8046 @(200,-19600,r1536)]
F19532 live=1 act=5 PL(-1300,-13950,rot=2048,hp=0) [0 t=16 st=1 ss1=0 ss2=0 ss3=0 g=88 mo=19 af=0 d=7419 @(-800,-20600,r1024)] [1 t=10 st=1 ss1=12 ss2=3 ss3=0 g=00 mo=39 af=4 d=6122 @(-1800,-19600,r512)] [2 t=10 st=1 ss1=12 ss2=3 ss3=0 g=00 mo=39 af=4 d=7038 @(-1800,-21600,r3584)] [3 t=11 st=1 ss1=12 ss2=3 ss3=0 g=00 mo=39 af=4 d=8748 @(200,-21600,r2560)] [4 t=11 st=1 ss1=12 ss2=3 ss3=0 g=00 mo=40 af=64 d=8046 @(200,-19600,r1536)]
F19533 live=1 act=5 PL(-1300,-13950,rot=2048,hp=0) [0 t=16 st=1 ss1=0 ss2=0 ss3=0 g=88 mo=19 af=0 d=7419 @(-800,-20600,r1024)] [1 t=10 st=1 ss1=12 ss2=3 ss3=0 g=00 mo=39 af=4 d=6122 @(-1800,-19600,r512)] [2 t=10 st=1 ss1=12 ss2=3 ss3=0 g=00 mo=39 af=4 d=7038 @(-1800,-21600,r3584)] [3 t=11 st=1 ss1=12 ss2=3 ss3=0 g=00 mo=39 af=4 d=8748 @(200,-21600,r2560)] [4 t=11 st=1 ss1=12 ss2=3 ss3=0 g=00 mo=40 af=64 d=8046 @(200,-19600,r1536)]
F19534 live=1 act=5 PL(-1300,-13950,rot=2048,hp=0) [0 t=16 st=1 ss1=0 ss2=0 ss3=0 g=88 mo=19 af=0 d=7419 @(-800,-20600,r1024)] [1 t=10 st=1 ss1=12 ss2=3 ss3=0 g=00 mo=39 af=4 d=6122 @(-1800,-19600,r512)] [2 t=10 st=1 ss1=12 ss2=3 ss3=0 g=00 mo=39 af=4 d=7038 @(-1800,-21600,r3584)] [3 t=11 st=1 ss1=12 ss2=3 ss3=0 g=00 mo=39 af=4 d=8748 @(200,-21600,r2560)] [4 t=11 st=1 ss1=12 ss2=3 ss3=0 g=00 mo=40 af=64 d=8046 @(200,-19600,r1536)]
F19535 live=1 act=5 PL(-1300,-13950,rot=2048,hp=0) [0 t=16 st=1 ss1=0 ss2=0 ss3=0 g=88 mo=19 af=0 d=7419 @(-800,-20600,r1024)] [1 t=10 st=1 ss1=12 ss2=3 ss3=0 g=00 mo=39 af=4 d=6122 @(-1800,-19600,r512)] [2 t=10 st=1 ss1=12 ss2=3 ss3=0 g=00 mo=39 af=4 d=7038 @(-1800,-21600,r3584)] [3 t=11 st=1 ss1=12 ss2=3 ss3=0 g=00 mo=39 af=4 d=8748 @(200,-21600,r2560)] [4 t=11 st=1 ss1=12 ss2=3 ss3=0 g=00 mo=40 af=64 d=8046 @(200,-19600,r1536)]
F19536 live=1 act=5 PL(-1300,-13950,rot=2048,hp=0) [0 t=16 st=1 ss1=0 ss2=0 ss3=0 g=88 mo=19 af=0 d=7419 @(-800,-20600,r1024)] [1 t=10 st=1 ss1=12 ss2=3 ss3=0 g=00 mo=39 af=4 d=6122 @(-1800,-19600,r512)] [2 t=10 st=1 ss1=12 ss2=3 ss3=0 g=00 mo=39 af=4 d=7038 @(-1800,-21600,r3584)] [3 t=11 st=1 ss1=12 ss2=3 ss3=0 g=00 mo=39 af=4 d=8748 @(200,-21600,r2560)] [4 t=11 st=1 ss1=12 ss2=3 ss3=0 g=00 mo=40 af=64 d=8046 @(200,-19600,r1536)]
F19537 live=1 act=5 PL(-1300,-13950,rot=2048,hp=0) [0 t=16 st=1 ss1=0 ss2=0 ss3=0 g=88 mo=19 af=0 d=7419 @(-800,-20600,r1024)] [1 t=10 st=1 ss1=12 ss2=3 ss3=0 g=00 mo=39 af=4 d=6122 @(-1800,-19600,r512)] [2 t=10 st=1 ss1=12 ss2=3 ss3=0 g=00 mo=39 af=4 d=7038 @(-1800,-21600,r3584)] [3 t=11 st=1 ss1=12 ss2=3 ss3=0 g=00 mo=39 af=4 d=8748 @(200,-21600,r2560)] [4 t=11 st=1 ss1=12 ss2=3 ss3=0 g=00 mo=40 af=64 d=8046 @(200,-19600,r1536)]
F19538 live=1 act=5 PL(-1300,-13950,rot=2048,hp=0) [0 t=16 st=1 ss1=0 ss2=0 ss3=0 g=88 mo=19 af=0 d=7419 @(-800,-20600,r1024)] [1 t=10 st=1 ss1=12 ss2=3 ss3=0 g=00 mo=39 af=4 d=6122 @(-1800,-19600,r512)] [2 t=10 st=1 ss1=12 ss2=3 ss3=0 g=00 mo=39 af=4 d=7038 @(-1800,-21600,r3584)] [3 t=11 st=1 ss1=12 ss2=3 ss3=0 g=00 mo=39 af=4 d=8748 @(200,-21600,r2560)] [4 t=11 st=1 ss1=12 ss2=3 ss3=0 g=00 mo=40 af=64 d=8046 @(200,-19600,r1536)]
F19539 live=1 act=5 PL(-1300,-13950,rot=2048,hp=0) [0 t=16 st=1 ss1=0 ss2=0 ss3=0 g=88 mo=19 af=0 d=7419 @(-800,-20600,r1024)] [1 t=10 st=1 ss1=12 ss2=3 ss3=0 g=00 mo=39 af=4 d=6122 @(-1800,-19600,r512)] [2 t=10 st=1 ss1=12 ss2=3 ss3=0 g=00 mo=39 af=4 d=7038 @(-1800,-21600,r3584)] [3 t=11 st=1 ss1=12 ss2=3 ss3=0 g=00 mo=39 af=4 d=8748 @(200,-21600,r2560)] [4 t=11 st=1 ss1=12 ss2=3 ss3=0 g=00 mo=40 af=64 d=8046 @(200,-19600,r1536)]
F19540 live=1 act=5 PL(-1300,-13950,rot=2048,hp=0) [0 t=16 st=1 ss1=0 ss2=0 ss3=0 g=88 mo=19 af=0 d=7419 @(-800,-20600,r1024)] [1 t=10 st=1 ss1=12 ss2=3 ss3=0 g=00 mo=39 af=4 d=6122 @(-1800,-19600,r512)] [2 t=10 st=1 ss1=12 ss2=3 ss3=0 g=00 mo=39 af=4 d=7038 @(-1800,-21600,r3584)] [3 t=11 st=1 ss1=12 ss2=3 ss3=0 g=00 mo=39 af=4 d=8748 @(200,-21600,r2560)] [4 t=11 st=1 ss1=12 ss2=3 ss3=0 g=00 mo=40 af=64 d=8046 @(200,-19600,r1536)]
F19541 live=1 act=5 PL(-1300,-13950,rot=2048,hp=0) [0 t=16 st=1 ss1=0 ss2=0 ss3=0 g=88 mo=19 af=0 d=7419 @(-800,-20600,r1024)] [1 t=10 st=1 ss1=12 ss2=3 ss3=0 g=00 mo=39 af=4 d=6122 @(-1800,-19600,r512)] [2 t=10 st=1 ss1=12 ss2=3 ss3=0 g=00 mo=39 af=4 d=7038 @(-1800,-21600,r3584)] [3 t=11 st=1 ss1=12 ss2=3 ss3=0 g=00 mo=39 af=4 d=8748 @(200,-21600,r2560)] [4 t=11 st=1 ss1=12 ss2=3 ss3=0 g=00 mo=40 af=64 d=8046 @(200,-19600,r1536)]
F19542 live=1 act=5 PL(-1300,-13950,rot=2048,hp=0) [0 t=16 st=1 ss1=0 ss2=0 ss3=0 g=88 mo=19 af=0 d=7419 @(-800,-20600,r1024)] [1 t=10 st=1 ss1=12 ss2=3 ss3=0 g=00 mo=39 af=4 d=6122 @(-1800,-19600,r512)] [2 t=10 st=1 ss1=12 ss2=3 ss3=0 g=00 mo=39 af=4 d=7038 @(-1800,-21600,r3584)] [3 t=11 st=1 ss1=12 ss2=3 ss3=0 g=00 mo=39 af=4 d=8748 @(200,-21600,r2560)] [4 t=11 st=1 ss1=12 ss2=3 ss3=0 g=00 mo=40 af=64 d=8046 @(200,-19600,r1536)]
F19543 live=1 act=5 PL(-1300,-13950,rot=2048,hp=0) [0 t=16 st=1 ss1=0 ss2=0 ss3=0 g=88 mo=19 af=0 d=7419 @(-800,-20600,r1024)] [1 t=10 st=1 ss1=12 ss2=3 ss3=0 g=00 mo=39 af=4 d=6122 @(-1800,-19600,r512)] [2 t=10 st=1 ss1=12 ss2=3 ss3=0 g=00 mo=39 af=4 d=7038 @(-1800,-21600,r3584)] [3 t=11 st=1 ss1=12 ss2=3 ss3=0 g=00 mo=39 af=4 d=8748 @(200,-21600,r2560)] [4 t=11 st=1 ss1=12 ss2=3 ss3=0 g=00 mo=40 af=64 d=8046 @(200,-19600,r1536)]
F19544 live=1 act=5 PL(-1300,-13950,rot=2048,hp=0) [0 t=16 st=1 ss1=0 ss2=0 ss3=0 g=88 mo=19 af=0 d=7419 @(-800,-20600,r1024)] [1 t=10 st=1 ss1=12 ss2=3 ss3=0 g=00 mo=39 af=4 d=6122 @(-1800,-19600,r512)] [2 t=10 st=1 ss1=12 ss2=3 ss3=0 g=00 mo=39 af=4 d=7038 @(-1800,-21600,r3584)] [3 t=11 st=1 ss1=12 ss2=3 ss3=0 g=00 mo=39 af=4 d=8748 @(200,-21600,r2560)] [4 t=11 st=1 ss1=12 ss2=3 ss3=0 g=00 mo=40 af=64 d=8046 @(200,-19600,r1536)]
F19545 live=1 act=5 PL(-1300,-13950,rot=2048,hp=0) [0 t=16 st=1 ss1=0 ss2=0 ss3=0 g=88 mo=19 af=0 d=7419 @(-800,-20600,r1024)] [1 t=10 st=1 ss1=12 ss2=3 ss3=0 g=00 mo=39 af=4 d=6122 @(-1800,-19600,r512)] [2 t=10 st=1 ss1=12 ss2=3 ss3=0 g=00 mo=39 af=4 d=7038 @(-1800,-21600,r3584)] [3 t=11 st=1 ss1=12 ss2=3 ss3=0 g=00 mo=39 af=4 d=8748 @(200,-21600,r2560)] [4 t=11 st=1 ss1=12 ss2=3 ss3=0 g=00 mo=40 af=64 d=8046 @(200,-19600,r1536)]
F19546 live=1 act=5 PL(-1300,-13950,rot=2048,hp=0) [0 t=16 st=1 ss1=0 ss2=0 ss3=0 g=88 mo=19 af=0 d=7419 @(-800,-20600,r1024)] [1 t=10 st=1 ss1=12 ss2=3 ss3=0 g=00 mo=39 af=4 d=6122 @(-1800,-19600,r512)] [2 t=10 st=1 ss1=12 ss2=3 ss3=0 g=00 mo=39 af=4 d=7038 @(-1800,-21600,r3584)] [3 t=11 st=1 ss1=12 ss2=3 ss3=0 g=00 mo=39 af=4 d=8748 @(200,-21600,r2560)] [4 t=11 st=1 ss1=12 ss2=3 ss3=0 g=00 mo=40 af=64 d=8046 @(200,-19600,r1536)]
F19547 live=1 act=5 PL(-1300,-13950,rot=2048,hp=0) [0 t=16 st=1 ss1=0 ss2=0 ss3=0 g=88 mo=19 af=0 d=7419 @(-800,-20600,r1024)] [1 t=10 st=1 ss1=12 ss2=3 ss3=0 g=00 mo=39 af=4 d=6122 @(-1800,-19600,r512)] [2 t=10 st=1 ss1=12 ss2=3 ss3=0 g=00 mo=39 af=4 d=7038 @(-1800,-21600,r3584)] [3 t=11 st=1 ss1=12 ss2=3 ss3=0 g=00 mo=39 af=4 d=8748 @(200,-21600,r2560)] [4 t=11 st=1 ss1=12 ss2=3 ss3=0 g=00 mo=40 af=64 d=8046 @(200,-19600,r1536)]
F19548 live=1 act=5 PL(-1300,-13950,rot=2048,hp=0) [0 t=16 st=1 ss1=0 ss2=0 ss3=0 g=88 mo=19 af=0 d=7419 @(-800,-20600,r1024)] [1 t=10 st=1 ss1=12 ss2=3 ss3=0 g=00 mo=39 af=4 d=6122 @(-1800,-19600,r512)] [2 t=10 st=1 ss1=12 ss2=3 ss3=0 g=00 mo=39 af=4 d=7038 @(-1800,-21600,r3584)] [3 t=11 st=1 ss1=12 ss2=3 ss3=0 g=00 mo=39 af=4 d=8748 @(200,-21600,r2560)] [4 t=11 st=1 ss1=12 ss2=3 ss3=0 g=00 mo=40 af=64 d=8046 @(200,-19600,r1536)]
F19549 live=1 act=5 PL(-1300,-13950,rot=2048,hp=0) [0 t=16 st=1 ss1=0 ss2=0 ss3=0 g=88 mo=19 af=0 d=7419 @(-800,-20600,r1024)] [1 t=10 st=1 ss1=12 ss2=3 ss3=0 g=00 mo=39 af=4 d=6122 @(-1800,-19600,r512)] [2 t=10 st=1 ss1=12 ss2=3 ss3=0 g=00 mo=39 af=4 d=7038 @(-1800,-21600,r3584)] [3 t=11 st=1 ss1=12 ss2=3 ss3=0 g=00 mo=39 af=4 d=8748 @(200,-21600,r2560)] [4 t=11 st=1 ss1=12 ss2=3 ss3=0 g=00 mo=40 af=64 d=8046 @(200,-19600,r1536)]
F19550 live=1 act=5 PL(-1300,-13950,rot=2048,hp=0) [0 t=16 st=1 ss1=0 ss2=0 ss3=0 g=88 mo=19 af=0 d=7419 @(-800,-20600,r1024)] [1 t=10 st=1 ss1=12 ss2=3 ss3=0 g=00 mo=39 af=4 d=6122 @(-1800,-19600,r512)] [2 t=10 st=1 ss1=12 ss2=3 ss3=0 g=00 mo=39 af=4 d=7038 @(-1800,-21600,r3584)] [3 t=11 st=1 ss1=12 ss2=3 ss3=0 g=00 mo=39 af=4 d=8748 @(200,-21600,r2560)] [4 t=11 st=1 ss1=12 ss2=3 ss3=0 g=00 mo=40 af=64 d=8046 @(200,-19600,r1536)]
F19551 live=1 act=5 PL(-1300,-13950,rot=2048,hp=0) [0 t=16 st=1 ss1=0 ss2=0 ss3=0 g=88 mo=19 af=0 d=7419 @(-800,-20600,r1024)] [1 t=10 st=1 ss1=12 ss2=3 ss3=0 g=00 mo=39 af=4 d=6122 @(-1800,-19600,r512)] [2 t=10 st=1 ss1=12 ss2=3 ss3=0 g=00 mo=39 af=4 d=7038 @(-1800,-21600,r3584)] [3 t=11 st=1 ss1=12 ss2=3 ss3=0 g=00 mo=39 af=4 d=8748 @(200,-21600,r2560)] [4 t=11 st=1 ss1=12 ss2=3 ss3=0 g=00 mo=40 af=64 d=8046 @(200,-19600,r1536)]
F19552 live=1 act=5 PL(-1300,-13950,rot=2048,hp=0) [0 t=16 st=1 ss1=0 ss2=0 ss3=0 g=88 mo=19 af=0 d=7419 @(-800,-20600,r1024)] [1 t=10 st=1 ss1=12 ss2=3 ss3=0 g=00 mo=39 af=4 d=6122 @(-1800,-19600,r512)] [2 t=10 st=1 ss1=12 ss2=3 ss3=0 g=00 mo=39 af=4 d=7038 @(-1800,-21600,r3584)] [3 t=11 st=1 ss1=12 ss2=3 ss3=0 g=00 mo=39 af=4 d=8748 @(200,-21600,r2560)] [4 t=11 st=1 ss1=12 ss2=3 ss3=0 g=00 mo=40 af=64 d=8046 @(200,-19600,r1536)]
F19553 live=1 act=5 PL(-1300,-13950,rot=2048,hp=0) [0 t=16 st=1 ss1=0 ss2=0 ss3=0 g=88 mo=19 af=0 d=7419 @(-800,-20600,r1024)] [1 t=10 st=1 ss1=12 ss2=3 ss3=0 g=00 mo=39 af=4 d=6122 @(-1800,-19600,r512)] [2 t=10 st=1 ss1=12 ss2=3 ss3=0 g=00 mo=39 af=4 d=7038 @(-1800,-21600,r3584)] [3 t=11 st=1 ss1=12 ss2=3 ss3=0 g=00 mo=39 af=4 d=8748 @(200,-21600,r2560)] [4 t=11 st=1 ss1=12 ss2=3 ss3=0 g=00 mo=40 af=64 d=8046 @(200,-19600,r1536)]
F19554 live=1 act=5 PL(-1300,-13950,rot=2048,hp=0) [0 t=16 st=1 ss1=0 ss2=0 ss3=0 g=88 mo=19 af=0 d=7419 @(-800,-20600,r1024)] [1 t=10 st=1 ss1=12 ss2=3 ss3=0 g=00 mo=39 af=4 d=6122 @(-1800,-19600,r512)] [2 t=10 st=1 ss1=12 ss2=3 ss3=0 g=00 mo=39 af=4 d=7038 @(-1800,-21600,r3584)] [3 t=11 st=1 ss1=12 ss2=3 ss3=0 g=00 mo=39 af=4 d=8748 @(200,-21600,r2560)] [4 t=11 st=1 ss1=12 ss2=3 ss3=0 g=00 mo=40 af=64 d=8046 @(200,-19600,r1536)]
F19555 live=1 act=5 PL(-1300,-13950,rot=2048,hp=0) [0 t=16 st=1 ss1=0 ss2=0 ss3=0 g=88 mo=19 af=0 d=7419 @(-800,-20600,r1024)] [1 t=10 st=1 ss1=12 ss2=3 ss3=0 g=00 mo=39 af=4 d=6122 @(-1800,-19600,r512)] [2 t=10 st=1 ss1=12 ss2=3 ss3=0 g=00 mo=39 af=4 d=7038 @(-1800,-21600,r3584)] [3 t=11 st=1 ss1=12 ss2=3 ss3=0 g=00 mo=39 af=4 d=8748 @(200,-21600,r2560)] [4 t=11 st=1 ss1=12 ss2=3 ss3=0 g=00 mo=40 af=64 d=8046 @(200,-19600,r1536)]
F19556 live=1 act=5 PL(-1300,-13950,rot=2048,hp=0) [0 t=16 st=1 ss1=0 ss2=0 ss3=0 g=88 mo=19 af=0 d=7419 @(-800,-20600,r1024)] [1 t=10 st=1 ss1=12 ss2=3 ss3=0 g=00 mo=39 af=4 d=6122 @(-1800,-19600,r512)] [2 t=10 st=1 ss1=12 ss2=3 ss3=0 g=00 mo=39 af=4 d=7038 @(-1800,-21600,r3584)] [3 t=11 st=1 ss1=12 ss2=3 ss3=0 g=00 mo=39 af=4 d=8748 @(200,-21600,r2560)] [4 t=11 st=1 ss1=12 ss2=3 ss3=0 g=00 mo=40 af=64 d=8046 @(200,-19600,r1536)]
F19557 live=1 act=5 PL(-1300,-13950,rot=2048,hp=0) [0 t=16 st=1 ss1=0 ss2=0 ss3=0 g=88 mo=19 af=0 d=7419 @(-800,-20600,r1024)] [1 t=10 st=1 ss1=12 ss2=3 ss3=0 g=00 mo=39 af=4 d=6122 @(-1800,-19600,r512)] [2 t=10 st=1 ss1=12 ss2=3 ss3=0 g=00 mo=39 af=4 d=7038 @(-1800,-21600,r3584)] [3 t=11 st=1 ss1=12 ss2=3 ss3=0 g=00 mo=39 af=4 d=8748 @(200,-21600,r2560)] [4 t=11 st=1 ss1=12 ss2=3 ss3=0 g=00 mo=40 af=64 d=8046 @(200,-19600,r1536)]
F19558 live=1 act=5 PL(-1300,-13950,rot=2048,hp=0) [0 t=16 st=1 ss1=0 ss2=0 ss3=0 g=88 mo=19 af=0 d=7419 @(-800,-20600,r1024)] [1 t=10 st=1 ss1=12 ss2=3 ss3=0 g=00 mo=39 af=4 d=6122 @(-1800,-19600,r512)] [2 t=10 st=1 ss1=12 ss2=3 ss3=0 g=00 mo=39 af=4 d=7038 @(-1800,-21600,r3584)] [3 t=11 st=1 ss1=12 ss2=3 ss3=0 g=00 mo=39 af=4 d=8748 @(200,-21600,r2560)] [4 t=11 st=1 ss1=12 ss2=3 ss3=0 g=00 mo=40 af=64 d=8046 @(200,-19600,r1536)]
F19559 live=1 act=5 PL(-1300,-13950,rot=2048,hp=0) [0 t=16 st=1 ss1=0 ss2=0 ss3=0 g=88 mo=19 af=0 d=7419 @(-800,-20600,r1024)] [1 t=10 st=1 ss1=12 ss2=3 ss3=0 g=00 mo=39 af=4 d=6122 @(-1800,-19600,r512)] [2 t=10 st=1 ss1=12 ss2=3 ss3=0 g=00 mo=39 af=4 d=7038 @(-1800,-21600,r3584)] [3 t=11 st=1 ss1=12 ss2=3 ss3=0 g=00 mo=39 af=4 d=8748 @(200,-21600,r2560)] [4 t=11 st=1 ss1=12 ss2=3 ss3=0 g=00 mo=40 af=64 d=8046 @(200,-19600,r1536)]
F19560 live=1 act=5 PL(-1300,-13950,rot=2048,hp=0) [0 t=16 st=1 ss1=0 ss2=0 ss3=0 g=88 mo=19 af=0 d=7419 @(-800,-20600,r1024)] [1 t=10 st=1 ss1=12 ss2=3 ss3=0 g=00 mo=39 af=4 d=6122 @(-1800,-19600,r512)] [2 t=10 st=1 ss1=12 ss2=3 ss3=0 g=00 mo=39 af=4 d=7038 @(-1800,-21600,r3584)] [3 t=11 st=1 ss1=12 ss2=3 ss3=0 g=00 mo=39 af=4 d=8748 @(200,-21600,r2560)] [4 t=11 st=1 ss1=12 ss2=3 ss3=0 g=00 mo=40 af=64 d=8046 @(200,-19600,r1536)]
F19561 live=1 act=5 PL(-1300,-13950,rot=2048,hp=0) [0 t=16 st=1 ss1=0 ss2=0 ss3=0 g=88 mo=19 af=0 d=7419 @(-800,-20600,r1024)] [1 t=10 st=1 ss1=12 ss2=3 ss3=0 g=00 mo=39 af=4 d=6122 @(-1800,-19600,r512)] [2 t=10 st=1 ss1=12 ss2=3 ss3=0 g=00 mo=39 af=4 d=7038 @(-1800,-21600,r3584)] [3 t=11 st=1 ss1=12 ss2=3 ss3=0 g=00 mo=39 af=4 d=8748 @(200,-21600,r2560)] [4 t=11 st=1 ss1=12 ss2=3 ss3=0 g=00 mo=40 af=64 d=8046 @(200,-19600,r1536)]
# f19562 segment W x60
F19562 live=1 act=5 PL(-1300,-13950,rot=2048,hp=0) [0 t=16 st=1 ss1=0 ss2=0 ss3=0 g=88 mo=19 af=0 d=7419 @(-800,-20600,r1024)] [1 t=10 st=1 ss1=12 ss2=3 ss3=0 g=00 mo=39 af=4 d=6122 @(-1800,-19600,r512)] [2 t=10 st=1 ss1=12 ss2=3 ss3=0 g=00 mo=39 af=4 d=7038 @(-1800,-21600,r3584)] [3 t=11 st=1 ss1=12 ss2=3 ss3=0 g=00 mo=39 af=4 d=8748 @(200,-21600,r2560)] [4 t=11 st=1 ss1=12 ss2=3 ss3=0 g=00 mo=40 af=64 d=8046 @(200,-19600,r1536)]
F19563 live=1 act=5 PL(-1300,-13950,rot=2048,hp=0) [0 t=16 st=1 ss1=0 ss2=0 ss3=0 g=88 mo=19 af=0 d=7419 @(-800,-20600,r1024)] [1 t=10 st=1 ss1=12 ss2=3 ss3=0 g=00 mo=39 af=4 d=6122 @(-1800,-19600,r512)] [2 t=10 st=1 ss1=12 ss2=3 ss3=0 g=00 mo=39 af=4 d=7038 @(-1800,-21600,r3584)] [3 t=11 st=1 ss1=12 ss2=3 ss3=0 g=00 mo=39 af=4 d=8748 @(200,-21600,r2560)] [4 t=11 st=1 ss1=12 ss2=3 ss3=0 g=00 mo=40 af=64 d=8046 @(200,-19600,r1536)]
F19564 live=1 act=5 PL(-1300,-13950,rot=2048,hp=0) [0 t=16 st=1 ss1=0 ss2=0 ss3=0 g=88 mo=19 af=0 d=7419 @(-800,-20600,r1024)] [1 t=10 st=1 ss1=12 ss2=3 ss3=0 g=00 mo=39 af=4 d=6122 @(-1800,-19600,r512)] [2 t=10 st=1 ss1=12 ss2=3 ss3=0 g=00 mo=39 af=4 d=7038 @(-1800,-21600,r3584)] [3 t=11 st=1 ss1=12 ss2=3 ss3=0 g=00 mo=39 af=4 d=8748 @(200,-21600,r2560)] [4 t=11 st=1 ss1=12 ss2=3 ss3=0 g=00 mo=40 af=64 d=8046 @(200,-19600,r1536)]
F19565 live=1 act=5 PL(-1300,-13950,rot=2048,hp=0) [0 t=16 st=1 ss1=0 ss2=0 ss3=0 g=88 mo=19 af=0 d=7419 @(-800,-20600,r1024)] [1 t=10 st=1 ss1=12 ss2=3 ss3=0 g=00 mo=39 af=4 d=6122 @(-1800,-19600,r512)] [2 t=10 st=1 ss1=12 ss2=3 ss3=0 g=00 mo=39 af=4 d=7038 @(-1800,-21600,r3584)] [3 t=11 st=1 ss1=12 ss2=3 ss3=0 g=00 mo=39 af=4 d=8748 @(200,-21600,r2560)] [4 t=11 st=1 ss1=12 ss2=3 ss3=0 g=00 mo=40 af=64 d=8046 @(200,-19600,r1536)]
F19566 live=1 act=5 PL(-1300,-13950,rot=2048,hp=0) [0 t=16 st=1 ss1=0 ss2=0 ss3=0 g=88 mo=19 af=0 d=7419 @(-800,-20600,r1024)] [1 t=10 st=1 ss1=12 ss2=3 ss3=0 g=00 mo=39 af=4 d=6122 @(-1800,-19600,r512)] [2 t=10 st=1 ss1=12 ss2=3 ss3=0 g=00 mo=39 af=4 d=7038 @(-1800,-21600,r3584)] [3 t=11 st=1 ss1=12 ss2=3 ss3=0 g=00 mo=39 af=4 d=8748 @(200,-21600,r2560)] [4 t=11 st=1 ss1=12 ss2=3 ss3=0 g=00 mo=40 af=64 d=8046 @(200,-19600,r1536)]
F19567 live=1 act=5 PL(-1300,-13950,rot=2048,hp=0) [0 t=16 st=1 ss1=0 ss2=0 ss3=0 g=88 mo=19 af=0 d=7419 @(-800,-20600,r1024)] [1 t=10 st=1 ss1=12 ss2=3 ss3=0 g=00 mo=39 af=4 d=6122 @(-1800,-19600,r512)] [2 t=10 st=1 ss1=12 ss2=3 ss3=0 g=00 mo=39 af=4 d=7038 @(-1800,-21600,r3584)] [3 t=11 st=1 ss1=12 ss2=3 ss3=0 g=00 mo=39 af=4 d=8748 @(200,-21600,r2560)] [4 t=11 st=1 ss1=12 ss2=3 ss3=0 g=00 mo=40 af=64 d=8046 @(200,-19600,r1536)]
F19568 live=1 act=5 PL(-1300,-13950,rot=2048,hp=0) [0 t=16 st=1 ss1=0 ss2=0 ss3=0 g=88 mo=19 af=0 d=7419 @(-800,-20600,r1024)] [1 t=10 st=1 ss1=12 ss2=3 ss3=0 g=00 mo=39 af=4 d=6122 @(-1800,-19600,r512)] [2 t=10 st=1 ss1=12 ss2=3 ss3=0 g=00 mo=39 af=4 d=7038 @(-1800,-21600,r3584)] [3 t=11 st=1 ss1=12 ss2=3 ss3=0 g=00 mo=39 af=4 d=8748 @(200,-21600,r2560)] [4 t=11 st=1 ss1=12 ss2=3 ss3=0 g=00 mo=40 af=64 d=8046 @(200,-19600,r1536)]
F19569 live=1 act=5 PL(-1300,-13950,rot=2048,hp=0) [0 t=16 st=1 ss1=0 ss2=0 ss3=0 g=88 mo=19 af=0 d=7419 @(-800,-20600,r1024)] [1 t=10 st=1 ss1=12 ss2=3 ss3=0 g=00 mo=39 af=4 d=6122 @(-1800,-19600,r512)] [2 t=10 st=1 ss1=12 ss2=3 ss3=0 g=00 mo=39 af=4 d=7038 @(-1800,-21600,r3584)] [3 t=11 st=1 ss1=12 ss2=3 ss3=0 g=00 mo=39 af=4 d=8748 @(200,-21600,r2560)] [4 t=11 st=1 ss1=12 ss2=3 ss3=0 g=00 mo=40 af=64 d=8046 @(200,-19600,r1536)]
F19570 live=1 act=5 PL(-1300,-13950,rot=2048,hp=0) [0 t=16 st=1 ss1=0 ss2=0 ss3=0 g=88 mo=19 af=0 d=7419 @(-800,-20600,r1024)] [1 t=10 st=1 ss1=12 ss2=3 ss3=0 g=00 mo=39 af=4 d=6122 @(-1800,-19600,r512)] [2 t=10 st=1 ss1=12 ss2=3 ss3=0 g=00 mo=39 af=4 d=7038 @(-1800,-21600,r3584)] [3 t=11 st=1 ss1=12 ss2=3 ss3=0 g=00 mo=39 af=4 d=8748 @(200,-21600,r2560)] [4 t=11 st=1 ss1=12 ss2=3 ss3=0 g=00 mo=40 af=64 d=8046 @(200,-19600,r1536)]
F19571 live=1 act=5 PL(-1300,-13950,rot=2048,hp=0) [0 t=16 st=1 ss1=0 ss2=0 ss3=0 g=88 mo=19 af=0 d=7419 @(-800,-20600,r1024)] [1 t=10 st=1 ss1=12 ss2=3 ss3=0 g=00 mo=39 af=4 d=6122 @(-1800,-19600,r512)] [2 t=10 st=1 ss1=12 ss2=3 ss3=0 g=00 mo=39 af=4 d=7038 @(-1800,-21600,r3584)] [3 t=11 st=1 ss1=12 ss2=3 ss3=0 g=00 mo=39 af=4 d=8748 @(200,-21600,r2560)] [4 t=11 st=1 ss1=12 ss2=3 ss3=0 g=00 mo=40 af=64 d=8046 @(200,-19600,r1536)]
F19572 live=1 act=5 PL(-1300,-13950,rot=2048,hp=0) [0 t=16 st=1 ss1=0 ss2=0 ss3=0 g=88 mo=19 af=0 d=7419 @(-800,-20600,r1024)] [1 t=10 st=1 ss1=12 ss2=3 ss3=0 g=00 mo=39 af=4 d=6122 @(-1800,-19600,r512)] [2 t=10 st=1 ss1=12 ss2=3 ss3=0 g=00 mo=39 af=4 d=7038 @(-1800,-21600,r3584)] [3 t=11 st=1 ss1=12 ss2=3 ss3=0 g=00 mo=39 af=4 d=8748 @(200,-21600,r2560)] [4 t=11 st=1 ss1=12 ss2=3 ss3=0 g=00 mo=40 af=64 d=8046 @(200,-19600,r1536)]
F19573 live=1 act=5 PL(-1300,-13950,rot=2048,hp=0) [0 t=16 st=1 ss1=0 ss2=0 ss3=0 g=88 mo=19 af=0 d=7419 @(-800,-20600,r1024)] [1 t=10 st=1 ss1=12 ss2=3 ss3=0 g=00 mo=39 af=4 d=6122 @(-1800,-19600,r512)] [2 t=10 st=1 ss1=12 ss2=3 ss3=0 g=00 mo=39 af=4 d=7038 @(-1800,-21600,r3584)] [3 t=11 st=1 ss1=12 ss2=3 ss3=0 g=00 mo=39 af=4 d=8748 @(200,-21600,r2560)] [4 t=11 st=1 ss1=12 ss2=3 ss3=0 g=00 mo=40 af=64 d=8046 @(200,-19600,r1536)]
F19574 live=1 act=5 PL(-1300,-13950,rot=2048,hp=0) [0 t=16 st=1 ss1=0 ss2=0 ss3=0 g=88 mo=19 af=0 d=7419 @(-800,-20600,r1024)] [1 t=10 st=1 ss1=12 ss2=3 ss3=0 g=00 mo=39 af=4 d=6122 @(-1800,-19600,r512)] [2 t=10 st=1 ss1=12 ss2=3 ss3=0 g=00 mo=39 af=4 d=7038 @(-1800,-21600,r3584)] [3 t=11 st=1 ss1=12 ss2=3 ss3=0 g=00 mo=39 af=4 d=8748 @(200,-21600,r2560)] [4 t=11 st=1 ss1=12 ss2=3 ss3=0 g=00 mo=40 af=64 d=8046 @(200,-19600,r1536)]
F19575 live=1 act=5 PL(-1300,-13950,rot=2048,hp=0) [0 t=16 st=1 ss1=0 ss2=0 ss3=0 g=88 mo=19 af=0 d=7419 @(-800,-20600,r1024)] [1 t=10 st=1 ss1=12 ss2=3 ss3=0 g=00 mo=39 af=4 d=6122 @(-1800,-19600,r512)] [2 t=10 st=1 ss1=12 ss2=3 ss3=0 g=00 mo=39 af=4 d=7038 @(-1800,-21600,r3584)] [3 t=11 st=1 ss1=12 ss2=3 ss3=0 g=00 mo=39 af=4 d=8748 @(200,-21600,r2560)] [4 t=11 st=1 ss1=12 ss2=3 ss3=0 g=00 mo=40 af=64 d=8046 @(200,-19600,r1536)]
F19576 live=1 act=5 PL(-1300,-13950,rot=2048,hp=0) [0 t=16 st=1 ss1=0 ss2=0 ss3=0 g=88 mo=19 af=0 d=7419 @(-800,-20600,r1024)] [1 t=10 st=1 ss1=12 ss2=3 ss3=0 g=00 mo=39 af=4 d=6122 @(-1800,-19600,r512)] [2 t=10 st=1 ss1=12 ss2=3 ss3=0 g=00 mo=39 af=4 d=7038 @(-1800,-21600,r3584)] [3 t=11 st=1 ss1=12 ss2=3 ss3=0 g=00 mo=39 af=4 d=8748 @(200,-21600,r2560)] [4 t=11 st=1 ss1=12 ss2=3 ss3=0 g=00 mo=40 af=64 d=8046 @(200,-19600,r1536)]
F19577 live=1 act=5 PL(-1300,-13950,rot=2048,hp=0) [0 t=16 st=1 ss1=0 ss2=0 ss3=0 g=88 mo=19 af=0 d=7419 @(-800,-20600,r1024)] [1 t=10 st=1 ss1=12 ss2=3 ss3=0 g=00 mo=39 af=4 d=6122 @(-1800,-19600,r512)] [2 t=10 st=1 ss1=12 ss2=3 ss3=0 g=00 mo=39 af=4 d=7038 @(-1800,-21600,r3584)] [3 t=11 st=1 ss1=12 ss2=3 ss3=0 g=00 mo=39 af=4 d=8748 @(200,-21600,r2560)] [4 t=11 st=1 ss1=12 ss2=3 ss3=0 g=00 mo=40 af=64 d=8046 @(200,-19600,r1536)]
F19578 live=1 act=5 PL(-1300,-13950,rot=2048,hp=0) [0 t=16 st=1 ss1=0 ss2=0 ss3=0 g=88 mo=19 af=0 d=7419 @(-800,-20600,r1024)] [1 t=10 st=1 ss1=12 ss2=3 ss3=0 g=00 mo=39 af=4 d=6122 @(-1800,-19600,r512)] [2 t=10 st=1 ss1=12 ss2=3 ss3=0 g=00 mo=39 af=4 d=7038 @(-1800,-21600,r3584)] [3 t=11 st=1 ss1=12 ss2=3 ss3=0 g=00 mo=39 af=4 d=8748 @(200,-21600,r2560)] [4 t=11 st=1 ss1=12 ss2=3 ss3=0 g=00 mo=40 af=64 d=8046 @(200,-19600,r1536)]
F19579 live=1 act=5 PL(-1300,-13950,rot=2048,hp=0) [0 t=16 st=1 ss1=0 ss2=0 ss3=0 g=88 mo=19 af=0 d=7419 @(-800,-20600,r1024)] [1 t=10 st=1 ss1=12 ss2=3 ss3=0 g=00 mo=39 af=4 d=6122 @(-1800,-19600,r512)] [2 t=10 st=1 ss1=12 ss2=3 ss3=0 g=00 mo=39 af=4 d=7038 @(-1800,-21600,r3584)] [3 t=11 st=1 ss1=12 ss2=3 ss3=0 g=00 mo=39 af=4 d=8748 @(200,-21600,r2560)] [4 t=11 st=1 ss1=12 ss2=3 ss3=0 g=00 mo=40 af=64 d=8046 @(200,-19600,r1536)]
F19580 live=1 act=5 PL(-1300,-13950,rot=2048,hp=0) [0 t=16 st=1 ss1=0 ss2=0 ss3=0 g=88 mo=19 af=0 d=7419 @(-800,-20600,r1024)] [1 t=10 st=1 ss1=12 ss2=3 ss3=0 g=00 mo=39 af=4 d=6122 @(-1800,-19600,r512)] [2 t=10 st=1 ss1=12 ss2=3 ss3=0 g=00 mo=39 af=4 d=7038 @(-1800,-21600,r3584)] [3 t=11 st=1 ss1=12 ss2=3 ss3=0 g=00 mo=39 af=4 d=8748 @(200,-21600,r2560)] [4 t=11 st=1 ss1=12 ss2=3 ss3=0 g=00 mo=40 af=64 d=8046 @(200,-19600,r1536)]
F19581 live=1 act=5 PL(-1300,-13950,rot=2048,hp=0) [0 t=16 st=1 ss1=0 ss2=0 ss3=0 g=88 mo=19 af=0 d=7419 @(-800,-20600,r1024)] [1 t=10 st=1 ss1=12 ss2=3 ss3=0 g=00 mo=39 af=4 d=6122 @(-1800,-19600,r512)] [2 t=10 st=1 ss1=12 ss2=3 ss3=0 g=00 mo=39 af=4 d=7038 @(-1800,-21600,r3584)] [3 t=11 st=1 ss1=12 ss2=3 ss3=0 g=00 mo=39 af=4 d=8748 @(200,-21600,r2560)] [4 t=11 st=1 ss1=12 ss2=3 ss3=0 g=00 mo=40 af=64 d=8046 @(200,-19600,r1536)]
F19582 live=1 act=5 PL(-1300,-13950,rot=2048,hp=0) [0 t=16 st=1 ss1=0 ss2=0 ss3=0 g=88 mo=19 af=0 d=7419 @(-800,-20600,r1024)] [1 t=10 st=1 ss1=12 ss2=3 ss3=0 g=00 mo=39 af=4 d=6122 @(-1800,-19600,r512)] [2 t=10 st=1 ss1=12 ss2=3 ss3=0 g=00 mo=39 af=4 d=7038 @(-1800,-21600,r3584)] [3 t=11 st=1 ss1=12 ss2=3 ss3=0 g=00 mo=39 af=4 d=8748 @(200,-21600,r2560)] [4 t=11 st=1 ss1=12 ss2=3 ss3=0 g=00 mo=40 af=64 d=8046 @(200,-19600,r1536)]
F19583 live=1 act=5 PL(-1300,-13950,rot=2048,hp=0) [0 t=16 st=1 ss1=0 ss2=0 ss3=0 g=88 mo=19 af=0 d=7419 @(-800,-20600,r1024)] [1 t=10 st=1 ss1=12 ss2=3 ss3=0 g=00 mo=39 af=4 d=6122 @(-1800,-19600,r512)] [2 t=10 st=1 ss1=12 ss2=3 ss3=0 g=00 mo=39 af=4 d=7038 @(-1800,-21600,r3584)] [3 t=11 st=1 ss1=12 ss2=3 ss3=0 g=00 mo=39 af=4 d=8748 @(200,-21600,r2560)] [4 t=11 st=1 ss1=12 ss2=3 ss3=0 g=00 mo=40 af=64 d=8046 @(200,-19600,r1536)]
F19584 live=1 act=5 PL(-1300,-13950,rot=2048,hp=0) [0 t=16 st=1 ss1=0 ss2=0 ss3=0 g=88 mo=19 af=0 d=7419 @(-800,-20600,r1024)] [1 t=10 st=1 ss1=12 ss2=3 ss3=0 g=00 mo=39 af=4 d=6122 @(-1800,-19600,r512)] [2 t=10 st=1 ss1=12 ss2=3 ss3=0 g=00 mo=39 af=4 d=7038 @(-1800,-21600,r3584)] [3 t=11 st=1 ss1=12 ss2=3 ss3=0 g=00 mo=39 af=4 d=8748 @(200,-21600,r2560)] [4 t=11 st=1 ss1=12 ss2=3 ss3=0 g=00 mo=40 af=64 d=8046 @(200,-19600,r1536)]
F19585 live=1 act=5 PL(-1300,-13950,rot=2048,hp=0) [0 t=16 st=1 ss1=0 ss2=0 ss3=0 g=88 mo=19 af=0 d=7419 @(-800,-20600,r1024)] [1 t=10 st=1 ss1=12 ss2=3 ss3=0 g=00 mo=39 af=4 d=6122 @(-1800,-19600,r512)] [2 t=10 st=1 ss1=12 ss2=3 ss3=0 g=00 mo=39 af=4 d=7038 @(-1800,-21600,r3584)] [3 t=11 st=1 ss1=12 ss2=3 ss3=0 g=00 mo=39 af=4 d=8748 @(200,-21600,r2560)] [4 t=11 st=1 ss1=12 ss2=3 ss3=0 g=00 mo=40 af=64 d=8046 @(200,-19600,r1536)]
F19586 live=1 act=5 PL(-1300,-13950,rot=2048,hp=0) [0 t=16 st=1 ss1=0 ss2=0 ss3=0 g=88 mo=19 af=0 d=7419 @(-800,-20600,r1024)] [1 t=10 st=1 ss1=12 ss2=3 ss3=0 g=00 mo=39 af=4 d=6122 @(-1800,-19600,r512)] [2 t=10 st=1 ss1=12 ss2=3 ss3=0 g=00 mo=39 af=4 d=7038 @(-1800,-21600,r3584)] [3 t=11 st=1 ss1=12 ss2=3 ss3=0 g=00 mo=39 af=4 d=8748 @(200,-21600,r2560)] [4 t=11 st=1 ss1=12 ss2=3 ss3=0 g=00 mo=40 af=64 d=8046 @(200,-19600,r1536)]
F19587 live=1 act=5 PL(-1300,-13950,rot=2048,hp=0) [0 t=16 st=1 ss1=0 ss2=0 ss3=0 g=88 mo=19 af=0 d=7419 @(-800,-20600,r1024)] [1 t=10 st=1 ss1=12 ss2=3 ss3=0 g=00 mo=39 af=4 d=6122 @(-1800,-19600,r512)] [2 t=10 st=1 ss1=12 ss2=3 ss3=0 g=00 mo=39 af=4 d=7038 @(-1800,-21600,r3584)] [3 t=11 st=1 ss1=12 ss2=3 ss3=0 g=00 mo=39 af=4 d=8748 @(200,-21600,r2560)] [4 t=11 st=1 ss1=12 ss2=3 ss3=0 g=00 mo=40 af=64 d=8046 @(200,-19600,r1536)]
F19588 live=1 act=5 PL(-1300,-13950,rot=2048,hp=0) [0 t=16 st=1 ss1=0 ss2=0 ss3=0 g=88 mo=19 af=0 d=7419 @(-800,-20600,r1024)] [1 t=10 st=1 ss1=12 ss2=3 ss3=0 g=00 mo=39 af=4 d=6122 @(-1800,-19600,r512)] [2 t=10 st=1 ss1=12 ss2=3 ss3=0 g=00 mo=39 af=4 d=7038 @(-1800,-21600,r3584)] [3 t=11 st=1 ss1=12 ss2=3 ss3=0 g=00 mo=39 af=4 d=8748 @(200,-21600,r2560)] [4 t=11 st=1 ss1=12 ss2=3 ss3=0 g=00 mo=40 af=64 d=8046 @(200,-19600,r1536)]
F19589 live=1 act=5 PL(-1300,-13950,rot=2048,hp=0) [0 t=16 st=1 ss1=0 ss2=0 ss3=0 g=88 mo=19 af=0 d=7419 @(-800,-20600,r1024)] [1 t=10 st=1 ss1=12 ss2=3 ss3=0 g=00 mo=39 af=4 d=6122 @(-1800,-19600,r512)] [2 t=10 st=1 ss1=12 ss2=3 ss3=0 g=00 mo=39 af=4 d=7038 @(-1800,-21600,r3584)] [3 t=11 st=1 ss1=12 ss2=3 ss3=0 g=00 mo=39 af=4 d=8748 @(200,-21600,r2560)] [4 t=11 st=1 ss1=12 ss2=3 ss3=0 g=00 mo=40 af=64 d=8046 @(200,-19600,r1536)]
F19590 live=1 act=5 PL(-1300,-13950,rot=2048,hp=0) [0 t=16 st=1 ss1=0 ss2=0 ss3=0 g=88 mo=19 af=0 d=7419 @(-800,-20600,r1024)] [1 t=10 st=1 ss1=12 ss2=3 ss3=0 g=00 mo=39 af=4 d=6122 @(-1800,-19600,r512)] [2 t=10 st=1 ss1=12 ss2=3 ss3=0 g=00 mo=39 af=4 d=7038 @(-1800,-21600,r3584)] [3 t=11 st=1 ss1=12 ss2=3 ss3=0 g=00 mo=39 af=4 d=8748 @(200,-21600,r2560)] [4 t=11 st=1 ss1=12 ss2=3 ss3=0 g=00 mo=40 af=64 d=8046 @(200,-19600,r1536)]
F19591 live=1 act=5 PL(-1300,-13950,rot=2048,hp=0) [0 t=16 st=1 ss1=0 ss2=0 ss3=0 g=88 mo=19 af=0 d=7419 @(-800,-20600,r1024)] [1 t=10 st=1 ss1=12 ss2=3 ss3=0 g=00 mo=39 af=4 d=6122 @(-1800,-19600,r512)] [2 t=10 st=1 ss1=12 ss2=3 ss3=0 g=00 mo=39 af=4 d=7038 @(-1800,-21600,r3584)] [3 t=11 st=1 ss1=12 ss2=3 ss3=0 g=00 mo=39 af=4 d=8748 @(200,-21600,r2560)] [4 t=11 st=1 ss1=12 ss2=3 ss3=0 g=00 mo=40 af=64 d=8046 @(200,-19600,r1536)]
F19592 live=1 act=5 PL(-1300,-13950,rot=2048,hp=0) [0 t=16 st=1 ss1=0 ss2=0 ss3=0 g=88 mo=19 af=0 d=7419 @(-800,-20600,r1024)] [1 t=10 st=1 ss1=12 ss2=3 ss3=0 g=00 mo=39 af=4 d=6122 @(-1800,-19600,r512)] [2 t=10 st=1 ss1=12 ss2=3 ss3=0 g=00 mo=39 af=4 d=7038 @(-1800,-21600,r3584)] [3 t=11 st=1 ss1=12 ss2=3 ss3=0 g=00 mo=39 af=4 d=8748 @(200,-21600,r2560)] [4 t=11 st=1 ss1=12 ss2=3 ss3=0 g=00 mo=40 af=64 d=8046 @(200,-19600,r1536)]
F19593 live=1 act=5 PL(-1300,-13950,rot=2048,hp=0) [0 t=16 st=1 ss1=0 ss2=0 ss3=0 g=88 mo=19 af=0 d=7419 @(-800,-20600,r1024)] [1 t=10 st=1 ss1=12 ss2=3 ss3=0 g=00 mo=39 af=4 d=6122 @(-1800,-19600,r512)] [2 t=10 st=1 ss1=12 ss2=3 ss3=0 g=00 mo=39 af=4 d=7038 @(-1800,-21600,r3584)] [3 t=11 st=1 ss1=12 ss2=3 ss3=0 g=00 mo=39 af=4 d=8748 @(200,-21600,r2560)] [4 t=11 st=1 ss1=12 ss2=3 ss3=0 g=00 mo=40 af=64 d=8046 @(200,-19600,r1536)]
F19594 live=1 act=5 PL(-1300,-13950,rot=2048,hp=0) [0 t=16 st=1 ss1=0 ss2=0 ss3=0 g=88 mo=19 af=0 d=7419 @(-800,-20600,r1024)] [1 t=10 st=1 ss1=12 ss2=3 ss3=0 g=00 mo=39 af=4 d=6122 @(-1800,-19600,r512)] [2 t=10 st=1 ss1=12 ss2=3 ss3=0 g=00 mo=39 af=4 d=7038 @(-1800,-21600,r3584)] [3 t=11 st=1 ss1=12 ss2=3 ss3=0 g=00 mo=39 af=4 d=8748 @(200,-21600,r2560)] [4 t=11 st=1 ss1=12 ss2=3 ss3=0 g=00 mo=40 af=64 d=8046 @(200,-19600,r1536)]
F19595 live=1 act=5 PL(-1300,-13950,rot=2048,hp=0) [0 t=16 st=1 ss1=0 ss2=0 ss3=0 g=88 mo=19 af=0 d=7419 @(-800,-20600,r1024)] [1 t=10 st=1 ss1=12 ss2=3 ss3=0 g=00 mo=39 af=4 d=6122 @(-1800,-19600,r512)] [2 t=10 st=1 ss1=12 ss2=3 ss3=0 g=00 mo=39 af=4 d=7038 @(-1800,-21600,r3584)] [3 t=11 st=1 ss1=12 ss2=3 ss3=0 g=00 mo=39 af=4 d=8748 @(200,-21600,r2560)] [4 t=11 st=1 ss1=12 ss2=3 ss3=0 g=00 mo=40 af=64 d=8046 @(200,-19600,r1536)]
F19596 live=1 act=5 PL(-1300,-13950,rot=2048,hp=0) [0 t=16 st=1 ss1=0 ss2=0 ss3=0 g=88 mo=19 af=0 d=7419 @(-800,-20600,r1024)] [1 t=10 st=1 ss1=12 ss2=3 ss3=0 g=00 mo=39 af=4 d=6122 @(-1800,-19600,r512)] [2 t=10 st=1 ss1=12 ss2=3 ss3=0 g=00 mo=39 af=4 d=7038 @(-1800,-21600,r3584)] [3 t=11 st=1 ss1=12 ss2=3 ss3=0 g=00 mo=39 af=4 d=8748 @(200,-21600,r2560)] [4 t=11 st=1 ss1=12 ss2=3 ss3=0 g=00 mo=40 af=64 d=8046 @(200,-19600,r1536)]
F19597 live=1 act=5 PL(-1300,-13950,rot=2048,hp=0) [0 t=16 st=1 ss1=0 ss2=0 ss3=0 g=88 mo=19 af=0 d=7419 @(-800,-20600,r1024)] [1 t=10 st=1 ss1=12 ss2=3 ss3=0 g=00 mo=39 af=4 d=6122 @(-1800,-19600,r512)] [2 t=10 st=1 ss1=12 ss2=3 ss3=0 g=00 mo=39 af=4 d=7038 @(-1800,-21600,r3584)] [3 t=11 st=1 ss1=12 ss2=3 ss3=0 g=00 mo=39 af=4 d=8748 @(200,-21600,r2560)] [4 t=11 st=1 ss1=12 ss2=3 ss3=0 g=00 mo=40 af=64 d=8046 @(200,-19600,r1536)]
F19598 live=1 act=5 PL(-1300,-13950,rot=2048,hp=0) [0 t=16 st=1 ss1=0 ss2=0 ss3=0 g=88 mo=19 af=0 d=7419 @(-800,-20600,r1024)] [1 t=10 st=1 ss1=12 ss2=3 ss3=0 g=00 mo=39 af=4 d=6122 @(-1800,-19600,r512)] [2 t=10 st=1 ss1=12 ss2=3 ss3=0 g=00 mo=39 af=4 d=7038 @(-1800,-21600,r3584)] [3 t=11 st=1 ss1=12 ss2=3 ss3=0 g=00 mo=39 af=4 d=8748 @(200,-21600,r2560)] [4 t=11 st=1 ss1=12 ss2=3 ss3=0 g=00 mo=40 af=64 d=8046 @(200,-19600,r1536)]
F19599 live=1 act=5 PL(-1300,-13950,rot=2048,hp=0) [0 t=16 st=1 ss1=0 ss2=0 ss3=0 g=88 mo=19 af=0 d=7419 @(-800,-20600,r1024)] [1 t=10 st=1 ss1=12 ss2=3 ss3=0 g=00 mo=39 af=4 d=6122 @(-1800,-19600,r512)] [2 t=10 st=1 ss1=12 ss2=3 ss3=0 g=00 mo=39 af=4 d=7038 @(-1800,-21600,r3584)] [3 t=11 st=1 ss1=12 ss2=3 ss3=0 g=00 mo=39 af=4 d=8748 @(200,-21600,r2560)] [4 t=11 st=1 ss1=12 ss2=3 ss3=0 g=00 mo=40 af=64 d=8046 @(200,-19600,r1536)]
F19600 live=1 act=5 PL(-1300,-13950,rot=2048,hp=0) [0 t=16 st=1 ss1=0 ss2=0 ss3=0 g=88 mo=19 af=0 d=7419 @(-800,-20600,r1024)] [1 t=10 st=1 ss1=12 ss2=3 ss3=0 g=00 mo=39 af=4 d=6122 @(-1800,-19600,r512)] [2 t=10 st=1 ss1=12 ss2=3 ss3=0 g=00 mo=39 af=4 d=7038 @(-1800,-21600,r3584)] [3 t=11 st=1 ss1=12 ss2=3 ss3=0 g=00 mo=39 af=4 d=8748 @(200,-21600,r2560)] [4 t=11 st=1 ss1=12 ss2=3 ss3=0 g=00 mo=40 af=64 d=8046 @(200,-19600,r1536)]
F19601 live=1 act=5 PL(-1300,-13950,rot=2048,hp=0) [0 t=16 st=1 ss1=0 ss2=0 ss3=0 g=88 mo=19 af=0 d=7419 @(-800,-20600,r1024)] [1 t=10 st=1 ss1=12 ss2=3 ss3=0 g=00 mo=39 af=4 d=6122 @(-1800,-19600,r512)] [2 t=10 st=1 ss1=12 ss2=3 ss3=0 g=00 mo=39 af=4 d=7038 @(-1800,-21600,r3584)] [3 t=11 st=1 ss1=12 ss2=3 ss3=0 g=00 mo=39 af=4 d=8748 @(200,-21600,r2560)] [4 t=11 st=1 ss1=12 ss2=3 ss3=0 g=00 mo=40 af=64 d=8046 @(200,-19600,r1536)]
F19602 live=1 act=5 PL(-1300,-13950,rot=2048,hp=0) [0 t=16 st=1 ss1=0 ss2=0 ss3=0 g=88 mo=19 af=0 d=7419 @(-800,-20600,r1024)] [1 t=10 st=1 ss1=12 ss2=3 ss3=0 g=00 mo=39 af=4 d=6122 @(-1800,-19600,r512)] [2 t=10 st=1 ss1=12 ss2=3 ss3=0 g=00 mo=39 af=4 d=7038 @(-1800,-21600,r3584)] [3 t=11 st=1 ss1=12 ss2=3 ss3=0 g=00 mo=39 af=4 d=8748 @(200,-21600,r2560)] [4 t=11 st=1 ss1=12 ss2=3 ss3=0 g=00 mo=40 af=64 d=8046 @(200,-19600,r1536)]
F19603 live=1 act=5 PL(-1300,-13950,rot=2048,hp=0) [0 t=16 st=1 ss1=0 ss2=0 ss3=0 g=88 mo=19 af=0 d=7419 @(-800,-20600,r1024)] [1 t=10 st=1 ss1=12 ss2=3 ss3=0 g=00 mo=39 af=4 d=6122 @(-1800,-19600,r512)] [2 t=10 st=1 ss1=12 ss2=3 ss3=0 g=00 mo=39 af=4 d=7038 @(-1800,-21600,r3584)] [3 t=11 st=1 ss1=12 ss2=3 ss3=0 g=00 mo=39 af=4 d=8748 @(200,-21600,r2560)] [4 t=11 st=1 ss1=12 ss2=3 ss3=0 g=00 mo=40 af=64 d=8046 @(200,-19600,r1536)]
F19604 live=1 act=5 PL(-1300,-13950,rot=2048,hp=0) [0 t=16 st=1 ss1=0 ss2=0 ss3=0 g=88 mo=19 af=0 d=7419 @(-800,-20600,r1024)] [1 t=10 st=1 ss1=12 ss2=3 ss3=0 g=00 mo=39 af=4 d=6122 @(-1800,-19600,r512)] [2 t=10 st=1 ss1=12 ss2=3 ss3=0 g=00 mo=39 af=4 d=7038 @(-1800,-21600,r3584)] [3 t=11 st=1 ss1=12 ss2=3 ss3=0 g=00 mo=39 af=4 d=8748 @(200,-21600,r2560)] [4 t=11 st=1 ss1=12 ss2=3 ss3=0 g=00 mo=40 af=64 d=8046 @(200,-19600,r1536)]
F19605 live=1 act=5 PL(-1300,-13950,rot=2048,hp=0) [0 t=16 st=1 ss1=0 ss2=0 ss3=0 g=88 mo=19 af=0 d=7419 @(-800,-20600,r1024)] [1 t=10 st=1 ss1=12 ss2=3 ss3=0 g=00 mo=39 af=4 d=6122 @(-1800,-19600,r512)] [2 t=10 st=1 ss1=12 ss2=3 ss3=0 g=00 mo=39 af=4 d=7038 @(-1800,-21600,r3584)] [3 t=11 st=1 ss1=12 ss2=3 ss3=0 g=00 mo=39 af=4 d=8748 @(200,-21600,r2560)] [4 t=11 st=1 ss1=12 ss2=3 ss3=0 g=00 mo=40 af=64 d=8046 @(200,-19600,r1536)]
F19606 live=1 act=5 PL(-1300,-13950,rot=2048,hp=0) [0 t=16 st=1 ss1=0 ss2=0 ss3=0 g=88 mo=19 af=0 d=7419 @(-800,-20600,r1024)] [1 t=10 st=1 ss1=12 ss2=3 ss3=0 g=00 mo=39 af=4 d=6122 @(-1800,-19600,r512)] [2 t=10 st=1 ss1=12 ss2=3 ss3=0 g=00 mo=39 af=4 d=7038 @(-1800,-21600,r3584)] [3 t=11 st=1 ss1=12 ss2=3 ss3=0 g=00 mo=39 af=4 d=8748 @(200,-21600,r2560)] [4 t=11 st=1 ss1=12 ss2=3 ss3=0 g=00 mo=40 af=64 d=8046 @(200,-19600,r1536)]
F19607 live=1 act=5 PL(-1300,-13950,rot=2048,hp=0) [0 t=16 st=1 ss1=0 ss2=0 ss3=0 g=88 mo=19 af=0 d=7419 @(-800,-20600,r1024)] [1 t=10 st=1 ss1=12 ss2=3 ss3=0 g=00 mo=39 af=4 d=6122 @(-1800,-19600,r512)] [2 t=10 st=1 ss1=12 ss2=3 ss3=0 g=00 mo=39 af=4 d=7038 @(-1800,-21600,r3584)] [3 t=11 st=1 ss1=12 ss2=3 ss3=0 g=00 mo=39 af=4 d=8748 @(200,-21600,r2560)] [4 t=11 st=1 ss1=12 ss2=3 ss3=0 g=00 mo=40 af=64 d=8046 @(200,-19600,r1536)]
F19608 live=1 act=5 PL(-1300,-13950,rot=2048,hp=0) [0 t=16 st=1 ss1=0 ss2=0 ss3=0 g=88 mo=19 af=0 d=7419 @(-800,-20600,r1024)] [1 t=10 st=1 ss1=12 ss2=3 ss3=0 g=00 mo=39 af=4 d=6122 @(-1800,-19600,r512)] [2 t=10 st=1 ss1=12 ss2=3 ss3=0 g=00 mo=39 af=4 d=7038 @(-1800,-21600,r3584)] [3 t=11 st=1 ss1=12 ss2=3 ss3=0 g=00 mo=39 af=4 d=8748 @(200,-21600,r2560)] [4 t=11 st=1 ss1=12 ss2=3 ss3=0 g=00 mo=40 af=64 d=8046 @(200,-19600,r1536)]
F19609 live=1 act=5 PL(-1300,-13950,rot=2048,hp=0) [0 t=16 st=1 ss1=0 ss2=0 ss3=0 g=88 mo=19 af=0 d=7419 @(-800,-20600,r1024)] [1 t=10 st=1 ss1=12 ss2=3 ss3=0 g=00 mo=39 af=4 d=6122 @(-1800,-19600,r512)] [2 t=10 st=1 ss1=12 ss2=3 ss3=0 g=00 mo=39 af=4 d=7038 @(-1800,-21600,r3584)] [3 t=11 st=1 ss1=12 ss2=3 ss3=0 g=00 mo=39 af=4 d=8748 @(200,-21600,r2560)] [4 t=11 st=1 ss1=12 ss2=3 ss3=0 g=00 mo=40 af=64 d=8046 @(200,-19600,r1536)]
F19610 live=1 act=5 PL(-1300,-13950,rot=2048,hp=0) [0 t=16 st=1 ss1=0 ss2=0 ss3=0 g=88 mo=19 af=0 d=7419 @(-800,-20600,r1024)] [1 t=10 st=1 ss1=12 ss2=3 ss3=0 g=00 mo=39 af=4 d=6122 @(-1800,-19600,r512)] [2 t=10 st=1 ss1=12 ss2=3 ss3=0 g=00 mo=39 af=4 d=7038 @(-1800,-21600,r3584)] [3 t=11 st=1 ss1=12 ss2=3 ss3=0 g=00 mo=39 af=4 d=8748 @(200,-21600,r2560)] [4 t=11 st=1 ss1=12 ss2=3 ss3=0 g=00 mo=40 af=64 d=8046 @(200,-19600,r1536)]
F19611 live=1 act=5 PL(-1300,-13950,rot=2048,hp=0) [0 t=16 st=1 ss1=0 ss2=0 ss3=0 g=88 mo=19 af=0 d=7419 @(-800,-20600,r1024)] [1 t=10 st=1 ss1=12 ss2=3 ss3=0 g=00 mo=39 af=4 d=6122 @(-1800,-19600,r512)] [2 t=10 st=1 ss1=12 ss2=3 ss3=0 g=00 mo=39 af=4 d=7038 @(-1800,-21600,r3584)] [3 t=11 st=1 ss1=12 ss2=3 ss3=0 g=00 mo=39 af=4 d=8748 @(200,-21600,r2560)] [4 t=11 st=1 ss1=12 ss2=3 ss3=0 g=00 mo=40 af=64 d=8046 @(200,-19600,r1536)]
F19612 live=1 act=5 PL(-1300,-13950,rot=2048,hp=0) [0 t=16 st=1 ss1=0 ss2=0 ss3=0 g=88 mo=19 af=0 d=7419 @(-800,-20600,r1024)] [1 t=10 st=1 ss1=12 ss2=3 ss3=0 g=00 mo=39 af=4 d=6122 @(-1800,-19600,r512)] [2 t=10 st=1 ss1=12 ss2=3 ss3=0 g=00 mo=39 af=4 d=7038 @(-1800,-21600,r3584)] [3 t=11 st=1 ss1=12 ss2=3 ss3=0 g=00 mo=39 af=4 d=8748 @(200,-21600,r2560)] [4 t=11 st=1 ss1=12 ss2=3 ss3=0 g=00 mo=40 af=64 d=8046 @(200,-19600,r1536)]
F19613 live=1 act=5 PL(-1300,-13950,rot=2048,hp=0) [0 t=16 st=1 ss1=0 ss2=0 ss3=0 g=88 mo=19 af=0 d=7419 @(-800,-20600,r1024)] [1 t=10 st=1 ss1=12 ss2=3 ss3=0 g=00 mo=39 af=4 d=6122 @(-1800,-19600,r512)] [2 t=10 st=1 ss1=12 ss2=3 ss3=0 g=00 mo=39 af=4 d=7038 @(-1800,-21600,r3584)] [3 t=11 st=1 ss1=12 ss2=3 ss3=0 g=00 mo=39 af=4 d=8748 @(200,-21600,r2560)] [4 t=11 st=1 ss1=12 ss2=3 ss3=0 g=00 mo=40 af=64 d=8046 @(200,-19600,r1536)]
F19614 live=1 act=5 PL(-1300,-13950,rot=2048,hp=0) [0 t=16 st=1 ss1=0 ss2=0 ss3=0 g=88 mo=19 af=0 d=7419 @(-800,-20600,r1024)] [1 t=10 st=1 ss1=12 ss2=3 ss3=0 g=00 mo=39 af=4 d=6122 @(-1800,-19600,r512)] [2 t=10 st=1 ss1=12 ss2=3 ss3=0 g=00 mo=39 af=4 d=7038 @(-1800,-21600,r3584)] [3 t=11 st=1 ss1=12 ss2=3 ss3=0 g=00 mo=39 af=4 d=8748 @(200,-21600,r2560)] [4 t=11 st=1 ss1=12 ss2=3 ss3=0 g=00 mo=40 af=64 d=8046 @(200,-19600,r1536)]
F19615 live=1 act=5 PL(-1300,-13950,rot=2048,hp=0) [0 t=16 st=1 ss1=0 ss2=0 ss3=0 g=88 mo=19 af=0 d=7419 @(-800,-20600,r1024)] [1 t=10 st=1 ss1=12 ss2=3 ss3=0 g=00 mo=39 af=4 d=6122 @(-1800,-19600,r512)] [2 t=10 st=1 ss1=12 ss2=3 ss3=0 g=00 mo=39 af=4 d=7038 @(-1800,-21600,r3584)] [3 t=11 st=1 ss1=12 ss2=3 ss3=0 g=00 mo=39 af=4 d=8748 @(200,-21600,r2560)] [4 t=11 st=1 ss1=12 ss2=3 ss3=0 g=00 mo=40 af=64 d=8046 @(200,-19600,r1536)]
F19616 live=1 act=5 PL(-1300,-13950,rot=2048,hp=0) [0 t=16 st=1 ss1=0 ss2=0 ss3=0 g=88 mo=19 af=0 d=7419 @(-800,-20600,r1024)] [1 t=10 st=1 ss1=12 ss2=3 ss3=0 g=00 mo=39 af=4 d=6122 @(-1800,-19600,r512)] [2 t=10 st=1 ss1=12 ss2=3 ss3=0 g=00 mo=39 af=4 d=7038 @(-1800,-21600,r3584)] [3 t=11 st=1 ss1=12 ss2=3 ss3=0 g=00 mo=39 af=4 d=8748 @(200,-21600,r2560)] [4 t=11 st=1 ss1=12 ss2=3 ss3=0 g=00 mo=40 af=64 d=8046 @(200,-19600,r1536)]
F19617 live=1 act=5 PL(-1300,-13950,rot=2048,hp=0) [0 t=16 st=1 ss1=0 ss2=0 ss3=0 g=88 mo=19 af=0 d=7419 @(-800,-20600,r1024)] [1 t=10 st=1 ss1=12 ss2=3 ss3=0 g=00 mo=39 af=4 d=6122 @(-1800,-19600,r512)] [2 t=10 st=1 ss1=12 ss2=3 ss3=0 g=00 mo=39 af=4 d=7038 @(-1800,-21600,r3584)] [3 t=11 st=1 ss1=12 ss2=3 ss3=0 g=00 mo=39 af=4 d=8748 @(200,-21600,r2560)] [4 t=11 st=1 ss1=12 ss2=3 ss3=0 g=00 mo=40 af=64 d=8046 @(200,-19600,r1536)]
F19618 live=1 act=5 PL(-1300,-13950,rot=2048,hp=0) [0 t=16 st=1 ss1=0 ss2=0 ss3=0 g=88 mo=19 af=0 d=7419 @(-800,-20600,r1024)] [1 t=10 st=1 ss1=12 ss2=3 ss3=0 g=00 mo=39 af=4 d=6122 @(-1800,-19600,r512)] [2 t=10 st=1 ss1=12 ss2=3 ss3=0 g=00 mo=39 af=4 d=7038 @(-1800,-21600,r3584)] [3 t=11 st=1 ss1=12 ss2=3 ss3=0 g=00 mo=39 af=4 d=8748 @(200,-21600,r2560)] [4 t=11 st=1 ss1=12 ss2=3 ss3=0 g=00 mo=40 af=64 d=8046 @(200,-19600,r1536)]
F19619 live=1 act=5 PL(-1300,-13950,rot=2048,hp=0) [0 t=16 st=1 ss1=0 ss2=0 ss3=0 g=88 mo=19 af=0 d=7419 @(-800,-20600,r1024)] [1 t=10 st=1 ss1=12 ss2=3 ss3=0 g=00 mo=39 af=4 d=6122 @(-1800,-19600,r512)] [2 t=10 st=1 ss1=12 ss2=3 ss3=0 g=00 mo=39 af=4 d=7038 @(-1800,-21600,r3584)] [3 t=11 st=1 ss1=12 ss2=3 ss3=0 g=00 mo=39 af=4 d=8748 @(200,-21600,r2560)] [4 t=11 st=1 ss1=12 ss2=3 ss3=0 g=00 mo=40 af=64 d=8046 @(200,-19600,r1536)]
F19620 live=1 act=5 PL(-1300,-13950,rot=2048,hp=0) [0 t=16 st=1 ss1=0 ss2=0 ss3=0 g=88 mo=19 af=0 d=7419 @(-800,-20600,r1024)] [1 t=10 st=1 ss1=12 ss2=3 ss3=0 g=00 mo=39 af=4 d=6122 @(-1800,-19600,r512)] [2 t=10 st=1 ss1=12 ss2=3 ss3=0 g=00 mo=39 af=4 d=7038 @(-1800,-21600,r3584)] [3 t=11 st=1 ss1=12 ss2=3 ss3=0 g=00 mo=39 af=4 d=8748 @(200,-21600,r2560)] [4 t=11 st=1 ss1=12 ss2=3 ss3=0 g=00 mo=40 af=64 d=8046 @(200,-19600,r1536)]
F19621 live=1 act=5 PL(-1300,-13950,rot=2048,hp=0) [0 t=16 st=1 ss1=0 ss2=0 ss3=0 g=88 mo=19 af=0 d=7419 @(-800,-20600,r1024)] [1 t=10 st=1 ss1=12 ss2=3 ss3=0 g=00 mo=39 af=4 d=6122 @(-1800,-19600,r512)] [2 t=10 st=1 ss1=12 ss2=3 ss3=0 g=00 mo=39 af=4 d=7038 @(-1800,-21600,r3584)] [3 t=11 st=1 ss1=12 ss2=3 ss3=0 g=00 mo=39 af=4 d=8748 @(200,-21600,r2560)] [4 t=11 st=1 ss1=12 ss2=3 ss3=0 g=00 mo=40 af=64 d=8046 @(200,-19600,r1536)]
# f19622 segment R x24
F19622 live=1 act=5 PL(-1300,-13950,rot=2048,hp=0) [0 t=16 st=1 ss1=0 ss2=0 ss3=0 g=88 mo=19 af=0 d=7419 @(-800,-20600,r1024)] [1 t=10 st=1 ss1=12 ss2=3 ss3=0 g=00 mo=39 af=4 d=6122 @(-1800,-19600,r512)] [2 t=10 st=1 ss1=12 ss2=3 ss3=0 g=00 mo=39 af=4 d=7038 @(-1800,-21600,r3584)] [3 t=11 st=1 ss1=12 ss2=3 ss3=0 g=00 mo=39 af=4 d=8748 @(200,-21600,r2560)] [4 t=11 st=1 ss1=12 ss2=3 ss3=0 g=00 mo=40 af=64 d=8046 @(200,-19600,r1536)]
F19623 live=1 act=5 PL(-1300,-13950,rot=2048,hp=0) [0 t=16 st=1 ss1=0 ss2=0 ss3=0 g=88 mo=19 af=0 d=7419 @(-800,-20600,r1024)] [1 t=10 st=1 ss1=12 ss2=3 ss3=0 g=00 mo=39 af=4 d=6122 @(-1800,-19600,r512)] [2 t=10 st=1 ss1=12 ss2=3 ss3=0 g=00 mo=39 af=4 d=7038 @(-1800,-21600,r3584)] [3 t=11 st=1 ss1=12 ss2=3 ss3=0 g=00 mo=39 af=4 d=8748 @(200,-21600,r2560)] [4 t=11 st=1 ss1=12 ss2=3 ss3=0 g=00 mo=40 af=64 d=8046 @(200,-19600,r1536)]
F19624 live=1 act=5 PL(-1300,-13950,rot=2048,hp=0) [0 t=16 st=1 ss1=0 ss2=0 ss3=0 g=88 mo=19 af=0 d=7419 @(-800,-20600,r1024)] [1 t=10 st=1 ss1=12 ss2=3 ss3=0 g=00 mo=39 af=4 d=6122 @(-1800,-19600,r512)] [2 t=10 st=1 ss1=12 ss2=3 ss3=0 g=00 mo=39 af=4 d=7038 @(-1800,-21600,r3584)] [3 t=11 st=1 ss1=12 ss2=3 ss3=0 g=00 mo=39 af=4 d=8748 @(200,-21600,r2560)] [4 t=11 st=1 ss1=12 ss2=3 ss3=0 g=00 mo=40 af=64 d=8046 @(200,-19600,r1536)]
F19625 live=1 act=5 PL(-1300,-13950,rot=2048,hp=0) [0 t=16 st=1 ss1=0 ss2=0 ss3=0 g=88 mo=19 af=0 d=7419 @(-800,-20600,r1024)] [1 t=10 st=1 ss1=12 ss2=3 ss3=0 g=00 mo=39 af=4 d=6122 @(-1800,-19600,r512)] [2 t=10 st=1 ss1=12 ss2=3 ss3=0 g=00 mo=39 af=4 d=7038 @(-1800,-21600,r3584)] [3 t=11 st=1 ss1=12 ss2=3 ss3=0 g=00 mo=39 af=4 d=8748 @(200,-21600,r2560)] [4 t=11 st=1 ss1=12 ss2=3 ss3=0 g=00 mo=40 af=64 d=8046 @(200,-19600,r1536)]
F19626 live=1 act=5 PL(-1300,-13950,rot=2048,hp=0) [0 t=16 st=1 ss1=0 ss2=0 ss3=0 g=88 mo=19 af=0 d=7419 @(-800,-20600,r1024)] [1 t=10 st=1 ss1=12 ss2=3 ss3=0 g=00 mo=39 af=4 d=6122 @(-1800,-19600,r512)] [2 t=10 st=1 ss1=12 ss2=3 ss3=0 g=00 mo=39 af=4 d=7038 @(-1800,-21600,r3584)] [3 t=11 st=1 ss1=12 ss2=3 ss3=0 g=00 mo=39 af=4 d=8748 @(200,-21600,r2560)] [4 t=11 st=1 ss1=12 ss2=3 ss3=0 g=00 mo=40 af=64 d=8046 @(200,-19600,r1536)]
F19627 live=1 act=5 PL(-1300,-13950,rot=2048,hp=0) [0 t=16 st=1 ss1=0 ss2=0 ss3=0 g=88 mo=19 af=0 d=7419 @(-800,-20600,r1024)] [1 t=10 st=1 ss1=12 ss2=3 ss3=0 g=00 mo=39 af=4 d=6122 @(-1800,-19600,r512)] [2 t=10 st=1 ss1=12 ss2=3 ss3=0 g=00 mo=39 af=4 d=7038 @(-1800,-21600,r3584)] [3 t=11 st=1 ss1=12 ss2=3 ss3=0 g=00 mo=39 af=4 d=8748 @(200,-21600,r2560)] [4 t=11 st=1 ss1=12 ss2=3 ss3=0 g=00 mo=40 af=64 d=8046 @(200,-19600,r1536)]
F19628 live=1 act=5 PL(-1300,-13950,rot=2048,hp=0) [0 t=16 st=1 ss1=0 ss2=0 ss3=0 g=88 mo=19 af=0 d=7419 @(-800,-20600,r1024)] [1 t=10 st=1 ss1=12 ss2=3 ss3=0 g=00 mo=39 af=4 d=6122 @(-1800,-19600,r512)] [2 t=10 st=1 ss1=12 ss2=3 ss3=0 g=00 mo=39 af=4 d=7038 @(-1800,-21600,r3584)] [3 t=11 st=1 ss1=12 ss2=3 ss3=0 g=00 mo=39 af=4 d=8748 @(200,-21600,r2560)] [4 t=11 st=1 ss1=12 ss2=3 ss3=0 g=00 mo=40 af=64 d=8046 @(200,-19600,r1536)]
F19629 live=1 act=5 PL(-1300,-13950,rot=2048,hp=0) [0 t=16 st=1 ss1=0 ss2=0 ss3=0 g=88 mo=19 af=0 d=7419 @(-800,-20600,r1024)] [1 t=10 st=1 ss1=12 ss2=3 ss3=0 g=00 mo=39 af=4 d=6122 @(-1800,-19600,r512)] [2 t=10 st=1 ss1=12 ss2=3 ss3=0 g=00 mo=39 af=4 d=7038 @(-1800,-21600,r3584)] [3 t=11 st=1 ss1=12 ss2=3 ss3=0 g=00 mo=39 af=4 d=8748 @(200,-21600,r2560)] [4 t=11 st=1 ss1=12 ss2=3 ss3=0 g=00 mo=40 af=64 d=8046 @(200,-19600,r1536)]
F19630 live=1 act=5 PL(-1300,-13950,rot=2048,hp=0) [0 t=16 st=1 ss1=0 ss2=0 ss3=0 g=88 mo=19 af=0 d=7419 @(-800,-20600,r1024)] [1 t=10 st=1 ss1=12 ss2=3 ss3=0 g=00 mo=39 af=4 d=6122 @(-1800,-19600,r512)] [2 t=10 st=1 ss1=12 ss2=3 ss3=0 g=00 mo=39 af=4 d=7038 @(-1800,-21600,r3584)] [3 t=11 st=1 ss1=12 ss2=3 ss3=0 g=00 mo=39 af=4 d=8748 @(200,-21600,r2560)] [4 t=11 st=1 ss1=12 ss2=3 ss3=0 g=00 mo=40 af=64 d=8046 @(200,-19600,r1536)]
F19631 live=1 act=5 PL(-1300,-13950,rot=2048,hp=0) [0 t=16 st=1 ss1=0 ss2=0 ss3=0 g=88 mo=19 af=0 d=7419 @(-800,-20600,r1024)] [1 t=10 st=1 ss1=12 ss2=3 ss3=0 g=00 mo=39 af=4 d=6122 @(-1800,-19600,r512)] [2 t=10 st=1 ss1=12 ss2=3 ss3=0 g=00 mo=39 af=4 d=7038 @(-1800,-21600,r3584)] [3 t=11 st=1 ss1=12 ss2=3 ss3=0 g=00 mo=39 af=4 d=8748 @(200,-21600,r2560)] [4 t=11 st=1 ss1=12 ss2=3 ss3=0 g=00 mo=40 af=64 d=8046 @(200,-19600,r1536)]
F19632 live=1 act=5 PL(-1300,-13950,rot=2048,hp=0) [0 t=16 st=1 ss1=0 ss2=0 ss3=0 g=88 mo=19 af=0 d=7419 @(-800,-20600,r1024)] [1 t=10 st=1 ss1=12 ss2=3 ss3=0 g=00 mo=39 af=4 d=6122 @(-1800,-19600,r512)] [2 t=10 st=1 ss1=12 ss2=3 ss3=0 g=00 mo=39 af=4 d=7038 @(-1800,-21600,r3584)] [3 t=11 st=1 ss1=12 ss2=3 ss3=0 g=00 mo=39 af=4 d=8748 @(200,-21600,r2560)] [4 t=11 st=1 ss1=12 ss2=3 ss3=0 g=00 mo=40 af=64 d=8046 @(200,-19600,r1536)]
F19633 live=1 act=5 PL(-1300,-13950,rot=2048,hp=0) [0 t=16 st=1 ss1=0 ss2=0 ss3=0 g=88 mo=19 af=0 d=7419 @(-800,-20600,r1024)] [1 t=10 st=1 ss1=12 ss2=3 ss3=0 g=00 mo=39 af=4 d=6122 @(-1800,-19600,r512)] [2 t=10 st=1 ss1=12 ss2=3 ss3=0 g=00 mo=39 af=4 d=7038 @(-1800,-21600,r3584)] [3 t=11 st=1 ss1=12 ss2=3 ss3=0 g=00 mo=39 af=4 d=8748 @(200,-21600,r2560)] [4 t=11 st=1 ss1=12 ss2=3 ss3=0 g=00 mo=40 af=64 d=8046 @(200,-19600,r1536)]
F19634 live=1 act=5 PL(-1300,-13950,rot=2048,hp=0) [0 t=16 st=1 ss1=0 ss2=0 ss3=0 g=88 mo=19 af=0 d=7419 @(-800,-20600,r1024)] [1 t=10 st=1 ss1=12 ss2=3 ss3=0 g=00 mo=39 af=4 d=6122 @(-1800,-19600,r512)] [2 t=10 st=1 ss1=12 ss2=3 ss3=0 g=00 mo=39 af=4 d=7038 @(-1800,-21600,r3584)] [3 t=11 st=1 ss1=12 ss2=3 ss3=0 g=00 mo=39 af=4 d=8748 @(200,-21600,r2560)] [4 t=11 st=1 ss1=12 ss2=3 ss3=0 g=00 mo=40 af=64 d=8046 @(200,-19600,r1536)]
F19635 live=1 act=5 PL(-1300,-13950,rot=2048,hp=0) [0 t=16 st=1 ss1=0 ss2=0 ss3=0 g=88 mo=19 af=0 d=7419 @(-800,-20600,r1024)] [1 t=10 st=1 ss1=12 ss2=3 ss3=0 g=00 mo=39 af=4 d=6122 @(-1800,-19600,r512)] [2 t=10 st=1 ss1=12 ss2=3 ss3=0 g=00 mo=39 af=4 d=7038 @(-1800,-21600,r3584)] [3 t=11 st=1 ss1=12 ss2=3 ss3=0 g=00 mo=39 af=4 d=8748 @(200,-21600,r2560)] [4 t=11 st=1 ss1=12 ss2=3 ss3=0 g=00 mo=40 af=64 d=8046 @(200,-19600,r1536)]
F19636 live=1 act=5 PL(-1300,-13950,rot=2048,hp=0) [0 t=16 st=1 ss1=0 ss2=0 ss3=0 g=88 mo=19 af=0 d=7419 @(-800,-20600,r1024)] [1 t=10 st=1 ss1=12 ss2=3 ss3=0 g=00 mo=39 af=4 d=6122 @(-1800,-19600,r512)] [2 t=10 st=1 ss1=12 ss2=3 ss3=0 g=00 mo=39 af=4 d=7038 @(-1800,-21600,r3584)] [3 t=11 st=1 ss1=12 ss2=3 ss3=0 g=00 mo=39 af=4 d=8748 @(200,-21600,r2560)] [4 t=11 st=1 ss1=12 ss2=3 ss3=0 g=00 mo=40 af=64 d=8046 @(200,-19600,r1536)]
F19637 live=1 act=5 PL(-1300,-13950,rot=2048,hp=0) [0 t=16 st=1 ss1=0 ss2=0 ss3=0 g=88 mo=19 af=0 d=7419 @(-800,-20600,r1024)] [1 t=10 st=1 ss1=12 ss2=3 ss3=0 g=00 mo=39 af=4 d=6122 @(-1800,-19600,r512)] [2 t=10 st=1 ss1=12 ss2=3 ss3=0 g=00 mo=39 af=4 d=7038 @(-1800,-21600,r3584)] [3 t=11 st=1 ss1=12 ss2=3 ss3=0 g=00 mo=39 af=4 d=8748 @(200,-21600,r2560)] [4 t=11 st=1 ss1=12 ss2=3 ss3=0 g=00 mo=40 af=64 d=8046 @(200,-19600,r1536)]
F19638 live=1 act=5 PL(-1300,-13950,rot=2048,hp=0) [0 t=16 st=1 ss1=0 ss2=0 ss3=0 g=88 mo=19 af=0 d=7419 @(-800,-20600,r1024)] [1 t=10 st=1 ss1=12 ss2=3 ss3=0 g=00 mo=39 af=4 d=6122 @(-1800,-19600,r512)] [2 t=10 st=1 ss1=12 ss2=3 ss3=0 g=00 mo=39 af=4 d=7038 @(-1800,-21600,r3584)] [3 t=11 st=1 ss1=12 ss2=3 ss3=0 g=00 mo=39 af=4 d=8748 @(200,-21600,r2560)] [4 t=11 st=1 ss1=12 ss2=3 ss3=0 g=00 mo=40 af=64 d=8046 @(200,-19600,r1536)]
F19639 live=1 act=5 PL(-1300,-13950,rot=2048,hp=0) [0 t=16 st=1 ss1=0 ss2=0 ss3=0 g=88 mo=19 af=0 d=7419 @(-800,-20600,r1024)] [1 t=10 st=1 ss1=12 ss2=3 ss3=0 g=00 mo=39 af=4 d=6122 @(-1800,-19600,r512)] [2 t=10 st=1 ss1=12 ss2=3 ss3=0 g=00 mo=39 af=4 d=7038 @(-1800,-21600,r3584)] [3 t=11 st=1 ss1=12 ss2=3 ss3=0 g=00 mo=39 af=4 d=8748 @(200,-21600,r2560)] [4 t=11 st=1 ss1=12 ss2=3 ss3=0 g=00 mo=40 af=64 d=8046 @(200,-19600,r1536)]
F19640 live=1 act=5 PL(-1300,-13950,rot=2048,hp=0) [0 t=16 st=1 ss1=0 ss2=0 ss3=0 g=88 mo=19 af=0 d=7419 @(-800,-20600,r1024)] [1 t=10 st=1 ss1=12 ss2=3 ss3=0 g=00 mo=39 af=4 d=6122 @(-1800,-19600,r512)] [2 t=10 st=1 ss1=12 ss2=3 ss3=0 g=00 mo=39 af=4 d=7038 @(-1800,-21600,r3584)] [3 t=11 st=1 ss1=12 ss2=3 ss3=0 g=00 mo=39 af=4 d=8748 @(200,-21600,r2560)] [4 t=11 st=1 ss1=12 ss2=3 ss3=0 g=00 mo=40 af=64 d=8046 @(200,-19600,r1536)]
F19641 live=1 act=5 PL(-1300,-13950,rot=2048,hp=0) [0 t=16 st=1 ss1=0 ss2=0 ss3=0 g=88 mo=19 af=0 d=7419 @(-800,-20600,r1024)] [1 t=10 st=1 ss1=12 ss2=3 ss3=0 g=00 mo=39 af=4 d=6122 @(-1800,-19600,r512)] [2 t=10 st=1 ss1=12 ss2=3 ss3=0 g=00 mo=39 af=4 d=7038 @(-1800,-21600,r3584)] [3 t=11 st=1 ss1=12 ss2=3 ss3=0 g=00 mo=39 af=4 d=8748 @(200,-21600,r2560)] [4 t=11 st=1 ss1=12 ss2=3 ss3=0 g=00 mo=40 af=64 d=8046 @(200,-19600,r1536)]
F19642 live=1 act=5 PL(-1300,-13950,rot=2048,hp=0) [0 t=16 st=1 ss1=0 ss2=0 ss3=0 g=88 mo=19 af=0 d=7419 @(-800,-20600,r1024)] [1 t=10 st=1 ss1=12 ss2=3 ss3=0 g=00 mo=39 af=4 d=6122 @(-1800,-19600,r512)] [2 t=10 st=1 ss1=12 ss2=3 ss3=0 g=00 mo=39 af=4 d=7038 @(-1800,-21600,r3584)] [3 t=11 st=1 ss1=12 ss2=3 ss3=0 g=00 mo=39 af=4 d=8748 @(200,-21600,r2560)] [4 t=11 st=1 ss1=12 ss2=3 ss3=0 g=00 mo=40 af=64 d=8046 @(200,-19600,r1536)]
F19643 live=1 act=5 PL(-1300,-13950,rot=2048,hp=0) [0 t=16 st=1 ss1=0 ss2=0 ss3=0 g=88 mo=19 af=0 d=7419 @(-800,-20600,r1024)] [1 t=10 st=1 ss1=12 ss2=3 ss3=0 g=00 mo=39 af=4 d=6122 @(-1800,-19600,r512)] [2 t=10 st=1 ss1=12 ss2=3 ss3=0 g=00 mo=39 af=4 d=7038 @(-1800,-21600,r3584)] [3 t=11 st=1 ss1=12 ss2=3 ss3=0 g=00 mo=39 af=4 d=8748 @(200,-21600,r2560)] [4 t=11 st=1 ss1=12 ss2=3 ss3=0 g=00 mo=40 af=64 d=8046 @(200,-19600,r1536)]
F19644 live=1 act=5 PL(-1300,-13950,rot=2048,hp=0) [0 t=16 st=1 ss1=0 ss2=0 ss3=0 g=88 mo=19 af=0 d=7419 @(-800,-20600,r1024)] [1 t=10 st=1 ss1=12 ss2=3 ss3=0 g=00 mo=39 af=4 d=6122 @(-1800,-19600,r512)] [2 t=10 st=1 ss1=12 ss2=3 ss3=0 g=00 mo=39 af=4 d=7038 @(-1800,-21600,r3584)] [3 t=11 st=1 ss1=12 ss2=3 ss3=0 g=00 mo=39 af=4 d=8748 @(200,-21600,r2560)] [4 t=11 st=1 ss1=12 ss2=3 ss3=0 g=00 mo=40 af=64 d=8046 @(200,-19600,r1536)]
F19645 live=1 act=5 PL(-1300,-13950,rot=2048,hp=0) [0 t=16 st=1 ss1=0 ss2=0 ss3=0 g=88 mo=19 af=0 d=7419 @(-800,-20600,r1024)] [1 t=10 st=1 ss1=12 ss2=3 ss3=0 g=00 mo=39 af=4 d=6122 @(-1800,-19600,r512)] [2 t=10 st=1 ss1=12 ss2=3 ss3=0 g=00 mo=39 af=4 d=7038 @(-1800,-21600,r3584)] [3 t=11 st=1 ss1=12 ss2=3 ss3=0 g=00 mo=39 af=4 d=8748 @(200,-21600,r2560)] [4 t=11 st=1 ss1=12 ss2=3 ss3=0 g=00 mo=40 af=64 d=8046 @(200,-19600,r1536)]
# f19646 segment U x240
F19646 live=1 act=5 PL(-1300,-13950,rot=2048,hp=0) [0 t=16 st=1 ss1=0 ss2=0 ss3=0 g=88 mo=19 af=0 d=7419 @(-800,-20600,r1024)] [1 t=10 st=1 ss1=12 ss2=3 ss3=0 g=00 mo=39 af=4 d=6122 @(-1800,-19600,r512)] [2 t=10 st=1 ss1=12 ss2=3 ss3=0 g=00 mo=39 af=4 d=7038 @(-1800,-21600,r3584)] [3 t=11 st=1 ss1=12 ss2=3 ss3=0 g=00 mo=39 af=4 d=8748 @(200,-21600,r2560)] [4 t=11 st=1 ss1=12 ss2=3 ss3=0 g=00 mo=40 af=64 d=8046 @(200,-19600,r1536)]
F19647 live=1 act=5 PL(-1300,-13950,rot=2048,hp=0) [0 t=16 st=1 ss1=0 ss2=0 ss3=0 g=88 mo=19 af=0 d=7419 @(-800,-20600,r1024)] [1 t=10 st=1 ss1=12 ss2=3 ss3=0 g=00 mo=39 af=4 d=6122 @(-1800,-19600,r512)] [2 t=10 st=1 ss1=12 ss2=3 ss3=0 g=00 mo=39 af=4 d=7038 @(-1800,-21600,r3584)] [3 t=11 st=1 ss1=12 ss2=3 ss3=0 g=00 mo=39 af=4 d=8748 @(200,-21600,r2560)] [4 t=11 st=1 ss1=12 ss2=3 ss3=0 g=00 mo=40 af=64 d=8046 @(200,-19600,r1536)]
F19648 live=1 act=5 PL(-1300,-13950,rot=2048,hp=0) [0 t=16 st=1 ss1=0 ss2=0 ss3=0 g=88 mo=19 af=0 d=7419 @(-800,-20600,r1024)] [1 t=10 st=1 ss1=12 ss2=3 ss3=0 g=00 mo=39 af=4 d=6122 @(-1800,-19600,r512)] [2 t=10 st=1 ss1=12 ss2=3 ss3=0 g=00 mo=39 af=4 d=7038 @(-1800,-21600,r3584)] [3 t=11 st=1 ss1=12 ss2=3 ss3=0 g=00 mo=39 af=4 d=8748 @(200,-21600,r2560)] [4 t=11 st=1 ss1=12 ss2=3 ss3=0 g=00 mo=40 af=64 d=8046 @(200,-19600,r1536)]
F19649 live=1 act=5 PL(-1300,-13950,rot=2048,hp=0) [0 t=16 st=1 ss1=0 ss2=0 ss3=0 g=88 mo=19 af=0 d=7419 @(-800,-20600,r1024)] [1 t=10 st=1 ss1=12 ss2=3 ss3=0 g=00 mo=39 af=4 d=6122 @(-1800,-19600,r512)] [2 t=10 st=1 ss1=12 ss2=3 ss3=0 g=00 mo=39 af=4 d=7038 @(-1800,-21600,r3584)] [3 t=11 st=1 ss1=12 ss2=3 ss3=0 g=00 mo=39 af=4 d=8748 @(200,-21600,r2560)] [4 t=11 st=1 ss1=12 ss2=3 ss3=0 g=00 mo=40 af=64 d=8046 @(200,-19600,r1536)]
F19650 live=1 act=5 PL(-1300,-13950,rot=2048,hp=0) [0 t=16 st=1 ss1=0 ss2=0 ss3=0 g=88 mo=19 af=0 d=7419 @(-800,-20600,r1024)] [1 t=10 st=1 ss1=12 ss2=3 ss3=0 g=00 mo=39 af=4 d=6122 @(-1800,-19600,r512)] [2 t=10 st=1 ss1=12 ss2=3 ss3=0 g=00 mo=39 af=4 d=7038 @(-1800,-21600,r3584)] [3 t=11 st=1 ss1=12 ss2=3 ss3=0 g=00 mo=39 af=4 d=8748 @(200,-21600,r2560)] [4 t=11 st=1 ss1=12 ss2=3 ss3=0 g=00 mo=40 af=64 d=8046 @(200,-19600,r1536)]
F19651 live=1 act=5 PL(-1300,-13950,rot=2048,hp=0) [0 t=16 st=1 ss1=0 ss2=0 ss3=0 g=88 mo=19 af=0 d=7419 @(-800,-20600,r1024)] [1 t=10 st=1 ss1=12 ss2=3 ss3=0 g=00 mo=39 af=4 d=6122 @(-1800,-19600,r512)] [2 t=10 st=1 ss1=12 ss2=3 ss3=0 g=00 mo=39 af=4 d=7038 @(-1800,-21600,r3584)] [3 t=11 st=1 ss1=12 ss2=3 ss3=0 g=00 mo=39 af=4 d=8748 @(200,-21600,r2560)] [4 t=11 st=1 ss1=12 ss2=3 ss3=0 g=00 mo=40 af=64 d=8046 @(200,-19600,r1536)]
F19652 live=1 act=5 PL(-1300,-13950,rot=2048,hp=0) [0 t=16 st=1 ss1=0 ss2=0 ss3=0 g=88 mo=19 af=0 d=7419 @(-800,-20600,r1024)] [1 t=10 st=1 ss1=12 ss2=3 ss3=0 g=00 mo=39 af=4 d=6122 @(-1800,-19600,r512)] [2 t=10 st=1 ss1=12 ss2=3 ss3=0 g=00 mo=39 af=4 d=7038 @(-1800,-21600,r3584)] [3 t=11 st=1 ss1=12 ss2=3 ss3=0 g=00 mo=39 af=4 d=8748 @(200,-21600,r2560)] [4 t=11 st=1 ss1=12 ss2=3 ss3=0 g=00 mo=40 af=64 d=8046 @(200,-19600,r1536)]
F19653 live=1 act=5 PL(-1300,-13950,rot=2048,hp=0) [0 t=16 st=1 ss1=0 ss2=0 ss3=0 g=88 mo=19 af=0 d=7419 @(-800,-20600,r1024)] [1 t=10 st=1 ss1=12 ss2=3 ss3=0 g=00 mo=39 af=4 d=6122 @(-1800,-19600,r512)] [2 t=10 st=1 ss1=12 ss2=3 ss3=0 g=00 mo=39 af=4 d=7038 @(-1800,-21600,r3584)] [3 t=11 st=1 ss1=12 ss2=3 ss3=0 g=00 mo=39 af=4 d=8748 @(200,-21600,r2560)] [4 t=11 st=1 ss1=12 ss2=3 ss3=0 g=00 mo=40 af=64 d=8046 @(200,-19600,r1536)]
F19654 live=1 act=5 PL(-1300,-13950,rot=2048,hp=0) [0 t=16 st=1 ss1=0 ss2=0 ss3=0 g=88 mo=19 af=0 d=7419 @(-800,-20600,r1024)] [1 t=10 st=1 ss1=12 ss2=3 ss3=0 g=00 mo=39 af=4 d=6122 @(-1800,-19600,r512)] [2 t=10 st=1 ss1=12 ss2=3 ss3=0 g=00 mo=39 af=4 d=7038 @(-1800,-21600,r3584)] [3 t=11 st=1 ss1=12 ss2=3 ss3=0 g=00 mo=39 af=4 d=8748 @(200,-21600,r2560)] [4 t=11 st=1 ss1=12 ss2=3 ss3=0 g=00 mo=40 af=64 d=8046 @(200,-19600,r1536)]
F19655 live=1 act=5 PL(-1300,-13950,rot=2048,hp=0) [0 t=16 st=1 ss1=0 ss2=0 ss3=0 g=88 mo=19 af=0 d=7419 @(-800,-20600,r1024)] [1 t=10 st=1 ss1=12 ss2=3 ss3=0 g=00 mo=39 af=4 d=6122 @(-1800,-19600,r512)] [2 t=10 st=1 ss1=12 ss2=3 ss3=0 g=00 mo=39 af=4 d=7038 @(-1800,-21600,r3584)] [3 t=11 st=1 ss1=12 ss2=3 ss3=0 g=00 mo=39 af=4 d=8748 @(200,-21600,r2560)] [4 t=11 st=1 ss1=12 ss2=3 ss3=0 g=00 mo=40 af=64 d=8046 @(200,-19600,r1536)]
F19656 live=1 act=5 PL(-1300,-13950,rot=2048,hp=0) [0 t=16 st=1 ss1=0 ss2=0 ss3=0 g=88 mo=19 af=0 d=7419 @(-800,-20600,r1024)] [1 t=10 st=1 ss1=12 ss2=3 ss3=0 g=00 mo=39 af=4 d=6122 @(-1800,-19600,r512)] [2 t=10 st=1 ss1=12 ss2=3 ss3=0 g=00 mo=39 af=4 d=7038 @(-1800,-21600,r3584)] [3 t=11 st=1 ss1=12 ss2=3 ss3=0 g=00 mo=39 af=4 d=8748 @(200,-21600,r2560)] [4 t=11 st=1 ss1=12 ss2=3 ss3=0 g=00 mo=40 af=64 d=8046 @(200,-19600,r1536)]
F19657 live=1 act=5 PL(-1300,-13950,rot=2048,hp=0) [0 t=16 st=1 ss1=0 ss2=0 ss3=0 g=88 mo=19 af=0 d=7419 @(-800,-20600,r1024)] [1 t=10 st=1 ss1=12 ss2=3 ss3=0 g=00 mo=39 af=4 d=6122 @(-1800,-19600,r512)] [2 t=10 st=1 ss1=12 ss2=3 ss3=0 g=00 mo=39 af=4 d=7038 @(-1800,-21600,r3584)] [3 t=11 st=1 ss1=12 ss2=3 ss3=0 g=00 mo=39 af=4 d=8748 @(200,-21600,r2560)] [4 t=11 st=1 ss1=12 ss2=3 ss3=0 g=00 mo=40 af=64 d=8046 @(200,-19600,r1536)]
F19658 live=1 act=5 PL(-1300,-13950,rot=2048,hp=0) [0 t=16 st=1 ss1=0 ss2=0 ss3=0 g=88 mo=19 af=0 d=7419 @(-800,-20600,r1024)] [1 t=10 st=1 ss1=12 ss2=3 ss3=0 g=00 mo=39 af=4 d=6122 @(-1800,-19600,r512)] [2 t=10 st=1 ss1=12 ss2=3 ss3=0 g=00 mo=39 af=4 d=7038 @(-1800,-21600,r3584)] [3 t=11 st=1 ss1=12 ss2=3 ss3=0 g=00 mo=39 af=4 d=8748 @(200,-21600,r2560)] [4 t=11 st=1 ss1=12 ss2=3 ss3=0 g=00 mo=40 af=64 d=8046 @(200,-19600,r1536)]
F19659 live=1 act=5 PL(-1300,-13950,rot=2048,hp=0) [0 t=16 st=1 ss1=0 ss2=0 ss3=0 g=88 mo=19 af=0 d=7419 @(-800,-20600,r1024)] [1 t=10 st=1 ss1=12 ss2=3 ss3=0 g=00 mo=39 af=4 d=6122 @(-1800,-19600,r512)] [2 t=10 st=1 ss1=12 ss2=3 ss3=0 g=00 mo=39 af=4 d=7038 @(-1800,-21600,r3584)] [3 t=11 st=1 ss1=12 ss2=3 ss3=0 g=00 mo=39 af=4 d=8748 @(200,-21600,r2560)] [4 t=11 st=1 ss1=12 ss2=3 ss3=0 g=00 mo=40 af=64 d=8046 @(200,-19600,r1536)]
F19660 live=1 act=5 PL(-1300,-13950,rot=2048,hp=0) [0 t=16 st=1 ss1=0 ss2=0 ss3=0 g=88 mo=19 af=0 d=7419 @(-800,-20600,r1024)] [1 t=10 st=1 ss1=12 ss2=3 ss3=0 g=00 mo=39 af=4 d=6122 @(-1800,-19600,r512)] [2 t=10 st=1 ss1=12 ss2=3 ss3=0 g=00 mo=39 af=4 d=7038 @(-1800,-21600,r3584)] [3 t=11 st=1 ss1=12 ss2=3 ss3=0 g=00 mo=39 af=4 d=8748 @(200,-21600,r2560)] [4 t=11 st=1 ss1=12 ss2=3 ss3=0 g=00 mo=40 af=64 d=8046 @(200,-19600,r1536)]
F19661 live=1 act=5 PL(-1300,-13950,rot=2048,hp=0) [0 t=16 st=1 ss1=0 ss2=0 ss3=0 g=88 mo=19 af=0 d=7419 @(-800,-20600,r1024)] [1 t=10 st=1 ss1=12 ss2=3 ss3=0 g=00 mo=39 af=4 d=6122 @(-1800,-19600,r512)] [2 t=10 st=1 ss1=12 ss2=3 ss3=0 g=00 mo=39 af=4 d=7038 @(-1800,-21600,r3584)] [3 t=11 st=1 ss1=12 ss2=3 ss3=0 g=00 mo=39 af=4 d=8748 @(200,-21600,r2560)] [4 t=11 st=1 ss1=12 ss2=3 ss3=0 g=00 mo=40 af=64 d=8046 @(200,-19600,r1536)]
F19662 live=1 act=5 PL(-1300,-13950,rot=2048,hp=0) [0 t=16 st=1 ss1=0 ss2=0 ss3=0 g=88 mo=19 af=0 d=7419 @(-800,-20600,r1024)] [1 t=10 st=1 ss1=12 ss2=3 ss3=0 g=00 mo=39 af=4 d=6122 @(-1800,-19600,r512)] [2 t=10 st=1 ss1=12 ss2=3 ss3=0 g=00 mo=39 af=4 d=7038 @(-1800,-21600,r3584)] [3 t=11 st=1 ss1=12 ss2=3 ss3=0 g=00 mo=39 af=4 d=8748 @(200,-21600,r2560)] [4 t=11 st=1 ss1=12 ss2=3 ss3=0 g=00 mo=40 af=64 d=8046 @(200,-19600,r1536)]
F19663 live=1 act=5 PL(-1300,-13950,rot=2048,hp=0) [0 t=16 st=1 ss1=0 ss2=0 ss3=0 g=88 mo=19 af=0 d=7419 @(-800,-20600,r1024)] [1 t=10 st=1 ss1=12 ss2=3 ss3=0 g=00 mo=39 af=4 d=6122 @(-1800,-19600,r512)] [2 t=10 st=1 ss1=12 ss2=3 ss3=0 g=00 mo=39 af=4 d=7038 @(-1800,-21600,r3584)] [3 t=11 st=1 ss1=12 ss2=3 ss3=0 g=00 mo=39 af=4 d=8748 @(200,-21600,r2560)] [4 t=11 st=1 ss1=12 ss2=3 ss3=0 g=00 mo=40 af=64 d=8046 @(200,-19600,r1536)]
F19664 live=1 act=5 PL(-1300,-13950,rot=2048,hp=0) [0 t=16 st=1 ss1=0 ss2=0 ss3=0 g=88 mo=19 af=0 d=7419 @(-800,-20600,r1024)] [1 t=10 st=1 ss1=12 ss2=3 ss3=0 g=00 mo=39 af=4 d=6122 @(-1800,-19600,r512)] [2 t=10 st=1 ss1=12 ss2=3 ss3=0 g=00 mo=39 af=4 d=7038 @(-1800,-21600,r3584)] [3 t=11 st=1 ss1=12 ss2=3 ss3=0 g=00 mo=39 af=4 d=8748 @(200,-21600,r2560)] [4 t=11 st=1 ss1=12 ss2=3 ss3=0 g=00 mo=40 af=64 d=8046 @(200,-19600,r1536)]
F19665 live=1 act=5 PL(-1300,-13950,rot=2048,hp=0) [0 t=16 st=1 ss1=0 ss2=0 ss3=0 g=88 mo=19 af=0 d=7419 @(-800,-20600,r1024)] [1 t=10 st=1 ss1=12 ss2=3 ss3=0 g=00 mo=39 af=4 d=6122 @(-1800,-19600,r512)] [2 t=10 st=1 ss1=12 ss2=3 ss3=0 g=00 mo=39 af=4 d=7038 @(-1800,-21600,r3584)] [3 t=11 st=1 ss1=12 ss2=3 ss3=0 g=00 mo=39 af=4 d=8748 @(200,-21600,r2560)] [4 t=11 st=1 ss1=12 ss2=3 ss3=0 g=00 mo=40 af=64 d=8046 @(200,-19600,r1536)]
F19666 live=1 act=5 PL(-1300,-13950,rot=2048,hp=0) [0 t=16 st=1 ss1=0 ss2=0 ss3=0 g=88 mo=19 af=0 d=7419 @(-800,-20600,r1024)] [1 t=10 st=1 ss1=12 ss2=3 ss3=0 g=00 mo=39 af=4 d=6122 @(-1800,-19600,r512)] [2 t=10 st=1 ss1=12 ss2=3 ss3=0 g=00 mo=39 af=4 d=7038 @(-1800,-21600,r3584)] [3 t=11 st=1 ss1=12 ss2=3 ss3=0 g=00 mo=39 af=4 d=8748 @(200,-21600,r2560)] [4 t=11 st=1 ss1=12 ss2=3 ss3=0 g=00 mo=40 af=64 d=8046 @(200,-19600,r1536)]
F19667 live=1 act=5 PL(-1300,-13950,rot=2048,hp=0) [0 t=16 st=1 ss1=0 ss2=0 ss3=0 g=88 mo=19 af=0 d=7419 @(-800,-20600,r1024)] [1 t=10 st=1 ss1=12 ss2=3 ss3=0 g=00 mo=39 af=4 d=6122 @(-1800,-19600,r512)] [2 t=10 st=1 ss1=12 ss2=3 ss3=0 g=00 mo=39 af=4 d=7038 @(-1800,-21600,r3584)] [3 t=11 st=1 ss1=12 ss2=3 ss3=0 g=00 mo=39 af=4 d=8748 @(200,-21600,r2560)] [4 t=11 st=1 ss1=12 ss2=3 ss3=0 g=00 mo=40 af=64 d=8046 @(200,-19600,r1536)]
F19668 live=1 act=5 PL(-1300,-13950,rot=2048,hp=0) [0 t=16 st=1 ss1=0 ss2=0 ss3=0 g=88 mo=19 af=0 d=7419 @(-800,-20600,r1024)] [1 t=10 st=1 ss1=12 ss2=3 ss3=0 g=00 mo=39 af=4 d=6122 @(-1800,-19600,r512)] [2 t=10 st=1 ss1=12 ss2=3 ss3=0 g=00 mo=39 af=4 d=7038 @(-1800,-21600,r3584)] [3 t=11 st=1 ss1=12 ss2=3 ss3=0 g=00 mo=39 af=4 d=8748 @(200,-21600,r2560)] [4 t=11 st=1 ss1=12 ss2=3 ss3=0 g=00 mo=40 af=64 d=8046 @(200,-19600,r1536)]
F19669 live=1 act=5 PL(-1300,-13950,rot=2048,hp=0) [0 t=16 st=1 ss1=0 ss2=0 ss3=0 g=88 mo=19 af=0 d=7419 @(-800,-20600,r1024)] [1 t=10 st=1 ss1=12 ss2=3 ss3=0 g=00 mo=39 af=4 d=6122 @(-1800,-19600,r512)] [2 t=10 st=1 ss1=12 ss2=3 ss3=0 g=00 mo=39 af=4 d=7038 @(-1800,-21600,r3584)] [3 t=11 st=1 ss1=12 ss2=3 ss3=0 g=00 mo=39 af=4 d=8748 @(200,-21600,r2560)] [4 t=11 st=1 ss1=12 ss2=3 ss3=0 g=00 mo=40 af=64 d=8046 @(200,-19600,r1536)]
F19670 live=1 act=5 PL(-1300,-13950,rot=2048,hp=0) [0 t=16 st=1 ss1=0 ss2=0 ss3=0 g=88 mo=19 af=0 d=7419 @(-800,-20600,r1024)] [1 t=10 st=1 ss1=12 ss2=3 ss3=0 g=00 mo=39 af=4 d=6122 @(-1800,-19600,r512)] [2 t=10 st=1 ss1=12 ss2=3 ss3=0 g=00 mo=39 af=4 d=7038 @(-1800,-21600,r3584)] [3 t=11 st=1 ss1=12 ss2=3 ss3=0 g=00 mo=39 af=4 d=8748 @(200,-21600,r2560)] [4 t=11 st=1 ss1=12 ss2=3 ss3=0 g=00 mo=40 af=64 d=8046 @(200,-19600,r1536)]
F19671 live=1 act=5 PL(-1300,-13950,rot=2048,hp=0) [0 t=16 st=1 ss1=0 ss2=0 ss3=0 g=88 mo=19 af=0 d=7419 @(-800,-20600,r1024)] [1 t=10 st=1 ss1=12 ss2=3 ss3=0 g=00 mo=39 af=4 d=6122 @(-1800,-19600,r512)] [2 t=10 st=1 ss1=12 ss2=3 ss3=0 g=00 mo=39 af=4 d=7038 @(-1800,-21600,r3584)] [3 t=11 st=1 ss1=12 ss2=3 ss3=0 g=00 mo=39 af=4 d=8748 @(200,-21600,r2560)] [4 t=11 st=1 ss1=12 ss2=3 ss3=0 g=00 mo=40 af=64 d=8046 @(200,-19600,r1536)]
F19672 live=1 act=5 PL(-1300,-13950,rot=2048,hp=0) [0 t=16 st=1 ss1=0 ss2=0 ss3=0 g=88 mo=19 af=0 d=7419 @(-800,-20600,r1024)] [1 t=10 st=1 ss1=12 ss2=3 ss3=0 g=00 mo=39 af=4 d=6122 @(-1800,-19600,r512)] [2 t=10 st=1 ss1=12 ss2=3 ss3=0 g=00 mo=39 af=4 d=7038 @(-1800,-21600,r3584)] [3 t=11 st=1 ss1=12 ss2=3 ss3=0 g=00 mo=39 af=4 d=8748 @(200,-21600,r2560)] [4 t=11 st=1 ss1=12 ss2=3 ss3=0 g=00 mo=40 af=64 d=8046 @(200,-19600,r1536)]
F19673 live=1 act=5 PL(-1300,-13950,rot=2048,hp=0) [0 t=16 st=1 ss1=0 ss2=0 ss3=0 g=88 mo=19 af=0 d=7419 @(-800,-20600,r1024)] [1 t=10 st=1 ss1=12 ss2=3 ss3=0 g=00 mo=39 af=4 d=6122 @(-1800,-19600,r512)] [2 t=10 st=1 ss1=12 ss2=3 ss3=0 g=00 mo=39 af=4 d=7038 @(-1800,-21600,r3584)] [3 t=11 st=1 ss1=12 ss2=3 ss3=0 g=00 mo=39 af=4 d=8748 @(200,-21600,r2560)] [4 t=11 st=1 ss1=12 ss2=3 ss3=0 g=00 mo=40 af=64 d=8046 @(200,-19600,r1536)]
F19674 live=1 act=5 PL(-1300,-13950,rot=2048,hp=0) [0 t=16 st=1 ss1=0 ss2=0 ss3=0 g=88 mo=19 af=0 d=7419 @(-800,-20600,r1024)] [1 t=10 st=1 ss1=12 ss2=3 ss3=0 g=00 mo=39 af=4 d=6122 @(-1800,-19600,r512)] [2 t=10 st=1 ss1=12 ss2=3 ss3=0 g=00 mo=39 af=4 d=7038 @(-1800,-21600,r3584)] [3 t=11 st=1 ss1=12 ss2=3 ss3=0 g=00 mo=39 af=4 d=8748 @(200,-21600,r2560)] [4 t=11 st=1 ss1=12 ss2=3 ss3=0 g=00 mo=40 af=64 d=8046 @(200,-19600,r1536)]
F19675 live=1 act=5 PL(-1300,-13950,rot=2048,hp=0) [0 t=16 st=1 ss1=0 ss2=0 ss3=0 g=88 mo=19 af=0 d=7419 @(-800,-20600,r1024)] [1 t=10 st=1 ss1=12 ss2=3 ss3=0 g=00 mo=39 af=4 d=6122 @(-1800,-19600,r512)] [2 t=10 st=1 ss1=12 ss2=3 ss3=0 g=00 mo=39 af=4 d=7038 @(-1800,-21600,r3584)] [3 t=11 st=1 ss1=12 ss2=3 ss3=0 g=00 mo=39 af=4 d=8748 @(200,-21600,r2560)] [4 t=11 st=1 ss1=12 ss2=3 ss3=0 g=00 mo=40 af=64 d=8046 @(200,-19600,r1536)]
F19676 live=1 act=5 PL(-1300,-13950,rot=2048,hp=0) [0 t=16 st=1 ss1=0 ss2=0 ss3=0 g=88 mo=19 af=0 d=7419 @(-800,-20600,r1024)] [1 t=10 st=1 ss1=12 ss2=3 ss3=0 g=00 mo=39 af=4 d=6122 @(-1800,-19600,r512)] [2 t=10 st=1 ss1=12 ss2=3 ss3=0 g=00 mo=39 af=4 d=7038 @(-1800,-21600,r3584)] [3 t=11 st=1 ss1=12 ss2=3 ss3=0 g=00 mo=39 af=4 d=8748 @(200,-21600,r2560)] [4 t=11 st=1 ss1=12 ss2=3 ss3=0 g=00 mo=40 af=64 d=8046 @(200,-19600,r1536)]
F19677 live=1 act=5 PL(-1300,-13950,rot=2048,hp=0) [0 t=16 st=1 ss1=0 ss2=0 ss3=0 g=88 mo=19 af=0 d=7419 @(-800,-20600,r1024)] [1 t=10 st=1 ss1=12 ss2=3 ss3=0 g=00 mo=39 af=4 d=6122 @(-1800,-19600,r512)] [2 t=10 st=1 ss1=12 ss2=3 ss3=0 g=00 mo=39 af=4 d=7038 @(-1800,-21600,r3584)] [3 t=11 st=1 ss1=12 ss2=3 ss3=0 g=00 mo=39 af=4 d=8748 @(200,-21600,r2560)] [4 t=11 st=1 ss1=12 ss2=3 ss3=0 g=00 mo=40 af=64 d=8046 @(200,-19600,r1536)]
F19678 live=1 act=5 PL(-1300,-13950,rot=2048,hp=0) [0 t=16 st=1 ss1=0 ss2=0 ss3=0 g=88 mo=19 af=0 d=7419 @(-800,-20600,r1024)] [1 t=10 st=1 ss1=12 ss2=3 ss3=0 g=00 mo=39 af=4 d=6122 @(-1800,-19600,r512)] [2 t=10 st=1 ss1=12 ss2=3 ss3=0 g=00 mo=39 af=4 d=7038 @(-1800,-21600,r3584)] [3 t=11 st=1 ss1=12 ss2=3 ss3=0 g=00 mo=39 af=4 d=8748 @(200,-21600,r2560)] [4 t=11 st=1 ss1=12 ss2=3 ss3=0 g=00 mo=40 af=64 d=8046 @(200,-19600,r1536)]
F19679 live=1 act=0 PL(-1300,-13950,rot=2048,hp=0)
F19680 live=1 act=0 PL(-1300,-13950,rot=2048,hp=0)
F19681 live=1 act=0 PL(-1300,-13950,rot=2048,hp=0)
F19682 live=1 act=0 PL(-1300,-13950,rot=2048,hp=0)
F19683 live=1 act=0 PL(-1300,-13950,rot=2048,hp=0)
F19684 live=1 act=0 PL(-1300,-13950,rot=2048,hp=0)
F19685 live=1 act=0 PL(-1300,-13950,rot=2048,hp=0)
F19686 live=1 act=0 PL(-1300,-13950,rot=2048,hp=0)
F19687 live=1 act=0 PL(-1300,-13950,rot=2048,hp=0)
F19688 live=1 act=0 PL(-1300,-13950,rot=2048,hp=0)
F19689 live=1 act=0 PL(-1300,-13950,rot=2048,hp=0)
F19690 live=1 act=0 PL(-1300,-13950,rot=2048,hp=0)
F19691 live=1 act=0 PL(-1300,-13950,rot=2048,hp=0)
F19692 live=1 act=0 PL(-1300,-13950,rot=2048,hp=0)
F19693 live=1 act=0 PL(-1300,-13950,rot=2048,hp=0)
F19694 live=1 act=0 PL(-1300,-13950,rot=2048,hp=0)
F19695 live=1 act=0 PL(-1300,-13950,rot=2048,hp=0)
F19696 live=1 act=0 PL(-1300,-13950,rot=2048,hp=0)
F19697 live=1 act=0 PL(-1300,-13950,rot=2048,hp=0)
F19698 live=1 act=0 PL(-1300,-13950,rot=2048,hp=0)
F19699 live=1 act=0 PL(-1300,-13950,rot=2048,hp=0)
F19700 live=1 act=0 PL(-1300,-13950,rot=2048,hp=0)
F19701 live=1 act=0 PL(-1300,-13950,rot=2048,hp=0)
F19702 live=1 act=0 PL(-1300,-13950,rot=2048,hp=0)
F19703 live=1 act=0 PL(-1300,-13950,rot=2048,hp=0)
F19704 live=1 act=0 PL(-1300,-13950,rot=2048,hp=0)
F19705 live=1 act=0 PL(-1300,-13950,rot=2048,hp=0)
F19706 live=1 act=0 PL(-1300,-13950,rot=2048,hp=0)
F19707 live=1 act=0 PL(-1300,-13950,rot=2048,hp=0)
F19708 live=1 act=0 PL(-1300,-13950,rot=2048,hp=0)
F19709 live=1 act=0 PL(-1300,-13950,rot=2048,hp=0)
F19710 live=1 act=0 PL(-1300,-13950,rot=2048,hp=0)
F19711 live=1 act=0 PL(-1300,-13950,rot=2048,hp=0)
F19712 live=1 act=0 PL(-1300,-13950,rot=2048,hp=0)
F19713 live=1 act=0 PL(-1300,-13950,rot=2048,hp=0)
F19714 live=1 act=0 PL(-1300,-13950,rot=2048,hp=0)
F19715 live=1 act=0 PL(-1359,-13950,rot=2048,hp=0)
F19716 live=1 act=0 PL(-1359,-13950,rot=2048,hp=0)
F19717 live=1 act=0 PL(-1428,-13950,rot=2048,hp=0)
F19718 live=1 act=0 PL(-1428,-13950,rot=2048,hp=0)
F19719 live=1 act=0 PL(-1504,-13950,rot=2048,hp=0)
F19720 live=1 act=0 PL(-1504,-13950,rot=2048,hp=0)
F19721 live=1 act=0 PL(-1596,-13950,rot=2048,hp=0)
F19722 live=1 act=0 PL(-1596,-13950,rot=2048,hp=0)
F19723 live=1 act=0 PL(-1687,-13950,rot=2048,hp=0)
F19724 live=1 act=0 PL(-1687,-13950,rot=2048,hp=0)
F19725 live=1 act=0 PL(-1777,-13950,rot=2048,hp=0)
F19726 live=1 act=0 PL(-1777,-13950,rot=2048,hp=0)
F19727 live=1 act=0 PL(-1858,-13950,rot=2048,hp=0)
F19728 live=1 act=0 PL(-1858,-13950,rot=2048,hp=0)
F19729 live=1 act=0 PL(-1942,-13950,rot=2048,hp=0)
F19730 live=1 act=0 PL(-1942,-13950,rot=2048,hp=0)
F19731 live=1 act=0 PL(-2017,-13950,rot=2048,hp=0)
F19732 live=1 act=0 PL(-2017,-13950,rot=2048,hp=0)
F19733 live=1 act=0 PL(-2093,-13950,rot=2048,hp=0)
F19734 live=1 act=0 PL(-2093,-13950,rot=2048,hp=0)
F19735 live=1 act=0 PL(-2173,-13950,rot=2048,hp=0)
F19736 live=1 act=0 PL(-2173,-13950,rot=2048,hp=0)
F19737 live=1 act=0 PL(-2249,-13950,rot=2048,hp=0)
F19738 live=1 act=0 PL(-2249,-13950,rot=2048,hp=0)
F19739 live=1 act=0 PL(-2325,-13950,rot=2048,hp=0)
F19740 live=1 act=0 PL(-2325,-13950,rot=2048,hp=0)
F19741 live=1 act=0 PL(-2403,-13950,rot=2048,hp=0)
F19742 live=1 act=0 PL(-2403,-13950,rot=2048,hp=0)
F19743 live=1 act=0 PL(-2483,-13950,rot=2048,hp=0)
F19744 live=1 act=0 PL(-2483,-13950,rot=2048,hp=0)
F19745 live=1 act=0 PL(-2562,-13950,rot=2048,hp=0)
F19746 live=1 act=0 PL(-2562,-13950,rot=2048,hp=0)
F19747 live=1 act=0 PL(-2582,-13950,rot=2048,hp=0)
F19748 live=1 act=0 PL(-2582,-13950,rot=2048,hp=0)
F19749 live=1 act=0 PL(-2582,-13950,rot=2048,hp=0)
F19750 live=1 act=0 PL(-2582,-13950,rot=2048,hp=0)
F19751 live=1 act=0 PL(-2582,-13950,rot=2048,hp=0)
F19752 live=1 act=0 PL(-2582,-13950,rot=2048,hp=0)
F19753 live=1 act=0 PL(-2582,-13950,rot=2048,hp=0)
F19754 live=1 act=0 PL(-2582,-13950,rot=2048,hp=0)
F19755 live=1 act=0 PL(-2582,-13950,rot=2048,hp=0)
F19756 live=1 act=0 PL(-2582,-13950,rot=2048,hp=0)
F19757 live=1 act=0 PL(-2582,-13950,rot=2048,hp=0)
F19758 live=1 act=0 PL(-2582,-13950,rot=2048,hp=0)
F19759 live=1 act=0 PL(-2582,-13950,rot=2048,hp=0)
F19760 live=1 act=0 PL(-2582,-13950,rot=2048,hp=0)
F19761 live=1 act=0 PL(-2582,-13950,rot=2048,hp=0)
F19762 live=1 act=0 PL(-2582,-13950,rot=2048,hp=0)
F19763 live=1 act=0 PL(-2582,-13950,rot=2048,hp=0)
F19764 live=1 act=0 PL(-2582,-13950,rot=2048,hp=0)
F19765 live=1 act=0 PL(-2582,-13950,rot=2048,hp=0)
F19766 live=1 act=0 PL(-2582,-13950,rot=2048,hp=0)
F19767 live=1 act=0 PL(-2582,-13950,rot=2048,hp=0)
F19768 live=1 act=0 PL(-2582,-13950,rot=2048,hp=0)
F19769 live=1 act=0 PL(-2582,-13950,rot=2048,hp=0)
F19770 live=1 act=0 PL(-2582,-13950,rot=2048,hp=0)
F19771 live=1 act=0 PL(-2582,-13950,rot=2048,hp=0)
F19772 live=1 act=0 PL(-2582,-13950,rot=2048,hp=0)
F19773 live=1 act=0 PL(-2582,-13950,rot=2048,hp=0)
F19774 live=1 act=0 PL(-2582,-13950,rot=2048,hp=0)
F19775 live=1 act=0 PL(-2582,-13950,rot=2048,hp=0)
F19776 live=1 act=0 PL(-2582,-13950,rot=2048,hp=0)
F19777 live=1 act=0 PL(-2582,-13950,rot=2048,hp=0)
F19778 live=1 act=0 PL(-2582,-13950,rot=2048,hp=0)
F19779 live=1 act=0 PL(-2582,-13950,rot=2048,hp=0)
F19780 live=1 act=0 PL(-2582,-13950,rot=2048,hp=0)
F19781 live=1 act=0 PL(-2582,-13950,rot=2048,hp=0)
F19782 live=1 act=0 PL(-2582,-13950,rot=2048,hp=0)
F19783 live=1 act=0 PL(-2582,-13950,rot=2048,hp=0)
F19784 live=1 act=0 PL(-2582,-13950,rot=2048,hp=0)
F19785 live=1 act=0 PL(-2582,-13950,rot=2048,hp=0)
F19786 live=1 act=0 PL(-2582,-13950,rot=2048,hp=0)
F19787 live=1 act=0 PL(-2582,-13950,rot=2048,hp=0)
F19788 live=1 act=0 PL(-2582,-13950,rot=2048,hp=0)
F19789 live=1 act=0 PL(-2582,-13950,rot=2048,hp=0)
F19790 live=1 act=0 PL(-2582,-13950,rot=2048,hp=0)
F19791 live=1 act=0 PL(-2582,-13950,rot=2048,hp=0)
F19792 live=1 act=0 PL(-2582,-13950,rot=2048,hp=0)
F19793 live=1 act=0 PL(-2582,-13950,rot=2048,hp=0)
F19794 live=1 act=0 PL(-2582,-13950,rot=2048,hp=0)
F19795 live=1 act=0 PL(-2582,-13950,rot=2048,hp=0)
F19796 live=1 act=0 PL(-2582,-13950,rot=2048,hp=0)
F19797 live=1 act=0 PL(-2582,-13950,rot=2048,hp=0)
F19798 live=1 act=0 PL(-2582,-13950,rot=2048,hp=0)
F19799 live=1 act=0 PL(-2582,-13950,rot=2048,hp=0)
F19800 live=1 act=0 PL(-2582,-13950,rot=2048,hp=0)
F19801 live=1 act=0 PL(-2582,-13950,rot=2048,hp=0)
F19802 live=1 act=0 PL(-2582,-13950,rot=2048,hp=0)
F19803 live=1 act=0 PL(-2582,-13950,rot=2048,hp=0)
F19804 live=1 act=0 PL(-2582,-13950,rot=2048,hp=0)
F19805 live=1 act=0 PL(-2582,-13950,rot=2048,hp=0)
F19806 live=1 act=0 PL(-2582,-13950,rot=2048,hp=0)
F19807 live=1 act=0 PL(-2582,-13950,rot=2048,hp=0)
F19808 live=1 act=0 PL(-2582,-13950,rot=2048,hp=0)
F19809 live=1 act=0 PL(-2582,-13950,rot=2048,hp=0)
F19810 live=1 act=0 PL(-2582,-13950,rot=2048,hp=0)
F19811 live=1 act=0 PL(-2582,-13950,rot=2048,hp=0)
F19812 live=1 act=0 PL(-2582,-13950,rot=2048,hp=0)
F19813 live=1 act=0 PL(-2582,-13950,rot=2048,hp=0)
F19814 live=1 act=0 PL(-2582,-13950,rot=2048,hp=0)
F19815 live=1 act=0 PL(-2582,-13950,rot=2048,hp=0)
F19816 live=1 act=0 PL(-2582,-13950,rot=2048,hp=0)
F19817 live=1 act=0 PL(-2582,-13950,rot=2048,hp=0)
F19818 live=1 act=0 PL(-2582,-13950,rot=2048,hp=0)
F19819 live=1 act=0 PL(-2582,-13950,rot=2048,hp=0)
F19820 live=1 act=0 PL(-2582,-13950,rot=2048,hp=0)
F19821 live=1 act=0 PL(-2582,-13950,rot=2048,hp=0)
F19822 live=1 act=0 PL(-2582,-13950,rot=2048,hp=0)
F19823 live=1 act=0 PL(-2582,-13950,rot=2048,hp=0)
F19824 live=1 act=0 PL(-2582,-13950,rot=2048,hp=0)
F19825 live=1 act=0 PL(-2582,-13950,rot=2048,hp=0)
F19826 live=1 act=0 PL(-2582,-13950,rot=2048,hp=0)
F19827 live=1 act=0 PL(-2582,-13950,rot=2048,hp=0)
F19828 live=1 act=0 PL(-2582,-13950,rot=2048,hp=0)
F19829 live=1 act=0 PL(-2582,-13950,rot=2048,hp=0)
F19830 live=1 act=0 PL(-2582,-13950,rot=2048,hp=0)
F19831 live=1 act=0 PL(-2582,-13950,rot=2048,hp=0)
F19832 live=1 act=0 PL(-2582,-13950,rot=2048,hp=0)
F19833 live=1 act=0 PL(-2582,-13950,rot=2048,hp=0)
F19834 live=1 act=0 PL(-2582,-13950,rot=2048,hp=0)
F19835 live=1 act=0 PL(-2582,-13950,rot=2048,hp=0)
F19836 live=1 act=0 PL(-2582,-13950,rot=2048,hp=0)
F19837 live=1 act=0 PL(-2582,-13950,rot=2048,hp=0)
F19838 live=1 act=0 PL(-2582,-13950,rot=2048,hp=0)
F19839 live=1 act=0 PL(-2582,-13950,rot=2048,hp=0)
F19840 live=1 act=0 PL(-2582,-13950,rot=2048,hp=0)
F19841 live=1 act=0 PL(-2582,-13950,rot=2048,hp=0)
F19842 live=1 act=0 PL(-2582,-13950,rot=2048,hp=0)
F19843 live=1 act=0 PL(-2582,-13950,rot=2048,hp=0)
F19844 live=1 act=0 PL(-2582,-13950,rot=2048,hp=0)
F19845 live=1 act=0 PL(-2582,-13950,rot=2048,hp=0)
F19846 live=1 act=0 PL(-2582,-13950,rot=2048,hp=0)
F19847 live=1 act=0 PL(-2582,-13950,rot=2048,hp=0)
F19848 live=1 act=0 PL(-2582,-13950,rot=2048,hp=0)
F19849 live=1 act=0 PL(-2582,-13950,rot=2048,hp=0)
F19850 live=1 act=0 PL(-2582,-13950,rot=2048,hp=0)
F19851 live=1 act=0 PL(-2582,-13950,rot=2048,hp=0)
F19852 live=1 act=0 PL(-2582,-13950,rot=2048,hp=0)
F19853 live=1 act=0 PL(-2582,-13950,rot=2048,hp=0)
F19854 live=1 act=0 PL(-2582,-13950,rot=2048,hp=0)
F19855 live=1 act=0 PL(-2582,-13950,rot=2048,hp=0)
F19856 live=1 act=0 PL(-2582,-13950,rot=2048,hp=0)
F19857 live=1 act=0 PL(-2582,-13950,rot=2048,hp=0)
F19858 live=1 act=0 PL(-2582,-13950,rot=2048,hp=0)
F19859 live=1 act=0 PL(-2582,-13950,rot=2048,hp=0)
F19860 live=1 act=0 PL(-2582,-13950,rot=2048,hp=0)
F19861 live=1 act=0 PL(-2582,-13950,rot=2048,hp=0)
F19862 live=1 act=0 PL(-2582,-13950,rot=2048,hp=0)
F19863 live=1 act=0 PL(-2582,-13950,rot=2048,hp=0)
F19864 live=1 act=0 PL(-2582,-13950,rot=2048,hp=0)
F19865 live=1 act=0 PL(-2582,-13950,rot=2048,hp=0)
F19866 live=1 act=0 PL(-2582,-13950,rot=2048,hp=0)
F19867 live=1 act=0 PL(-2582,-13950,rot=2048,hp=0)
F19868 live=1 act=0 PL(-2582,-13950,rot=2048,hp=0)
F19869 live=1 act=0 PL(-2582,-13950,rot=2048,hp=0)
F19870 live=1 act=0 PL(-2582,-13950,rot=2048,hp=0)
F19871 live=1 act=0 PL(-2582,-13950,rot=2048,hp=0)
F19872 live=1 act=0 PL(-2582,-13950,rot=2048,hp=0)
F19873 live=1 act=0 PL(-2582,-13950,rot=2048,hp=0)
F19874 live=1 act=0 PL(-2582,-13950,rot=2048,hp=0)
F19875 live=1 act=0 PL(-2582,-13950,rot=2048,hp=0)
F19876 live=1 act=0 PL(-2582,-13950,rot=2048,hp=0)
F19877 live=1 act=0 PL(-2582,-13950,rot=2048,hp=0)
F19878 live=1 act=0 PL(-2582,-13950,rot=2048,hp=0)
F19879 live=1 act=0 PL(-2582,-13950,rot=2048,hp=0)
F19880 live=1 act=0 PL(-2582,-13950,rot=2048,hp=0)
F19881 live=1 act=0 PL(-2582,-13950,rot=2048,hp=0)
F19882 live=1 act=0 PL(-2582,-13950,rot=2048,hp=0)
F19883 live=1 act=0 PL(-2582,-13950,rot=2048,hp=0)
F19884 live=1 act=0 PL(-2582,-13950,rot=2048,hp=0)
F19885 live=1 act=0 PL(-2582,-13950,rot=2048,hp=0)
# f19886 script done
F19886 live=1 act=0 PL(-2582,-13950,rot=2048,hp=0)
F19887 live=1 act=0 PL(-2582,-13950,rot=2048,hp=0)
F19888 live=1 act=0 PL(-2582,-13950,rot=2048,hp=0)
F19889 live=1 act=0 PL(-2582,-13950,rot=2048,hp=0)
F19890 live=1 act=0 PL(-2582,-13950,rot=2048,hp=0)
F19891 live=1 act=0 PL(-2582,-13950,rot=2048,hp=0)
F19892 live=1 act=0 PL(-2582,-13950,rot=2048,hp=0)
F19893 live=1 act=0 PL(-2582,-13950,rot=2048,hp=0)
F19894 live=1 act=0 PL(-2582,-13950,rot=2048,hp=0)
F19895 live=1 act=0 PL(-2582,-13950,rot=2048,hp=0)
F19896 live=1 act=0 PL(-2582,-13950,rot=2048,hp=0)
F19897 live=1 act=0 PL(-2582,-13950,rot=2048,hp=0)
F19898 live=1 act=0 PL(-2582,-13950,rot=2048,hp=0)
F19899 live=1 act=0 PL(-2582,-13950,rot=2048,hp=0)
F19900 live=1 act=0 PL(-2582,-13950,rot=2048,hp=0)
F19901 live=1 act=0 PL(-2582,-13950,rot=2048,hp=0)
F19902 live=1 act=0 PL(-2582,-13950,rot=2048,hp=0)
F19903 live=1 act=0 PL(-2582,-13950,rot=2048,hp=0)
F19904 live=1 act=0 PL(-2582,-13950,rot=2048,hp=0)
F19905 live=1 act=0 PL(-2582,-13950,rot=2048,hp=0)
F19906 live=1 act=0 PL(-2582,-13950,rot=2048,hp=0)
F19907 live=1 act=0 PL(-2582,-13950,rot=2048,hp=0)
F19908 live=1 act=0 PL(-2582,-13950,rot=2048,hp=0)
F19909 live=1 act=0 PL(-2582,-13950,rot=2048,hp=0)
F19910 live=1 act=0 PL(-2582,-13950,rot=2048,hp=0)
F19911 live=1 act=0 PL(-2582,-13950,rot=2048,hp=0)
F19912 live=1 act=0 PL(-2582,-13950,rot=2048,hp=0)
F19913 live=1 act=0 PL(-2582,-13950,rot=2048,hp=0)
F19914 live=1 act=0 PL(-2582,-13950,rot=2048,hp=0)
F19915 live=1 act=0 PL(-2582,-13950,rot=2048,hp=0)
F19916 live=1 act=0 PL(-2582,-13950,rot=2048,hp=0)
F19917 live=1 act=0 PL(-2582,-13950,rot=2048,hp=0)
F19918 live=1 act=0 PL(-2582,-13950,rot=2048,hp=0)
F19919 live=1 act=0 PL(-2582,-13950,rot=2048,hp=0)
F19920 live=1 act=0 PL(-2582,-13950,rot=2048,hp=0)
F19921 live=1 act=0 PL(-2582,-13950,rot=2048,hp=0)
F19922 live=1 act=0 PL(-2582,-13950,rot=2048,hp=0)
F19923 live=1 act=0 PL(-2582,-13950,rot=2048,hp=0)
F19924 live=1 act=0 PL(-2582,-13950,rot=2048,hp=0)
F19925 live=1 act=0 PL(-2582,-13950,rot=2048,hp=0)
F19926 live=1 act=0 PL(-2582,-13950,rot=2048,hp=0)
F19927 live=1 act=0 PL(-2582,-13950,rot=2048,hp=0)
F19928 live=1 act=0 PL(-2582,-13950,rot=2048,hp=0)
F19929 live=1 act=0 PL(-2582,-13950,rot=2048,hp=0)
F19930 live=1 act=0 PL(-2582,-13950,rot=2048,hp=0)
F19931 live=1 act=0 PL(-2582,-13950,rot=2048,hp=0)
F19932 live=1 act=0 PL(-2582,-13950,rot=2048,hp=0)
F19933 live=1 act=0 PL(-2582,-13950,rot=2048,hp=0)
F19934 live=1 act=0 PL(-2582,-13950,rot=2048,hp=0)
F19935 live=1 act=0 PL(-2582,-13950,rot=2048,hp=0)
F19936 live=1 act=0 PL(-2582,-13950,rot=2048,hp=0)
F19937 live=1 act=0 PL(-2582,-13950,rot=2048,hp=0)
F19938 live=1 act=0 PL(-2582,-13950,rot=2048,hp=0)
F19939 live=1 act=0 PL(-2582,-13950,rot=2048,hp=0)
F19940 live=1 act=0 PL(-2582,-13950,rot=2048,hp=0)
F19941 live=1 act=0 PL(-2582,-13950,rot=2048,hp=0)
F19942 live=1 act=0 PL(-2582,-13950,rot=2048,hp=0)
F19943 live=1 act=0 PL(-2582,-13950,rot=2048,hp=0)
F19944 live=1 act=0 PL(-2582,-13950,rot=2048,hp=0)
F19945 live=1 act=0 PL(-2582,-13950,rot=2048,hp=0)
F19946 live=1 act=0 PL(-2582,-13950,rot=2048,hp=0)
F19947 live=1 act=0 PL(-2582,-13950,rot=2048,hp=0)
F19948 live=1 act=0 PL(-2582,-13950,rot=2048,hp=0)
F19949 live=1 act=0 PL(-2582,-13950,rot=2048,hp=0)
F19950 live=1 act=0 PL(-2582,-13950,rot=2048,hp=0)
F19951 live=1 act=0 PL(-2582,-13950,rot=2048,hp=0)
F19952 live=1 act=0 PL(-2582,-13950,rot=2048,hp=0)
F19953 live=1 act=0 PL(-2582,-13950,rot=2048,hp=0)
F19954 live=1 act=0 PL(-2582,-13950,rot=2048,hp=0)
F19955 live=1 act=0 PL(-2582,-13950,rot=2048,hp=0)
F19956 live=1 act=0 PL(-2582,-13950,rot=2048,hp=0)
F19957 live=1 act=0 PL(-2582,-13950,rot=2048,hp=0)
F19958 live=1 act=0 PL(-2582,-13950,rot=2048,hp=0)
F19959 live=1 act=0 PL(-2582,-13950,rot=2048,hp=0)
F19960 live=1 act=0 PL(-2582,-13950,rot=2048,hp=0)
F19961 live=1 act=0 PL(-2582,-13950,rot=2048,hp=0)
F19962 live=1 act=0 PL(-2582,-13950,rot=2048,hp=0)
F19963 live=1 act=0 PL(-2582,-13950,rot=2048,hp=0)
F19964 live=1 act=0 PL(-2582,-13950,rot=2048,hp=0)
F19965 live=1 act=0 PL(-2582,-13950,rot=2048,hp=0)
F19966 live=1 act=0 PL(-2582,-13950,rot=2048,hp=0)
F19967 live=1 act=0 PL(-2582,-13950,rot=2048,hp=0)
F19968 live=1 act=0 PL(-2582,-13950,rot=2048,hp=0)
F19969 live=1 act=0 PL(-2582,-13950,rot=2048,hp=0)
F19970 live=1 act=0 PL(-2582,-13950,rot=2048,hp=0)
F19971 live=1 act=0 PL(-2582,-13950,rot=2048,hp=0)
F19972 live=1 act=0 PL(-2582,-13950,rot=2048,hp=0)
F19973 live=1 act=0 PL(-2582,-13950,rot=2048,hp=0)
F19974 live=1 act=0 PL(-2582,-13950,rot=2048,hp=0)
F19975 live=1 act=0 PL(-2582,-13950,rot=2048,hp=0)
F19976 live=1 act=0 PL(-2582,-13950,rot=2048,hp=0)
F19977 live=1 act=0 PL(-2582,-13950,rot=2048,hp=0)
F19978 live=1 act=0 PL(-2582,-13950,rot=2048,hp=0)
F19979 live=1 act=0 PL(-2582,-13950,rot=2048,hp=0)
F19980 live=1 act=0 PL(-2582,-13950,rot=2048,hp=0)
F19981 live=1 act=0 PL(-2582,-13950,rot=2048,hp=0)
F19982 live=1 act=0 PL(-2582,-13950,rot=2048,hp=0)
F19983 live=1 act=0 PL(-2582,-13950,rot=2048,hp=0)
F19984 live=1 act=0 PL(-2582,-13950,rot=2048,hp=0)
F19985 live=1 act=0 PL(-2582,-13950,rot=2048,hp=0)
F19986 live=1 act=0 PL(-2582,-13950,rot=2048,hp=0)
F19987 live=1 act=0 PL(-2582,-13950,rot=2048,hp=0)
F19988 live=1 act=0 PL(-2582,-13950,rot=2048,hp=0)
F19989 live=1 act=0 PL(-2582,-13950,rot=2048,hp=0)
F19990 live=1 act=0 PL(-2582,-13950,rot=2048,hp=0)
F19991 live=1 act=0 PL(-2582,-13950,rot=2048,hp=0)
F19992 live=1 act=0 PL(-2582,-13950,rot=2048,hp=0)
F19993 live=1 act=0 PL(-2582,-13950,rot=2048,hp=0)
F19994 live=1 act=0 PL(-2582,-13950,rot=2048,hp=0)
F19995 live=1 act=0 PL(-2582,-13950,rot=2048,hp=0)
F19996 live=1 act=0 PL(-2582,-13950,rot=2048,hp=0)
F19997 live=1 act=0 PL(-2582,-13950,rot=2048,hp=0)
F19998 live=1 act=0 PL(-2582,-13950,rot=2048,hp=0)
F19999 live=1 act=0 PL(-2582,-13950,rot=2048,hp=0)
F20000 live=1 act=0 PL(-2582,-13950,rot=2048,hp=0)
F20001 live=1 act=0 PL(-2582,-13950,rot=2048,hp=0)
F20002 live=1 act=0 PL(-2582,-13950,rot=2048,hp=0)
F20003 live=1 act=0 PL(-2582,-13950,rot=2048,hp=0)
F20004 live=1 act=0 PL(-2582,-13950,rot=2048,hp=0)
F20005 live=1 act=0 PL(-2582,-13950,rot=2048,hp=0)
F20006 live=1 act=0 PL(-2582,-13950,rot=2048,hp=0)
F20007 live=1 act=0 PL(-2582,-13950,rot=2048,hp=0)
F20008 live=1 act=0 PL(-2582,-13950,rot=2048,hp=0)
F20009 live=1 act=0 PL(-2582,-13950,rot=2048,hp=0)
F20010 live=1 act=0 PL(-2582,-13950,rot=2048,hp=0)
F20011 live=1 act=0 PL(-2582,-13950,rot=2048,hp=0)
F20012 live=1 act=0 PL(-2582,-13950,rot=2048,hp=0)
F20013 live=1 act=0 PL(-2582,-13950,rot=2048,hp=0)
F20014 live=1 act=0 PL(-2582,-13950,rot=2048,hp=0)
F20015 live=1 act=0 PL(-2582,-13950,rot=2048,hp=0)
F20016 live=1 act=0 PL(-2582,-13950,rot=2048,hp=0)
F20017 live=1 act=0 PL(-2582,-13950,rot=2048,hp=0)
F20018 live=1 act=0 PL(-2582,-13950,rot=2048,hp=0)
F20019 live=1 act=0 PL(-2582,-13950,rot=2048,hp=0)
F20020 live=1 act=0 PL(-2582,-13950,rot=2048,hp=0)
F20021 live=1 act=0 PL(-2582,-13950,rot=2048,hp=0)
F20022 live=1 act=0 PL(-2582,-13950,rot=2048,hp=0)
F20023 live=1 act=0 PL(-2582,-13950,rot=2048,hp=0)
F20024 live=1 act=0 PL(-2582,-13950,rot=2048,hp=0)
F20025 live=1 act=0 PL(-2582,-13950,rot=2048,hp=0)
F20026 live=1 act=0 PL(-2582,-13950,rot=2048,hp=0)
F20027 live=1 act=0 PL(-2582,-13950,rot=2048,hp=0)
F20028 live=1 act=0 PL(-2582,-13950,rot=2048,hp=0)
F20029 live=1 act=0 PL(-2582,-13950,rot=2048,hp=0)
F20030 live=1 act=0 PL(-2582,-13950,rot=2048,hp=0)
F20031 live=1 act=0 PL(-2582,-13950,rot=2048,hp=0)
F20032 live=1 act=0 PL(-2582,-13950,rot=2048,hp=0)
F20033 live=1 act=0 PL(-2582,-13950,rot=2048,hp=0)
F20034 live=1 act=0 PL(-2582,-13950,rot=2048,hp=0)
F20035 live=1 act=0 PL(-2582,-13950,rot=2048,hp=0)
F20036 live=1 act=0 PL(-2582,-13950,rot=2048,hp=0)
F20037 live=1 act=0 PL(-2582,-13950,rot=2048,hp=0)
F20038 live=1 act=0 PL(-2582,-13950,rot=2048,hp=0)
F20039 live=1 act=0 PL(-2582,-13950,rot=2048,hp=0)
F20040 live=1 act=0 PL(-2582,-13950,rot=2048,hp=0)
F20041 live=1 act=0 PL(-2582,-13950,rot=2048,hp=0)
F20042 live=1 act=0 PL(-2582,-13950,rot=2048,hp=0)
F20043 live=1 act=0 PL(-2582,-13950,rot=2048,hp=0)
F20044 live=1 act=0 PL(-2582,-13950,rot=2048,hp=0)
F20045 live=1 act=0 PL(-2582,-13950,rot=2048,hp=0)
F20046 live=1 act=0 PL(-2582,-13950,rot=2048,hp=0)
F20047 live=1 act=0 PL(-2582,-13950,rot=2048,hp=0)
F20048 live=1 act=0 PL(-2582,-13950,rot=2048,hp=0)
F20049 live=1 act=0 PL(-2582,-13950,rot=2048,hp=0)
F20050 live=1 act=0 PL(-2582,-13950,rot=2048,hp=0)
F20051 live=1 act=0 PL(-2582,-13950,rot=2048,hp=0)
F20052 live=1 act=0 PL(-2582,-13950,rot=2048,hp=0)
F20053 live=1 act=0 PL(-2582,-13950,rot=2048,hp=0)
F20054 live=1 act=0 PL(-2582,-13950,rot=2048,hp=0)
F20055 live=1 act=0 PL(-2582,-13950,rot=2048,hp=0)
F20056 live=1 act=0 PL(-2582,-13950,rot=2048,hp=0)
F20057 live=1 act=0 PL(-2582,-13950,rot=2048,hp=0)
F20058 live=1 act=0 PL(-2582,-13950,rot=2048,hp=0)
F20059 live=1 act=0 PL(-2582,-13950,rot=2048,hp=0)
F20060 live=1 act=0 PL(-2582,-13950,rot=2048,hp=0)
F20061 live=1 act=0 PL(-2582,-13950,rot=2048,hp=0)
F20062 live=1 act=0 PL(-2582,-13950,rot=2048,hp=0)
F20063 live=1 act=0 PL(-2582,-13950,rot=2048,hp=0)
F20064 live=1 act=0 PL(-2582,-13950,rot=2048,hp=0)
F20065 live=1 act=0 PL(-2582,-13950,rot=2048,hp=0)
F20066 live=1 act=0 PL(-2582,-13950,rot=2048,hp=0)
F20067 live=1 act=0 PL(-2582,-13950,rot=2048,hp=0)
F20068 live=1 act=0 PL(-2582,-13950,rot=2048,hp=0)
F20069 live=1 act=0 PL(-2582,-13950,rot=2048,hp=0)
F20070 live=1 act=0 PL(-2582,-13950,rot=2048,hp=0)
F20071 live=1 act=0 PL(-2582,-13950,rot=2048,hp=0)
F20072 live=1 act=0 PL(-2582,-13950,rot=2048,hp=0)
F20073 live=1 act=0 PL(-2582,-13950,rot=2048,hp=0)
F20074 live=1 act=0 PL(-2582,-13950,rot=2048,hp=0)
F20075 live=1 act=0 PL(-2582,-13950,rot=2048,hp=0)
F20076 live=1 act=0 PL(-2582,-13950,rot=2048,hp=0)
F20077 live=1 act=0 PL(-2582,-13950,rot=2048,hp=0)
F20078 live=1 act=0 PL(-2582,-13950,rot=2048,hp=0)
F20079 live=1 act=0 PL(-2582,-13950,rot=2048,hp=0)
F20080 live=1 act=0 PL(-2582,-13950,rot=2048,hp=0)
F20081 live=1 act=0 PL(-2582,-13950,rot=2048,hp=0)
F20082 live=1 act=0 PL(-2582,-13950,rot=2048,hp=0)
F20083 live=1 act=0 PL(-2582,-13950,rot=2048,hp=0)
F20084 live=1 act=0 PL(-2582,-13950,rot=2048,hp=0)
F20085 live=1 act=0 PL(-2582,-13950,rot=2048,hp=0)
F20086 live=1 act=0 PL(-2582,-13950,rot=2048,hp=0)
F20087 live=1 act=0 PL(-2582,-13950,rot=2048,hp=0)
F20088 live=1 act=0 PL(-2582,-13950,rot=2048,hp=0)
F20089 live=1 act=0 PL(-2582,-13950,rot=2048,hp=0)
F20090 live=1 act=0 PL(-2582,-13950,rot=2048,hp=0)
F20091 live=1 act=0 PL(-2582,-13950,rot=2048,hp=0)
F20092 live=1 act=0 PL(-2582,-13950,rot=2048,hp=0)
F20093 live=1 act=0 PL(-2582,-13950,rot=2048,hp=0)
F20094 live=1 act=0 PL(-2582,-13950,rot=2048,hp=0)
F20095 live=1 act=0 PL(-2582,-13950,rot=2048,hp=0)
F20096 live=1 act=0 PL(-2582,-13950,rot=2048,hp=0)
F20097 live=1 act=0 PL(-2582,-13950,rot=2048,hp=0)
F20098 live=1 act=0 PL(-2582,-13950,rot=2048,hp=0)
F20099 live=1 act=0 PL(-2582,-13950,rot=2048,hp=0)
F20100 live=1 act=0 PL(-2582,-13950,rot=2048,hp=0)
F20101 live=1 act=0 PL(-2582,-13950,rot=2048,hp=0)
F20102 live=1 act=0 PL(-2582,-13950,rot=2048,hp=0)
F20103 live=1 act=0 PL(-2582,-13950,rot=2048,hp=0)
F20104 live=1 act=0 PL(-2582,-13950,rot=2048,hp=0)
F20105 live=1 act=0 PL(-2582,-13950,rot=2048,hp=0)
F20106 live=1 act=0 PL(-2582,-13950,rot=2048,hp=0)
F20107 live=1 act=0 PL(-2582,-13950,rot=2048,hp=0)
F20108 live=1 act=0 PL(-2582,-13950,rot=2048,hp=0)
F20109 live=1 act=0 PL(-2582,-13950,rot=2048,hp=0)
F20110 live=1 act=0 PL(-2582,-13950,rot=2048,hp=0)
F20111 live=1 act=0 PL(-2582,-13950,rot=2048,hp=0)
F20112 live=1 act=0 PL(-2582,-13950,rot=2048,hp=0)
F20113 live=1 act=0 PL(-2582,-13950,rot=2048,hp=0)
F20114 live=1 act=0 PL(-2582,-13950,rot=2048,hp=0)
F20115 live=1 act=0 PL(-2582,-13950,rot=2048,hp=0)
F20116 live=1 act=0 PL(-2582,-13950,rot=2048,hp=0)
F20117 live=1 act=0 PL(-2582,-13950,rot=2048,hp=0)
F20118 live=1 act=0 PL(-2582,-13950,rot=2048,hp=0)
F20119 live=1 act=0 PL(-2582,-13950,rot=2048,hp=0)
F20120 live=1 act=0 PL(-2582,-13950,rot=2048,hp=0)
F20121 live=1 act=0 PL(-2582,-13950,rot=2048,hp=0)
F20122 live=1 act=0 PL(-2582,-13950,rot=2048,hp=0)
F20123 live=1 act=0 PL(-2582,-13950,rot=2048,hp=0)
F20124 live=1 act=0 PL(-2582,-13950,rot=2048,hp=0)
F20125 live=1 act=0 PL(-2582,-13950,rot=2048,hp=0)
F20126 live=1 act=0 PL(-2582,-13950,rot=2048,hp=0)
F20127 live=1 act=0 PL(-2582,-13950,rot=2048,hp=0)
F20128 live=1 act=0 PL(-2582,-13950,rot=2048,hp=0)
F20129 live=1 act=0 PL(-2582,-13950,rot=2048,hp=0)
F20130 live=1 act=0 PL(-2582,-13950,rot=2048,hp=0)
F20131 live=1 act=0 PL(-2582,-13950,rot=2048,hp=0)
F20132 live=1 act=0 PL(-2582,-13950,rot=2048,hp=0)
F20133 live=1 act=0 PL(-2582,-13950,rot=2048,hp=0)
F20134 live=1 act=0 PL(-2582,-13950,rot=2048,hp=0)
F20135 live=1 act=0 PL(-2582,-13950,rot=2048,hp=0)
F20136 live=1 act=0 PL(-2582,-13950,rot=2048,hp=0)
F20137 live=1 act=0 PL(-2582,-13950,rot=2048,hp=0)
F20138 live=1 act=0 PL(-2582,-13950,rot=2048,hp=0)
F20139 live=1 act=0 PL(-2582,-13950,rot=2048,hp=0)
F20140 live=1 act=0 PL(-2582,-13950,rot=2048,hp=0)
F20141 live=1 act=0 PL(-2582,-13950,rot=2048,hp=0)
F20142 live=1 act=0 PL(-2582,-13950,rot=2048,hp=0)
F20143 live=1 act=0 PL(-2582,-13950,rot=2048,hp=0)
F20144 live=1 act=0 PL(-2582,-13950,rot=2048,hp=0)
F20145 live=1 act=0 PL(-2582,-13950,rot=2048,hp=0)
F20146 live=1 act=0 PL(-2582,-13950,rot=2048,hp=0)
F20147 live=1 act=0 PL(-2582,-13950,rot=2048,hp=0)
F20148 live=1 act=0 PL(-2582,-13950,rot=2048,hp=0)
F20149 live=1 act=0 PL(-2582,-13950,rot=2048,hp=0)
F20150 live=1 act=0 PL(-2582,-13950,rot=2048,hp=0)
F20151 live=1 act=0 PL(-2582,-13950,rot=2048,hp=0)
F20152 live=1 act=0 PL(-2582,-13950,rot=2048,hp=0)
F20153 live=1 act=0 PL(-2582,-13950,rot=2048,hp=0)
F20154 live=1 act=0 PL(-2582,-13950,rot=2048,hp=0)
F20155 live=1 act=0 PL(-2582,-13950,rot=2048,hp=0)
F20156 live=1 act=0 PL(-2582,-13950,rot=2048,hp=0)
F20157 live=1 act=0 PL(-2582,-13950,rot=2048,hp=0)
F20158 live=1 act=0 PL(-2582,-13950,rot=2048,hp=0)
F20159 live=1 act=0 PL(-2582,-13950,rot=2048,hp=0)
F20160 live=1 act=0 PL(-2582,-13950,rot=2048,hp=0)
F20161 live=1 act=0 PL(-2582,-13950,rot=2048,hp=0)
F20162 live=1 act=0 PL(-2582,-13950,rot=2048,hp=0)
F20163 live=1 act=0 PL(-2582,-13950,rot=2048,hp=0)
F20164 live=1 act=0 PL(-2582,-13950,rot=2048,hp=0)
F20165 live=1 act=0 PL(-2582,-13950,rot=2048,hp=0)
F20166 live=1 act=0 PL(-2582,-13950,rot=2048,hp=0)
F20167 live=1 act=0 PL(-2582,-13950,rot=2048,hp=0)
F20168 live=1 act=0 PL(-2582,-13950,rot=2048,hp=0)
F20169 live=1 act=0 PL(-2582,-13950,rot=2048,hp=0)
F20170 live=1 act=0 PL(-2582,-13950,rot=2048,hp=0)
F20171 live=1 act=0 PL(-2582,-13950,rot=2048,hp=0)
F20172 live=1 act=0 PL(-2582,-13950,rot=2048,hp=0)
F20173 live=1 act=0 PL(-2582,-13950,rot=2048,hp=0)
F20174 live=1 act=0 PL(-2582,-13950,rot=2048,hp=0)
F20175 live=1 act=0 PL(-2582,-13950,rot=2048,hp=0)
F20176 live=1 act=0 PL(-2582,-13950,rot=2048,hp=0)
F20177 live=1 act=0 PL(-2582,-13950,rot=2048,hp=0)
F20178 live=1 act=0 PL(-2582,-13950,rot=2048,hp=0)
F20179 live=1 act=0 PL(-2582,-13950,rot=2048,hp=0)
F20180 live=1 act=0 PL(-2582,-13950,rot=2048,hp=0)
F20181 live=1 act=0 PL(-2582,-13950,rot=2048,hp=0)
F20182 live=1 act=0 PL(-2582,-13950,rot=2048,hp=0)
F20183 live=1 act=0 PL(-2582,-13950,rot=2048,hp=0)
F20184 live=1 act=0 PL(-2582,-13950,rot=2048,hp=0)
F20185 live=1 act=0 PL(-2582,-13950,rot=2048,hp=0)
F20186 live=1 act=0 PL(-2582,-13950,rot=2048,hp=0)
F20187 live=1 act=0 PL(-2582,-13950,rot=2048,hp=0)
F20188 live=1 act=0 PL(-2582,-13950,rot=2048,hp=0)
F20189 live=1 act=0 PL(-2582,-13950,rot=2048,hp=0)
F20190 live=1 act=0 PL(-2582,-13950,rot=2048,hp=0)
F20191 live=1 act=0 PL(-2582,-13950,rot=2048,hp=0)
F20192 live=1 act=0 PL(-2582,-13950,rot=2048,hp=0)
F20193 live=1 act=0 PL(-2582,-13950,rot=2048,hp=0)
F20194 live=1 act=0 PL(-2582,-13950,rot=2048,hp=0)
F20195 live=1 act=0 PL(-2582,-13950,rot=2048,hp=0)
F20196 live=1 act=0 PL(-2582,-13950,rot=2048,hp=0)
F20197 live=1 act=0 PL(-2582,-13950,rot=2048,hp=0)
F20198 live=1 act=0 PL(-2582,-13950,rot=2048,hp=0)
F20199 live=1 act=0 PL(-2582,-13950,rot=2048,hp=0)
F20200 live=1 act=0 PL(-2582,-13950,rot=2048,hp=0)
F20201 live=1 act=0 PL(-2582,-13950,rot=2048,hp=0)
F20202 live=1 act=0 PL(-2582,-13950,rot=2048,hp=0)
F20203 live=1 act=0 PL(-2582,-13950,rot=2048,hp=0)
F20204 live=1 act=0 PL(-2582,-13950,rot=2048,hp=0)
F20205 live=1 act=0 PL(-2582,-13950,rot=2048,hp=0)
F20206 live=1 act=0 PL(-2582,-13950,rot=2048,hp=0)
F20207 live=1 act=0 PL(-2582,-13950,rot=2048,hp=0)
F20208 live=1 act=0 PL(-2582,-13950,rot=2048,hp=0)
F20209 live=1 act=0 PL(-2582,-13950,rot=2048,hp=0)
F20210 live=1 act=0 PL(-2582,-13950,rot=2048,hp=0)
F20211 live=1 act=0 PL(-2582,-13950,rot=2048,hp=0)
F20212 live=1 act=0 PL(-2582,-13950,rot=2048,hp=0)
F20213 live=1 act=0 PL(-2582,-13950,rot=2048,hp=0)
F20214 live=1 act=0 PL(-2582,-13950,rot=2048,hp=0)
F20215 live=1 act=0 PL(-2582,-13950,rot=2048,hp=0)
F20216 live=1 act=0 PL(-2582,-13950,rot=2048,hp=0)
F20217 live=1 act=0 PL(-2582,-13950,rot=2048,hp=0)
F20218 live=1 act=0 PL(-2582,-13950,rot=2048,hp=0)
F20219 live=1 act=0 PL(-2582,-13950,rot=2048,hp=0)
F20220 live=1 act=0 PL(-2582,-13950,rot=2048,hp=0)
F20221 live=1 act=0 PL(-2582,-13950,rot=2048,hp=0)
F20222 live=1 act=0 PL(-2582,-13950,rot=2048,hp=0)
F20223 live=1 act=0 PL(-2582,-13950,rot=2048,hp=0)
F20224 live=1 act=0 PL(-2582,-13950,rot=2048,hp=0)
F20225 live=1 act=0 PL(-2582,-13950,rot=2048,hp=0)
F20226 live=1 act=0 PL(-2582,-13950,rot=2048,hp=0)
F20227 live=1 act=0 PL(-2582,-13950,rot=2048,hp=0)
F20228 live=1 act=0 PL(-2582,-13950,rot=2048,hp=0)
F20229 live=1 act=0 PL(-2582,-13950,rot=2048,hp=0)
F20230 live=1 act=0 PL(-2582,-13950,rot=2048,hp=0)
F20231 live=1 act=0 PL(-2582,-13950,rot=2048,hp=0)
F20232 live=1 act=0 PL(-2582,-13950,rot=2048,hp=0)
F20233 live=1 act=0 PL(-2582,-13950,rot=2048,hp=0)
F20234 live=1 act=0 PL(-2582,-13950,rot=2048,hp=0)
F20235 live=1 act=0 PL(-2582,-13950,rot=2048,hp=0)
F20236 live=1 act=0 PL(-2582,-13950,rot=2048,hp=0)
F20237 live=1 act=0 PL(-2582,-13950,rot=2048,hp=0)
F20238 live=1 act=0 PL(-2582,-13950,rot=2048,hp=0)
F20239 live=1 act=0 PL(-2582,-13950,rot=2048,hp=0)
F20240 live=1 act=0 PL(-2582,-13950,rot=2048,hp=0)
F20241 live=1 act=0 PL(-2582,-13950,rot=2048,hp=0)
F20242 live=1 act=0 PL(-2582,-13950,rot=2048,hp=0)
F20243 live=1 act=0 PL(-2582,-13950,rot=2048,hp=0)
F20244 live=1 act=0 PL(-2582,-13950,rot=2048,hp=0)
F20245 live=1 act=0 PL(-2582,-13950,rot=2048,hp=0)
F20246 live=1 act=0 PL(-2582,-13950,rot=2048,hp=0)
F20247 live=1 act=0 PL(-2582,-13950,rot=2048,hp=0)
F20248 live=1 act=0 PL(-2582,-13950,rot=2048,hp=0)
F20249 live=1 act=0 PL(-2582,-13950,rot=2048,hp=0)
F20250 live=1 act=0 PL(-2582,-13950,rot=2048,hp=0)
F20251 live=1 act=0 PL(-2582,-13950,rot=2048,hp=0)
F20252 live=1 act=0 PL(-2582,-13950,rot=2048,hp=0)
F20253 live=1 act=0 PL(-2582,-13950,rot=2048,hp=0)
F20254 live=1 act=0 PL(-2582,-13950,rot=2048,hp=0)
F20255 live=1 act=0 PL(-2582,-13950,rot=2048,hp=0)
F20256 live=1 act=0 PL(-2582,-13950,rot=2048,hp=0)
F20257 live=1 act=0 PL(-2582,-13950,rot=2048,hp=0)
F20258 live=1 act=0 PL(-2582,-13950,rot=2048,hp=0)
F20259 live=1 act=0 PL(-2582,-13950,rot=2048,hp=0)
F20260 live=1 act=0 PL(-2582,-13950,rot=2048,hp=0)
F20261 live=1 act=0 PL(-2582,-13950,rot=2048,hp=0)
F20262 live=1 act=0 PL(-2582,-13950,rot=2048,hp=0)
F20263 live=1 act=0 PL(-2582,-13950,rot=2048,hp=0)
F20264 live=1 act=0 PL(-2582,-13950,rot=2048,hp=0)
F20265 live=1 act=0 PL(-2582,-13950,rot=2048,hp=0)
F20266 live=1 act=0 PL(-2582,-13950,rot=2048,hp=0)
F20267 live=1 act=0 PL(-2582,-13950,rot=2048,hp=0)
F20268 live=1 act=0 PL(-2582,-13950,rot=2048,hp=0)
F20269 live=1 act=0 PL(-2582,-13950,rot=2048,hp=0)
F20270 live=1 act=0 PL(-2582,-13950,rot=2048,hp=0)
F20271 live=1 act=0 PL(-2582,-13950,rot=2048,hp=0)
F20272 live=1 act=0 PL(-2582,-13950,rot=2048,hp=0)
F20273 live=1 act=0 PL(-2582,-13950,rot=2048,hp=0)
F20274 live=1 act=0 PL(-2582,-13950,rot=2048,hp=0)
F20275 live=1 act=0 PL(-2582,-13950,rot=2048,hp=0)
F20276 live=1 act=0 PL(-2582,-13950,rot=2048,hp=0)
F20277 live=1 act=0 PL(-2582,-13950,rot=2048,hp=0)
F20278 live=1 act=0 PL(-2582,-13950,rot=2048,hp=0)
F20279 live=1 act=0 PL(-2582,-13950,rot=2048,hp=0)
F20280 live=1 act=0 PL(-2582,-13950,rot=2048,hp=0)
F20281 live=1 act=0 PL(-2582,-13950,rot=2048,hp=0)
F20282 live=1 act=0 PL(-2582,-13950,rot=2048,hp=0)
F20283 live=1 act=0 PL(-2582,-13950,rot=2048,hp=0)
F20284 live=1 act=0 PL(-2582,-13950,rot=2048,hp=0)
F20285 live=1 act=0 PL(-2582,-13950,rot=2048,hp=0)
F20286 live=1 act=0 PL(-2582,-13950,rot=2048,hp=0)
F20287 live=1 act=0 PL(-2582,-13950,rot=2048,hp=0)
F20288 live=1 act=0 PL(-2582,-13950,rot=2048,hp=0)
F20289 live=1 act=0 PL(-2582,-13950,rot=2048,hp=0)
F20290 live=1 act=0 PL(-2582,-13950,rot=2048,hp=0)
F20291 live=1 act=0 PL(-2582,-13950,rot=2048,hp=0)
F20292 live=1 act=0 PL(-2582,-13950,rot=2048,hp=0)
F20293 live=1 act=0 PL(-2582,-13950,rot=2048,hp=0)
F20294 live=1 act=0 PL(-2582,-13950,rot=2048,hp=0)
F20295 live=1 act=0 PL(-2582,-13950,rot=2048,hp=0)
F20296 live=1 act=0 PL(-2582,-13950,rot=2048,hp=0)
F20297 live=1 act=0 PL(-2582,-13950,rot=2048,hp=0)
F20298 live=1 act=0 PL(-2582,-13950,rot=2048,hp=0)
F20299 live=1 act=0 PL(-2582,-13950,rot=2048,hp=0)
F20300 live=1 act=0 PL(-2582,-13950,rot=2048,hp=0)
F20301 live=1 act=0 PL(-2582,-13950,rot=2048,hp=0)
F20302 live=1 act=0 PL(-2582,-13950,rot=2048,hp=0)
F20303 live=1 act=0 PL(-2582,-13950,rot=2048,hp=0)
F20304 live=1 act=0 PL(-2582,-13950,rot=2048,hp=0)
F20305 live=1 act=0 PL(-2582,-13950,rot=2048,hp=0)
F20306 live=1 act=0 PL(-2582,-13950,rot=2048,hp=0)
F20307 live=1 act=0 PL(-2582,-13950,rot=2048,hp=0)
F20308 live=1 act=0 PL(-2582,-13950,rot=2048,hp=0)
F20309 live=1 act=0 PL(-2582,-13950,rot=2048,hp=0)
F20310 live=1 act=0 PL(-2582,-13950,rot=2048,hp=0)
F20311 live=1 act=0 PL(-2582,-13950,rot=2048,hp=0)
F20312 live=1 act=0 PL(-2582,-13950,rot=2048,hp=0)
F20313 live=1 act=0 PL(-2582,-13950,rot=2048,hp=0)
F20314 live=1 act=0 PL(-2582,-13950,rot=2048,hp=0)
F20315 live=1 act=0 PL(-2582,-13950,rot=2048,hp=0)
F20316 live=1 act=0 PL(-2582,-13950,rot=2048,hp=0)
F20317 live=1 act=0 PL(-2582,-13950,rot=2048,hp=0)
F20318 live=1 act=0 PL(-2582,-13950,rot=2048,hp=0)
F20319 live=1 act=0 PL(-2582,-13950,rot=2048,hp=0)
F20320 live=1 act=0 PL(-2582,-13950,rot=2048,hp=0)
F20321 live=1 act=0 PL(-2582,-13950,rot=2048,hp=0)
F20322 live=1 act=0 PL(-2582,-13950,rot=2048,hp=0)
F20323 live=1 act=0 PL(-2582,-13950,rot=2048,hp=0)
F20324 live=1 act=0 PL(-2582,-13950,rot=2048,hp=0)
F20325 live=1 act=0 PL(-2582,-13950,rot=2048,hp=0)
F20326 live=1 act=0 PL(-2582,-13950,rot=2048,hp=0)
F20327 live=1 act=0 PL(-2582,-13950,rot=2048,hp=0)
F20328 live=1 act=0 PL(-2582,-13950,rot=2048,hp=0)
F20329 live=1 act=0 PL(-2582,-13950,rot=2048,hp=0)
F20330 live=1 act=0 PL(-2582,-13950,rot=2048,hp=0)
F20331 live=1 act=0 PL(-2582,-13950,rot=2048,hp=0)
F20332 live=1 act=0 PL(-2582,-13950,rot=2048,hp=0)
F20333 live=1 act=0 PL(-2582,-13950,rot=2048,hp=0)
F20334 live=1 act=0 PL(-2582,-13950,rot=2048,hp=0)
F20335 live=1 act=0 PL(-2582,-13950,rot=2048,hp=0)
F20336 live=1 act=0 PL(-2582,-13950,rot=2048,hp=0)
F20337 live=1 act=0 PL(-2582,-13950,rot=2048,hp=0)
F20338 live=1 act=0 PL(-2582,-13950,rot=2048,hp=0)
F20339 live=1 act=0 PL(-2582,-13950,rot=2048,hp=0)
F20340 live=1 act=0 PL(-2582,-13950,rot=2048,hp=0)
F20341 live=1 act=0 PL(-2582,-13950,rot=2048,hp=0)
F20342 live=1 act=0 PL(-2582,-13950,rot=2048,hp=0)
F20343 live=1 act=0 PL(-2582,-13950,rot=2048,hp=0)
F20344 live=1 act=0 PL(-2582,-13950,rot=2048,hp=0)
F20345 live=1 act=0 PL(-2582,-13950,rot=2048,hp=0)
F20346 live=1 act=0 PL(-2582,-13950,rot=2048,hp=0)
F20347 live=1 act=0 PL(-2582,-13950,rot=2048,hp=0)
F20348 live=1 act=0 PL(-2582,-13950,rot=2048,hp=0)
F20349 live=1 act=0 PL(-2582,-13950,rot=2048,hp=0)
F20350 live=1 act=0 PL(-2582,-13950,rot=2048,hp=0)
F20351 live=1 act=0 PL(-2582,-13950,rot=2048,hp=0)
F20352 live=1 act=0 PL(-2582,-13950,rot=2048,hp=0)
F20353 live=1 act=0 PL(-2582,-13950,rot=2048,hp=0)
F20354 live=1 act=0 PL(-2582,-13950,rot=2048,hp=0)
F20355 live=1 act=0 PL(-2582,-13950,rot=2048,hp=0)
F20356 live=1 act=0 PL(-2582,-13950,rot=2048,hp=0)
F20357 live=1 act=0 PL(-2582,-13950,rot=2048,hp=0)
F20358 live=1 act=0 PL(-2582,-13950,rot=2048,hp=0)
F20359 live=1 act=0 PL(-2582,-13950,rot=2048,hp=0)
F20360 live=1 act=0 PL(-2582,-13950,rot=2048,hp=0)
F20361 live=1 act=0 PL(-2582,-13950,rot=2048,hp=0)
F20362 live=1 act=0 PL(-2582,-13950,rot=2048,hp=0)
F20363 live=1 act=0 PL(-2582,-13950,rot=2048,hp=0)
F20364 live=1 act=0 PL(-2582,-13950,rot=2048,hp=0)
F20365 live=1 act=0 PL(-2582,-13950,rot=2048,hp=0)
F20366 live=1 act=0 PL(-2582,-13950,rot=2048,hp=0)
F20367 live=1 act=0 PL(-2582,-13950,rot=2048,hp=0)
F20368 live=1 act=0 PL(-2582,-13950,rot=2048,hp=0)
F20369 live=1 act=0 PL(-2582,-13950,rot=2048,hp=0)
F20370 live=1 act=0 PL(-2582,-13950,rot=2048,hp=0)
F20371 live=1 act=0 PL(-2582,-13950,rot=2048,hp=0)
F20372 live=1 act=0 PL(-2582,-13950,rot=2048,hp=0)
F20373 live=1 act=0 PL(-2582,-13950,rot=2048,hp=0)
F20374 live=1 act=0 PL(-2582,-13950,rot=2048,hp=0)
F20375 live=1 act=0 PL(-2582,-13950,rot=2048,hp=0)
F20376 live=1 act=0 PL(-2582,-13950,rot=2048,hp=0)
F20377 live=1 act=0 PL(-2582,-13950,rot=2048,hp=0)
F20378 live=1 act=0 PL(-2582,-13950,rot=2048,hp=0)
F20379 live=1 act=0 PL(-2582,-13950,rot=2048,hp=0)
F20380 live=1 act=0 PL(-2582,-13950,rot=2048,hp=0)
F20381 live=1 act=0 PL(-2582,-13950,rot=2048,hp=0)
F20382 live=1 act=0 PL(-2582,-13950,rot=2048,hp=0)
F20383 live=1 act=0 PL(-2582,-13950,rot=2048,hp=0)
F20384 live=1 act=0 PL(-2582,-13950,rot=2048,hp=0)
F20385 live=1 act=0 PL(-2582,-13950,rot=2048,hp=0)
F20386 live=1 act=0 PL(-2582,-13950,rot=2048,hp=0)
F20387 live=1 act=0 PL(-2582,-13950,rot=2048,hp=0)
F20388 live=1 act=0 PL(-2582,-13950,rot=2048,hp=0)
F20389 live=1 act=0 PL(-2582,-13950,rot=2048,hp=0)
F20390 live=1 act=0 PL(-2582,-13950,rot=2048,hp=0)
F20391 live=1 act=0 PL(-2582,-13950,rot=2048,hp=0)
F20392 live=1 act=0 PL(-2582,-13950,rot=2048,hp=0)
F20393 live=1 act=0 PL(-2582,-13950,rot=2048,hp=0)
F20394 live=1 act=0 PL(-2582,-13950,rot=2048,hp=0)
F20395 live=1 act=0 PL(-2582,-13950,rot=2048,hp=0)
F20396 live=1 act=0 PL(-2582,-13950,rot=2048,hp=0)
F20397 live=1 act=0 PL(-2582,-13950,rot=2048,hp=0)
F20398 live=1 act=0 PL(-2582,-13950,rot=2048,hp=0)
F20399 live=1 act=0 PL(-2582,-13950,rot=2048,hp=0)
F20400 live=1 act=0 PL(-2582,-13950,rot=2048,hp=0)
F20401 live=1 act=0 PL(-2582,-13950,rot=2048,hp=0)
F20402 live=1 act=0 PL(-2582,-13950,rot=2048,hp=0)
F20403 live=1 act=0 PL(-2582,-13950,rot=2048,hp=0)
F20404 live=1 act=0 PL(-2582,-13950,rot=2048,hp=0)
F20405 live=1 act=0 PL(-2582,-13950,rot=2048,hp=0)
F20406 live=1 act=0 PL(-2582,-13950,rot=2048,hp=0)
F20407 live=1 act=0 PL(-2582,-13950,rot=2048,hp=0)
F20408 live=1 act=0 PL(-2582,-13950,rot=2048,hp=0)
F20409 live=1 act=0 PL(-2582,-13950,rot=2048,hp=0)
F20410 live=1 act=0 PL(-2582,-13950,rot=2048,hp=0)
F20411 live=1 act=0 PL(-2582,-13950,rot=2048,hp=0)
F20412 live=1 act=0 PL(-2582,-13950,rot=2048,hp=0)
F20413 live=1 act=0 PL(-2582,-13950,rot=2048,hp=0)
F20414 live=1 act=0 PL(-2582,-13950,rot=2048,hp=0)
F20415 live=1 act=0 PL(-2582,-13950,rot=2048,hp=0)
F20416 live=1 act=0 PL(-2582,-13950,rot=2048,hp=0)
F20417 live=1 act=0 PL(-2582,-13950,rot=2048,hp=0)
F20418 live=1 act=0 PL(-2582,-13950,rot=2048,hp=0)
F20419 live=1 act=0 PL(-2582,-13950,rot=2048,hp=0)
F20420 live=1 act=0 PL(-2582,-13950,rot=2048,hp=0)
F20421 live=1 act=0 PL(-2582,-13950,rot=2048,hp=0)
F20422 live=1 act=0 PL(-2582,-13950,rot=2048,hp=0)
F20423 live=1 act=0 PL(-2582,-13950,rot=2048,hp=0)
F20424 live=1 act=0 PL(-2582,-13950,rot=2048,hp=0)
F20425 live=1 act=0 PL(-2582,-13950,rot=2048,hp=0)
F20426 live=1 act=0 PL(-2582,-13950,rot=2048,hp=0)
F20427 live=1 act=0 PL(-2582,-13950,rot=2048,hp=0)
F20428 live=1 act=0 PL(-2582,-13950,rot=2048,hp=0)
F20429 live=1 act=0 PL(-2582,-13950,rot=2048,hp=0)
F20430 live=1 act=0 PL(-2582,-13950,rot=2048,hp=0)
F20431 live=1 act=0 PL(-2582,-13950,rot=2048,hp=0)
F20432 live=1 act=0 PL(-2582,-13950,rot=2048,hp=0)
F20433 live=1 act=0 PL(-2582,-13950,rot=2048,hp=0)
F20434 live=1 act=0 PL(-2582,-13950,rot=2048,hp=0)
F20435 live=1 act=0 PL(-2582,-13950,rot=2048,hp=0)
F20436 live=1 act=0 PL(-2582,-13950,rot=2048,hp=0)
F20437 live=1 act=0 PL(-2582,-13950,rot=2048,hp=0)
F20438 live=1 act=0 PL(-2582,-13950,rot=2048,hp=0)
F20439 live=1 act=0 PL(-2582,-13950,rot=2048,hp=0)
F20440 live=1 act=0 PL(-2582,-13950,rot=2048,hp=0)
F20441 live=1 act=0 PL(-2582,-13950,rot=2048,hp=0)
F20442 live=1 act=0 PL(-2582,-13950,rot=2048,hp=0)
F20443 live=1 act=0 PL(-2582,-13950,rot=2048,hp=0)
F20444 live=1 act=0 PL(-2582,-13950,rot=2048,hp=0)
F20445 live=1 act=0 PL(-2582,-13950,rot=2048,hp=0)
F20446 live=1 act=0 PL(-2582,-13950,rot=2048,hp=0)
F20447 live=1 act=0 PL(-2582,-13950,rot=2048,hp=0)
F20448 live=1 act=0 PL(-2582,-13950,rot=2048,hp=0)
F20449 live=1 act=0 PL(-2582,-13950,rot=2048,hp=0)
F20450 live=1 act=0 PL(-2582,-13950,rot=2048,hp=0)
F20451 live=1 act=0 PL(-2582,-13950,rot=2048,hp=0)
F20452 live=1 act=0 PL(-2582,-13950,rot=2048,hp=0)
F20453 live=1 act=0 PL(-2582,-13950,rot=2048,hp=0)
F20454 live=1 act=0 PL(-2582,-13950,rot=2048,hp=0)
F20455 live=1 act=0 PL(-2582,-13950,rot=2048,hp=0)
F20456 live=1 act=0 PL(-2582,-13950,rot=2048,hp=0)
F20457 live=1 act=0 PL(-2582,-13950,rot=2048,hp=0)
F20458 live=1 act=0 PL(-2582,-13950,rot=2048,hp=0)
F20459 live=1 act=0 PL(-2582,-13950,rot=2048,hp=0)
F20460 live=1 act=0 PL(-2582,-13950,rot=2048,hp=0)
F20461 live=1 act=0 PL(-2582,-13950,rot=2048,hp=0)
F20462 live=1 act=0 PL(-2582,-13950,rot=2048,hp=0)
F20463 live=1 act=0 PL(-2582,-13950,rot=2048,hp=0)
F20464 live=1 act=0 PL(-2582,-13950,rot=2048,hp=0)
F20465 live=1 act=0 PL(-2582,-13950,rot=2048,hp=0)
F20466 live=1 act=0 PL(-2582,-13950,rot=2048,hp=0)
F20467 live=1 act=0 PL(-2582,-13950,rot=2048,hp=0)
F20468 live=1 act=0 PL(-2582,-13950,rot=2048,hp=0)
F20469 live=1 act=0 PL(-2582,-13950,rot=2048,hp=0)
F20470 live=1 act=0 PL(-2582,-13950,rot=2048,hp=0)
F20471 live=1 act=0 PL(-2582,-13950,rot=2048,hp=0)
F20472 live=1 act=0 PL(-2582,-13950,rot=2048,hp=0)
F20473 live=1 act=0 PL(-2582,-13950,rot=2048,hp=0)
F20474 live=1 act=0 PL(-2582,-13950,rot=2048,hp=0)
F20475 live=1 act=0 PL(-2582,-13950,rot=2048,hp=0)
F20476 live=1 act=0 PL(-2582,-13950,rot=2048,hp=0)
F20477 live=1 act=0 PL(-2582,-13950,rot=2048,hp=0)
F20478 live=1 act=0 PL(-2582,-13950,rot=2048,hp=0)
F20479 live=1 act=0 PL(-2582,-13950,rot=2048,hp=0)
F20480 live=1 act=0 PL(-2582,-13950,rot=2048,hp=0)
F20481 live=1 act=0 PL(-2582,-13950,rot=2048,hp=0)
F20482 live=1 act=0 PL(-2582,-13950,rot=2048,hp=0)
F20483 live=1 act=0 PL(-2582,-13950,rot=2048,hp=0)
F20484 live=1 act=0 PL(-2582,-13950,rot=2048,hp=0)
F20485 live=1 act=0 PL(-2582,-13950,rot=2048,hp=0)
F20486 live=1 act=0 PL(-2582,-13950,rot=2048,hp=0)
F20487 live=1 act=0 PL(-2582,-13950,rot=2048,hp=0)
F20488 live=1 act=0 PL(-2582,-13950,rot=2048,hp=0)
F20489 live=1 act=0 PL(-2582,-13950,rot=2048,hp=0)
F20490 live=1 act=0 PL(-2582,-13950,rot=2048,hp=0)
F20491 live=1 act=0 PL(-2582,-13950,rot=2048,hp=0)
F20492 live=1 act=0 PL(-2582,-13950,rot=2048,hp=0)
F20493 live=1 act=0 PL(-2582,-13950,rot=2048,hp=0)
F20494 live=1 act=0 PL(-2582,-13950,rot=2048,hp=0)
F20495 live=1 act=0 PL(-2582,-13950,rot=2048,hp=0)
F20496 live=1 act=0 PL(-2582,-13950,rot=2048,hp=0)
F20497 live=1 act=0 PL(-2582,-13950,rot=2048,hp=0)
F20498 live=1 act=0 PL(-2582,-13950,rot=2048,hp=0)
F20499 live=1 act=0 PL(-2582,-13950,rot=2048,hp=0)
F20500 live=1 act=0 PL(-2582,-13950,rot=2048,hp=0)
F20501 live=1 act=0 PL(-2582,-13950,rot=2048,hp=0)
F20502 live=1 act=0 PL(-2582,-13950,rot=2048,hp=0)
F20503 live=1 act=0 PL(-2582,-13950,rot=2048,hp=0)
F20504 live=1 act=0 PL(-2582,-13950,rot=2048,hp=0)
F20505 live=1 act=0 PL(-2582,-13950,rot=2048,hp=0)
F20506 live=1 act=0 PL(-2582,-13950,rot=2048,hp=0)
F20507 live=1 act=0 PL(-2582,-13950,rot=2048,hp=0)
F20508 live=1 act=0 PL(-2582,-13950,rot=2048,hp=0)
F20509 live=1 act=0 PL(-2582,-13950,rot=2048,hp=0)
F20510 live=1 act=0 PL(-2582,-13950,rot=2048,hp=0)
F20511 live=1 act=0 PL(-2582,-13950,rot=2048,hp=0)
F20512 live=1 act=0 PL(-2582,-13950,rot=2048,hp=0)
F20513 live=1 act=0 PL(-2582,-13950,rot=2048,hp=0)
F20514 live=1 act=0 PL(-2582,-13950,rot=2048,hp=0)
F20515 live=1 act=0 PL(-2582,-13950,rot=2048,hp=0)
F20516 live=1 act=0 PL(-2582,-13950,rot=2048,hp=0)
F20517 live=1 act=0 PL(-2582,-13950,rot=2048,hp=0)
F20518 live=1 act=0 PL(-2582,-13950,rot=2048,hp=0)
F20519 live=1 act=0 PL(-2582,-13950,rot=2048,hp=0)
F20520 live=1 act=0 PL(-2582,-13950,rot=2048,hp=0)
F20521 live=1 act=0 PL(-2582,-13950,rot=2048,hp=0)
F20522 live=1 act=0 PL(-2582,-13950,rot=2048,hp=0)
F20523 live=1 act=0 PL(-2582,-13950,rot=2048,hp=0)
F20524 live=1 act=0 PL(-2582,-13950,rot=2048,hp=0)
F20525 live=1 act=0 PL(-2582,-13950,rot=2048,hp=0)
F20526 live=1 act=0 PL(-2582,-13950,rot=2048,hp=0)
F20527 live=1 act=0 PL(-2582,-13950,rot=2048,hp=0)
F20528 live=1 act=0 PL(-2582,-13950,rot=2048,hp=0)
F20529 live=1 act=0 PL(-2582,-13950,rot=2048,hp=0)
F20530 live=1 act=0 PL(-2582,-13950,rot=2048,hp=0)
F20531 live=1 act=0 PL(-2582,-13950,rot=2048,hp=0)
F20532 live=1 act=0 PL(-2582,-13950,rot=2048,hp=0)
F20533 live=1 act=0 PL(-2582,-13950,rot=2048,hp=0)
F20534 live=1 act=0 PL(-2582,-13950,rot=2048,hp=0)
F20535 live=1 act=0 PL(-2582,-13950,rot=2048,hp=0)
F20536 live=1 act=0 PL(-2582,-13950,rot=2048,hp=0)
F20537 live=1 act=0 PL(-2582,-13950,rot=2048,hp=0)
F20538 live=1 act=0 PL(-2582,-13950,rot=2048,hp=0)
F20539 live=1 act=0 PL(-2582,-13950,rot=2048,hp=0)
F20540 live=1 act=0 PL(-2582,-13950,rot=2048,hp=0)
F20541 live=1 act=0 PL(-2582,-13950,rot=2048,hp=0)
F20542 live=1 act=0 PL(-2582,-13950,rot=2048,hp=0)
F20543 live=1 act=0 PL(-2582,-13950,rot=2048,hp=0)
F20544 live=1 act=0 PL(-2582,-13950,rot=2048,hp=0)
F20545 live=1 act=0 PL(-2582,-13950,rot=2048,hp=0)
F20546 live=1 act=0 PL(-2582,-13950,rot=2048,hp=0)
F20547 live=1 act=0 PL(-2582,-13950,rot=2048,hp=0)
F20548 live=1 act=0 PL(-2582,-13950,rot=2048,hp=0)
F20549 live=1 act=0 PL(-2582,-13950,rot=2048,hp=0)
F20550 live=1 act=0 PL(-2582,-13950,rot=2048,hp=0)
F20551 live=1 act=0 PL(-2582,-13950,rot=2048,hp=0)
F20552 live=1 act=0 PL(-2582,-13950,rot=2048,hp=0)
F20553 live=1 act=0 PL(-2582,-13950,rot=2048,hp=0)
F20554 live=1 act=0 PL(-2582,-13950,rot=2048,hp=0)
F20555 live=1 act=0 PL(-2582,-13950,rot=2048,hp=0)
F20556 live=1 act=0 PL(-2582,-13950,rot=2048,hp=0)
F20557 live=1 act=0 PL(-2582,-13950,rot=2048,hp=0)
F20558 live=1 act=0 PL(-2582,-13950,rot=2048,hp=0)
F20559 live=1 act=0 PL(-2582,-13950,rot=2048,hp=0)
F20560 live=1 act=0 PL(-2582,-13950,rot=2048,hp=0)
F20561 live=1 act=0 PL(-2582,-13950,rot=2048,hp=0)
F20562 live=1 act=0 PL(-2582,-13950,rot=2048,hp=0)
F20563 live=1 act=0 PL(-2582,-13950,rot=2048,hp=0)
F20564 live=1 act=0 PL(-2582,-13950,rot=2048,hp=0)
F20565 live=1 act=0 PL(-2582,-13950,rot=2048,hp=0)
F20566 live=1 act=0 PL(-2582,-13950,rot=2048,hp=0)
F20567 live=1 act=0 PL(-2582,-13950,rot=2048,hp=0)
F20568 live=1 act=0 PL(-2582,-13950,rot=2048,hp=0)
F20569 live=1 act=0 PL(-2582,-13950,rot=2048,hp=0)
F20570 live=1 act=0 PL(-2582,-13950,rot=2048,hp=0)
F20571 live=1 act=0 PL(-2582,-13950,rot=2048,hp=0)
F20572 live=1 act=0 PL(-2582,-13950,rot=2048,hp=0)
F20573 live=1 act=0 PL(-2582,-13950,rot=2048,hp=0)
F20574 live=1 act=0 PL(-2582,-13950,rot=2048,hp=0)
F20575 live=1 act=0 PL(-2582,-13950,rot=2048,hp=0)
F20576 live=1 act=0 PL(-2582,-13950,rot=2048,hp=0)
F20577 live=1 act=0 PL(-2582,-13950,rot=2048,hp=0)
F20578 live=1 act=0 PL(-2582,-13950,rot=2048,hp=0)
F20579 live=1 act=0 PL(-2582,-13950,rot=2048,hp=0)
F20580 live=1 act=0 PL(-2582,-13950,rot=2048,hp=0)
F20581 live=1 act=0 PL(-2582,-13950,rot=2048,hp=0)
F20582 live=1 act=0 PL(-2582,-13950,rot=2048,hp=0)
F20583 live=1 act=0 PL(-2582,-13950,rot=2048,hp=0)
F20584 live=1 act=0 PL(-2582,-13950,rot=2048,hp=0)
F20585 live=1 act=0 PL(-2582,-13950,rot=2048,hp=0)
F20586 live=1 act=0 PL(-2582,-13950,rot=2048,hp=0)
F20587 live=1 act=0 PL(-2582,-13950,rot=2048,hp=0)
F20588 live=1 act=0 PL(-2582,-13950,rot=2048,hp=0)
F20589 live=1 act=0 PL(-2582,-13950,rot=2048,hp=0)
F20590 live=1 act=0 PL(-2582,-13950,rot=2048,hp=0)
F20591 live=1 act=0 PL(-2582,-13950,rot=2048,hp=0)
F20592 live=1 act=0 PL(-2582,-13950,rot=2048,hp=0)
F20593 live=1 act=0 PL(-2582,-13950,rot=2048,hp=0)
F20594 live=1 act=0 PL(-2582,-13950,rot=2048,hp=0)
F20595 live=1 act=0 PL(-2582,-13950,rot=2048,hp=0)
F20596 live=1 act=0 PL(-2582,-13950,rot=2048,hp=0)
F20597 live=1 act=0 PL(-2582,-13950,rot=2048,hp=0)
F20598 live=1 act=0 PL(-2582,-13950,rot=2048,hp=0)
F20599 live=1 act=0 PL(-2582,-13950,rot=2048,hp=0)
F20600 live=1 act=0 PL(-2582,-13950,rot=2048,hp=0)
F20601 live=1 act=0 PL(-2582,-13950,rot=2048,hp=0)
F20602 live=1 act=0 PL(-2582,-13950,rot=2048,hp=0)
F20603 live=1 act=0 PL(-2582,-13950,rot=2048,hp=0)
F20604 live=1 act=0 PL(-2582,-13950,rot=2048,hp=0)
F20605 live=1 act=0 PL(-2582,-13950,rot=2048,hp=0)
F20606 live=1 act=0 PL(-2582,-13950,rot=2048,hp=0)
F20607 live=1 act=0 PL(-2582,-13950,rot=2048,hp=0)
F20608 live=1 act=0 PL(-2582,-13950,rot=2048,hp=0)
F20609 live=1 act=0 PL(-2582,-13950,rot=2048,hp=0)
F20610 live=1 act=0 PL(-2582,-13950,rot=2048,hp=0)
F20611 live=1 act=0 PL(-2582,-13950,rot=2048,hp=0)
F20612 live=1 act=0 PL(-2582,-13950,rot=2048,hp=0)
F20613 live=1 act=0 PL(-2582,-13950,rot=2048,hp=0)
F20614 live=1 act=0 PL(-2582,-13950,rot=2048,hp=0)
F20615 live=1 act=0 PL(-2582,-13950,rot=2048,hp=0)
F20616 live=1 act=0 PL(-2582,-13950,rot=2048,hp=0)
F20617 live=1 act=0 PL(-2582,-13950,rot=2048,hp=0)
F20618 live=1 act=0 PL(-2582,-13950,rot=2048,hp=0)
F20619 live=1 act=0 PL(-2582,-13950,rot=2048,hp=0)
F20620 live=1 act=0 PL(-2582,-13950,rot=2048,hp=0)
F20621 live=1 act=0 PL(-2582,-13950,rot=2048,hp=0)
F20622 live=1 act=0 PL(-2582,-13950,rot=2048,hp=0)
F20623 live=1 act=0 PL(-2582,-13950,rot=2048,hp=0)
F20624 live=1 act=0 PL(-2582,-13950,rot=2048,hp=0)
F20625 live=1 act=0 PL(-2582,-13950,rot=2048,hp=0)
F20626 live=1 act=0 PL(-2582,-13950,rot=2048,hp=0)
F20627 live=1 act=0 PL(-2582,-13950,rot=2048,hp=0)
F20628 live=1 act=0 PL(-2582,-13950,rot=2048,hp=0)
F20629 live=1 act=0 PL(-2582,-13950,rot=2048,hp=0)
F20630 live=1 act=0 PL(-2582,-13950,rot=2048,hp=0)
F20631 live=1 act=0 PL(-2582,-13950,rot=2048,hp=0)
F20632 live=1 act=0 PL(-2582,-13950,rot=2048,hp=0)
F20633 live=1 act=0 PL(-2582,-13950,rot=2048,hp=0)
F20634 live=1 act=0 PL(-2582,-13950,rot=2048,hp=0)
F20635 live=1 act=0 PL(-2582,-13950,rot=2048,hp=0)
F20636 live=1 act=0 PL(-2582,-13950,rot=2048,hp=0)
F20637 live=1 act=0 PL(-2582,-13950,rot=2048,hp=0)
F20638 live=1 act=0 PL(-2582,-13950,rot=2048,hp=0)
F20639 live=1 act=0 PL(-2582,-13950,rot=2048,hp=0)
F20640 live=1 act=0 PL(-2582,-13950,rot=2048,hp=0)
F20641 live=1 act=0 PL(-2582,-13950,rot=2048,hp=0)
F20642 live=1 act=0 PL(-2582,-13950,rot=2048,hp=0)
F20643 live=1 act=0 PL(-2582,-13950,rot=2048,hp=0)
F20644 live=1 act=0 PL(-2582,-13950,rot=2048,hp=0)
F20645 live=1 act=0 PL(-2582,-13950,rot=2048,hp=0)
F20646 live=1 act=0 PL(-2582,-13950,rot=2048,hp=0)
F20647 live=1 act=0 PL(-2582,-13950,rot=2048,hp=0)
F20648 live=1 act=0 PL(-2582,-13950,rot=2048,hp=0)
F20649 live=1 act=0 PL(-2582,-13950,rot=2048,hp=0)
F20650 live=1 act=0 PL(-2582,-13950,rot=2048,hp=0)
F20651 live=1 act=0 PL(-2582,-13950,rot=2048,hp=0)
F20652 live=1 act=0 PL(-2582,-13950,rot=2048,hp=0)
F20653 live=1 act=0 PL(-2582,-13950,rot=2048,hp=0)
F20654 live=1 act=0 PL(-2582,-13950,rot=2048,hp=0)
F20655 live=1 act=0 PL(-2582,-13950,rot=2048,hp=0)
F20656 live=1 act=0 PL(-2582,-13950,rot=2048,hp=0)
F20657 live=1 act=0 PL(-2582,-13950,rot=2048,hp=0)
F20658 live=1 act=0 PL(-2582,-13950,rot=2048,hp=0)
F20659 live=1 act=0 PL(-2582,-13950,rot=2048,hp=0)
F20660 live=1 act=0 PL(-2582,-13950,rot=2048,hp=0)
F20661 live=1 act=0 PL(-2582,-13950,rot=2048,hp=0)
F20662 live=1 act=0 PL(-2582,-13950,rot=2048,hp=0)
F20663 live=1 act=0 PL(-2582,-13950,rot=2048,hp=0)
F20664 live=1 act=0 PL(-2582,-13950,rot=2048,hp=0)
F20665 live=1 act=0 PL(-2582,-13950,rot=2048,hp=0)
F20666 live=1 act=0 PL(-2582,-13950,rot=2048,hp=0)
F20667 live=1 act=0 PL(-2582,-13950,rot=2048,hp=0)
F20668 live=1 act=0 PL(-2582,-13950,rot=2048,hp=0)
F20669 live=1 act=0 PL(-2582,-13950,rot=2048,hp=0)
F20670 live=1 act=0 PL(-2582,-13950,rot=2048,hp=0)
F20671 live=1 act=0 PL(-2582,-13950,rot=2048,hp=0)
F20672 live=1 act=0 PL(-2582,-13950,rot=2048,hp=0)
F20673 live=1 act=0 PL(-2582,-13950,rot=2048,hp=0)
F20674 live=1 act=0 PL(-2582,-13950,rot=2048,hp=0)
F20675 live=1 act=0 PL(-2582,-13950,rot=2048,hp=0)
F20676 live=1 act=0 PL(-2582,-13950,rot=2048,hp=0)
F20677 live=1 act=0 PL(-2582,-13950,rot=2048,hp=0)
F20678 live=1 act=0 PL(-2582,-13950,rot=2048,hp=0)
F20679 live=1 act=0 PL(-2582,-13950,rot=2048,hp=0)
F20680 live=1 act=0 PL(-2582,-13950,rot=2048,hp=0)
F20681 live=1 act=0 PL(-2582,-13950,rot=2048,hp=0)
F20682 live=1 act=0 PL(-2582,-13950,rot=2048,hp=0)
F20683 live=1 act=0 PL(-2582,-13950,rot=2048,hp=0)
F20684 live=1 act=0 PL(-2582,-13950,rot=2048,hp=0)
F20685 live=1 act=0 PL(-2582,-13950,rot=2048,hp=0)
F20686 live=1 act=0 PL(-2582,-13950,rot=2048,hp=0)
F20687 live=1 act=0 PL(-2582,-13950,rot=2048,hp=0)
F20688 live=1 act=0 PL(-2582,-13950,rot=2048,hp=0)
F20689 live=1 act=0 PL(-2582,-13950,rot=2048,hp=0)
F20690 live=1 act=0 PL(-2582,-13950,rot=2048,hp=0)
F20691 live=1 act=0 PL(-2582,-13950,rot=2048,hp=0)
F20692 live=1 act=0 PL(-2582,-13950,rot=2048,hp=0)
F20693 live=1 act=0 PL(-2582,-13950,rot=2048,hp=0)
F20694 live=1 act=0 PL(-2582,-13950,rot=2048,hp=0)
F20695 live=1 act=0 PL(-2582,-13950,rot=2048,hp=0)
F20696 live=1 act=0 PL(-2582,-13950,rot=2048,hp=0)
F20697 live=1 act=0 PL(-2582,-13950,rot=2048,hp=0)
F20698 live=1 act=0 PL(-2582,-13950,rot=2048,hp=0)
F20699 live=1 act=0 PL(-2582,-13950,rot=2048,hp=0)
F20700 live=1 act=0 PL(-2582,-13950,rot=2048,hp=0)
F20701 live=1 act=0 PL(-2582,-13950,rot=2048,hp=0)
F20702 live=1 act=0 PL(-2582,-13950,rot=2048,hp=0)
F20703 live=1 act=0 PL(-2582,-13950,rot=2048,hp=0)
F20704 live=1 act=0 PL(-2582,-13950,rot=2048,hp=0)
F20705 live=1 act=0 PL(-2582,-13950,rot=2048,hp=0)
F20706 live=1 act=0 PL(-2582,-13950,rot=2048,hp=0)
F20707 live=1 act=0 PL(-2582,-13950,rot=2048,hp=0)
F20708 live=1 act=0 PL(-2582,-13950,rot=2048,hp=0)
F20709 live=1 act=0 PL(-2582,-13950,rot=2048,hp=0)
F20710 live=1 act=0 PL(-2582,-13950,rot=2048,hp=0)
F20711 live=1 act=0 PL(-2582,-13950,rot=2048,hp=0)
F20712 live=1 act=0 PL(-2582,-13950,rot=2048,hp=0)
F20713 live=1 act=0 PL(-2582,-13950,rot=2048,hp=0)
F20714 live=1 act=0 PL(-2582,-13950,rot=2048,hp=0)
F20715 live=1 act=0 PL(-2582,-13950,rot=2048,hp=0)
F20716 live=1 act=0 PL(-2582,-13950,rot=2048,hp=0)
F20717 live=1 act=0 PL(-2582,-13950,rot=2048,hp=0)
F20718 live=1 act=0 PL(-2582,-13950,rot=2048,hp=0)
F20719 live=1 act=0 PL(-2582,-13950,rot=2048,hp=0)
F20720 live=1 act=0 PL(-2582,-13950,rot=2048,hp=0)
F20721 live=1 act=0 PL(-2582,-13950,rot=2048,hp=0)
F20722 live=1 act=0 PL(-2582,-13950,rot=2048,hp=0)
F20723 live=1 act=0 PL(-2582,-13950,rot=2048,hp=0)
F20724 live=1 act=0 PL(-2582,-13950,rot=2048,hp=0)
F20725 live=1 act=0 PL(-2582,-13950,rot=2048,hp=0)
F20726 live=1 act=0 PL(-2582,-13950,rot=2048,hp=0)
F20727 live=1 act=0 PL(-2582,-13950,rot=2048,hp=0)
F20728 live=1 act=0 PL(-2582,-13950,rot=2048,hp=0)
F20729 live=1 act=0 PL(-2582,-13950,rot=2048,hp=0)
F20730 live=1 act=0 PL(-2582,-13950,rot=2048,hp=0)
F20731 live=1 act=0 PL(-2582,-13950,rot=2048,hp=0)
F20732 live=1 act=0 PL(-2582,-13950,rot=2048,hp=0)
F20733 live=1 act=0 PL(-2582,-13950,rot=2048,hp=0)
F20734 live=1 act=0 PL(-2582,-13950,rot=2048,hp=0)
F20735 live=1 act=0 PL(-2582,-13950,rot=2048,hp=0)
F20736 live=1 act=0 PL(-2582,-13950,rot=2048,hp=0)
F20737 live=1 act=0 PL(-2582,-13950,rot=2048,hp=0)
F20738 live=1 act=0 PL(-2582,-13950,rot=2048,hp=0)
F20739 live=1 act=0 PL(-2582,-13950,rot=2048,hp=0)
F20740 live=1 act=0 PL(-2582,-13950,rot=2048,hp=0)
F20741 live=1 act=0 PL(-2582,-13950,rot=2048,hp=0)
F20742 live=1 act=0 PL(-2582,-13950,rot=2048,hp=0)
F20743 live=1 act=0 PL(-2582,-13950,rot=2048,hp=0)
F20744 live=1 act=0 PL(-2582,-13950,rot=2048,hp=0)
F20745 live=1 act=0 PL(-2582,-13950,rot=2048,hp=0)
F20746 live=1 act=0 PL(-2582,-13950,rot=2048,hp=0)
F20747 live=1 act=0 PL(-2582,-13950,rot=2048,hp=0)
F20748 live=1 act=0 PL(-2582,-13950,rot=2048,hp=0)
F20749 live=1 act=0 PL(-2582,-13950,rot=2048,hp=0)
F20750 live=1 act=0 PL(-2582,-13950,rot=2048,hp=0)
F20751 live=1 act=0 PL(-2582,-13950,rot=2048,hp=0)
F20752 live=1 act=0 PL(-2582,-13950,rot=2048,hp=0)
F20753 live=1 act=0 PL(-2582,-13950,rot=2048,hp=0)
F20754 live=1 act=0 PL(-2582,-13950,rot=2048,hp=0)
F20755 live=1 act=0 PL(-2582,-13950,rot=2048,hp=0)
F20756 live=1 act=0 PL(-2582,-13950,rot=2048,hp=0)
F20757 live=1 act=0 PL(-2582,-13950,rot=2048,hp=0)
F20758 live=1 act=0 PL(-2582,-13950,rot=2048,hp=0)
F20759 live=1 act=0 PL(-2582,-13950,rot=2048,hp=0)
F20760 live=1 act=0 PL(-2582,-13950,rot=2048,hp=0)
F20761 live=1 act=0 PL(-2582,-13950,rot=2048,hp=0)
F20762 live=1 act=0 PL(-2582,-13950,rot=2048,hp=0)
F20763 live=1 act=0 PL(-2582,-13950,rot=2048,hp=0)
F20764 live=1 act=0 PL(-2582,-13950,rot=2048,hp=0)
F20765 live=1 act=0 PL(-2582,-13950,rot=2048,hp=0)
F20766 live=1 act=0 PL(-2582,-13950,rot=2048,hp=0)
F20767 live=1 act=0 PL(-2582,-13950,rot=2048,hp=0)
F20768 live=1 act=0 PL(-2582,-13950,rot=2048,hp=0)
F20769 live=1 act=0 PL(-2582,-13950,rot=2048,hp=0)
F20770 live=1 act=0 PL(-2582,-13950,rot=2048,hp=0)
F20771 live=1 act=0 PL(-2582,-13950,rot=2048,hp=0)
F20772 live=1 act=0 PL(-2582,-13950,rot=2048,hp=0)
F20773 live=1 act=0 PL(-2582,-13950,rot=2048,hp=0)
F20774 live=1 act=0 PL(-2582,-13950,rot=2048,hp=0)
F20775 live=1 act=0 PL(-2582,-13950,rot=2048,hp=0)
F20776 live=1 act=0 PL(-2582,-13950,rot=2048,hp=0)
F20777 live=1 act=0 PL(-2582,-13950,rot=2048,hp=0)
F20778 live=1 act=0 PL(-2582,-13950,rot=2048,hp=0)
F20779 live=1 act=0 PL(-2582,-13950,rot=2048,hp=0)
F20780 live=1 act=0 PL(-2582,-13950,rot=2048,hp=0)
F20781 live=1 act=0 PL(-2582,-13950,rot=2048,hp=0)
F20782 live=1 act=0 PL(-2582,-13950,rot=2048,hp=0)
F20783 live=1 act=0 PL(-2582,-13950,rot=2048,hp=0)
F20784 live=1 act=0 PL(-2582,-13950,rot=2048,hp=0)
F20785 live=1 act=0 PL(-2582,-13950,rot=2048,hp=0)
F20786 live=1 act=0 PL(-2582,-13950,rot=2048,hp=0)
F20787 live=1 act=0 PL(-2582,-13950,rot=2048,hp=0)
F20788 live=1 act=0 PL(-2582,-13950,rot=2048,hp=0)
F20789 live=1 act=0 PL(-2582,-13950,rot=2048,hp=0)
F20790 live=1 act=0 PL(-2582,-13950,rot=2048,hp=0)
F20791 live=1 act=0 PL(-2582,-13950,rot=2048,hp=0)
F20792 live=1 act=0 PL(-2582,-13950,rot=2048,hp=0)
F20793 live=1 act=0 PL(-2582,-13950,rot=2048,hp=0)
F20794 live=1 act=0 PL(-2582,-13950,rot=2048,hp=0)
F20795 live=1 act=0 PL(-2582,-13950,rot=2048,hp=0)
F20796 live=1 act=0 PL(-2582,-13950,rot=2048,hp=0)
F20797 live=1 act=0 PL(-2582,-13950,rot=2048,hp=0)
F20798 live=1 act=0 PL(-2582,-13950,rot=2048,hp=0)
F20799 live=1 act=0 PL(-2582,-13950,rot=2048,hp=0)
F20800 live=1 act=0 PL(-2582,-13950,rot=2048,hp=0)
F20801 live=1 act=0 PL(-2582,-13950,rot=2048,hp=0)
F20802 live=1 act=0 PL(-2582,-13950,rot=2048,hp=0)
F20803 live=1 act=0 PL(-2582,-13950,rot=2048,hp=0)
F20804 live=1 act=0 PL(-2582,-13950,rot=2048,hp=0)
F20805 live=1 act=0 PL(-2582,-13950,rot=2048,hp=0)
F20806 live=1 act=0 PL(-2582,-13950,rot=2048,hp=0)
F20807 live=1 act=0 PL(-2582,-13950,rot=2048,hp=0)
F20808 live=1 act=0 PL(-2582,-13950,rot=2048,hp=0)
F20809 live=1 act=0 PL(-2582,-13950,rot=2048,hp=0)
F20810 live=1 act=0 PL(-2582,-13950,rot=2048,hp=0)
F20811 live=1 act=0 PL(-2582,-13950,rot=2048,hp=0)
F20812 live=1 act=0 PL(-2582,-13950,rot=2048,hp=0)
F20813 live=1 act=0 PL(-2582,-13950,rot=2048,hp=0)
F20814 live=1 act=0 PL(-2582,-13950,rot=2048,hp=0)
F20815 live=1 act=0 PL(-2582,-13950,rot=2048,hp=0)
F20816 live=1 act=0 PL(-2582,-13950,rot=2048,hp=0)
F20817 live=1 act=0 PL(-2582,-13950,rot=2048,hp=0)
F20818 live=1 act=0 PL(-2582,-13950,rot=2048,hp=0)
F20819 live=1 act=0 PL(-2582,-13950,rot=2048,hp=0)
F20820 live=1 act=0 PL(-2582,-13950,rot=2048,hp=0)
F20821 live=1 act=0 PL(-2582,-13950,rot=2048,hp=0)
F20822 live=1 act=0 PL(-2582,-13950,rot=2048,hp=0)
F20823 live=1 act=0 PL(-2582,-13950,rot=2048,hp=0)
F20824 live=1 act=0 PL(-2582,-13950,rot=2048,hp=0)
F20825 live=1 act=0 PL(-2582,-13950,rot=2048,hp=0)
F20826 live=1 act=0 PL(-2582,-13950,rot=2048,hp=0)
F20827 live=1 act=0 PL(-2582,-13950,rot=2048,hp=0)
F20828 live=1 act=0 PL(-2582,-13950,rot=2048,hp=0)
F20829 live=1 act=0 PL(-2582,-13950,rot=2048,hp=0)
F20830 live=1 act=0 PL(-2582,-13950,rot=2048,hp=0)
F20831 live=1 act=0 PL(-2582,-13950,rot=2048,hp=0)
F20832 live=1 act=0 PL(-2582,-13950,rot=2048,hp=0)
F20833 live=1 act=0 PL(-2582,-13950,rot=2048,hp=0)
F20834 live=1 act=0 PL(-2582,-13950,rot=2048,hp=0)
F20835 live=1 act=0 PL(-2582,-13950,rot=2048,hp=0)
F20836 live=1 act=0 PL(-2582,-13950,rot=2048,hp=0)
F20837 live=1 act=0 PL(-2582,-13950,rot=2048,hp=0)
F20838 live=1 act=0 PL(-2582,-13950,rot=2048,hp=0)
F20839 live=1 act=0 PL(-2582,-13950,rot=2048,hp=0)
F20840 live=1 act=0 PL(-2582,-13950,rot=2048,hp=0)
F20841 live=1 act=0 PL(-2582,-13950,rot=2048,hp=0)
F20842 live=1 act=0 PL(-2582,-13950,rot=2048,hp=0)
F20843 live=1 act=0 PL(-2582,-13950,rot=2048,hp=0)
F20844 live=1 act=0 PL(-2582,-13950,rot=2048,hp=0)
F20845 live=1 act=0 PL(-2582,-13950,rot=2048,hp=0)
F20846 live=1 act=0 PL(-2582,-13950,rot=2048,hp=0)
F20847 live=1 act=0 PL(-2582,-13950,rot=2048,hp=0)
F20848 live=1 act=0 PL(-2582,-13950,rot=2048,hp=0)
F20849 live=1 act=0 PL(-2582,-13950,rot=2048,hp=0)
F20850 live=1 act=0 PL(-2582,-13950,rot=2048,hp=0)
F20851 live=1 act=0 PL(-2582,-13950,rot=2048,hp=0)
F20852 live=1 act=0 PL(-2582,-13950,rot=2048,hp=0)
F20853 live=1 act=0 PL(-2582,-13950,rot=2048,hp=0)
F20854 live=1 act=0 PL(-2582,-13950,rot=2048,hp=0)
F20855 live=1 act=0 PL(-2582,-13950,rot=2048,hp=0)
F20856 live=1 act=0 PL(-2582,-13950,rot=2048,hp=0)
F20857 live=1 act=0 PL(-2582,-13950,rot=2048,hp=0)
F20858 live=1 act=0 PL(-2582,-13950,rot=2048,hp=0)
F20859 live=1 act=0 PL(-2582,-13950,rot=2048,hp=0)
F20860 live=1 act=0 PL(-2582,-13950,rot=2048,hp=0)
F20861 live=1 act=0 PL(-2582,-13950,rot=2048,hp=0)
F20862 live=1 act=0 PL(-2582,-13950,rot=2048,hp=0)
F20863 live=1 act=0 PL(-2582,-13950,rot=2048,hp=0)
F20864 live=1 act=0 PL(-2582,-13950,rot=2048,hp=0)
F20865 live=1 act=0 PL(-2582,-13950,rot=2048,hp=0)
F20866 live=1 act=0 PL(-2582,-13950,rot=2048,hp=0)
F20867 live=1 act=0 PL(-2582,-13950,rot=2048,hp=0)
F20868 live=1 act=0 PL(-2582,-13950,rot=2048,hp=0)
F20869 live=1 act=0 PL(-2582,-13950,rot=2048,hp=0)
F20870 live=1 act=0 PL(-2582,-13950,rot=2048,hp=0)
F20871 live=1 act=0 PL(-2582,-13950,rot=2048,hp=0)
F20872 live=1 act=0 PL(-2582,-13950,rot=2048,hp=0)
F20873 live=1 act=0 PL(-2582,-13950,rot=2048,hp=0)
F20874 live=1 act=0 PL(-2582,-13950,rot=2048,hp=0)
F20875 live=1 act=0 PL(-2582,-13950,rot=2048,hp=0)
F20876 live=1 act=0 PL(-2582,-13950,rot=2048,hp=0)
F20877 live=1 act=0 PL(-2582,-13950,rot=2048,hp=0)
F20878 live=1 act=0 PL(-2582,-13950,rot=2048,hp=0)
F20879 live=1 act=0 PL(-2582,-13950,rot=2048,hp=0)
F20880 live=1 act=0 PL(-2582,-13950,rot=2048,hp=0)
F20881 live=1 act=0 PL(-2582,-13950,rot=2048,hp=0)
F20882 live=1 act=0 PL(-2582,-13950,rot=2048,hp=0)
F20883 live=1 act=0 PL(-2582,-13950,rot=2048,hp=0)
F20884 live=1 act=0 PL(-2582,-13950,rot=2048,hp=0)
F20885 live=1 act=0 PL(-2582,-13950,rot=2048,hp=0)
F20886 live=1 act=0 PL(-2582,-13950,rot=2048,hp=0)
F20887 live=1 act=0 PL(-2582,-13950,rot=2048,hp=0)
F20888 live=1 act=0 PL(-2582,-13950,rot=2048,hp=0)
F20889 live=1 act=0 PL(-2582,-13950,rot=2048,hp=0)
F20890 live=1 act=0 PL(-2582,-13950,rot=2048,hp=0)
F20891 live=1 act=0 PL(-2582,-13950,rot=2048,hp=0)
F20892 live=1 act=0 PL(-2582,-13950,rot=2048,hp=0)
F20893 live=1 act=0 PL(-2582,-13950,rot=2048,hp=0)
F20894 live=1 act=0 PL(-2582,-13950,rot=2048,hp=0)
F20895 live=1 act=0 PL(-2582,-13950,rot=2048,hp=0)
F20896 live=1 act=0 PL(-2582,-13950,rot=2048,hp=0)
F20897 live=1 act=0 PL(-2582,-13950,rot=2048,hp=0)
F20898 live=1 act=0 PL(-2582,-13950,rot=2048,hp=0)
F20899 live=1 act=0 PL(-2582,-13950,rot=2048,hp=0)
F20900 live=1 act=0 PL(-2582,-13950,rot=2048,hp=0)
F20901 live=1 act=0 PL(-2582,-13950,rot=2048,hp=0)
F20902 live=1 act=0 PL(-2582,-13950,rot=2048,hp=0)
F20903 live=1 act=0 PL(-2582,-13950,rot=2048,hp=0)
F20904 live=1 act=0 PL(-2582,-13950,rot=2048,hp=0)
F20905 live=1 act=0 PL(-2582,-13950,rot=2048,hp=0)
F20906 live=1 act=0 PL(-2582,-13950,rot=2048,hp=0)
F20907 live=1 act=0 PL(-2582,-13950,rot=2048,hp=0)
F20908 live=1 act=0 PL(-2582,-13950,rot=2048,hp=0)
F20909 live=1 act=0 PL(-2582,-13950,rot=2048,hp=0)
F20910 live=1 act=0 PL(-2582,-13950,rot=2048,hp=0)
F20911 live=1 act=0 PL(-2582,-13950,rot=2048,hp=0)
F20912 live=1 act=0 PL(-2582,-13950,rot=2048,hp=0)
F20913 live=1 act=0 PL(-2582,-13950,rot=2048,hp=0)
F20914 live=1 act=0 PL(-2582,-13950,rot=2048,hp=0)
F20915 live=1 act=0 PL(-2582,-13950,rot=2048,hp=0)
F20916 live=1 act=0 PL(-2582,-13950,rot=2048,hp=0)
F20917 live=1 act=0 PL(-2582,-13950,rot=2048,hp=0)
F20918 live=1 act=0 PL(-2582,-13950,rot=2048,hp=0)
F20919 live=1 act=0 PL(-2582,-13950,rot=2048,hp=0)
F20920 live=1 act=0 PL(-2582,-13950,rot=2048,hp=0)
F20921 live=1 act=0 PL(-2582,-13950,rot=2048,hp=0)
F20922 live=1 act=0 PL(-2582,-13950,rot=2048,hp=0)
F20923 live=1 act=0 PL(-2582,-13950,rot=2048,hp=0)
F20924 live=1 act=0 PL(-2582,-13950,rot=2048,hp=0)
F20925 live=1 act=0 PL(-2582,-13950,rot=2048,hp=0)
F20926 live=1 act=0 PL(-2582,-13950,rot=2048,hp=0)
F20927 live=1 act=0 PL(-2582,-13950,rot=2048,hp=0)
F20928 live=1 act=0 PL(-2582,-13950,rot=2048,hp=0)
F20929 live=1 act=0 PL(-2582,-13950,rot=2048,hp=0)
F20930 live=1 act=0 PL(-2582,-13950,rot=2048,hp=0)
F20931 live=1 act=0 PL(-2582,-13950,rot=2048,hp=0)
F20932 live=1 act=0 PL(-2582,-13950,rot=2048,hp=0)
F20933 live=1 act=0 PL(-2582,-13950,rot=2048,hp=0)
F20934 live=1 act=0 PL(-2582,-13950,rot=2048,hp=0)
F20935 live=1 act=0 PL(-2582,-13950,rot=2048,hp=0)
F20936 live=1 act=0 PL(-2582,-13950,rot=2048,hp=0)
F20937 live=1 act=0 PL(-2582,-13950,rot=2048,hp=0)
F20938 live=1 act=0 PL(-2582,-13950,rot=2048,hp=0)
F20939 live=1 act=0 PL(-2582,-13950,rot=2048,hp=0)
F20940 live=1 act=0 PL(-2582,-13950,rot=2048,hp=0)
F20941 live=1 act=0 PL(-2582,-13950,rot=2048,hp=0)
F20942 live=1 act=0 PL(-2582,-13950,rot=2048,hp=0)
F20943 live=1 act=0 PL(-2582,-13950,rot=2048,hp=0)
F20944 live=1 act=0 PL(-2582,-13950,rot=2048,hp=0)
F20945 live=1 act=0 PL(-2582,-13950,rot=2048,hp=0)
F20946 live=1 act=0 PL(-2582,-13950,rot=2048,hp=0)
F20947 live=1 act=0 PL(-2582,-13950,rot=2048,hp=0)
F20948 live=1 act=0 PL(-2582,-13950,rot=2048,hp=0)
F20949 live=1 act=0 PL(-2582,-13950,rot=2048,hp=0)
F20950 live=1 act=0 PL(-2582,-13950,rot=2048,hp=0)
F20951 live=1 act=0 PL(-2582,-13950,rot=2048,hp=0)
F20952 live=1 act=0 PL(-2582,-13950,rot=2048,hp=0)
F20953 live=1 act=0 PL(-2582,-13950,rot=2048,hp=0)
F20954 live=1 act=0 PL(-2582,-13950,rot=2048,hp=0)
F20955 live=1 act=0 PL(-2582,-13950,rot=2048,hp=0)
F20956 live=1 act=0 PL(-2582,-13950,rot=2048,hp=0)
F20957 live=1 act=0 PL(-2582,-13950,rot=2048,hp=0)
F20958 live=1 act=0 PL(-2582,-13950,rot=2048,hp=0)
F20959 live=1 act=0 PL(-2582,-13950,rot=2048,hp=0)
F20960 live=1 act=0 PL(-2582,-13950,rot=2048,hp=0)
F20961 live=1 act=0 PL(-2582,-13950,rot=2048,hp=0)
F20962 live=1 act=0 PL(-2582,-13950,rot=2048,hp=0)
F20963 live=1 act=0 PL(-2582,-13950,rot=2048,hp=0)
F20964 live=1 act=0 PL(-2582,-13950,rot=2048,hp=0)
F20965 live=1 act=0 PL(-2582,-13950,rot=2048,hp=0)
F20966 live=1 act=0 PL(-2582,-13950,rot=2048,hp=0)
F20967 live=1 act=0 PL(-2582,-13950,rot=2048,hp=0)
F20968 live=1 act=0 PL(-2582,-13950,rot=2048,hp=0)
F20969 live=1 act=0 PL(-2582,-13950,rot=2048,hp=0)
F20970 live=1 act=0 PL(-2582,-13950,rot=2048,hp=0)
F20971 live=1 act=0 PL(-2582,-13950,rot=2048,hp=0)
F20972 live=1 act=0 PL(-2582,-13950,rot=2048,hp=0)
F20973 live=1 act=0 PL(-2582,-13950,rot=2048,hp=0)
F20974 live=1 act=0 PL(-2582,-13950,rot=2048,hp=0)
F20975 live=1 act=0 PL(-2582,-13950,rot=2048,hp=0)
F20976 live=1 act=0 PL(-2582,-13950,rot=2048,hp=0)
F20977 live=1 act=0 PL(-2582,-13950,rot=2048,hp=0)
F20978 live=1 act=0 PL(-2582,-13950,rot=2048,hp=0)
F20979 live=1 act=0 PL(-2582,-13950,rot=2048,hp=0)
F20980 live=1 act=0 PL(-2582,-13950,rot=2048,hp=0)
F20981 live=1 act=0 PL(-2582,-13950,rot=2048,hp=0)
F20982 live=1 act=0 PL(-2582,-13950,rot=2048,hp=0)
F20983 live=1 act=0 PL(-2582,-13950,rot=2048,hp=0)
F20984 live=1 act=0 PL(-2582,-13950,rot=2048,hp=0)
F20985 live=1 act=0 PL(-2582,-13950,rot=2048,hp=0)
F20986 live=1 act=0 PL(-2582,-13950,rot=2048,hp=0)
F20987 live=1 act=0 PL(-2582,-13950,rot=2048,hp=0)
F20988 live=1 act=0 PL(-2582,-13950,rot=2048,hp=0)
F20989 live=1 act=0 PL(-2582,-13950,rot=2048,hp=0)
F20990 live=1 act=0 PL(-2582,-13950,rot=2048,hp=0)
F20991 live=1 act=0 PL(-2582,-13950,rot=2048,hp=0)
F20992 live=1 act=0 PL(-2582,-13950,rot=2048,hp=0)
F20993 live=1 act=0 PL(-2582,-13950,rot=2048,hp=0)
F20994 live=1 act=0 PL(-2582,-13950,rot=2048,hp=0)
F20995 live=1 act=0 PL(-2582,-13950,rot=2048,hp=0)
F20996 live=1 act=0 PL(-2582,-13950,rot=2048,hp=0)
F20997 live=1 act=0 PL(-2582,-13950,rot=2048,hp=0)
F20998 live=1 act=0 PL(-2582,-13950,rot=2048,hp=0)
F20999 live=1 act=0 PL(-2582,-13950,rot=2048,hp=0)
F21000 live=1 act=0 PL(-2582,-13950,rot=2048,hp=0)
F21001 live=1 act=0 PL(-2582,-13950,rot=2048,hp=0)
F21002 live=1 act=0 PL(-2582,-13950,rot=2048,hp=0)
F21003 live=1 act=0 PL(-2582,-13950,rot=2048,hp=0)
F21004 live=1 act=0 PL(-2582,-13950,rot=2048,hp=0)
F21005 live=1 act=0 PL(-2582,-13950,rot=2048,hp=0)
F21006 live=1 act=0 PL(-2582,-13950,rot=2048,hp=0)
F21007 live=1 act=0 PL(-2582,-13950,rot=2048,hp=0)
F21008 live=1 act=0 PL(-2582,-13950,rot=2048,hp=0)
F21009 live=1 act=0 PL(-2582,-13950,rot=2048,hp=0)
F21010 live=1 act=0 PL(-2582,-13950,rot=2048,hp=0)
F21011 live=1 act=0 PL(-2582,-13950,rot=2048,hp=0)
F21012 live=1 act=0 PL(-2582,-13950,rot=2048,hp=0)
F21013 live=1 act=0 PL(-2582,-13950,rot=2048,hp=0)
F21014 live=1 act=0 PL(-2582,-13950,rot=2048,hp=0)
F21015 live=1 act=0 PL(-2582,-13950,rot=2048,hp=0)
F21016 live=1 act=0 PL(-2582,-13950,rot=2048,hp=0)
F21017 live=1 act=0 PL(-2582,-13950,rot=2048,hp=0)
F21018 live=1 act=0 PL(-2582,-13950,rot=2048,hp=0)
F21019 live=1 act=0 PL(-2582,-13950,rot=2048,hp=0)
F21020 live=1 act=0 PL(-2582,-13950,rot=2048,hp=0)
F21021 live=1 act=0 PL(-2582,-13950,rot=2048,hp=0)
F21022 live=1 act=0 PL(-2582,-13950,rot=2048,hp=0)
F21023 live=1 act=0 PL(-2582,-13950,rot=2048,hp=0)
F21024 live=1 act=0 PL(-2582,-13950,rot=2048,hp=0)
F21025 live=1 act=0 PL(-2582,-13950,rot=2048,hp=0)
F21026 live=1 act=0 PL(-2582,-13950,rot=2048,hp=0)
F21027 live=1 act=0 PL(-2582,-13950,rot=2048,hp=0)
F21028 live=1 act=0 PL(-2582,-13950,rot=2048,hp=0)
F21029 live=1 act=0 PL(-2582,-13950,rot=2048,hp=0)
F21030 live=1 act=0 PL(-2582,-13950,rot=2048,hp=0)
F21031 live=1 act=0 PL(-2582,-13950,rot=2048,hp=0)
F21032 live=1 act=0 PL(-2582,-13950,rot=2048,hp=0)
F21033 live=1 act=0 PL(-2582,-13950,rot=2048,hp=0)
F21034 live=1 act=0 PL(-2582,-13950,rot=2048,hp=0)
F21035 live=1 act=0 PL(-2582,-13950,rot=2048,hp=0)
F21036 live=1 act=0 PL(-2582,-13950,rot=2048,hp=0)
F21037 live=1 act=0 PL(-2582,-13950,rot=2048,hp=0)
F21038 live=1 act=0 PL(-2582,-13950,rot=2048,hp=0)
F21039 live=1 act=0 PL(-2582,-13950,rot=2048,hp=0)
F21040 live=1 act=0 PL(-2582,-13950,rot=2048,hp=0)
F21041 live=1 act=0 PL(-2582,-13950,rot=2048,hp=0)
F21042 live=1 act=0 PL(-2582,-13950,rot=2048,hp=0)
F21043 live=1 act=0 PL(-2582,-13950,rot=2048,hp=0)
F21044 live=1 act=0 PL(-2582,-13950,rot=2048,hp=0)
F21045 live=1 act=0 PL(-2582,-13950,rot=2048,hp=0)
F21046 live=1 act=0 PL(-2582,-13950,rot=2048,hp=0)
F21047 live=1 act=0 PL(-2582,-13950,rot=2048,hp=0)
F21048 live=1 act=0 PL(-2582,-13950,rot=2048,hp=0)
F21049 live=1 act=0 PL(-2582,-13950,rot=2048,hp=0)
F21050 live=1 act=0 PL(-2582,-13950,rot=2048,hp=0)
F21051 live=1 act=0 PL(-2582,-13950,rot=2048,hp=0)
F21052 live=1 act=0 PL(-2582,-13950,rot=2048,hp=0)
F21053 live=1 act=0 PL(-2582,-13950,rot=2048,hp=0)
F21054 live=1 act=0 PL(-2582,-13950,rot=2048,hp=0)
F21055 live=1 act=0 PL(-2582,-13950,rot=2048,hp=0)
F21056 live=1 act=0 PL(-2582,-13950,rot=2048,hp=0)
F21057 live=1 act=0 PL(-2582,-13950,rot=2048,hp=0)
F21058 live=1 act=0 PL(-2582,-13950,rot=2048,hp=0)
F21059 live=1 act=0 PL(-2582,-13950,rot=2048,hp=0)
F21060 live=1 act=0 PL(-2582,-13950,rot=2048,hp=0)
F21061 live=1 act=0 PL(-2582,-13950,rot=2048,hp=0)
F21062 live=1 act=0 PL(-2582,-13950,rot=2048,hp=0)
F21063 live=1 act=0 PL(-2582,-13950,rot=2048,hp=0)
F21064 live=1 act=0 PL(-2582,-13950,rot=2048,hp=0)
F21065 live=1 act=0 PL(-2582,-13950,rot=2048,hp=0)
F21066 live=1 act=0 PL(-2582,-13950,rot=2048,hp=0)
F21067 live=1 act=0 PL(-2582,-13950,rot=2048,hp=0)
F21068 live=1 act=0 PL(-2582,-13950,rot=2048,hp=0)
F21069 live=1 act=0 PL(-2582,-13950,rot=2048,hp=0)
F21070 live=1 act=0 PL(-2582,-13950,rot=2048,hp=0)
F21071 live=1 act=0 PL(-2582,-13950,rot=2048,hp=0)
F21072 live=1 act=0 PL(-2582,-13950,rot=2048,hp=0)
F21073 live=1 act=0 PL(-2582,-13950,rot=2048,hp=0)
F21074 live=1 act=0 PL(-2582,-13950,rot=2048,hp=0)
F21075 live=1 act=0 PL(-2582,-13950,rot=2048,hp=0)
F21076 live=1 act=0 PL(-2582,-13950,rot=2048,hp=0)
F21077 live=1 act=0 PL(-2582,-13950,rot=2048,hp=0)
F21078 live=1 act=0 PL(-2582,-13950,rot=2048,hp=0)
F21079 live=1 act=0 PL(-2582,-13950,rot=2048,hp=0)
F21080 live=1 act=0 PL(-2582,-13950,rot=2048,hp=0)
F21081 live=1 act=0 PL(-2582,-13950,rot=2048,hp=0)
F21082 live=1 act=0 PL(-2582,-13950,rot=2048,hp=0)
F21083 live=1 act=0 PL(-2582,-13950,rot=2048,hp=0)
F21084 live=1 act=0 PL(-2582,-13950,rot=2048,hp=0)
F21085 live=1 act=0 PL(-2582,-13950,rot=2048,hp=0)
F21086 live=1 act=0 PL(-2582,-13950,rot=2048,hp=0)
F21087 live=1 act=0 PL(-2582,-13950,rot=2048,hp=0)
F21088 live=1 act=0 PL(-2582,-13950,rot=2048,hp=0)
F21089 live=1 act=0 PL(-2582,-13950,rot=2048,hp=0)
F21090 live=1 act=0 PL(-2582,-13950,rot=2048,hp=0)
F21091 live=1 act=0 PL(-2582,-13950,rot=2048,hp=0)
F21092 live=1 act=0 PL(-2582,-13950,rot=2048,hp=0)
F21093 live=1 act=0 PL(-2582,-13950,rot=2048,hp=0)
F21094 live=1 act=0 PL(-2582,-13950,rot=2048,hp=0)
F21095 live=1 act=0 PL(-2582,-13950,rot=2048,hp=0)
F21096 live=1 act=0 PL(-2582,-13950,rot=2048,hp=0)
F21097 live=1 act=0 PL(-2582,-13950,rot=2048,hp=0)
F21098 live=1 act=0 PL(-2582,-13950,rot=2048,hp=0)
F21099 live=1 act=0 PL(-2582,-13950,rot=2048,hp=0)
F21100 live=1 act=0 PL(-2582,-13950,rot=2048,hp=0)
F21101 live=1 act=0 PL(-2582,-13950,rot=2048,hp=0)
F21102 live=1 act=0 PL(-2582,-13950,rot=2048,hp=0)
F21103 live=1 act=0 PL(-2582,-13950,rot=2048,hp=0)
F21104 live=1 act=0 PL(-2582,-13950,rot=2048,hp=0)
F21105 live=1 act=0 PL(-2582,-13950,rot=2048,hp=0)
F21106 live=1 act=0 PL(-2582,-13950,rot=2048,hp=0)
F21107 live=1 act=0 PL(-2582,-13950,rot=2048,hp=0)
F21108 live=1 act=0 PL(-2582,-13950,rot=2048,hp=0)
F21109 live=1 act=0 PL(-2582,-13950,rot=2048,hp=0)
F21110 live=1 act=0 PL(-2582,-13950,rot=2048,hp=0)
F21111 live=1 act=0 PL(-2582,-13950,rot=2048,hp=0)
F21112 live=1 act=0 PL(-2582,-13950,rot=2048,hp=0)
F21113 live=1 act=0 PL(-2582,-13950,rot=2048,hp=0)
F21114 live=1 act=0 PL(-2582,-13950,rot=2048,hp=0)
F21115 live=1 act=0 PL(-2582,-13950,rot=2048,hp=0)
F21116 live=1 act=0 PL(-2582,-13950,rot=2048,hp=0)
F21117 live=1 act=0 PL(-2582,-13950,rot=2048,hp=0)
F21118 live=1 act=0 PL(-2582,-13950,rot=2048,hp=0)
F21119 live=1 act=0 PL(-2582,-13950,rot=2048,hp=0)
F21120 live=1 act=0 PL(-2582,-13950,rot=2048,hp=0)
F21121 live=1 act=0 PL(-2582,-13950,rot=2048,hp=0)
F21122 live=1 act=0 PL(-2582,-13950,rot=2048,hp=0)
F21123 live=1 act=0 PL(-2582,-13950,rot=2048,hp=0)
F21124 live=1 act=0 PL(-2582,-13950,rot=2048,hp=0)
F21125 live=1 act=0 PL(-2582,-13950,rot=2048,hp=0)
F21126 live=1 act=0 PL(-2582,-13950,rot=2048,hp=0)
F21127 live=1 act=0 PL(-2582,-13950,rot=2048,hp=0)
F21128 live=1 act=0 PL(-2582,-13950,rot=2048,hp=0)
F21129 live=1 act=0 PL(-2582,-13950,rot=2048,hp=0)
F21130 live=1 act=0 PL(-2582,-13950,rot=2048,hp=0)
F21131 live=1 act=0 PL(-2582,-13950,rot=2048,hp=0)
F21132 live=1 act=0 PL(-2582,-13950,rot=2048,hp=0)
F21133 live=1 act=0 PL(-2582,-13950,rot=2048,hp=0)
F21134 live=1 act=0 PL(-2582,-13950,rot=2048,hp=0)
F21135 live=1 act=0 PL(-2582,-13950,rot=2048,hp=0)
F21136 live=1 act=0 PL(-2582,-13950,rot=2048,hp=0)
F21137 live=1 act=0 PL(-2582,-13950,rot=2048,hp=0)
F21138 live=1 act=0 PL(-2582,-13950,rot=2048,hp=0)
F21139 live=1 act=0 PL(-2582,-13950,rot=2048,hp=0)
F21140 live=1 act=0 PL(-2582,-13950,rot=2048,hp=0)
F21141 live=1 act=0 PL(-2582,-13950,rot=2048,hp=0)
F21142 live=1 act=0 PL(-2582,-13950,rot=2048,hp=0)
F21143 live=1 act=0 PL(-2582,-13950,rot=2048,hp=0)
F21144 live=1 act=0 PL(-2582,-13950,rot=2048,hp=0)
F21145 live=1 act=0 PL(-2582,-13950,rot=2048,hp=0)
F21146 live=1 act=0 PL(-2582,-13950,rot=2048,hp=0)
F21147 live=1 act=0 PL(-2582,-13950,rot=2048,hp=0)
F21148 live=1 act=0 PL(-2582,-13950,rot=2048,hp=0)
F21149 live=1 act=0 PL(-2582,-13950,rot=2048,hp=0)
F21150 live=1 act=0 PL(-2582,-13950,rot=2048,hp=0)
F21151 live=1 act=0 PL(-2582,-13950,rot=2048,hp=0)
F21152 live=1 act=0 PL(-2582,-13950,rot=2048,hp=0)
F21153 live=1 act=0 PL(-2582,-13950,rot=2048,hp=0)
F21154 live=1 act=0 PL(-2582,-13950,rot=2048,hp=0)
F21155 live=1 act=0 PL(-2582,-13950,rot=2048,hp=0)
F21156 live=1 act=0 PL(-2582,-13950,rot=2048,hp=0)
F21157 live=1 act=0 PL(-2582,-13950,rot=2048,hp=0)
F21158 live=1 act=0 PL(-2582,-13950,rot=2048,hp=0)
F21159 live=1 act=0 PL(-2582,-13950,rot=2048,hp=0)
F21160 live=1 act=0 PL(-2582,-13950,rot=2048,hp=0)
F21161 live=1 act=0 PL(-2582,-13950,rot=2048,hp=0)
F21162 live=1 act=0 PL(-2582,-13950,rot=2048,hp=0)
F21163 live=1 act=0 PL(-2582,-13950,rot=2048,hp=0)
F21164 live=1 act=0 PL(-2582,-13950,rot=2048,hp=0)
F21165 live=1 act=0 PL(-2582,-13950,rot=2048,hp=0)
F21166 live=1 act=0 PL(-2582,-13950,rot=2048,hp=0)
F21167 live=1 act=0 PL(-2582,-13950,rot=2048,hp=0)
F21168 live=1 act=0 PL(-2582,-13950,rot=2048,hp=0)
F21169 live=1 act=0 PL(-2582,-13950,rot=2048,hp=0)
F21170 live=1 act=0 PL(-2582,-13950,rot=2048,hp=0)
F21171 live=1 act=0 PL(-2582,-13950,rot=2048,hp=0)
F21172 live=1 act=0 PL(-2582,-13950,rot=2048,hp=0)
F21173 live=1 act=0 PL(-2582,-13950,rot=2048,hp=0)
F21174 live=1 act=0 PL(-2582,-13950,rot=2048,hp=0)
F21175 live=1 act=0 PL(-2582,-13950,rot=2048,hp=0)
F21176 live=1 act=0 PL(-2582,-13950,rot=2048,hp=0)
F21177 live=1 act=0 PL(-2582,-13950,rot=2048,hp=0)
F21178 live=1 act=0 PL(-2582,-13950,rot=2048,hp=0)
F21179 live=1 act=0 PL(-2582,-13950,rot=2048,hp=0)
F21180 live=1 act=0 PL(-2582,-13950,rot=2048,hp=0)
F21181 live=1 act=0 PL(-2582,-13950,rot=2048,hp=0)
F21182 live=1 act=0 PL(-2582,-13950,rot=2048,hp=0)
F21183 live=1 act=0 PL(-2582,-13950,rot=2048,hp=0)
F21184 live=1 act=0 PL(-2582,-13950,rot=2048,hp=0)
F21185 live=1 act=0 PL(-2582,-13950,rot=2048,hp=0)
F21186 live=1 act=0 PL(-2582,-13950,rot=2048,hp=0)
F21187 live=1 act=0 PL(-2582,-13950,rot=2048,hp=0)
F21188 live=1 act=0 PL(-2582,-13950,rot=2048,hp=0)
F21189 live=1 act=0 PL(-2582,-13950,rot=2048,hp=0)
F21190 live=1 act=0 PL(-2582,-13950,rot=2048,hp=0)
F21191 live=1 act=0 PL(-2582,-13950,rot=2048,hp=0)
F21192 live=1 act=0 PL(-2582,-13950,rot=2048,hp=0)
F21193 live=1 act=0 PL(-2582,-13950,rot=2048,hp=0)
F21194 live=1 act=0 PL(-2582,-13950,rot=2048,hp=0)
F21195 live=1 act=0 PL(-2582,-13950,rot=2048,hp=0)
F21196 live=1 act=0 PL(-2582,-13950,rot=2048,hp=0)
F21197 live=1 act=0 PL(-2582,-13950,rot=2048,hp=0)
F21198 live=1 act=0 PL(-2582,-13950,rot=2048,hp=0)
F21199 live=1 act=0 PL(-2582,-13950,rot=2048,hp=0)
F21200 live=1 act=0 PL(-2582,-13950,rot=2048,hp=0)
F21201 live=1 act=0 PL(-2582,-13950,rot=2048,hp=0)
F21202 live=1 act=0 PL(-2582,-13950,rot=2048,hp=0)
F21203 live=1 act=0 PL(-2582,-13950,rot=2048,hp=0)
F21204 live=1 act=0 PL(-2582,-13950,rot=2048,hp=0)
F21205 live=1 act=0 PL(-2582,-13950,rot=2048,hp=0)
F21206 live=1 act=0 PL(-2582,-13950,rot=2048,hp=0)
F21207 live=1 act=0 PL(-2582,-13950,rot=2048,hp=0)
F21208 live=1 act=0 PL(-2582,-13950,rot=2048,hp=0)
F21209 live=1 act=0 PL(-2582,-13950,rot=2048,hp=0)
F21210 live=1 act=0 PL(-2582,-13950,rot=2048,hp=0)
F21211 live=1 act=0 PL(-2582,-13950,rot=2048,hp=0)
F21212 live=1 act=0 PL(-2582,-13950,rot=2048,hp=0)
F21213 live=1 act=0 PL(-2582,-13950,rot=2048,hp=0)
F21214 live=1 act=0 PL(-2582,-13950,rot=2048,hp=0)
F21215 live=1 act=0 PL(-2582,-13950,rot=2048,hp=0)
F21216 live=1 act=0 PL(-2582,-13950,rot=2048,hp=0)
F21217 live=1 act=0 PL(-2582,-13950,rot=2048,hp=0)
F21218 live=1 act=0 PL(-2582,-13950,rot=2048,hp=0)
F21219 live=1 act=0 PL(-2582,-13950,rot=2048,hp=0)
F21220 live=1 act=0 PL(-2582,-13950,rot=2048,hp=0)
F21221 live=1 act=0 PL(-2582,-13950,rot=2048,hp=0)
F21222 live=1 act=0 PL(-2582,-13950,rot=2048,hp=0)
F21223 live=1 act=0 PL(-2582,-13950,rot=2048,hp=0)
F21224 live=1 act=0 PL(-2582,-13950,rot=2048,hp=0)
F21225 live=1 act=0 PL(-2582,-13950,rot=2048,hp=0)
F21226 live=1 act=0 PL(-2582,-13950,rot=2048,hp=0)
F21227 live=1 act=0 PL(-2582,-13950,rot=2048,hp=0)
F21228 live=1 act=0 PL(-2582,-13950,rot=2048,hp=0)
F21229 live=1 act=0 PL(-2582,-13950,rot=2048,hp=0)
F21230 live=1 act=0 PL(-2582,-13950,rot=2048,hp=0)
F21231 live=1 act=0 PL(-2582,-13950,rot=2048,hp=0)
F21232 live=1 act=0 PL(-2582,-13950,rot=2048,hp=0)
F21233 live=1 act=0 PL(-2582,-13950,rot=2048,hp=0)
F21234 live=1 act=0 PL(-2582,-13950,rot=2048,hp=0)
F21235 live=1 act=0 PL(-2582,-13950,rot=2048,hp=0)
F21236 live=1 act=0 PL(-2582,-13950,rot=2048,hp=0)
F21237 live=1 act=0 PL(-2582,-13950,rot=2048,hp=0)
F21238 live=1 act=0 PL(-2582,-13950,rot=2048,hp=0)
F21239 live=1 act=0 PL(-2582,-13950,rot=2048,hp=0)
F21240 live=1 act=0 PL(-2582,-13950,rot=2048,hp=0)
F21241 live=1 act=0 PL(-2582,-13950,rot=2048,hp=0)
F21242 live=1 act=0 PL(-2582,-13950,rot=2048,hp=0)
F21243 live=1 act=0 PL(-2582,-13950,rot=2048,hp=0)
F21244 live=1 act=0 PL(-2582,-13950,rot=2048,hp=0)
F21245 live=1 act=0 PL(-2582,-13950,rot=2048,hp=0)
F21246 live=1 act=0 PL(-2582,-13950,rot=2048,hp=0)
F21247 live=1 act=0 PL(-2582,-13950,rot=2048,hp=0)
F21248 live=1 act=0 PL(-2582,-13950,rot=2048,hp=0)
F21249 live=1 act=0 PL(-2582,-13950,rot=2048,hp=0)
F21250 live=1 act=0 PL(-2582,-13950,rot=2048,hp=0)
F21251 live=1 act=0 PL(-2582,-13950,rot=2048,hp=0)
F21252 live=1 act=0 PL(-2582,-13950,rot=2048,hp=0)
F21253 live=1 act=0 PL(-2582,-13950,rot=2048,hp=0)
F21254 live=1 act=0 PL(-2582,-13950,rot=2048,hp=0)
F21255 live=1 act=0 PL(-2582,-13950,rot=2048,hp=0)
F21256 live=1 act=0 PL(-2582,-13950,rot=2048,hp=0)
F21257 live=1 act=0 PL(-2582,-13950,rot=2048,hp=0)
F21258 live=1 act=0 PL(-2582,-13950,rot=2048,hp=0)
F21259 live=1 act=0 PL(-2582,-13950,rot=2048,hp=0)
F21260 live=1 act=0 PL(-2582,-13950,rot=2048,hp=0)
F21261 live=1 act=0 PL(-2582,-13950,rot=2048,hp=0)
F21262 live=1 act=0 PL(-2582,-13950,rot=2048,hp=0)
F21263 live=1 act=0 PL(-2582,-13950,rot=2048,hp=0)
F21264 live=1 act=0 PL(-2582,-13950,rot=2048,hp=0)
F21265 live=1 act=0 PL(-2582,-13950,rot=2048,hp=0)
F21266 live=1 act=0 PL(-2582,-13950,rot=2048,hp=0)
F21267 live=1 act=0 PL(-2582,-13950,rot=2048,hp=0)
F21268 live=1 act=0 PL(-2582,-13950,rot=2048,hp=0)
F21269 live=1 act=0 PL(-2582,-13950,rot=2048,hp=0)
F21270 live=1 act=0 PL(-2582,-13950,rot=2048,hp=0)
F21271 live=1 act=0 PL(-2582,-13950,rot=2048,hp=0)
F21272 live=1 act=0 PL(-2582,-13950,rot=2048,hp=0)
F21273 live=1 act=0 PL(-2582,-13950,rot=2048,hp=0)
F21274 live=1 act=0 PL(-2582,-13950,rot=2048,hp=0)
F21275 live=1 act=0 PL(-2582,-13950,rot=2048,hp=0)
F21276 live=1 act=0 PL(-2582,-13950,rot=2048,hp=0)
F21277 live=1 act=0 PL(-2582,-13950,rot=2048,hp=0)
F21278 live=1 act=0 PL(-2582,-13950,rot=2048,hp=0)
F21279 live=1 act=0 PL(-2582,-13950,rot=2048,hp=0)
F21280 live=1 act=0 PL(-2582,-13950,rot=2048,hp=0)
F21281 live=1 act=0 PL(-2582,-13950,rot=2048,hp=0)
F21282 live=1 act=0 PL(-2582,-13950,rot=2048,hp=0)
F21283 live=1 act=0 PL(-2582,-13950,rot=2048,hp=0)
F21284 live=1 act=0 PL(-2582,-13950,rot=2048,hp=0)
F21285 live=1 act=0 PL(-2582,-13950,rot=2048,hp=0)
F21286 live=1 act=0 PL(-2582,-13950,rot=2048,hp=0)
F21287 live=1 act=0 PL(-2582,-13950,rot=2048,hp=0)
F21288 live=1 act=0 PL(-2582,-13950,rot=2048,hp=0)
F21289 live=1 act=0 PL(-2582,-13950,rot=2048,hp=0)
F21290 live=1 act=0 PL(-2582,-13950,rot=2048,hp=0)
F21291 live=1 act=0 PL(-2582,-13950,rot=2048,hp=0)
F21292 live=1 act=0 PL(-2582,-13950,rot=2048,hp=0)
F21293 live=1 act=0 PL(-2582,-13950,rot=2048,hp=0)
F21294 live=1 act=0 PL(-2582,-13950,rot=2048,hp=0)
F21295 live=1 act=0 PL(-2582,-13950,rot=2048,hp=0)
F21296 live=1 act=0 PL(-2582,-13950,rot=2048,hp=0)
F21297 live=1 act=0 PL(-2582,-13950,rot=2048,hp=0)
F21298 live=1 act=0 PL(-2582,-13950,rot=2048,hp=0)
F21299 live=1 act=0 PL(-2582,-13950,rot=2048,hp=0)
F21300 live=1 act=0 PL(-2582,-13950,rot=2048,hp=0)
F21301 live=1 act=0 PL(-2582,-13950,rot=2048,hp=0)
F21302 live=1 act=0 PL(-2582,-13950,rot=2048,hp=0)
F21303 live=1 act=0 PL(-2582,-13950,rot=2048,hp=0)
F21304 live=1 act=0 PL(-2582,-13950,rot=2048,hp=0)
F21305 live=1 act=0 PL(-2582,-13950,rot=2048,hp=0)
F21306 live=1 act=0 PL(-2582,-13950,rot=2048,hp=0)
F21307 live=1 act=0 PL(-2582,-13950,rot=2048,hp=0)
F21308 live=1 act=0 PL(-2582,-13950,rot=2048,hp=0)
F21309 live=1 act=0 PL(-2582,-13950,rot=2048,hp=0)
F21310 live=1 act=0 PL(-2582,-13950,rot=2048,hp=0)
F21311 live=1 act=0 PL(-2582,-13950,rot=2048,hp=0)
F21312 live=1 act=0 PL(-2582,-13950,rot=2048,hp=0)
F21313 live=1 act=0 PL(-2582,-13950,rot=2048,hp=0)
F21314 live=1 act=0 PL(-2582,-13950,rot=2048,hp=0)
F21315 live=1 act=0 PL(-2582,-13950,rot=2048,hp=0)
F21316 live=1 act=0 PL(-2582,-13950,rot=2048,hp=0)
F21317 live=1 act=0 PL(-2582,-13950,rot=2048,hp=0)
F21318 live=1 act=0 PL(-2582,-13950,rot=2048,hp=0)
F21319 live=1 act=0 PL(-2582,-13950,rot=2048,hp=0)
F21320 live=1 act=0 PL(-2582,-13950,rot=2048,hp=0)
F21321 live=1 act=0 PL(-2582,-13950,rot=2048,hp=0)
F21322 live=1 act=0 PL(-2582,-13950,rot=2048,hp=0)
F21323 live=1 act=0 PL(-2582,-13950,rot=2048,hp=0)
F21324 live=1 act=0 PL(-2582,-13950,rot=2048,hp=0)
F21325 live=1 act=0 PL(-2582,-13950,rot=2048,hp=0)
F21326 live=1 act=0 PL(-2582,-13950,rot=2048,hp=0)
F21327 live=1 act=0 PL(-2582,-13950,rot=2048,hp=0)
F21328 live=1 act=0 PL(-2582,-13950,rot=2048,hp=0)
F21329 live=1 act=0 PL(-2582,-13950,rot=2048,hp=0)
F21330 live=1 act=0 PL(-2582,-13950,rot=2048,hp=0)
F21331 live=1 act=0 PL(-2582,-13950,rot=2048,hp=0)
F21332 live=1 act=0 PL(-2582,-13950,rot=2048,hp=0)
F21333 live=1 act=0 PL(-2582,-13950,rot=2048,hp=0)
F21334 live=1 act=0 PL(-2582,-13950,rot=2048,hp=0)
F21335 live=1 act=0 PL(-2582,-13950,rot=2048,hp=0)
F21336 live=1 act=0 PL(-2582,-13950,rot=2048,hp=0)
F21337 live=1 act=0 PL(-2582,-13950,rot=2048,hp=0)
F21338 live=1 act=0 PL(-2582,-13950,rot=2048,hp=0)
F21339 live=1 act=0 PL(-2582,-13950,rot=2048,hp=0)
F21340 live=1 act=0 PL(-2582,-13950,rot=2048,hp=0)
F21341 live=1 act=0 PL(-2582,-13950,rot=2048,hp=0)
F21342 live=1 act=0 PL(-2582,-13950,rot=2048,hp=0)
F21343 live=1 act=0 PL(-2582,-13950,rot=2048,hp=0)
F21344 live=1 act=0 PL(-2582,-13950,rot=2048,hp=0)
F21345 live=1 act=0 PL(-2582,-13950,rot=2048,hp=0)
F21346 live=1 act=0 PL(-2582,-13950,rot=2048,hp=0)
F21347 live=1 act=0 PL(-2582,-13950,rot=2048,hp=0)
F21348 live=1 act=0 PL(-2582,-13950,rot=2048,hp=0)
F21349 live=1 act=0 PL(-2582,-13950,rot=2048,hp=0)
F21350 live=1 act=0 PL(-2582,-13950,rot=2048,hp=0)
F21351 live=1 act=0 PL(-2582,-13950,rot=2048,hp=0)
F21352 live=1 act=0 PL(-2582,-13950,rot=2048,hp=0)
F21353 live=1 act=0 PL(-2582,-13950,rot=2048,hp=0)
F21354 live=1 act=0 PL(-2582,-13950,rot=2048,hp=0)
F21355 live=1 act=0 PL(-2582,-13950,rot=2048,hp=0)
F21356 live=1 act=0 PL(-2582,-13950,rot=2048,hp=0)
F21357 live=1 act=0 PL(-2582,-13950,rot=2048,hp=0)
F21358 live=1 act=0 PL(-2582,-13950,rot=2048,hp=0)
F21359 live=1 act=0 PL(-2582,-13950,rot=2048,hp=0)
F21360 live=1 act=0 PL(-2582,-13950,rot=2048,hp=0)
F21361 live=1 act=0 PL(-2582,-13950,rot=2048,hp=0)
F21362 live=1 act=0 PL(-2582,-13950,rot=2048,hp=0)
F21363 live=1 act=0 PL(-2582,-13950,rot=2048,hp=0)
F21364 live=1 act=0 PL(-2582,-13950,rot=2048,hp=0)
F21365 live=1 act=0 PL(-2582,-13950,rot=2048,hp=0)
F21366 live=1 act=0 PL(-2582,-13950,rot=2048,hp=0)
F21367 live=1 act=0 PL(-2582,-13950,rot=2048,hp=0)
F21368 live=1 act=0 PL(-2582,-13950,rot=2048,hp=0)
F21369 live=1 act=0 PL(-2582,-13950,rot=2048,hp=0)
F21370 live=1 act=0 PL(-2582,-13950,rot=2048,hp=0)
F21371 live=1 act=0 PL(-2582,-13950,rot=2048,hp=0)
F21372 live=1 act=0 PL(-2582,-13950,rot=2048,hp=0)
F21373 live=1 act=0 PL(-2582,-13950,rot=2048,hp=0)
F21374 live=1 act=0 PL(-2582,-13950,rot=2048,hp=0)
F21375 live=1 act=0 PL(-2582,-13950,rot=2048,hp=0)
F21376 live=1 act=0 PL(-2582,-13950,rot=2048,hp=0)
F21377 live=1 act=0 PL(-2582,-13950,rot=2048,hp=0)
F21378 live=1 act=0 PL(-2582,-13950,rot=2048,hp=0)
F21379 live=1 act=0 PL(-2582,-13950,rot=2048,hp=0)
F21380 live=1 act=0 PL(-2582,-13950,rot=2048,hp=0)
F21381 live=1 act=0 PL(-2582,-13950,rot=2048,hp=0)
F21382 live=1 act=0 PL(-2582,-13950,rot=2048,hp=0)
F21383 live=1 act=0 PL(-2582,-13950,rot=2048,hp=0)
F21384 live=1 act=0 PL(-2582,-13950,rot=2048,hp=0)
F21385 live=1 act=0 PL(-2582,-13950,rot=2048,hp=0)
F21386 live=1 act=0 PL(-2582,-13950,rot=2048,hp=0)
F21387 live=1 act=0 PL(-2582,-13950,rot=2048,hp=0)
F21388 live=1 act=0 PL(-2582,-13950,rot=2048,hp=0)
F21389 live=1 act=0 PL(-2582,-13950,rot=2048,hp=0)
F21390 live=1 act=0 PL(-2582,-13950,rot=2048,hp=0)
F21391 live=1 act=0 PL(-2582,-13950,rot=2048,hp=0)
F21392 live=1 act=0 PL(-2582,-13950,rot=2048,hp=0)
F21393 live=1 act=0 PL(-2582,-13950,rot=2048,hp=0)
F21394 live=1 act=0 PL(-2582,-13950,rot=2048,hp=0)
F21395 live=1 act=0 PL(-2582,-13950,rot=2048,hp=0)
F21396 live=1 act=0 PL(-2582,-13950,rot=2048,hp=0)
F21397 live=1 act=0 PL(-2582,-13950,rot=2048,hp=0)
F21398 live=1 act=0 PL(-2582,-13950,rot=2048,hp=0)
F21399 live=1 act=0 PL(-2582,-13950,rot=2048,hp=0)
F21400 live=1 act=0 PL(-2582,-13950,rot=2048,hp=0)
F21401 live=1 act=0 PL(-2582,-13950,rot=2048,hp=0)
F21402 live=1 act=0 PL(-2582,-13950,rot=2048,hp=0)
F21403 live=1 act=0 PL(-2582,-13950,rot=2048,hp=0)
F21404 live=1 act=0 PL(-2582,-13950,rot=2048,hp=0)
F21405 live=1 act=0 PL(-2582,-13950,rot=2048,hp=0)
F21406 live=1 act=0 PL(-2582,-13950,rot=2048,hp=0)
F21407 live=1 act=0 PL(-2582,-13950,rot=2048,hp=0)
F21408 live=1 act=0 PL(-2582,-13950,rot=2048,hp=0)
F21409 live=1 act=0 PL(-2582,-13950,rot=2048,hp=0)
F21410 live=1 act=0 PL(-2582,-13950,rot=2048,hp=0)
F21411 live=1 act=0 PL(-2582,-13950,rot=2048,hp=0)
F21412 live=1 act=0 PL(-2582,-13950,rot=2048,hp=0)
F21413 live=1 act=0 PL(-2582,-13950,rot=2048,hp=0)
F21414 live=1 act=0 PL(-2582,-13950,rot=2048,hp=0)
F21415 live=1 act=0 PL(-2582,-13950,rot=2048,hp=0)
F21416 live=1 act=0 PL(-2582,-13950,rot=2048,hp=0)
F21417 live=1 act=0 PL(-2582,-13950,rot=2048,hp=0)
F21418 live=1 act=0 PL(-2582,-13950,rot=2048,hp=0)
F21419 live=1 act=0 PL(-2582,-13950,rot=2048,hp=0)
F21420 live=1 act=0 PL(-2582,-13950,rot=2048,hp=0)
F21421 live=1 act=0 PL(-2582,-13950,rot=2048,hp=0)
F21422 live=1 act=0 PL(-2582,-13950,rot=2048,hp=0)
F21423 live=1 act=0 PL(-2582,-13950,rot=2048,hp=0)
F21424 live=1 act=0 PL(-2582,-13950,rot=2048,hp=0)
F21425 live=1 act=0 PL(-2582,-13950,rot=2048,hp=0)
F21426 live=1 act=0 PL(-2582,-13950,rot=2048,hp=0)
F21427 live=1 act=0 PL(-2582,-13950,rot=2048,hp=0)
F21428 live=1 act=0 PL(-2582,-13950,rot=2048,hp=0)
F21429 live=1 act=0 PL(-2582,-13950,rot=2048,hp=0)
F21430 live=1 act=0 PL(-2582,-13950,rot=2048,hp=0)
F21431 live=1 act=0 PL(-2582,-13950,rot=2048,hp=0)
F21432 live=1 act=0 PL(-2582,-13950,rot=2048,hp=0)
F21433 live=1 act=0 PL(-2582,-13950,rot=2048,hp=0)
F21434 live=1 act=0 PL(-2582,-13950,rot=2048,hp=0)
F21435 live=1 act=0 PL(-2582,-13950,rot=2048,hp=0)
F21436 live=1 act=0 PL(-2582,-13950,rot=2048,hp=0)
F21437 live=1 act=0 PL(-2582,-13950,rot=2048,hp=0)
F21438 live=1 act=0 PL(-2582,-13950,rot=2048,hp=0)
F21439 live=1 act=0 PL(-2582,-13950,rot=2048,hp=0)
F21440 live=1 act=0 PL(-2582,-13950,rot=2048,hp=0)
F21441 live=1 act=0 PL(-2582,-13950,rot=2048,hp=0)
F21442 live=1 act=0 PL(-2582,-13950,rot=2048,hp=0)
F21443 live=1 act=0 PL(-2582,-13950,rot=2048,hp=0)
F21444 live=1 act=0 PL(-2582,-13950,rot=2048,hp=0)
F21445 live=1 act=0 PL(-2582,-13950,rot=2048,hp=0)
F21446 live=1 act=0 PL(-2582,-13950,rot=2048,hp=0)
F21447 live=1 act=0 PL(-2582,-13950,rot=2048,hp=0)
F21448 live=1 act=0 PL(-2582,-13950,rot=2048,hp=0)
F21449 live=1 act=0 PL(-2582,-13950,rot=2048,hp=0)
F21450 live=1 act=0 PL(-2582,-13950,rot=2048,hp=0)
F21451 live=1 act=0 PL(-2582,-13950,rot=2048,hp=0)
F21452 live=1 act=0 PL(-2582,-13950,rot=2048,hp=0)
F21453 live=1 act=0 PL(-2582,-13950,rot=2048,hp=0)
F21454 live=1 act=0 PL(-2582,-13950,rot=2048,hp=0)
F21455 live=1 act=0 PL(-2582,-13950,rot=2048,hp=0)
F21456 live=1 act=0 PL(-2582,-13950,rot=2048,hp=0)
F21457 live=1 act=0 PL(-2582,-13950,rot=2048,hp=0)
F21458 live=1 act=0 PL(-2582,-13950,rot=2048,hp=0)
F21459 live=1 act=0 PL(-2582,-13950,rot=2048,hp=0)
F21460 live=1 act=0 PL(-2582,-13950,rot=2048,hp=0)
F21461 live=1 act=0 PL(-2582,-13950,rot=2048,hp=0)
F21462 live=1 act=0 PL(-2582,-13950,rot=2048,hp=0)
F21463 live=1 act=0 PL(-2582,-13950,rot=2048,hp=0)
F21464 live=1 act=0 PL(-2582,-13950,rot=2048,hp=0)
F21465 live=1 act=0 PL(-2582,-13950,rot=2048,hp=0)
F21466 live=1 act=0 PL(-2582,-13950,rot=2048,hp=0)
F21467 live=1 act=0 PL(-2582,-13950,rot=2048,hp=0)
F21468 live=1 act=0 PL(-2582,-13950,rot=2048,hp=0)
F21469 live=1 act=0 PL(-2582,-13950,rot=2048,hp=0)
F21470 live=1 act=0 PL(-2582,-13950,rot=2048,hp=0)
F21471 live=1 act=0 PL(-2582,-13950,rot=2048,hp=0)
F21472 live=1 act=0 PL(-2582,-13950,rot=2048,hp=0)
F21473 live=1 act=0 PL(-2582,-13950,rot=2048,hp=0)
F21474 live=1 act=0 PL(-2582,-13950,rot=2048,hp=0)
F21475 live=1 act=0 PL(-2582,-13950,rot=2048,hp=0)
F21476 live=1 act=0 PL(-2582,-13950,rot=2048,hp=0)
F21477 live=1 act=0 PL(-2582,-13950,rot=2048,hp=0)
F21478 live=1 act=0 PL(-2582,-13950,rot=2048,hp=0)
F21479 live=1 act=0 PL(-2582,-13950,rot=2048,hp=0)
F21480 live=1 act=0 PL(-2582,-13950,rot=2048,hp=0)
F21481 live=1 act=0 PL(-2582,-13950,rot=2048,hp=0)
F21482 live=1 act=0 PL(-2582,-13950,rot=2048,hp=0)
F21483 live=1 act=0 PL(-2582,-13950,rot=2048,hp=0)
F21484 live=1 act=0 PL(-2582,-13950,rot=2048,hp=0)
F21485 live=1 act=0 PL(-2582,-13950,rot=2048,hp=0)
F21486 live=1 act=0 PL(-2582,-13950,rot=2048,hp=0)
F21487 live=1 act=0 PL(-2582,-13950,rot=2048,hp=0)
F21488 live=1 act=0 PL(-2582,-13950,rot=2048,hp=0)
F21489 live=1 act=0 PL(-2582,-13950,rot=2048,hp=0)
F21490 live=1 act=0 PL(-2582,-13950,rot=2048,hp=0)
F21491 live=1 act=0 PL(-2582,-13950,rot=2048,hp=0)
F21492 live=1 act=0 PL(-2582,-13950,rot=2048,hp=0)
F21493 live=1 act=0 PL(-2582,-13950,rot=2048,hp=0)
F21494 live=1 act=0 PL(-2582,-13950,rot=2048,hp=0)
F21495 live=1 act=0 PL(-2582,-13950,rot=2048,hp=0)
F21496 live=1 act=0 PL(-2582,-13950,rot=2048,hp=0)
F21497 live=1 act=0 PL(-2582,-13950,rot=2048,hp=0)
F21498 live=1 act=0 PL(-2582,-13950,rot=2048,hp=0)
F21499 live=1 act=0 PL(-2582,-13950,rot=2048,hp=0)
F21500 live=1 act=0 PL(-2582,-13950,rot=2048,hp=0)
F21501 live=1 act=0 PL(-2582,-13950,rot=2048,hp=0)
F21502 live=1 act=0 PL(-2582,-13950,rot=2048,hp=0)
F21503 live=1 act=0 PL(-2582,-13950,rot=2048,hp=0)
F21504 live=1 act=0 PL(-2582,-13950,rot=2048,hp=0)
F21505 live=1 act=0 PL(-2582,-13950,rot=2048,hp=0)
F21506 live=1 act=0 PL(-2582,-13950,rot=2048,hp=0)
F21507 live=1 act=0 PL(-2582,-13950,rot=2048,hp=0)
F21508 live=1 act=0 PL(-2582,-13950,rot=2048,hp=0)
F21509 live=1 act=0 PL(-2582,-13950,rot=2048,hp=0)
F21510 live=1 act=0 PL(-2582,-13950,rot=2048,hp=0)
F21511 live=1 act=0 PL(-2582,-13950,rot=2048,hp=0)
F21512 live=1 act=0 PL(-2582,-13950,rot=2048,hp=0)
F21513 live=1 act=0 PL(-2582,-13950,rot=2048,hp=0)
F21514 live=1 act=0 PL(-2582,-13950,rot=2048,hp=0)
F21515 live=1 act=0 PL(-2582,-13950,rot=2048,hp=0)
F21516 live=1 act=0 PL(-2582,-13950,rot=2048,hp=0)
F21517 live=1 act=0 PL(-2582,-13950,rot=2048,hp=0)
F21518 live=1 act=0 PL(-2582,-13950,rot=2048,hp=0)
F21519 live=1 act=0 PL(-2582,-13950,rot=2048,hp=0)
F21520 live=1 act=0 PL(-2582,-13950,rot=2048,hp=0)
F21521 live=1 act=0 PL(-2582,-13950,rot=2048,hp=0)
F21522 live=1 act=0 PL(-2582,-13950,rot=2048,hp=0)
F21523 live=1 act=0 PL(-2582,-13950,rot=2048,hp=0)
F21524 live=1 act=0 PL(-2582,-13950,rot=2048,hp=0)
F21525 live=1 act=0 PL(-2582,-13950,rot=2048,hp=0)
F21526 live=1 act=0 PL(-2582,-13950,rot=2048,hp=0)
F21527 live=1 act=0 PL(-2582,-13950,rot=2048,hp=0)
F21528 live=1 act=0 PL(-2582,-13950,rot=2048,hp=0)
F21529 live=1 act=0 PL(-2582,-13950,rot=2048,hp=0)
F21530 live=1 act=0 PL(-2582,-13950,rot=2048,hp=0)
F21531 live=1 act=0 PL(-2582,-13950,rot=2048,hp=0)
F21532 live=1 act=0 PL(-2582,-13950,rot=2048,hp=0)
F21533 live=1 act=0 PL(-2582,-13950,rot=2048,hp=0)
F21534 live=1 act=0 PL(-2582,-13950,rot=2048,hp=0)
F21535 live=1 act=0 PL(-2582,-13950,rot=2048,hp=0)
F21536 live=1 act=0 PL(-2582,-13950,rot=2048,hp=0)
F21537 live=1 act=0 PL(-2582,-13950,rot=2048,hp=0)
F21538 live=1 act=0 PL(-2582,-13950,rot=2048,hp=0)
F21539 live=1 act=0 PL(-2582,-13950,rot=2048,hp=0)
F21540 live=1 act=0 PL(-2582,-13950,rot=2048,hp=0)
F21541 live=1 act=0 PL(-2582,-13950,rot=2048,hp=0)
F21542 live=1 act=0 PL(-2582,-13950,rot=2048,hp=0)
F21543 live=1 act=0 PL(-2582,-13950,rot=2048,hp=0)
F21544 live=1 act=0 PL(-2582,-13950,rot=2048,hp=0)
F21545 live=1 act=0 PL(-2582,-13950,rot=2048,hp=0)
F21546 live=1 act=0 PL(-2582,-13950,rot=2048,hp=0)
F21547 live=1 act=0 PL(-2582,-13950,rot=2048,hp=0)
F21548 live=1 act=0 PL(-2582,-13950,rot=2048,hp=0)
F21549 live=1 act=0 PL(-2582,-13950,rot=2048,hp=0)
F21550 live=1 act=0 PL(-2582,-13950,rot=2048,hp=0)
F21551 live=1 act=0 PL(-2582,-13950,rot=2048,hp=0)
F21552 live=1 act=0 PL(-2582,-13950,rot=2048,hp=0)
F21553 live=1 act=0 PL(-2582,-13950,rot=2048,hp=0)
F21554 live=1 act=0 PL(-2582,-13950,rot=2048,hp=0)
F21555 live=1 act=0 PL(-2582,-13950,rot=2048,hp=0)
F21556 live=1 act=0 PL(-2582,-13950,rot=2048,hp=0)
F21557 live=1 act=0 PL(-2582,-13950,rot=2048,hp=0)
F21558 live=1 act=0 PL(-2582,-13950,rot=2048,hp=0)
F21559 live=1 act=0 PL(-2582,-13950,rot=2048,hp=0)
F21560 live=1 act=0 PL(-2582,-13950,rot=2048,hp=0)
F21561 live=1 act=0 PL(-2582,-13950,rot=2048,hp=0)
F21562 live=1 act=0 PL(-2582,-13950,rot=2048,hp=0)
F21563 live=1 act=0 PL(-2582,-13950,rot=2048,hp=0)
F21564 live=1 act=0 PL(-2582,-13950,rot=2048,hp=0)
F21565 live=1 act=0 PL(-2582,-13950,rot=2048,hp=0)
F21566 live=1 act=0 PL(-2582,-13950,rot=2048,hp=0)
F21567 live=1 act=0 PL(-2582,-13950,rot=2048,hp=0)
F21568 live=1 act=0 PL(-2582,-13950,rot=2048,hp=0)
F21569 live=1 act=0 PL(-2582,-13950,rot=2048,hp=0)
F21570 live=1 act=0 PL(-2582,-13950,rot=2048,hp=0)
F21571 live=1 act=0 PL(-2582,-13950,rot=2048,hp=0)
F21572 live=1 act=0 PL(-2582,-13950,rot=2048,hp=0)
F21573 live=1 act=0 PL(-2582,-13950,rot=2048,hp=0)
F21574 live=1 act=0 PL(-2582,-13950,rot=2048,hp=0)
F21575 live=1 act=0 PL(-2582,-13950,rot=2048,hp=0)
F21576 live=1 act=0 PL(-2582,-13950,rot=2048,hp=0)
F21577 live=1 act=0 PL(-2582,-13950,rot=2048,hp=0)
F21578 live=1 act=0 PL(-2582,-13950,rot=2048,hp=0)
F21579 live=1 act=0 PL(-2582,-13950,rot=2048,hp=0)
F21580 live=1 act=0 PL(-2582,-13950,rot=2048,hp=0)
F21581 live=1 act=0 PL(-2582,-13950,rot=2048,hp=0)
F21582 live=1 act=0 PL(-2582,-13950,rot=2048,hp=0)
F21583 live=1 act=0 PL(-2582,-13950,rot=2048,hp=0)
F21584 live=1 act=0 PL(-2582,-13950,rot=2048,hp=0)
F21585 live=1 act=0 PL(-2582,-13950,rot=2048,hp=0)
F21586 live=1 act=0 PL(-2582,-13950,rot=2048,hp=0)
F21587 live=1 act=0 PL(-2582,-13950,rot=2048,hp=0)
F21588 live=1 act=0 PL(-2582,-13950,rot=2048,hp=0)
F21589 live=1 act=0 PL(-2582,-13950,rot=2048,hp=0)
F21590 live=1 act=0 PL(-2582,-13950,rot=2048,hp=0)
F21591 live=1 act=0 PL(-2582,-13950,rot=2048,hp=0)
F21592 live=1 act=0 PL(-2582,-13950,rot=2048,hp=0)
F21593 live=1 act=0 PL(-2582,-13950,rot=2048,hp=0)
F21594 live=1 act=0 PL(-2582,-13950,rot=2048,hp=0)
F21595 live=1 act=0 PL(-2582,-13950,rot=2048,hp=0)
F21596 live=1 act=0 PL(-2582,-13950,rot=2048,hp=0)
F21597 live=1 act=0 PL(-2582,-13950,rot=2048,hp=0)
F21598 live=1 act=0 PL(-2582,-13950,rot=2048,hp=0)
F21599 live=1 act=0 PL(-2582,-13950,rot=2048,hp=0)
F21600 live=1 act=0 PL(-2582,-13950,rot=2048,hp=0)
F21601 live=1 act=0 PL(-2582,-13950,rot=2048,hp=0)
F21602 live=1 act=0 PL(-2582,-13950,rot=2048,hp=0)
F21603 live=1 act=0 PL(-2582,-13950,rot=2048,hp=0)
F21604 live=1 act=0 PL(-2582,-13950,rot=2048,hp=0)
F21605 live=1 act=0 PL(-2582,-13950,rot=2048,hp=0)
F21606 live=1 act=0 PL(-2582,-13950,rot=2048,hp=0)
F21607 live=1 act=0 PL(-2582,-13950,rot=2048,hp=0)
F21608 live=1 act=0 PL(-2582,-13950,rot=2048,hp=0)
F21609 live=1 act=0 PL(-2582,-13950,rot=2048,hp=0)
F21610 live=1 act=0 PL(-2582,-13950,rot=2048,hp=0)
F21611 live=1 act=0 PL(-2582,-13950,rot=2048,hp=0)
F21612 live=1 act=0 PL(-2582,-13950,rot=2048,hp=0)
F21613 live=1 act=0 PL(-2582,-13950,rot=2048,hp=0)
F21614 live=1 act=0 PL(-2582,-13950,rot=2048,hp=0)
F21615 live=1 act=0 PL(-2582,-13950,rot=2048,hp=0)
F21616 live=1 act=0 PL(-2582,-13950,rot=2048,hp=0)
F21617 live=1 act=0 PL(-2582,-13950,rot=2048,hp=0)
F21618 live=1 act=0 PL(-2582,-13950,rot=2048,hp=0)
F21619 live=1 act=0 PL(-2582,-13950,rot=2048,hp=0)
F21620 live=1 act=0 PL(-2582,-13950,rot=2048,hp=0)
F21621 live=1 act=0 PL(-2582,-13950,rot=2048,hp=0)
F21622 live=1 act=0 PL(-2582,-13950,rot=2048,hp=0)
F21623 live=1 act=0 PL(-2582,-13950,rot=2048,hp=0)
F21624 live=1 act=0 PL(-2582,-13950,rot=2048,hp=0)
F21625 live=1 act=0 PL(-2582,-13950,rot=2048,hp=0)
F21626 live=1 act=0 PL(-2582,-13950,rot=2048,hp=0)
F21627 live=1 act=0 PL(-2582,-13950,rot=2048,hp=0)
F21628 live=1 act=0 PL(-2582,-13950,rot=2048,hp=0)
F21629 live=1 act=0 PL(-2582,-13950,rot=2048,hp=0)
F21630 live=1 act=0 PL(-2582,-13950,rot=2048,hp=0)
F21631 live=1 act=0 PL(-2582,-13950,rot=2048,hp=0)
F21632 live=1 act=0 PL(-2582,-13950,rot=2048,hp=0)
F21633 live=1 act=0 PL(-2582,-13950,rot=2048,hp=0)
F21634 live=1 act=0 PL(-2582,-13950,rot=2048,hp=0)
F21635 live=1 act=0 PL(-2582,-13950,rot=2048,hp=0)
F21636 live=1 act=0 PL(-2582,-13950,rot=2048,hp=0)
F21637 live=1 act=0 PL(-2582,-13950,rot=2048,hp=0)
F21638 live=1 act=0 PL(-2582,-13950,rot=2048,hp=0)
F21639 live=1 act=0 PL(-2582,-13950,rot=2048,hp=0)
F21640 live=1 act=0 PL(-2582,-13950,rot=2048,hp=0)
F21641 live=1 act=0 PL(-2582,-13950,rot=2048,hp=0)
F21642 live=1 act=0 PL(-2582,-13950,rot=2048,hp=0)
F21643 live=1 act=0 PL(-2582,-13950,rot=2048,hp=0)
F21644 live=1 act=0 PL(-2582,-13950,rot=2048,hp=0)
F21645 live=1 act=0 PL(-2582,-13950,rot=2048,hp=0)
F21646 live=1 act=0 PL(-2582,-13950,rot=2048,hp=0)
F21647 live=1 act=0 PL(-2582,-13950,rot=2048,hp=0)
F21648 live=1 act=0 PL(-2582,-13950,rot=2048,hp=0)
F21649 live=1 act=0 PL(-2582,-13950,rot=2048,hp=0)
F21650 live=1 act=0 PL(-2582,-13950,rot=2048,hp=0)
F21651 live=1 act=0 PL(-2582,-13950,rot=2048,hp=0)
F21652 live=1 act=0 PL(-2582,-13950,rot=2048,hp=0)
F21653 live=1 act=0 PL(-2582,-13950,rot=2048,hp=0)
F21654 live=1 act=0 PL(-2582,-13950,rot=2048,hp=0)
F21655 live=1 act=0 PL(-2582,-13950,rot=2048,hp=0)
F21656 live=1 act=0 PL(-2582,-13950,rot=2048,hp=0)
F21657 live=1 act=0 PL(-2582,-13950,rot=2048,hp=0)
F21658 live=1 act=0 PL(-2582,-13950,rot=2048,hp=0)
F21659 live=1 act=0 PL(-2582,-13950,rot=2048,hp=0)
F21660 live=1 act=0 PL(-2582,-13950,rot=2048,hp=0)
F21661 live=1 act=0 PL(-2582,-13950,rot=2048,hp=0)
F21662 live=1 act=0 PL(-2582,-13950,rot=2048,hp=0)
F21663 live=1 act=0 PL(-2582,-13950,rot=2048,hp=0)
F21664 live=1 act=0 PL(-2582,-13950,rot=2048,hp=0)
F21665 live=1 act=0 PL(-2582,-13950,rot=2048,hp=0)
F21666 live=1 act=0 PL(-2582,-13950,rot=2048,hp=0)
F21667 live=1 act=0 PL(-2582,-13950,rot=2048,hp=0)
F21668 live=1 act=0 PL(-2582,-13950,rot=2048,hp=0)
F21669 live=1 act=0 PL(-2582,-13950,rot=2048,hp=0)
F21670 live=1 act=0 PL(-2582,-13950,rot=2048,hp=0)
F21671 live=1 act=0 PL(-2582,-13950,rot=2048,hp=0)
F21672 live=1 act=0 PL(-2582,-13950,rot=2048,hp=0)
F21673 live=1 act=0 PL(-2582,-13950,rot=2048,hp=0)
F21674 live=1 act=0 PL(-2582,-13950,rot=2048,hp=0)
F21675 live=1 act=0 PL(-2582,-13950,rot=2048,hp=0)
F21676 live=1 act=0 PL(-2582,-13950,rot=2048,hp=0)
F21677 live=1 act=0 PL(-2582,-13950,rot=2048,hp=0)
F21678 live=1 act=0 PL(-2582,-13950,rot=2048,hp=0)
F21679 live=1 act=0 PL(-2582,-13950,rot=2048,hp=0)
F21680 live=1 act=0 PL(-2582,-13950,rot=2048,hp=0)
F21681 live=1 act=0 PL(-2582,-13950,rot=2048,hp=0)
F21682 live=1 act=0 PL(-2582,-13950,rot=2048,hp=0)
F21683 live=1 act=0 PL(-2582,-13950,rot=2048,hp=0)
F21684 live=1 act=0 PL(-2582,-13950,rot=2048,hp=0)
F21685 live=1 act=0 PL(-2582,-13950,rot=2048,hp=0)
F21686 live=1 act=0 PL(-2582,-13950,rot=2048,hp=0)
F21687 live=1 act=0 PL(-2582,-13950,rot=2048,hp=0)
F21688 live=1 act=0 PL(-2582,-13950,rot=2048,hp=0)
F21689 live=1 act=0 PL(-2582,-13950,rot=2048,hp=0)
F21690 live=1 act=0 PL(-2582,-13950,rot=2048,hp=0)
F21691 live=1 act=0 PL(-2582,-13950,rot=2048,hp=0)
F21692 live=1 act=0 PL(-2582,-13950,rot=2048,hp=0)
F21693 live=1 act=0 PL(-2582,-13950,rot=2048,hp=0)
F21694 live=1 act=0 PL(-2582,-13950,rot=2048,hp=0)
F21695 live=1 act=0 PL(-2582,-13950,rot=2048,hp=0)
F21696 live=1 act=0 PL(-2582,-13950,rot=2048,hp=0)
F21697 live=1 act=0 PL(-2582,-13950,rot=2048,hp=0)
F21698 live=1 act=0 PL(-2582,-13950,rot=2048,hp=0)
F21699 live=1 act=0 PL(-2582,-13950,rot=2048,hp=0)
F21700 live=1 act=0 PL(-2582,-13950,rot=2048,hp=0)
F21701 live=1 act=0 PL(-2582,-13950,rot=2048,hp=0)
F21702 live=1 act=0 PL(-2582,-13950,rot=2048,hp=0)
F21703 live=1 act=0 PL(-2582,-13950,rot=2048,hp=0)
F21704 live=1 act=0 PL(-2582,-13950,rot=2048,hp=0)
F21705 live=1 act=0 PL(-2582,-13950,rot=2048,hp=0)
F21706 live=1 act=0 PL(-2582,-13950,rot=2048,hp=0)
F21707 live=1 act=0 PL(-2582,-13950,rot=2048,hp=0)
F21708 live=1 act=0 PL(-2582,-13950,rot=2048,hp=0)
F21709 live=1 act=0 PL(-2582,-13950,rot=2048,hp=0)
F21710 live=1 act=0 PL(-2582,-13950,rot=2048,hp=0)
F21711 live=1 act=0 PL(-2582,-13950,rot=2048,hp=0)
F21712 live=1 act=0 PL(-2582,-13950,rot=2048,hp=0)
F21713 live=1 act=0 PL(-2582,-13950,rot=2048,hp=0)
F21714 live=1 act=0 PL(-2582,-13950,rot=2048,hp=0)
F21715 live=1 act=0 PL(-2582,-13950,rot=2048,hp=0)
F21716 live=1 act=0 PL(-2582,-13950,rot=2048,hp=0)
F21717 live=1 act=0 PL(-2582,-13950,rot=2048,hp=0)
F21718 live=1 act=0 PL(-2582,-13950,rot=2048,hp=0)
F21719 live=1 act=0 PL(-2582,-13950,rot=2048,hp=0)
F21720 live=1 act=0 PL(-2582,-13950,rot=2048,hp=0)
F21721 live=1 act=0 PL(-2582,-13950,rot=2048,hp=0)
F21722 live=1 act=0 PL(-2582,-13950,rot=2048,hp=0)
F21723 live=1 act=0 PL(-2582,-13950,rot=2048,hp=0)
F21724 live=1 act=0 PL(-2582,-13950,rot=2048,hp=0)
F21725 live=1 act=0 PL(-2582,-13950,rot=2048,hp=0)
F21726 live=1 act=0 PL(-2582,-13950,rot=2048,hp=0)
F21727 live=1 act=0 PL(-2582,-13950,rot=2048,hp=0)
F21728 live=1 act=0 PL(-2582,-13950,rot=2048,hp=0)
F21729 live=1 act=0 PL(-2582,-13950,rot=2048,hp=0)
F21730 live=1 act=0 PL(-2582,-13950,rot=2048,hp=0)
F21731 live=1 act=0 PL(-2582,-13950,rot=2048,hp=0)
F21732 live=1 act=0 PL(-2582,-13950,rot=2048,hp=0)
F21733 live=1 act=0 PL(-2582,-13950,rot=2048,hp=0)
F21734 live=1 act=0 PL(-2582,-13950,rot=2048,hp=0)
F21735 live=1 act=0 PL(-2582,-13950,rot=2048,hp=0)
F21736 live=1 act=0 PL(-2582,-13950,rot=2048,hp=0)
F21737 live=1 act=0 PL(-2582,-13950,rot=2048,hp=0)
F21738 live=1 act=0 PL(-2582,-13950,rot=2048,hp=0)
F21739 live=1 act=0 PL(-2582,-13950,rot=2048,hp=0)
F21740 live=1 act=0 PL(-2582,-13950,rot=2048,hp=0)
F21741 live=1 act=0 PL(-2582,-13950,rot=2048,hp=0)
F21742 live=1 act=0 PL(-2582,-13950,rot=2048,hp=0)
F21743 live=1 act=0 PL(-2582,-13950,rot=2048,hp=0)
F21744 live=1 act=0 PL(-2582,-13950,rot=2048,hp=0)
F21745 live=1 act=0 PL(-2582,-13950,rot=2048,hp=0)
F21746 live=1 act=0 PL(-2582,-13950,rot=2048,hp=0)
F21747 live=1 act=0 PL(-2582,-13950,rot=2048,hp=0)
F21748 live=1 act=0 PL(-2582,-13950,rot=2048,hp=0)
F21749 live=1 act=0 PL(-2582,-13950,rot=2048,hp=0)
F21750 live=1 act=0 PL(-2582,-13950,rot=2048,hp=0)
F21751 live=1 act=0 PL(-2582,-13950,rot=2048,hp=0)
F21752 live=1 act=0 PL(-2582,-13950,rot=2048,hp=0)
F21753 live=1 act=0 PL(-2582,-13950,rot=2048,hp=0)
F21754 live=1 act=0 PL(-2582,-13950,rot=2048,hp=0)
F21755 live=1 act=0 PL(-2582,-13950,rot=2048,hp=0)
F21756 live=1 act=0 PL(-2582,-13950,rot=2048,hp=0)
F21757 live=1 act=0 PL(-2582,-13950,rot=2048,hp=0)
F21758 live=1 act=0 PL(-2582,-13950,rot=2048,hp=0)
F21759 live=1 act=0 PL(-2582,-13950,rot=2048,hp=0)
F21760 live=1 act=0 PL(-2582,-13950,rot=2048,hp=0)
F21761 live=1 act=0 PL(-2582,-13950,rot=2048,hp=0)
F21762 live=1 act=0 PL(-2582,-13950,rot=2048,hp=0)
F21763 live=1 act=0 PL(-2582,-13950,rot=2048,hp=0)
F21764 live=1 act=0 PL(-2582,-13950,rot=2048,hp=0)
F21765 live=1 act=0 PL(-2582,-13950,rot=2048,hp=0)
F21766 live=1 act=0 PL(-2582,-13950,rot=2048,hp=0)
F21767 live=1 act=0 PL(-2582,-13950,rot=2048,hp=0)
F21768 live=1 act=0 PL(-2582,-13950,rot=2048,hp=0)
F21769 live=1 act=0 PL(-2582,-13950,rot=2048,hp=0)
F21770 live=1 act=0 PL(-2582,-13950,rot=2048,hp=0)
F21771 live=1 act=0 PL(-2582,-13950,rot=2048,hp=0)
F21772 live=1 act=0 PL(-2582,-13950,rot=2048,hp=0)
F21773 live=1 act=0 PL(-2582,-13950,rot=2048,hp=0)
F21774 live=1 act=0 PL(-2582,-13950,rot=2048,hp=0)
F21775 live=1 act=0 PL(-2582,-13950,rot=2048,hp=0)
F21776 live=1 act=0 PL(-2582,-13950,rot=2048,hp=0)
F21777 live=1 act=0 PL(-2582,-13950,rot=2048,hp=0)
F21778 live=1 act=0 PL(-2582,-13950,rot=2048,hp=0)
F21779 live=1 act=0 PL(-2582,-13950,rot=2048,hp=0)
F21780 live=1 act=0 PL(-2582,-13950,rot=2048,hp=0)
F21781 live=1 act=0 PL(-2582,-13950,rot=2048,hp=0)
F21782 live=1 act=0 PL(-2582,-13950,rot=2048,hp=0)
F21783 live=1 act=0 PL(-2582,-13950,rot=2048,hp=0)
F21784 live=1 act=0 PL(-2582,-13950,rot=2048,hp=0)
F21785 live=1 act=0 PL(-2582,-13950,rot=2048,hp=0)
F21786 live=1 act=0 PL(-2582,-13950,rot=2048,hp=0)
F21787 live=1 act=0 PL(-2582,-13950,rot=2048,hp=0)
F21788 live=1 act=0 PL(-2582,-13950,rot=2048,hp=0)
F21789 live=1 act=0 PL(-2582,-13950,rot=2048,hp=0)
F21790 live=1 act=0 PL(-2582,-13950,rot=2048,hp=0)
F21791 live=1 act=0 PL(-2582,-13950,rot=2048,hp=0)
F21792 live=1 act=0 PL(-2582,-13950,rot=2048,hp=0)
F21793 live=1 act=0 PL(-2582,-13950,rot=2048,hp=0)
F21794 live=1 act=0 PL(-2582,-13950,rot=2048,hp=0)
F21795 live=1 act=0 PL(-2582,-13950,rot=2048,hp=0)
F21796 live=1 act=0 PL(-2582,-13950,rot=2048,hp=0)
F21797 live=1 act=0 PL(-2582,-13950,rot=2048,hp=0)
F21798 live=1 act=0 PL(-2582,-13950,rot=2048,hp=0)
F21799 live=1 act=0 PL(-2582,-13950,rot=2048,hp=0)
F21800 live=1 act=0 PL(-2582,-13950,rot=2048,hp=0)
F21801 live=1 act=0 PL(-2582,-13950,rot=2048,hp=0)
F21802 live=1 act=0 PL(-2582,-13950,rot=2048,hp=0)
F21803 live=1 act=0 PL(-2582,-13950,rot=2048,hp=0)
F21804 live=1 act=0 PL(-2582,-13950,rot=2048,hp=0)
F21805 live=1 act=0 PL(-2582,-13950,rot=2048,hp=0)
F21806 live=1 act=0 PL(-2582,-13950,rot=2048,hp=0)
F21807 live=1 act=0 PL(-2582,-13950,rot=2048,hp=0)
F21808 live=1 act=0 PL(-2582,-13950,rot=2048,hp=0)
F21809 live=1 act=0 PL(-2582,-13950,rot=2048,hp=0)
F21810 live=1 act=0 PL(-2582,-13950,rot=2048,hp=0)
F21811 live=1 act=0 PL(-2582,-13950,rot=2048,hp=0)
F21812 live=1 act=0 PL(-2582,-13950,rot=2048,hp=0)
F21813 live=1 act=0 PL(-2582,-13950,rot=2048,hp=0)
F21814 live=1 act=0 PL(-2582,-13950,rot=2048,hp=0)
F21815 live=1 act=0 PL(-2582,-13950,rot=2048,hp=0)
F21816 live=1 act=0 PL(-2582,-13950,rot=2048,hp=0)
F21817 live=1 act=0 PL(-2582,-13950,rot=2048,hp=0)
F21818 live=1 act=0 PL(-2582,-13950,rot=2048,hp=0)
F21819 live=1 act=0 PL(-2582,-13950,rot=2048,hp=0)
F21820 live=1 act=0 PL(-2582,-13950,rot=2048,hp=0)
F21821 live=1 act=0 PL(-2582,-13950,rot=2048,hp=0)
F21822 live=1 act=0 PL(-2582,-13950,rot=2048,hp=0)
F21823 live=1 act=0 PL(-2582,-13950,rot=2048,hp=0)
F21824 live=1 act=0 PL(-2582,-13950,rot=2048,hp=0)
F21825 live=1 act=0 PL(-2582,-13950,rot=2048,hp=0)
F21826 live=1 act=0 PL(-2582,-13950,rot=2048,hp=0)
F21827 live=1 act=0 PL(-2582,-13950,rot=2048,hp=0)
F21828 live=1 act=0 PL(-2582,-13950,rot=2048,hp=0)
F21829 live=1 act=0 PL(-2582,-13950,rot=2048,hp=0)
F21830 live=1 act=0 PL(-2582,-13950,rot=2048,hp=0)
F21831 live=1 act=0 PL(-2582,-13950,rot=2048,hp=0)
F21832 live=1 act=0 PL(-2582,-13950,rot=2048,hp=0)
F21833 live=1 act=0 PL(-2582,-13950,rot=2048,hp=0)
F21834 live=1 act=0 PL(-2582,-13950,rot=2048,hp=0)
F21835 live=1 act=0 PL(-2582,-13950,rot=2048,hp=0)
F21836 live=1 act=0 PL(-2582,-13950,rot=2048,hp=0)
F21837 live=1 act=0 PL(-2582,-13950,rot=2048,hp=0)
F21838 live=1 act=0 PL(-2582,-13950,rot=2048,hp=0)
F21839 live=1 act=0 PL(-2582,-13950,rot=2048,hp=0)
F21840 live=1 act=0 PL(-2582,-13950,rot=2048,hp=0)
F21841 live=1 act=0 PL(-2582,-13950,rot=2048,hp=0)
F21842 live=1 act=0 PL(-2582,-13950,rot=2048,hp=0)
F21843 live=1 act=0 PL(-2582,-13950,rot=2048,hp=0)
F21844 live=1 act=0 PL(-2582,-13950,rot=2048,hp=0)
F21845 live=1 act=0 PL(-2582,-13950,rot=2048,hp=0)
F21846 live=1 act=0 PL(-2582,-13950,rot=2048,hp=0)
F21847 live=1 act=0 PL(-2582,-13950,rot=2048,hp=0)
F21848 live=1 act=0 PL(-2582,-13950,rot=2048,hp=0)
F21849 live=1 act=0 PL(-2582,-13950,rot=2048,hp=0)
F21850 live=1 act=0 PL(-2582,-13950,rot=2048,hp=0)
F21851 live=1 act=0 PL(-2582,-13950,rot=2048,hp=0)
F21852 live=1 act=0 PL(-2582,-13950,rot=2048,hp=0)
F21853 live=1 act=0 PL(-2582,-13950,rot=2048,hp=0)
F21854 live=1 act=0 PL(-2582,-13950,rot=2048,hp=0)
F21855 live=1 act=0 PL(-2582,-13950,rot=2048,hp=0)
F21856 live=1 act=0 PL(-2582,-13950,rot=2048,hp=0)
F21857 live=1 act=0 PL(-2582,-13950,rot=2048,hp=0)
F21858 live=1 act=0 PL(-2582,-13950,rot=2048,hp=0)
F21859 live=1 act=0 PL(-2582,-13950,rot=2048,hp=0)
F21860 live=1 act=0 PL(-2582,-13950,rot=2048,hp=0)
F21861 live=1 act=0 PL(-2582,-13950,rot=2048,hp=0)
F21862 live=1 act=0 PL(-2582,-13950,rot=2048,hp=0)
F21863 live=1 act=0 PL(-2582,-13950,rot=2048,hp=0)
F21864 live=1 act=0 PL(-2582,-13950,rot=2048,hp=0)
F21865 live=1 act=0 PL(-2582,-13950,rot=2048,hp=0)
F21866 live=1 act=0 PL(-2582,-13950,rot=2048,hp=0)
F21867 live=1 act=0 PL(-2582,-13950,rot=2048,hp=0)
F21868 live=1 act=0 PL(-2582,-13950,rot=2048,hp=0)
F21869 live=1 act=0 PL(-2582,-13950,rot=2048,hp=0)
F21870 live=1 act=0 PL(-2582,-13950,rot=2048,hp=0)
F21871 live=1 act=0 PL(-2582,-13950,rot=2048,hp=0)
F21872 live=1 act=0 PL(-2582,-13950,rot=2048,hp=0)
F21873 live=1 act=0 PL(-2582,-13950,rot=2048,hp=0)
F21874 live=1 act=0 PL(-2582,-13950,rot=2048,hp=0)
F21875 live=1 act=0 PL(-2582,-13950,rot=2048,hp=0)
F21876 live=1 act=0 PL(-2582,-13950,rot=2048,hp=0)
F21877 live=1 act=0 PL(-2582,-13950,rot=2048,hp=0)
F21878 live=1 act=0 PL(-2582,-13950,rot=2048,hp=0)
F21879 live=1 act=0 PL(-2582,-13950,rot=2048,hp=0)
F21880 live=1 act=0 PL(-2582,-13950,rot=2048,hp=0)
F21881 live=1 act=0 PL(-2582,-13950,rot=2048,hp=0)
F21882 live=1 act=0 PL(-2582,-13950,rot=2048,hp=0)
F21883 live=1 act=0 PL(-2582,-13950,rot=2048,hp=0)
F21884 live=1 act=0 PL(-2582,-13950,rot=2048,hp=0)
F21885 live=1 act=0 PL(-2582,-13950,rot=2048,hp=0)
F21886 live=1 act=0 PL(-2582,-13950,rot=2048,hp=0)
F21887 live=1 act=0 PL(-2582,-13950,rot=2048,hp=0)
F21888 live=1 act=0 PL(-2582,-13950,rot=2048,hp=0)
F21889 live=1 act=0 PL(-2582,-13950,rot=2048,hp=0)
F21890 live=1 act=0 PL(-2582,-13950,rot=2048,hp=0)
F21891 live=1 act=0 PL(-2582,-13950,rot=2048,hp=0)
F21892 live=1 act=0 PL(-2582,-13950,rot=2048,hp=0)
F21893 live=1 act=0 PL(-2582,-13950,rot=2048,hp=0)
F21894 live=1 act=0 PL(-2582,-13950,rot=2048,hp=0)
F21895 live=1 act=0 PL(-2582,-13950,rot=2048,hp=0)
F21896 live=1 act=0 PL(-2582,-13950,rot=2048,hp=0)
F21897 live=1 act=0 PL(-2582,-13950,rot=2048,hp=0)
F21898 live=1 act=0 PL(-2582,-13950,rot=2048,hp=0)
F21899 live=1 act=0 PL(-2582,-13950,rot=2048,hp=0)
F21900 live=1 act=0 PL(-2582,-13950,rot=2048,hp=0)
F21901 live=1 act=0 PL(-2582,-13950,rot=2048,hp=0)
F21902 live=1 act=0 PL(-2582,-13950,rot=2048,hp=0)
F21903 live=1 act=0 PL(-2582,-13950,rot=2048,hp=0)
F21904 live=1 act=0 PL(-2582,-13950,rot=2048,hp=0)
F21905 live=1 act=0 PL(-2582,-13950,rot=2048,hp=0)
F21906 live=1 act=0 PL(-2582,-13950,rot=2048,hp=0)
F21907 live=1 act=0 PL(-2582,-13950,rot=2048,hp=0)
F21908 live=1 act=0 PL(-2582,-13950,rot=2048,hp=0)
F21909 live=1 act=0 PL(-2582,-13950,rot=2048,hp=0)
F21910 live=1 act=0 PL(-2582,-13950,rot=2048,hp=0)
F21911 live=1 act=0 PL(-2582,-13950,rot=2048,hp=0)
F21912 live=1 act=0 PL(-2582,-13950,rot=2048,hp=0)
F21913 live=1 act=0 PL(-2582,-13950,rot=2048,hp=0)
F21914 live=1 act=0 PL(-2582,-13950,rot=2048,hp=0)
F21915 live=1 act=0 PL(-2582,-13950,rot=2048,hp=0)
F21916 live=1 act=0 PL(-2582,-13950,rot=2048,hp=0)
F21917 live=1 act=0 PL(-2582,-13950,rot=2048,hp=0)
F21918 live=1 act=0 PL(-2582,-13950,rot=2048,hp=0)
F21919 live=1 act=0 PL(-2582,-13950,rot=2048,hp=0)
F21920 live=1 act=0 PL(-2582,-13950,rot=2048,hp=0)
F21921 live=1 act=0 PL(-2582,-13950,rot=2048,hp=0)
F21922 live=1 act=0 PL(-2582,-13950,rot=2048,hp=0)
F21923 live=1 act=0 PL(-2582,-13950,rot=2048,hp=0)
F21924 live=1 act=0 PL(-2582,-13950,rot=2048,hp=0)
F21925 live=1 act=0 PL(-2582,-13950,rot=2048,hp=0)
F21926 live=1 act=0 PL(-2582,-13950,rot=2048,hp=0)
F21927 live=1 act=0 PL(-2582,-13950,rot=2048,hp=0)
F21928 live=1 act=0 PL(-2582,-13950,rot=2048,hp=0)
F21929 live=1 act=0 PL(-2582,-13950,rot=2048,hp=0)
F21930 live=1 act=0 PL(-2582,-13950,rot=2048,hp=0)
F21931 live=1 act=0 PL(-2582,-13950,rot=2048,hp=0)
F21932 live=1 act=0 PL(-2582,-13950,rot=2048,hp=0)
F21933 live=1 act=0 PL(-2582,-13950,rot=2048,hp=0)
F21934 live=1 act=0 PL(-2582,-13950,rot=2048,hp=0)
F21935 live=1 act=0 PL(-2582,-13950,rot=2048,hp=0)
F21936 live=1 act=0 PL(-2582,-13950,rot=2048,hp=0)
F21937 live=1 act=0 PL(-2582,-13950,rot=2048,hp=0)
F21938 live=1 act=0 PL(-2582,-13950,rot=2048,hp=0)
F21939 live=1 act=0 PL(-2582,-13950,rot=2048,hp=0)
F21940 live=1 act=0 PL(-2582,-13950,rot=2048,hp=0)
F21941 live=1 act=0 PL(-2582,-13950,rot=2048,hp=0)
F21942 live=1 act=0 PL(-2582,-13950,rot=2048,hp=0)
F21943 live=1 act=0 PL(-2582,-13950,rot=2048,hp=0)
F21944 live=1 act=0 PL(-2582,-13950,rot=2048,hp=0)
F21945 live=1 act=0 PL(-2582,-13950,rot=2048,hp=0)
F21946 live=1 act=0 PL(-2582,-13950,rot=2048,hp=0)
F21947 live=1 act=0 PL(-2582,-13950,rot=2048,hp=0)
F21948 live=1 act=0 PL(-2582,-13950,rot=2048,hp=0)
F21949 live=1 act=0 PL(-2582,-13950,rot=2048,hp=0)
F21950 live=1 act=0 PL(-2582,-13950,rot=2048,hp=0)
F21951 live=1 act=0 PL(-2582,-13950,rot=2048,hp=0)
F21952 live=1 act=0 PL(-2582,-13950,rot=2048,hp=0)
