# parity_trace loaded
# script=W60,R24,U240 frames=324 start=60 jumpleft=16
F120 live=0 act=0 PL(0,0,rot=0,hp=0)
F240 live=0 act=0 PL(0,0,rot=0,hp=0)
F360 live=0 act=0 PL(0,0,rot=0,hp=0)
F480 live=0 act=0 PL(0,0,rot=0,hp=0)
F600 live=0 act=0 PL(0,0,rot=0,hp=0)
F720 live=0 act=0 PL(0,0,rot=0,hp=0)
F840 live=0 act=0 PL(0,0,rot=0,hp=0)
F960 live=0 act=0 PL(0,0,rot=0,hp=0)
F1080 live=0 act=0 PL(0,0,rot=0,hp=0)
F1200 live=0 act=0 PL(0,0,rot=0,hp=0)
F1320 live=0 act=0 PL(0,0,rot=0,hp=0)
F1440 live=0 act=0 PL(0,0,rot=0,hp=0)
F1560 live=0 act=0 PL(0,0,rot=0,hp=0)
F1680 live=0 act=0 PL(0,0,rot=0,hp=0)
F1800 live=0 act=0 PL(0,0,rot=0,hp=0)
F1920 live=0 act=0 PL(0,0,rot=0,hp=0)
F2040 live=0 act=0 PL(0,0,rot=0,hp=0)
F2160 live=0 act=0 PL(0,0,rot=0,hp=0)
F2280 live=0 act=0 PL(0,0,rot=0,hp=0)
F2400 live=0 act=0 PL(0,0,rot=0,hp=0)
F2520 live=0 act=0 PL(0,0,rot=0,hp=0)
F2640 live=0 act=0 PL(0,0,rot=0,hp=0)
F2760 live=0 act=0 PL(0,0,rot=0,hp=0)
F2880 live=0 act=0 PL(0,0,rot=0,hp=0)
F3000 live=0 act=0 PL(0,0,rot=0,hp=0)
F3120 live=0 act=0 PL(0,0,rot=0,hp=0)
F3240 live=0 act=0 PL(0,0,rot=0,hp=0)
F3360 live=0 act=0 PL(0,0,rot=0,hp=0)
F3480 live=0 act=0 PL(0,0,rot=0,hp=0)
F3600 live=0 act=0 PL(0,0,rot=0,hp=0)
F3720 live=0 act=0 PL(0,0,rot=0,hp=0)
F3840 live=0 act=0 PL(0,0,rot=0,hp=0)
F3960 live=0 act=0 PL(0,0,rot=0,hp=0)
F4080 live=0 act=0 PL(0,0,rot=0,hp=0)
F4200 live=0 act=0 PL(0,0,rot=0,hp=0)
F4320 live=0 act=0 PL(0,0,rot=0,hp=0)
F4440 live=0 act=0 PL(0,0,rot=0,hp=0)
F4560 live=0 act=0 PL(0,0,rot=0,hp=0)
F4680 live=0 act=0 PL(0,0,rot=0,hp=0)
F4800 live=0 act=0 PL(0,0,rot=0,hp=0)
F4920 live=0 act=0 PL(0,0,rot=0,hp=0)
F5040 live=0 act=0 PL(0,0,rot=0,hp=0)
F5160 live=0 act=0 PL(0,0,rot=0,hp=0)
F5280 live=0 act=0 PL(0,0,rot=0,hp=0)
F5400 live=0 act=0 PL(0,0,rot=0,hp=0)
F5520 live=0 act=0 PL(0,0,rot=0,hp=0)
F5640 live=0 act=0 PL(0,0,rot=0,hp=0)
F5760 live=0 act=0 PL(0,0,rot=0,hp=0)
F5880 live=0 act=0 PL(0,0,rot=0,hp=0)
F6000 live=0 act=0 PL(0,0,rot=0,hp=0)
F6120 live=0 act=0 PL(0,0,rot=0,hp=0)
F6240 live=0 act=0 PL(0,0,rot=0,hp=0)
F6360 live=0 act=0 PL(0,0,rot=0,hp=0)
F6480 live=0 act=0 PL(0,0,rot=0,hp=0)
F6600 live=0 act=0 PL(0,0,rot=0,hp=0)
F6720 live=0 act=0 PL(0,0,rot=0,hp=0)
F6840 live=0 act=0 PL(0,0,rot=0,hp=0)
F6960 live=0 act=0 PL(0,0,rot=0,hp=0)
F7080 live=0 act=0 PL(0,0,rot=0,hp=0)
F7200 live=0 act=0 PL(0,0,rot=0,hp=0)
F7320 live=0 act=0 PL(0,0,rot=0,hp=0)
F7440 live=0 act=0 PL(0,0,rot=0,hp=0)
F7560 live=0 act=0 PL(0,0,rot=0,hp=0)
F7680 live=0 act=0 PL(0,0,rot=0,hp=0)
F7800 live=0 act=0 PL(0,0,rot=0,hp=0)
F7920 live=0 act=0 PL(0,0,rot=0,hp=0)
F8040 live=0 act=0 PL(0,0,rot=0,hp=0)
F8160 live=0 act=0 PL(0,0,rot=0,hp=0)
F8280 live=0 act=0 PL(0,0,rot=0,hp=0)
F8400 live=0 act=0 PL(0,0,rot=0,hp=0) [0 t=00 st=0 ss1=0 ss2=0 ss3=0 g=01 mo=2 af=0 d=0 @(-1568,0,r1028)] [1 t=00 st=0 ss1=0 ss2=0 ss3=0 g=01 mo=2 af=0 d=0 @(1568,0,r1028)]
F8520 live=0 act=0 PL(0,0,rot=0,hp=0) [0 t=00 st=0 ss1=0 ss2=0 ss3=0 g=01 mo=2 af=7 d=0 @(-1568,0,r1028)] [1 t=00 st=0 ss1=0 ss2=0 ss3=0 g=01 mo=2 af=7 d=0 @(1568,0,r1028)]
F8640 live=0 act=0 PL(0,0,rot=0,hp=0) [0 t=00 st=0 ss1=0 ss2=0 ss3=0 g=01 mo=2 af=15 d=0 @(-1568,0,r1028)] [1 t=00 st=0 ss1=0 ss2=0 ss3=0 g=01 mo=2 af=15 d=0 @(1568,0,r1028)]
F8760 live=0 act=0 PL(0,0,rot=0,hp=0) [0 t=00 st=0 ss1=0 ss2=0 ss3=0 g=01 mo=2 af=23 d=0 @(-983,0,r1148)]
F8880 live=0 act=0 PL(0,0,rot=0,hp=0) [0 t=00 st=0 ss1=0 ss2=0 ss3=0 g=01 mo=2 af=31 d=0 @(31,0,r1356)]
F9000 live=0 act=0 PL(3940,14167,rot=-2904,hp=-7200)
F9120 live=0 act=0 PL(3940,14167,rot=-2904,hp=-7200)
F9240 live=0 act=0 PL(3940,14167,rot=-2904,hp=-7200)
F9360 live=0 act=0 PL(3940,14167,rot=-2904,hp=-7200)
F9480 live=0 act=0 PL(-26214,-3861,rot=0,hp=0)
F9600 live=0 act=0 PL(-26214,-3861,rot=0,hp=0)
F9720 live=0 act=0 PL(-26214,-3861,rot=0,hp=0)
F9840 live=0 act=0 PL(-26214,-3861,rot=0,hp=0)
F9960 live=0 act=0 PL(-26214,-3861,rot=0,hp=0)
F10080 live=0 act=0 PL(-26214,-3861,rot=0,hp=0)
F10200 live=0 act=0 PL(-26214,-3861,rot=0,hp=0)
F10320 live=0 act=0 PL(-26214,-3861,rot=0,hp=0)
F10440 live=0 act=0 PL(-26214,-3861,rot=0,hp=0)
F10560 live=0 act=0 PL(-26214,-3861,rot=0,hp=0)
F10680 live=0 act=0 PL(-26214,-3861,rot=0,hp=0)
F10800 live=0 act=0 PL(-26214,-3861,rot=0,hp=0)
F10920 live=0 act=0 PL(-26214,-3861,rot=0,hp=0)
F11040 live=0 act=0 PL(-26214,-3861,rot=0,hp=0)
F11160 live=0 act=0 PL(-26214,-3861,rot=0,hp=0)
F11280 live=0 act=0 PL(-26214,-3861,rot=0,hp=0)
F11400 live=0 act=0 PL(-26214,-3861,rot=0,hp=0)
F11520 live=0 act=0 PL(-26214,-3861,rot=0,hp=0)
F11640 live=0 act=0 PL(-26214,-3861,rot=0,hp=0)
F11760 live=0 act=0 PL(-26214,-3861,rot=0,hp=0)
F11880 live=0 act=0 PL(-26214,-3861,rot=0,hp=0)
F12000 live=0 act=0 PL(-26214,-3861,rot=0,hp=0)
F12120 live=0 act=0 PL(-26214,-3861,rot=0,hp=0)
F12240 live=0 act=0 PL(-26214,-3861,rot=0,hp=0)
F12360 live=0 act=0 PL(-26214,-3861,rot=0,hp=0)
F12480 live=0 act=0 PL(-26214,-3861,rot=0,hp=0)
F12600 live=0 act=0 PL(-26214,-3861,rot=0,hp=0)
F12720 live=0 act=0 PL(-26214,-3861,rot=0,hp=0)
F12840 live=0 act=0 PL(-26214,-3861,rot=0,hp=0)
F12960 live=0 act=0 PL(-26214,-3861,rot=0,hp=0)
F13080 live=0 act=0 PL(-26214,-3861,rot=0,hp=0)
F13200 live=0 act=0 PL(-26214,-3861,rot=0,hp=0)
F13320 live=0 act=0 PL(-26214,-3861,rot=0,hp=0)
F13440 live=0 act=0 PL(-26214,-3861,rot=0,hp=0)
F13560 live=0 act=0 PL(-26214,-3861,rot=0,hp=0)
F13680 live=0 act=0 PL(-26214,-3861,rot=0,hp=0)
F13800 live=0 act=0 PL(2300,14365,rot=1024,hp=-7200)
F13920 live=0 act=0 PL(2300,14365,rot=1024,hp=-7200) [0 t=47 st=0 ss1=0 ss2=0 ss3=0 g=40 mo=2 af=37 d=0 @(1261,10091,r1199)]
# f13921 GAMEPLAY (act=1) -> debug JUMP, 16 steps left
F14040 live=0 act=1 PL(-31000,31000,rot=1024,hp=-7200) [0 t=47 st=4 ss1=0 ss2=1 ss3=0 g=40 mo=15 af=6 d=38200 @(-2196,5870,r1509)]
F14160 live=0 act=1 PL(-31000,31000,rot=1024,hp=-7200) [0 t=47 st=4 ss1=0 ss2=1 ss3=0 g=40 mo=15 af=16 d=38200 @(-2196,5870,r1509)]
F14280 live=0 act=1 PL(-31000,31000,rot=1024,hp=-7200) [0 t=47 st=4 ss1=0 ss2=2 ss3=0 g=40 mo=15 af=0 d=38200 @(-2196,5870,r1509)]
F14400 live=0 act=1 PL(-31000,31000,rot=1024,hp=-7200) [0 t=47 st=4 ss1=0 ss2=2 ss3=0 g=40 mo=15 af=0 d=38200 @(-2196,5870,r1509)]
F14520 live=0 act=1 PL(-31000,31000,rot=1024,hp=-7200) [0 t=47 st=4 ss1=0 ss2=2 ss3=0 g=40 mo=20 af=0 d=38200 @(-2196,5870,r1509)]
F14640 live=0 act=1 PL(-31000,31000,rot=1024,hp=-7200) [0 t=47 st=4 ss1=0 ss2=1 ss3=0 g=40 mo=16 af=4 d=38200 @(-2196,5870,r1509)]
F14760 live=0 act=1 PL(-31000,31000,rot=1024,hp=-7200) [0 t=47 st=4 ss1=0 ss2=1 ss3=0 g=40 mo=17 af=14 d=38200 @(-2196,5870,r1509)]
F14880 live=0 act=1 PL(-31000,31000,rot=1024,hp=-7200) [0 t=47 st=4 ss1=0 ss2=2 ss3=0 g=40 mo=17 af=0 d=38200 @(-2196,5870,r1509)]
F15000 live=0 act=1 PL(-31000,31000,rot=1024,hp=-7200) [0 t=47 st=4 ss1=0 ss2=2 ss3=0 g=40 mo=17 af=0 d=38200 @(-2196,5870,r1509)]
F15120 live=0 act=1 PL(-31000,31000,rot=1024,hp=-7200) [0 t=47 st=4 ss1=0 ss2=2 ss3=0 g=40 mo=17 af=0 d=1498 @(-31000,29500,r1509)]
# f15122 ROOM LIVE (act=1)
F15122 live=1 act=1 PL(-31000,31000,rot=1024,hp=-7200) [0 t=47 st=4 ss1=0 ss2=2 ss3=0 g=40 mo=17 af=0 d=1498 @(-31000,29500,r1509)]
F15123 live=1 act=1 PL(-31000,31000,rot=1024,hp=-7200) [0 t=47 st=4 ss1=0 ss2=2 ss3=0 g=40 mo=17 af=0 d=1498 @(-31000,29500,r1509)]
F15124 live=1 act=1 PL(-31000,31000,rot=1024,hp=-7200) [0 t=47 st=4 ss1=0 ss2=2 ss3=0 g=40 mo=17 af=0 d=1498 @(-31000,29500,r1509)]
F15125 live=1 act=1 PL(-31000,31000,rot=1024,hp=-7200) [0 t=47 st=4 ss1=0 ss2=2 ss3=0 g=40 mo=17 af=0 d=1498 @(-31000,29500,r1509)]
F15126 live=1 act=1 PL(-31000,31000,rot=1024,hp=-7200) [0 t=47 st=4 ss1=0 ss2=2 ss3=0 g=40 mo=17 af=0 d=1498 @(-31000,29500,r1509)]
F15127 live=1 act=1 PL(-31000,31000,rot=1024,hp=-7200) [0 t=47 st=4 ss1=0 ss2=2 ss3=0 g=40 mo=17 af=0 d=1498 @(-31000,29500,r1509)]
F15128 live=1 act=1 PL(-31000,31000,rot=1024,hp=-7200) [0 t=47 st=4 ss1=0 ss2=2 ss3=0 g=40 mo=17 af=0 d=1498 @(-31000,29500,r1509)]
F15129 live=1 act=1 PL(-31000,31000,rot=1024,hp=-7200) [0 t=47 st=4 ss1=0 ss2=2 ss3=0 g=40 mo=17 af=0 d=1498 @(-31000,29500,r1509)]
F15130 live=1 act=1 PL(-31000,31000,rot=1024,hp=-7200) [0 t=47 st=4 ss1=0 ss2=2 ss3=0 g=40 mo=17 af=0 d=1498 @(-31000,29500,r1509)]
F15131 live=1 act=1 PL(-31000,31000,rot=1024,hp=-7200) [0 t=47 st=4 ss1=0 ss2=2 ss3=0 g=40 mo=17 af=0 d=1498 @(-31000,29500,r1509)]
F15132 live=1 act=1 PL(-31000,31000,rot=1024,hp=-7200) [0 t=47 st=4 ss1=0 ss2=2 ss3=0 g=40 mo=17 af=0 d=1498 @(-31000,29500,r1509)]
F15133 live=1 act=1 PL(-31000,31000,rot=1024,hp=-7200) [0 t=47 st=4 ss1=0 ss2=2 ss3=0 g=40 mo=17 af=0 d=1498 @(-31000,29500,r1509)]
F15134 live=1 act=1 PL(-31000,31000,rot=1024,hp=-7200) [0 t=47 st=4 ss1=0 ss2=2 ss3=0 g=40 mo=17 af=0 d=1498 @(-31000,29500,r1509)]
F15135 live=1 act=1 PL(-31000,31000,rot=1024,hp=-7200) [0 t=47 st=4 ss1=0 ss2=2 ss3=0 g=40 mo=17 af=0 d=1498 @(-31000,29500,r1509)]
F15136 live=1 act=1 PL(-31000,31000,rot=1024,hp=-7200) [0 t=47 st=4 ss1=0 ss2=2 ss3=0 g=40 mo=17 af=0 d=1498 @(-31000,29500,r1509)]
F15137 live=1 act=1 PL(-31000,31000,rot=1024,hp=-7200) [0 t=47 st=4 ss1=0 ss2=2 ss3=0 g=40 mo=17 af=0 d=1498 @(-31000,29500,r1509)]
F15138 live=1 act=1 PL(-31000,31000,rot=1024,hp=-7200) [0 t=47 st=4 ss1=0 ss2=2 ss3=0 g=40 mo=17 af=0 d=1498 @(-31000,29500,r1509)]
F15139 live=1 act=1 PL(-31000,31000,rot=1024,hp=-7200) [0 t=47 st=4 ss1=0 ss2=2 ss3=0 g=40 mo=17 af=0 d=1498 @(-31000,29500,r1509)]
F15140 live=1 act=1 PL(-31000,31000,rot=1024,hp=-7200) [0 t=47 st=4 ss1=0 ss2=2 ss3=0 g=40 mo=17 af=0 d=1498 @(-31000,29500,r1509)]
F15141 live=1 act=1 PL(-31000,31000,rot=1024,hp=-7200) [0 t=47 st=4 ss1=0 ss2=2 ss3=0 g=40 mo=17 af=0 d=1498 @(-31000,29500,r1509)]
F15142 live=1 act=1 PL(-31000,31000,rot=1024,hp=-7200) [0 t=47 st=4 ss1=0 ss2=2 ss3=0 g=40 mo=17 af=0 d=1498 @(-31000,29500,r1509)]
F15143 live=1 act=1 PL(-31000,31000,rot=1024,hp=-7200) [0 t=47 st=4 ss1=0 ss2=2 ss3=0 g=40 mo=17 af=0 d=1498 @(-31000,29500,r1509)]
F15144 live=1 act=1 PL(-31000,31000,rot=1024,hp=-7200) [0 t=47 st=4 ss1=0 ss2=2 ss3=0 g=40 mo=17 af=0 d=1498 @(-31000,29500,r1509)]
F15145 live=1 act=1 PL(-31000,31000,rot=1024,hp=-7200) [0 t=47 st=4 ss1=0 ss2=2 ss3=0 g=40 mo=17 af=0 d=1498 @(-31000,29500,r1509)]
F15146 live=1 act=1 PL(-31000,31000,rot=1024,hp=-7200) [0 t=47 st=4 ss1=0 ss2=2 ss3=0 g=40 mo=17 af=0 d=1498 @(-31000,29500,r1509)]
F15147 live=1 act=1 PL(-31000,31000,rot=1024,hp=-7200) [0 t=47 st=4 ss1=0 ss2=2 ss3=0 g=40 mo=17 af=0 d=1498 @(-31000,29500,r1509)]
F15148 live=1 act=1 PL(-31000,31000,rot=1024,hp=-7200) [0 t=47 st=4 ss1=0 ss2=2 ss3=0 g=40 mo=17 af=0 d=1498 @(-31000,29500,r1509)]
F15149 live=1 act=1 PL(-31000,31000,rot=1024,hp=-7200) [0 t=47 st=4 ss1=0 ss2=2 ss3=0 g=40 mo=17 af=0 d=1498 @(-31000,29500,r1509)]
F15150 live=1 act=1 PL(-31000,31000,rot=1024,hp=-7200) [0 t=47 st=4 ss1=0 ss2=2 ss3=0 g=40 mo=17 af=0 d=1498 @(-31000,29500,r1509)]
F15151 live=1 act=1 PL(-31000,31000,rot=1024,hp=-7200) [0 t=47 st=4 ss1=0 ss2=2 ss3=0 g=40 mo=17 af=0 d=1498 @(-31000,29500,r1509)]
F15152 live=1 act=1 PL(-31000,31000,rot=1024,hp=-7200) [0 t=47 st=4 ss1=0 ss2=2 ss3=0 g=40 mo=17 af=0 d=1498 @(-31000,29500,r1509)]
F15153 live=1 act=1 PL(-31000,31000,rot=1024,hp=-7200) [0 t=47 st=4 ss1=0 ss2=2 ss3=0 g=40 mo=17 af=0 d=1498 @(-31000,29500,r1509)]
F15154 live=1 act=1 PL(-31000,31000,rot=1024,hp=-7200) [0 t=47 st=4 ss1=0 ss2=2 ss3=0 g=40 mo=17 af=0 d=1498 @(-31000,29500,r1509)]
F15155 live=1 act=1 PL(-31000,31000,rot=1024,hp=-7200) [0 t=47 st=4 ss1=0 ss2=2 ss3=0 g=40 mo=17 af=0 d=1498 @(-31000,29500,r1509)]
F15156 live=1 act=1 PL(-31000,31000,rot=1024,hp=-7200) [0 t=47 st=4 ss1=0 ss2=2 ss3=0 g=40 mo=17 af=0 d=1498 @(-31000,29500,r1509)]
F15157 live=1 act=1 PL(-31000,31000,rot=1024,hp=-7200) [0 t=47 st=4 ss1=0 ss2=2 ss3=0 g=40 mo=17 af=0 d=1498 @(-31000,29500,r1509)]
F15158 live=1 act=1 PL(-31000,31000,rot=1024,hp=-7200) [0 t=47 st=4 ss1=0 ss2=2 ss3=0 g=40 mo=17 af=0 d=1498 @(-31000,29500,r1509)]
F15159 live=1 act=1 PL(-31000,31000,rot=1024,hp=-7200) [0 t=47 st=4 ss1=0 ss2=2 ss3=0 g=40 mo=17 af=0 d=1498 @(-31000,29500,r1509)]
F15160 live=1 act=1 PL(-31000,31000,rot=1024,hp=-7200) [0 t=47 st=4 ss1=0 ss2=2 ss3=0 g=40 mo=17 af=0 d=1498 @(-31000,29500,r1509)]
F15161 live=1 act=1 PL(-31000,31000,rot=1024,hp=-7200) [0 t=47 st=4 ss1=0 ss2=2 ss3=0 g=40 mo=17 af=0 d=1498 @(-31000,29500,r1509)]
F15162 live=1 act=1 PL(-31000,31000,rot=1024,hp=-7200) [0 t=47 st=4 ss1=0 ss2=2 ss3=0 g=40 mo=17 af=0 d=1498 @(-31000,29500,r1509)]
F15163 live=1 act=1 PL(-31000,31000,rot=1024,hp=-7200) [0 t=47 st=4 ss1=0 ss2=2 ss3=0 g=40 mo=17 af=0 d=1498 @(-31000,29500,r1509)]
F15164 live=1 act=1 PL(-31000,31000,rot=1024,hp=-7200) [0 t=47 st=4 ss1=0 ss2=2 ss3=0 g=40 mo=17 af=0 d=1498 @(-31000,29500,r1509)]
F15165 live=1 act=1 PL(-31000,31000,rot=1024,hp=-7200) [0 t=47 st=4 ss1=0 ss2=2 ss3=0 g=40 mo=17 af=0 d=1498 @(-31000,29500,r1509)]
F15166 live=1 act=1 PL(-31000,31000,rot=1024,hp=-7200) [0 t=47 st=4 ss1=0 ss2=2 ss3=0 g=40 mo=17 af=0 d=1498 @(-31000,29500,r1509)]
F15167 live=1 act=1 PL(-31000,31000,rot=1024,hp=-7200) [0 t=47 st=4 ss1=0 ss2=2 ss3=0 g=40 mo=17 af=0 d=1498 @(-31000,29500,r1509)]
F15168 live=1 act=1 PL(-31000,31000,rot=1024,hp=-7200) [0 t=47 st=4 ss1=0 ss2=2 ss3=0 g=40 mo=17 af=0 d=1498 @(-31000,29500,r1509)]
F15169 live=1 act=1 PL(-31000,31000,rot=1024,hp=-7200) [0 t=47 st=4 ss1=0 ss2=2 ss3=0 g=40 mo=17 af=0 d=1498 @(-31000,29500,r1509)]
F15170 live=1 act=1 PL(-31000,31000,rot=1024,hp=-7200) [0 t=47 st=4 ss1=0 ss2=2 ss3=0 g=40 mo=17 af=0 d=1498 @(-31000,29500,r1509)]
F15171 live=1 act=1 PL(-31000,31000,rot=1024,hp=-7200) [0 t=47 st=4 ss1=0 ss2=2 ss3=0 g=40 mo=17 af=0 d=1498 @(-31000,29500,r1509)]
F15172 live=1 act=1 PL(-31000,31000,rot=1024,hp=-7200) [0 t=47 st=4 ss1=0 ss2=2 ss3=0 g=40 mo=17 af=0 d=1498 @(-31000,29500,r1509)]
F15173 live=1 act=1 PL(-31000,31000,rot=1024,hp=-7200) [0 t=47 st=4 ss1=0 ss2=2 ss3=0 g=40 mo=17 af=0 d=1498 @(-31000,29500,r1509)]
F15174 live=1 act=1 PL(-31000,31000,rot=1024,hp=-7200) [0 t=47 st=4 ss1=0 ss2=2 ss3=0 g=40 mo=17 af=0 d=1498 @(-31000,29500,r1509)]
F15175 live=1 act=1 PL(-31000,31000,rot=1024,hp=-7200) [0 t=47 st=4 ss1=0 ss2=2 ss3=0 g=40 mo=17 af=0 d=1498 @(-31000,29500,r1509)]
F15176 live=1 act=1 PL(-31000,31000,rot=1024,hp=-7200) [0 t=47 st=4 ss1=0 ss2=2 ss3=0 g=40 mo=17 af=0 d=1498 @(-31000,29500,r1509)]
F15177 live=1 act=1 PL(-31000,31000,rot=1024,hp=-7200) [0 t=47 st=4 ss1=0 ss2=2 ss3=0 g=40 mo=17 af=0 d=1498 @(-31000,29500,r1509)]
F15178 live=1 act=1 PL(-31000,31000,rot=1024,hp=-7200) [0 t=47 st=4 ss1=0 ss2=2 ss3=0 g=40 mo=17 af=0 d=1498 @(-31000,29500,r1509)]
F15179 live=1 act=1 PL(-31000,31000,rot=1024,hp=-7200) [0 t=47 st=4 ss1=0 ss2=2 ss3=0 g=40 mo=17 af=0 d=1498 @(-31000,29500,r1509)]
F15180 live=1 act=1 PL(-31000,31000,rot=1024,hp=-7200) [0 t=47 st=4 ss1=0 ss2=2 ss3=0 g=40 mo=17 af=0 d=1498 @(-31000,29500,r1509)]
F15181 live=1 act=1 PL(-31000,31000,rot=1024,hp=-7200) [0 t=47 st=4 ss1=0 ss2=2 ss3=0 g=40 mo=17 af=0 d=1498 @(-31000,29500,r1509)]
F15182 live=1 act=1 PL(-31000,31000,rot=1024,hp=-7200) [0 t=47 st=4 ss1=0 ss2=2 ss3=0 g=40 mo=17 af=0 d=1498 @(-31000,29500,r1509)]
# f15183 segment W x60
F15183 live=1 act=1 PL(-31000,31000,rot=1024,hp=-7200) [0 t=47 st=4 ss1=0 ss2=2 ss3=0 g=40 mo=17 af=0 d=1498 @(-31000,29500,r1509)]
F15184 live=1 act=1 PL(-31000,31000,rot=1024,hp=-7200) [0 t=47 st=4 ss1=0 ss2=2 ss3=0 g=40 mo=17 af=0 d=1498 @(-31000,29500,r1509)]
F15185 live=1 act=1 PL(-31000,31000,rot=1024,hp=-7200) [0 t=47 st=4 ss1=0 ss2=2 ss3=0 g=40 mo=17 af=0 d=1498 @(-31000,29500,r1509)]
F15186 live=1 act=1 PL(-31000,31000,rot=1024,hp=-7200) [0 t=47 st=4 ss1=0 ss2=2 ss3=0 g=40 mo=17 af=0 d=1498 @(-31000,29500,r1509)]
F15187 live=1 act=1 PL(-31000,31000,rot=1024,hp=-7200) [0 t=47 st=4 ss1=0 ss2=2 ss3=0 g=40 mo=17 af=0 d=1498 @(-31000,29500,r1509)]
F15188 live=1 act=1 PL(-31000,31000,rot=1024,hp=-7200) [0 t=47 st=4 ss1=0 ss2=2 ss3=0 g=40 mo=17 af=0 d=1498 @(-31000,29500,r1509)]
F15189 live=1 act=1 PL(-31000,31000,rot=1024,hp=-7200) [0 t=47 st=4 ss1=0 ss2=2 ss3=0 g=40 mo=17 af=0 d=1498 @(-31000,29500,r1509)]
F15190 live=1 act=1 PL(-31000,31000,rot=1024,hp=-7200) [0 t=47 st=4 ss1=0 ss2=2 ss3=0 g=40 mo=17 af=0 d=1498 @(-31000,29500,r1509)]
F15191 live=1 act=1 PL(-31000,31000,rot=1024,hp=-7200) [0 t=47 st=4 ss1=0 ss2=2 ss3=0 g=40 mo=17 af=0 d=1498 @(-31000,29500,r1509)]
F15192 live=1 act=1 PL(-31000,31000,rot=1024,hp=-7200) [0 t=47 st=4 ss1=0 ss2=2 ss3=0 g=40 mo=17 af=0 d=1498 @(-31000,29500,r1509)]
F15193 live=1 act=1 PL(-31000,31000,rot=1024,hp=-7200) [0 t=47 st=4 ss1=0 ss2=2 ss3=0 g=40 mo=17 af=0 d=1498 @(-31000,29500,r1509)]
F15194 live=1 act=1 PL(-31000,31000,rot=1024,hp=-7200) [0 t=47 st=4 ss1=0 ss2=2 ss3=0 g=40 mo=17 af=0 d=1498 @(-31000,29500,r1509)]
F15195 live=1 act=1 PL(-31000,31000,rot=1024,hp=-7200) [0 t=47 st=4 ss1=0 ss2=2 ss3=0 g=40 mo=17 af=0 d=1498 @(-31000,29500,r1509)]
F15196 live=1 act=1 PL(-31000,31000,rot=1024,hp=-7200) [0 t=47 st=4 ss1=0 ss2=2 ss3=0 g=40 mo=17 af=0 d=1498 @(-31000,29500,r1509)]
F15197 live=1 act=1 PL(-31000,31000,rot=1024,hp=-7200) [0 t=47 st=4 ss1=0 ss2=2 ss3=0 g=40 mo=17 af=0 d=1498 @(-31000,29500,r1509)]
F15198 live=1 act=1 PL(-31000,31000,rot=1024,hp=-7200) [0 t=47 st=4 ss1=0 ss2=2 ss3=0 g=40 mo=17 af=0 d=1498 @(-31000,29500,r1509)]
F15199 live=1 act=1 PL(-31000,31000,rot=1024,hp=-7200) [0 t=47 st=4 ss1=0 ss2=2 ss3=0 g=40 mo=17 af=0 d=1498 @(-31000,29500,r1509)]
F15200 live=1 act=1 PL(-31000,31000,rot=1024,hp=-7200) [0 t=47 st=4 ss1=0 ss2=2 ss3=0 g=40 mo=17 af=0 d=1498 @(-31000,29500,r1509)]
F15201 live=1 act=1 PL(-31000,31000,rot=1024,hp=-7200) [0 t=47 st=4 ss1=0 ss2=2 ss3=0 g=40 mo=17 af=0 d=1498 @(-31000,29500,r1509)]
F15202 live=1 act=1 PL(-31000,31000,rot=1024,hp=-7200) [0 t=47 st=4 ss1=0 ss2=2 ss3=0 g=40 mo=17 af=0 d=1498 @(-31000,29500,r1509)]
F15203 live=1 act=1 PL(-31000,31000,rot=1024,hp=-7200) [0 t=47 st=4 ss1=0 ss2=2 ss3=0 g=40 mo=17 af=0 d=1498 @(-31000,29500,r1509)]
F15204 live=1 act=1 PL(-31000,31000,rot=1024,hp=-7200) [0 t=47 st=4 ss1=0 ss2=2 ss3=0 g=40 mo=17 af=0 d=1498 @(-31000,29500,r1509)]
F15205 live=1 act=1 PL(-31000,31000,rot=1024,hp=-7200) [0 t=47 st=4 ss1=0 ss2=2 ss3=0 g=40 mo=17 af=0 d=1498 @(-31000,29500,r1509)]
F15206 live=1 act=1 PL(-31000,31000,rot=1024,hp=-7200) [0 t=47 st=4 ss1=0 ss2=2 ss3=0 g=40 mo=17 af=0 d=1498 @(-31000,29500,r1509)]
F15207 live=1 act=1 PL(-31000,31000,rot=1024,hp=-7200) [0 t=47 st=4 ss1=0 ss2=2 ss3=0 g=40 mo=17 af=0 d=1498 @(-31000,29500,r1509)]
F15208 live=1 act=1 PL(-31000,31000,rot=1024,hp=-7200) [0 t=47 st=4 ss1=0 ss2=2 ss3=0 g=40 mo=17 af=0 d=1498 @(-31000,29500,r1509)]
F15209 live=1 act=1 PL(-31000,31000,rot=1024,hp=-7200) [0 t=47 st=4 ss1=0 ss2=2 ss3=0 g=40 mo=17 af=0 d=1498 @(-31000,29500,r1509)]
F15210 live=1 act=1 PL(-31000,31000,rot=1024,hp=-7200) [0 t=47 st=4 ss1=0 ss2=2 ss3=0 g=40 mo=17 af=0 d=1498 @(-31000,29500,r1509)]
F15211 live=1 act=1 PL(-31000,31000,rot=1024,hp=-7200) [0 t=47 st=4 ss1=0 ss2=2 ss3=0 g=40 mo=17 af=0 d=1498 @(-31000,29500,r1509)]
F15212 live=1 act=1 PL(-31000,31000,rot=1024,hp=-7200) [0 t=47 st=4 ss1=0 ss2=2 ss3=0 g=40 mo=17 af=0 d=1498 @(-31000,29500,r1509)]
F15213 live=1 act=1 PL(-31000,31000,rot=1024,hp=-7200) [0 t=47 st=4 ss1=0 ss2=2 ss3=0 g=40 mo=17 af=0 d=1498 @(-31000,29500,r1509)]
F15214 live=1 act=1 PL(-31000,31000,rot=1024,hp=-7200) [0 t=47 st=4 ss1=0 ss2=2 ss3=0 g=40 mo=17 af=0 d=1498 @(-31000,29500,r1509)]
F15215 live=1 act=1 PL(-31000,31000,rot=1024,hp=-7200) [0 t=47 st=4 ss1=0 ss2=2 ss3=0 g=40 mo=17 af=0 d=1498 @(-31000,29500,r1509)]
F15216 live=1 act=1 PL(-31000,31000,rot=1024,hp=-7200) [0 t=47 st=4 ss1=0 ss2=2 ss3=0 g=40 mo=17 af=0 d=1498 @(-31000,29500,r1509)]
F15217 live=1 act=1 PL(-31000,31000,rot=1024,hp=-7200) [0 t=47 st=4 ss1=0 ss2=2 ss3=0 g=40 mo=17 af=0 d=1498 @(-31000,29500,r1509)]
F15218 live=1 act=1 PL(-31000,31000,rot=1024,hp=-7200) [0 t=47 st=4 ss1=0 ss2=2 ss3=0 g=40 mo=17 af=0 d=1498 @(-31000,29500,r1509)]
F15219 live=1 act=1 PL(-31000,31000,rot=1024,hp=-7200) [0 t=47 st=4 ss1=0 ss2=2 ss3=0 g=40 mo=17 af=0 d=1498 @(-31000,29500,r1509)]
F15220 live=1 act=1 PL(-31000,31000,rot=1024,hp=-7200) [0 t=47 st=4 ss1=0 ss2=2 ss3=0 g=40 mo=17 af=0 d=1498 @(-31000,29500,r1509)]
F15221 live=1 act=1 PL(-31000,31000,rot=1024,hp=-7200) [0 t=47 st=4 ss1=0 ss2=2 ss3=0 g=40 mo=17 af=0 d=1498 @(-31000,29500,r1509)]
F15222 live=1 act=1 PL(-31000,31000,rot=1024,hp=-7200) [0 t=47 st=4 ss1=0 ss2=2 ss3=0 g=40 mo=17 af=0 d=1498 @(-31000,29500,r1509)]
F15223 live=1 act=1 PL(-31000,31000,rot=1024,hp=-7200) [0 t=47 st=4 ss1=0 ss2=2 ss3=0 g=40 mo=17 af=0 d=1498 @(-31000,29500,r1509)]
F15224 live=1 act=1 PL(-31000,31000,rot=1024,hp=-7200) [0 t=47 st=4 ss1=0 ss2=2 ss3=0 g=40 mo=17 af=0 d=1498 @(-31000,29500,r1509)]
F15225 live=1 act=1 PL(-31000,31000,rot=1024,hp=-7200) [0 t=47 st=4 ss1=0 ss2=2 ss3=0 g=40 mo=17 af=0 d=1498 @(-31000,29500,r1509)]
F15226 live=1 act=1 PL(-31000,31000,rot=1024,hp=-7200) [0 t=47 st=4 ss1=0 ss2=2 ss3=0 g=40 mo=17 af=0 d=1498 @(-31000,29500,r1509)]
F15227 live=1 act=1 PL(-31000,31000,rot=1024,hp=-7200) [0 t=47 st=4 ss1=0 ss2=2 ss3=0 g=40 mo=17 af=0 d=1498 @(-31000,29500,r1509)]
F15228 live=1 act=1 PL(-31000,31000,rot=1024,hp=-7200) [0 t=47 st=4 ss1=0 ss2=2 ss3=0 g=40 mo=17 af=0 d=1498 @(-31000,29500,r1509)]
F15229 live=1 act=1 PL(-31000,31000,rot=1024,hp=-7200) [0 t=47 st=4 ss1=0 ss2=2 ss3=0 g=40 mo=17 af=0 d=1498 @(-31000,29500,r1509)]
F15230 live=1 act=1 PL(-31000,31000,rot=1024,hp=-7200) [0 t=47 st=4 ss1=0 ss2=2 ss3=0 g=40 mo=17 af=0 d=1498 @(-31000,29500,r1509)]
F15231 live=1 act=1 PL(-31000,31000,rot=1024,hp=-7200) [0 t=47 st=4 ss1=0 ss2=2 ss3=0 g=40 mo=17 af=0 d=1498 @(-31000,29500,r1509)]
F15232 live=1 act=1 PL(-31000,31000,rot=1024,hp=-7200) [0 t=47 st=4 ss1=0 ss2=2 ss3=0 g=40 mo=17 af=0 d=1498 @(-31000,29500,r1509)]
F15233 live=1 act=1 PL(-31000,31000,rot=1024,hp=-7200) [0 t=47 st=4 ss1=0 ss2=2 ss3=0 g=40 mo=17 af=0 d=1498 @(-31000,29500,r1509)]
F15234 live=1 act=1 PL(-31000,31000,rot=1024,hp=-7200) [0 t=47 st=4 ss1=0 ss2=2 ss3=0 g=40 mo=17 af=0 d=1498 @(-31000,29500,r1509)]
F15235 live=1 act=1 PL(-31000,31000,rot=1024,hp=-7200) [0 t=47 st=4 ss1=0 ss2=2 ss3=0 g=40 mo=17 af=0 d=1498 @(-31000,29500,r1509)]
F15236 live=1 act=1 PL(-31000,31000,rot=1024,hp=-7200) [0 t=47 st=4 ss1=0 ss2=2 ss3=0 g=40 mo=17 af=0 d=1498 @(-31000,29500,r1509)]
F15237 live=1 act=1 PL(-31000,31000,rot=1024,hp=-7200) [0 t=47 st=4 ss1=0 ss2=2 ss3=0 g=40 mo=17 af=0 d=1498 @(-31000,29500,r1509)]
F15238 live=1 act=1 PL(-31000,31000,rot=1024,hp=-7200) [0 t=47 st=4 ss1=0 ss2=2 ss3=0 g=40 mo=17 af=0 d=1498 @(-31000,29500,r1509)]
F15239 live=1 act=1 PL(-31000,31000,rot=1024,hp=-7200) [0 t=47 st=4 ss1=0 ss2=2 ss3=0 g=40 mo=17 af=0 d=1498 @(-31000,29500,r1509)]
F15240 live=1 act=1 PL(-31000,31000,rot=1024,hp=-7200) [0 t=47 st=4 ss1=0 ss2=2 ss3=0 g=40 mo=17 af=0 d=1498 @(-31000,29500,r1509)]
F15241 live=1 act=1 PL(-31000,31000,rot=1024,hp=-7200) [0 t=47 st=4 ss1=0 ss2=2 ss3=0 g=40 mo=17 af=0 d=1498 @(-31000,29500,r1509)]
F15242 live=1 act=1 PL(-31000,31000,rot=1024,hp=-7200) [0 t=47 st=4 ss1=0 ss2=2 ss3=0 g=40 mo=17 af=0 d=1498 @(-31000,29500,r1509)]
# f15243 segment R x24
F15243 live=1 act=1 PL(-31000,31000,rot=1024,hp=-7200) [0 t=47 st=4 ss1=0 ss2=2 ss3=0 g=40 mo=17 af=0 d=1498 @(-31000,29500,r1509)]
F15244 live=1 act=1 PL(-31000,31000,rot=1024,hp=-7200) [0 t=47 st=4 ss1=0 ss2=2 ss3=0 g=40 mo=17 af=0 d=1498 @(-31000,29500,r1509)]
F15245 live=1 act=1 PL(-31000,31000,rot=1024,hp=-7200) [0 t=47 st=4 ss1=0 ss2=2 ss3=0 g=40 mo=17 af=0 d=1498 @(-31000,29500,r1509)]
F15246 live=1 act=1 PL(-31000,31000,rot=1024,hp=-7200) [0 t=47 st=4 ss1=0 ss2=2 ss3=0 g=40 mo=17 af=0 d=1498 @(-31000,29500,r1509)]
F15247 live=1 act=1 PL(-31000,31000,rot=1024,hp=-7200) [0 t=47 st=4 ss1=0 ss2=2 ss3=0 g=40 mo=17 af=0 d=1498 @(-31000,29500,r1509)]
F15248 live=1 act=1 PL(-31000,31000,rot=1024,hp=-7200) [0 t=47 st=4 ss1=0 ss2=2 ss3=0 g=40 mo=17 af=0 d=1498 @(-31000,29500,r1509)]
F15249 live=1 act=1 PL(-31000,31000,rot=1024,hp=-7200) [0 t=47 st=4 ss1=0 ss2=2 ss3=0 g=40 mo=17 af=0 d=1498 @(-31000,29500,r1509)]
F15250 live=1 act=1 PL(-31000,31000,rot=1024,hp=-7200) [0 t=47 st=4 ss1=0 ss2=2 ss3=0 g=40 mo=17 af=0 d=1498 @(-31000,29500,r1509)]
F15251 live=1 act=1 PL(-31000,31000,rot=1024,hp=-7200) [0 t=47 st=4 ss1=0 ss2=2 ss3=0 g=40 mo=17 af=0 d=1498 @(-31000,29500,r1509)]
F15252 live=1 act=1 PL(-31000,31000,rot=1024,hp=-7200) [0 t=47 st=4 ss1=0 ss2=2 ss3=0 g=40 mo=17 af=0 d=1498 @(-31000,29500,r1509)]
F15253 live=1 act=1 PL(-31000,31000,rot=1024,hp=-7200) [0 t=47 st=4 ss1=0 ss2=2 ss3=0 g=40 mo=17 af=0 d=1498 @(-31000,29500,r1509)]
F15254 live=1 act=1 PL(-31000,31000,rot=1024,hp=-7200) [0 t=47 st=4 ss1=0 ss2=2 ss3=0 g=40 mo=17 af=0 d=1498 @(-31000,29500,r1509)]
F15255 live=1 act=1 PL(-31000,31000,rot=1024,hp=-7200) [0 t=47 st=4 ss1=0 ss2=2 ss3=0 g=40 mo=17 af=0 d=1498 @(-31000,29500,r1509)]
F15256 live=1 act=1 PL(-31000,31000,rot=1024,hp=-7200) [0 t=47 st=4 ss1=0 ss2=2 ss3=0 g=40 mo=17 af=0 d=1498 @(-31000,29500,r1509)]
F15257 live=1 act=1 PL(-31000,31000,rot=1024,hp=-7200) [0 t=47 st=4 ss1=0 ss2=2 ss3=0 g=40 mo=17 af=0 d=1498 @(-31000,29500,r1509)]
F15258 live=1 act=1 PL(-31000,31000,rot=1024,hp=-7200) [0 t=47 st=4 ss1=0 ss2=2 ss3=0 g=40 mo=17 af=0 d=1498 @(-31000,29500,r1509)]
F15259 live=1 act=1 PL(-31000,31000,rot=1024,hp=-7200) [0 t=47 st=4 ss1=0 ss2=2 ss3=0 g=40 mo=17 af=0 d=1498 @(-31000,29500,r1509)]
F15260 live=1 act=1 PL(-31000,31000,rot=1024,hp=-7200) [0 t=47 st=4 ss1=0 ss2=2 ss3=0 g=40 mo=17 af=0 d=1498 @(-31000,29500,r1509)]
F15261 live=1 act=1 PL(-31000,31000,rot=1024,hp=-7200) [0 t=47 st=4 ss1=0 ss2=2 ss3=0 g=40 mo=17 af=0 d=1498 @(-31000,29500,r1509)]
F15262 live=1 act=1 PL(-31000,31000,rot=1024,hp=-7200) [0 t=47 st=4 ss1=0 ss2=2 ss3=0 g=40 mo=17 af=0 d=1498 @(-31000,29500,r1509)]
F15263 live=1 act=1 PL(-31000,31000,rot=1024,hp=-7200) [0 t=47 st=4 ss1=0 ss2=2 ss3=0 g=40 mo=17 af=0 d=1498 @(-31000,29500,r1509)]
F15264 live=1 act=1 PL(-31000,31000,rot=1024,hp=-7200) [0 t=47 st=4 ss1=0 ss2=2 ss3=0 g=40 mo=17 af=0 d=1498 @(-31000,29500,r1509)]
F15265 live=1 act=1 PL(-31000,31000,rot=1024,hp=-7200) [0 t=47 st=4 ss1=0 ss2=2 ss3=0 g=40 mo=17 af=0 d=1498 @(-31000,29500,r1509)]
F15266 live=1 act=1 PL(-31000,31000,rot=1024,hp=-7200) [0 t=47 st=4 ss1=0 ss2=2 ss3=0 g=40 mo=17 af=0 d=1498 @(-31000,29500,r1509)]
# f15267 segment U x240
F15267 live=1 act=1 PL(-31000,31000,rot=1024,hp=-7200) [0 t=47 st=4 ss1=0 ss2=2 ss3=0 g=40 mo=17 af=0 d=1498 @(-31000,29500,r1509)]
F15268 live=1 act=1 PL(-31000,31000,rot=1024,hp=-7200) [0 t=47 st=4 ss1=0 ss2=2 ss3=0 g=40 mo=17 af=0 d=1498 @(-31000,29500,r1509)]
F15269 live=1 act=1 PL(-31000,31000,rot=1024,hp=-7200) [0 t=47 st=4 ss1=0 ss2=2 ss3=0 g=40 mo=17 af=0 d=1498 @(-31000,29500,r1509)]
F15270 live=1 act=1 PL(-31000,31000,rot=1024,hp=-7200) [0 t=47 st=4 ss1=0 ss2=2 ss3=0 g=40 mo=17 af=0 d=1498 @(-31000,29500,r1509)]
F15271 live=1 act=1 PL(-31000,31000,rot=1024,hp=-7200) [0 t=47 st=4 ss1=0 ss2=2 ss3=0 g=40 mo=17 af=0 d=1498 @(-31000,29500,r1509)]
F15272 live=1 act=1 PL(-31000,31000,rot=1024,hp=-7200) [0 t=47 st=4 ss1=0 ss2=2 ss3=0 g=40 mo=17 af=0 d=1498 @(-31000,29500,r1509)]
F15273 live=1 act=1 PL(-31000,31000,rot=1024,hp=-7200) [0 t=47 st=4 ss1=0 ss2=2 ss3=0 g=40 mo=17 af=0 d=1498 @(-31000,29500,r1509)]
F15274 live=1 act=1 PL(-31000,31000,rot=1024,hp=-7200) [0 t=47 st=4 ss1=0 ss2=2 ss3=0 g=40 mo=17 af=0 d=1498 @(-31000,29500,r1509)]
F15275 live=1 act=1 PL(-31000,31000,rot=1024,hp=-7200) [0 t=47 st=4 ss1=0 ss2=2 ss3=0 g=40 mo=17 af=0 d=1498 @(-31000,29500,r1509)]
F15276 live=1 act=1 PL(-31000,31000,rot=1024,hp=-7200) [0 t=47 st=4 ss1=0 ss2=2 ss3=0 g=40 mo=17 af=0 d=1498 @(-31000,29500,r1509)]
F15277 live=1 act=1 PL(-31000,31000,rot=1024,hp=-7200) [0 t=47 st=4 ss1=0 ss2=2 ss3=0 g=40 mo=17 af=0 d=1498 @(-31000,29500,r1509)]
F15278 live=1 act=1 PL(-31000,31000,rot=1024,hp=-7200) [0 t=47 st=4 ss1=0 ss2=2 ss3=0 g=40 mo=17 af=0 d=1498 @(-31000,29500,r1509)]
F15279 live=1 act=1 PL(-31000,31000,rot=1024,hp=-7200) [0 t=47 st=4 ss1=0 ss2=2 ss3=0 g=40 mo=17 af=0 d=1498 @(-31000,29500,r1509)]
F15280 live=1 act=1 PL(-31000,31000,rot=1024,hp=-7200) [0 t=47 st=4 ss1=0 ss2=2 ss3=0 g=40 mo=17 af=0 d=1498 @(-31000,29500,r1509)]
F15281 live=1 act=1 PL(-31000,31000,rot=1024,hp=-7200) [0 t=47 st=4 ss1=0 ss2=2 ss3=0 g=40 mo=17 af=0 d=1498 @(-31000,29500,r1509)]
F15282 live=1 act=1 PL(-31000,31000,rot=1024,hp=-7200) [0 t=47 st=4 ss1=0 ss2=2 ss3=0 g=40 mo=17 af=0 d=1498 @(-31000,29500,r1509)]
F15283 live=1 act=1 PL(-31000,31000,rot=1024,hp=-7200) [0 t=47 st=4 ss1=0 ss2=2 ss3=0 g=40 mo=17 af=0 d=1498 @(-31000,29500,r1509)]
F15284 live=1 act=1 PL(-31000,31000,rot=1024,hp=-7200) [0 t=47 st=4 ss1=0 ss2=2 ss3=0 g=40 mo=17 af=0 d=1498 @(-31000,29500,r1509)]
F15285 live=1 act=1 PL(-31000,31000,rot=1024,hp=-7200) [0 t=47 st=4 ss1=0 ss2=2 ss3=0 g=40 mo=17 af=0 d=1498 @(-31000,29500,r1509)]
F15286 live=1 act=1 PL(-31000,31000,rot=1024,hp=-7200) [0 t=47 st=4 ss1=0 ss2=2 ss3=0 g=40 mo=17 af=0 d=1498 @(-31000,29500,r1509)]
F15287 live=1 act=1 PL(-31000,31000,rot=1024,hp=-7200) [0 t=47 st=4 ss1=0 ss2=2 ss3=0 g=40 mo=17 af=0 d=1498 @(-31000,29500,r1509)]
F15288 live=1 act=1 PL(-31000,31000,rot=1024,hp=-7200) [0 t=47 st=4 ss1=0 ss2=2 ss3=0 g=40 mo=17 af=0 d=1498 @(-31000,29500,r1509)]
F15289 live=1 act=1 PL(-31000,31000,rot=1024,hp=-7200) [0 t=47 st=4 ss1=0 ss2=2 ss3=0 g=40 mo=17 af=0 d=1498 @(-31000,29500,r1509)]
F15290 live=1 act=1 PL(-31000,31000,rot=1024,hp=-7200) [0 t=47 st=4 ss1=0 ss2=2 ss3=0 g=40 mo=17 af=0 d=1498 @(-31000,29500,r1509)]
F15291 live=1 act=1 PL(-31000,31000,rot=1024,hp=-7200) [0 t=47 st=4 ss1=0 ss2=2 ss3=0 g=40 mo=17 af=0 d=1498 @(-31000,29500,r1509)]
F15292 live=1 act=1 PL(-31000,31000,rot=1024,hp=-7200) [0 t=47 st=4 ss1=0 ss2=2 ss3=0 g=40 mo=17 af=0 d=1498 @(-31000,29500,r1509)]
F15293 live=1 act=1 PL(-31000,31000,rot=1024,hp=-7200) [0 t=47 st=4 ss1=0 ss2=2 ss3=0 g=40 mo=17 af=0 d=1498 @(-31000,29500,r1509)]
F15294 live=1 act=1 PL(-31000,31000,rot=1024,hp=-7200) [0 t=47 st=4 ss1=0 ss2=2 ss3=0 g=40 mo=17 af=0 d=1498 @(-31000,29500,r1509)]
F15295 live=1 act=1 PL(-31000,31000,rot=1024,hp=-7200) [0 t=47 st=4 ss1=0 ss2=2 ss3=0 g=40 mo=17 af=0 d=1498 @(-31000,29500,r1509)]
F15296 live=1 act=1 PL(-31000,31000,rot=1024,hp=-7200) [0 t=47 st=4 ss1=0 ss2=2 ss3=0 g=40 mo=17 af=0 d=1498 @(-31000,29500,r1509)]
F15297 live=1 act=1 PL(-31000,31000,rot=1024,hp=-7200) [0 t=47 st=4 ss1=0 ss2=2 ss3=0 g=40 mo=17 af=0 d=1498 @(-31000,29500,r1509)]
F15298 live=1 act=1 PL(-31000,31000,rot=1024,hp=-7200) [0 t=47 st=4 ss1=0 ss2=2 ss3=0 g=40 mo=17 af=0 d=1498 @(-31000,29500,r1509)]
F15299 live=1 act=1 PL(-31000,31000,rot=1024,hp=-7200) [0 t=47 st=4 ss1=0 ss2=2 ss3=0 g=40 mo=17 af=0 d=1498 @(-31000,29500,r1509)]
F15300 live=1 act=1 PL(-31000,31000,rot=1024,hp=-7200) [0 t=47 st=4 ss1=0 ss2=2 ss3=0 g=40 mo=17 af=0 d=1498 @(-31000,29500,r1509)]
F15301 live=1 act=1 PL(-31000,31000,rot=1024,hp=-7200) [0 t=47 st=4 ss1=0 ss2=2 ss3=0 g=40 mo=17 af=0 d=1498 @(-31000,29500,r1509)]
F15302 live=1 act=1 PL(-31000,31000,rot=1024,hp=-7200) [0 t=47 st=4 ss1=0 ss2=2 ss3=0 g=40 mo=17 af=0 d=1498 @(-31000,29500,r1509)]
F15303 live=1 act=1 PL(-31000,31000,rot=1024,hp=-7200) [0 t=47 st=4 ss1=0 ss2=2 ss3=0 g=40 mo=17 af=0 d=1498 @(-31000,29500,r1509)]
F15304 live=1 act=1 PL(-31000,31000,rot=1024,hp=-7200) [0 t=47 st=4 ss1=0 ss2=2 ss3=0 g=40 mo=17 af=0 d=1498 @(-31000,29500,r1509)]
F15305 live=1 act=1 PL(-31000,31000,rot=1024,hp=-7200) [0 t=47 st=4 ss1=0 ss2=2 ss3=0 g=40 mo=17 af=0 d=1498 @(-31000,29500,r1509)]
F15306 live=1 act=1 PL(-31000,31000,rot=1024,hp=-7200) [0 t=47 st=4 ss1=0 ss2=2 ss3=0 g=40 mo=17 af=0 d=1498 @(-31000,29500,r1509)]
F15307 live=1 act=1 PL(-31000,31000,rot=1024,hp=-7200) [0 t=47 st=4 ss1=0 ss2=2 ss3=0 g=40 mo=17 af=0 d=1498 @(-31000,29500,r1509)]
F15308 live=1 act=1 PL(-31000,31000,rot=1024,hp=-7200) [0 t=47 st=4 ss1=0 ss2=2 ss3=0 g=40 mo=17 af=0 d=1498 @(-31000,29500,r1509)]
F15309 live=1 act=1 PL(-31000,31000,rot=1024,hp=-7200) [0 t=47 st=4 ss1=0 ss2=2 ss3=0 g=40 mo=17 af=0 d=1498 @(-31000,29500,r1509)]
F15310 live=1 act=1 PL(-31000,31000,rot=1024,hp=-7200) [0 t=47 st=4 ss1=0 ss2=2 ss3=0 g=40 mo=17 af=0 d=1498 @(-31000,29500,r1509)]
F15311 live=1 act=1 PL(-31000,31000,rot=1024,hp=-7200) [0 t=47 st=4 ss1=0 ss2=2 ss3=0 g=40 mo=17 af=0 d=1498 @(-31000,29500,r1509)]
F15312 live=1 act=1 PL(-31000,31000,rot=1024,hp=-7200) [0 t=47 st=4 ss1=0 ss2=2 ss3=0 g=40 mo=17 af=0 d=1498 @(-31000,29500,r1509)]
F15313 live=1 act=1 PL(-31000,31000,rot=1024,hp=-7200) [0 t=47 st=4 ss1=0 ss2=2 ss3=0 g=40 mo=17 af=0 d=1498 @(-31000,29500,r1509)]
F15314 live=1 act=1 PL(-31000,31000,rot=1024,hp=-7200) [0 t=47 st=4 ss1=0 ss2=2 ss3=0 g=40 mo=17 af=0 d=1498 @(-31000,29500,r1509)]
F15315 live=1 act=1 PL(-31000,31000,rot=1024,hp=-7200) [0 t=47 st=4 ss1=0 ss2=2 ss3=0 g=40 mo=17 af=0 d=1498 @(-31000,29500,r1509)]
F15316 live=1 act=1 PL(-31000,31000,rot=1024,hp=-7200) [0 t=47 st=4 ss1=0 ss2=2 ss3=0 g=40 mo=17 af=0 d=1498 @(-31000,29500,r1509)]
F15317 live=1 act=1 PL(-31000,31000,rot=1024,hp=-7200) [0 t=47 st=4 ss1=0 ss2=2 ss3=0 g=40 mo=17 af=0 d=1498 @(-31000,29500,r1509)]
F15318 live=1 act=1 PL(-31000,31000,rot=1024,hp=-7200) [0 t=47 st=4 ss1=0 ss2=2 ss3=0 g=40 mo=17 af=0 d=1498 @(-31000,29500,r1509)]
F15319 live=1 act=1 PL(-31000,31000,rot=1024,hp=-7200) [0 t=47 st=4 ss1=0 ss2=2 ss3=0 g=40 mo=17 af=0 d=1498 @(-31000,29500,r1509)]
F15320 live=1 act=1 PL(-31000,31000,rot=1024,hp=-7200) [0 t=47 st=4 ss1=0 ss2=2 ss3=0 g=40 mo=17 af=0 d=1498 @(-31000,29500,r1509)]
F15321 live=1 act=1 PL(-31000,31000,rot=1024,hp=-7200) [0 t=47 st=4 ss1=0 ss2=2 ss3=0 g=40 mo=17 af=0 d=1498 @(-31000,29500,r1509)]
F15322 live=1 act=1 PL(-31000,31000,rot=1024,hp=-7200) [0 t=47 st=4 ss1=0 ss2=2 ss3=0 g=40 mo=17 af=0 d=1498 @(-31000,29500,r1509)]
F15323 live=1 act=1 PL(-31000,31000,rot=1024,hp=-7200) [0 t=47 st=4 ss1=0 ss2=2 ss3=0 g=40 mo=17 af=0 d=1498 @(-31000,29500,r1509)]
F15324 live=1 act=1 PL(-31000,31000,rot=1024,hp=-7200) [0 t=47 st=4 ss1=0 ss2=2 ss3=0 g=40 mo=17 af=0 d=1498 @(-31000,29500,r1509)]
F15325 live=1 act=1 PL(-31000,31000,rot=1024,hp=-7200) [0 t=47 st=4 ss1=0 ss2=2 ss3=0 g=40 mo=17 af=0 d=1498 @(-31000,29500,r1509)]
F15326 live=1 act=1 PL(-31000,31000,rot=1024,hp=-7200) [0 t=47 st=4 ss1=0 ss2=2 ss3=0 g=40 mo=17 af=0 d=1498 @(-31000,29500,r1509)]
F15327 live=1 act=1 PL(-31000,31000,rot=1024,hp=-7200) [0 t=47 st=4 ss1=0 ss2=2 ss3=0 g=40 mo=17 af=0 d=1498 @(-31000,29500,r1509)]
F15328 live=1 act=1 PL(-31000,31000,rot=1024,hp=-7200) [0 t=47 st=4 ss1=0 ss2=2 ss3=0 g=40 mo=17 af=0 d=1498 @(-31000,29500,r1509)]
F15329 live=1 act=1 PL(-31000,31000,rot=1024,hp=-7200) [0 t=47 st=4 ss1=0 ss2=2 ss3=0 g=40 mo=17 af=0 d=1498 @(-31000,29500,r1509)]
F15330 live=1 act=1 PL(-31000,31000,rot=1024,hp=-7200) [0 t=47 st=4 ss1=0 ss2=2 ss3=0 g=40 mo=17 af=0 d=1498 @(-31000,29500,r1509)]
F15331 live=1 act=1 PL(-31000,31000,rot=1024,hp=-7200) [0 t=47 st=4 ss1=0 ss2=2 ss3=0 g=40 mo=17 af=0 d=1498 @(-31000,29500,r1509)]
F15332 live=1 act=1 PL(-31000,31000,rot=1024,hp=-7200) [0 t=47 st=4 ss1=0 ss2=2 ss3=0 g=40 mo=17 af=0 d=1498 @(-31000,29500,r1509)]
F15333 live=1 act=1 PL(-31000,31000,rot=1024,hp=-7200) [0 t=47 st=4 ss1=0 ss2=2 ss3=0 g=40 mo=17 af=0 d=1498 @(-31000,29500,r1509)]
F15334 live=1 act=1 PL(-31000,31000,rot=1024,hp=-7200) [0 t=47 st=4 ss1=0 ss2=2 ss3=0 g=40 mo=17 af=0 d=1498 @(-31000,29500,r1509)]
F15335 live=1 act=1 PL(-31000,31000,rot=1024,hp=-7200) [0 t=47 st=4 ss1=0 ss2=2 ss3=0 g=40 mo=17 af=0 d=1498 @(-31000,29500,r1509)]
F15336 live=1 act=1 PL(-31000,31000,rot=1024,hp=-7200) [0 t=47 st=4 ss1=0 ss2=2 ss3=0 g=40 mo=17 af=0 d=1498 @(-31000,29500,r1509)]
F15337 live=1 act=1 PL(-31000,31000,rot=1024,hp=-7200) [0 t=47 st=4 ss1=0 ss2=2 ss3=0 g=40 mo=17 af=0 d=1498 @(-31000,29500,r1509)]
F15338 live=1 act=1 PL(-31000,31000,rot=1024,hp=-7200) [0 t=47 st=4 ss1=0 ss2=2 ss3=0 g=40 mo=17 af=0 d=1498 @(-31000,29500,r1509)]
F15339 live=1 act=1 PL(-31000,31000,rot=1024,hp=-7200) [0 t=47 st=4 ss1=0 ss2=2 ss3=0 g=40 mo=17 af=0 d=1498 @(-31000,29500,r1509)]
F15340 live=1 act=1 PL(-31000,31000,rot=1024,hp=-7200) [0 t=47 st=4 ss1=0 ss2=2 ss3=0 g=40 mo=17 af=0 d=1498 @(-31000,29500,r1509)]
F15341 live=1 act=1 PL(-31000,31000,rot=1024,hp=-7200) [0 t=47 st=4 ss1=0 ss2=2 ss3=0 g=40 mo=17 af=0 d=1498 @(-31000,29500,r1509)]
F15342 live=1 act=1 PL(-31000,31000,rot=1024,hp=-7200) [0 t=47 st=4 ss1=0 ss2=2 ss3=0 g=40 mo=17 af=0 d=1498 @(-31000,29500,r1509)]
F15343 live=1 act=1 PL(-31000,31000,rot=1024,hp=-7200) [0 t=47 st=4 ss1=0 ss2=2 ss3=0 g=40 mo=17 af=0 d=1498 @(-31000,29500,r1509)]
F15344 live=1 act=1 PL(-31000,31000,rot=1024,hp=-7200) [0 t=47 st=4 ss1=0 ss2=2 ss3=0 g=40 mo=17 af=0 d=1498 @(-31000,29500,r1509)]
F15345 live=1 act=1 PL(-31000,31000,rot=1024,hp=-7200) [0 t=47 st=4 ss1=0 ss2=2 ss3=0 g=40 mo=17 af=0 d=1498 @(-31000,29500,r1509)]
F15346 live=1 act=1 PL(-31000,31000,rot=1024,hp=-7200) [0 t=47 st=4 ss1=0 ss2=2 ss3=0 g=40 mo=17 af=0 d=1498 @(-31000,29500,r1509)]
F15347 live=1 act=1 PL(-31000,31000,rot=1024,hp=-7200) [0 t=47 st=4 ss1=0 ss2=2 ss3=0 g=40 mo=17 af=0 d=1498 @(-31000,29500,r1509)]
F15348 live=1 act=1 PL(-31000,31000,rot=1024,hp=-7200) [0 t=47 st=4 ss1=0 ss2=2 ss3=0 g=40 mo=17 af=0 d=1498 @(-31000,29500,r1509)]
F15349 live=1 act=1 PL(-31000,31000,rot=1024,hp=-7200) [0 t=47 st=4 ss1=0 ss2=2 ss3=0 g=40 mo=17 af=0 d=1498 @(-31000,29500,r1509)]
F15350 live=1 act=1 PL(-31000,31000,rot=1024,hp=-7200) [0 t=47 st=4 ss1=0 ss2=2 ss3=0 g=40 mo=17 af=0 d=1498 @(-31000,29500,r1509)]
F15351 live=1 act=1 PL(-31000,31000,rot=1024,hp=-7200) [0 t=47 st=4 ss1=0 ss2=2 ss3=0 g=40 mo=17 af=0 d=1498 @(-31000,29500,r1509)]
F15352 live=1 act=1 PL(-31000,31000,rot=1024,hp=-7200) [0 t=47 st=4 ss1=0 ss2=2 ss3=0 g=40 mo=17 af=0 d=1498 @(-31000,29500,r1509)]
F15353 live=1 act=1 PL(-31000,31000,rot=1024,hp=-7200) [0 t=47 st=4 ss1=0 ss2=2 ss3=0 g=40 mo=17 af=0 d=1498 @(-31000,29500,r1509)]
F15354 live=1 act=1 PL(-31000,31000,rot=1024,hp=-7200) [0 t=47 st=4 ss1=0 ss2=2 ss3=0 g=40 mo=17 af=0 d=1498 @(-31000,29500,r1509)]
F15355 live=1 act=1 PL(-31000,31000,rot=1024,hp=-7200) [0 t=47 st=4 ss1=0 ss2=2 ss3=0 g=40 mo=17 af=0 d=1498 @(-31000,29500,r1509)]
F15356 live=1 act=1 PL(-31000,31000,rot=1024,hp=-7200) [0 t=47 st=4 ss1=0 ss2=2 ss3=0 g=40 mo=17 af=0 d=1498 @(-31000,29500,r1509)]
F15357 live=1 act=1 PL(-31000,31000,rot=1024,hp=-7200) [0 t=47 st=4 ss1=0 ss2=2 ss3=0 g=40 mo=17 af=0 d=1498 @(-31000,29500,r1509)]
F15358 live=1 act=1 PL(-31000,31000,rot=1024,hp=-7200) [0 t=47 st=4 ss1=0 ss2=2 ss3=0 g=40 mo=17 af=0 d=1498 @(-31000,29500,r1509)]
F15359 live=1 act=1 PL(-31000,31000,rot=1024,hp=-7200) [0 t=47 st=4 ss1=0 ss2=2 ss3=0 g=40 mo=17 af=0 d=1498 @(-31000,29500,r1509)]
F15360 live=1 act=1 PL(-31000,31000,rot=1024,hp=-7200) [0 t=47 st=4 ss1=0 ss2=2 ss3=0 g=40 mo=17 af=0 d=1498 @(-31000,29500,r1509)]
F15361 live=1 act=1 PL(-31000,31000,rot=1024,hp=-7200) [0 t=47 st=4 ss1=0 ss2=2 ss3=0 g=40 mo=17 af=0 d=1498 @(-31000,29500,r1509)]
F15362 live=1 act=1 PL(-31000,31000,rot=1024,hp=-7200) [0 t=47 st=4 ss1=0 ss2=2 ss3=0 g=40 mo=17 af=0 d=1498 @(-31000,29500,r1509)]
F15363 live=1 act=1 PL(-31000,31000,rot=1024,hp=-7200) [0 t=47 st=4 ss1=0 ss2=2 ss3=0 g=40 mo=17 af=0 d=1498 @(-31000,29500,r1509)]
F15364 live=1 act=1 PL(-31000,31000,rot=1024,hp=-7200) [0 t=47 st=4 ss1=0 ss2=2 ss3=0 g=40 mo=17 af=0 d=1498 @(-31000,29500,r1509)]
F15365 live=1 act=1 PL(-31000,31000,rot=1024,hp=-7200) [0 t=47 st=4 ss1=0 ss2=2 ss3=0 g=40 mo=17 af=0 d=1498 @(-31000,29500,r1509)]
F15366 live=1 act=1 PL(-31000,31000,rot=1024,hp=-7200) [0 t=47 st=4 ss1=0 ss2=2 ss3=0 g=40 mo=17 af=0 d=1498 @(-31000,29500,r1509)]
F15367 live=1 act=1 PL(-31000,31000,rot=1024,hp=-7200) [0 t=47 st=4 ss1=0 ss2=2 ss3=0 g=40 mo=17 af=0 d=1498 @(-31000,29500,r1509)]
F15368 live=1 act=1 PL(-31000,31000,rot=1024,hp=-7200) [0 t=47 st=4 ss1=0 ss2=2 ss3=0 g=40 mo=17 af=0 d=1498 @(-31000,29500,r1509)]
F15369 live=1 act=1 PL(-31000,31000,rot=1024,hp=-7200) [0 t=47 st=4 ss1=0 ss2=2 ss3=0 g=40 mo=17 af=0 d=1498 @(-31000,29500,r1509)]
F15370 live=1 act=1 PL(-31000,31000,rot=1024,hp=-7200) [0 t=47 st=4 ss1=0 ss2=2 ss3=0 g=40 mo=17 af=0 d=1498 @(-31000,29500,r1509)]
F15371 live=1 act=1 PL(-31000,31000,rot=1024,hp=-7200) [0 t=47 st=4 ss1=0 ss2=2 ss3=0 g=40 mo=17 af=0 d=1498 @(-31000,29500,r1509)]
F15372 live=1 act=1 PL(-31000,31000,rot=1024,hp=-7200) [0 t=47 st=4 ss1=0 ss2=2 ss3=0 g=40 mo=17 af=0 d=1498 @(-31000,29500,r1509)]
F15373 live=1 act=1 PL(-31000,31000,rot=1024,hp=-7200) [0 t=47 st=4 ss1=0 ss2=2 ss3=0 g=40 mo=17 af=0 d=1498 @(-31000,29500,r1509)]
F15374 live=1 act=1 PL(-31000,31000,rot=1024,hp=-7200) [0 t=47 st=4 ss1=0 ss2=2 ss3=0 g=40 mo=17 af=0 d=1498 @(-31000,29500,r1509)]
F15375 live=1 act=1 PL(-31000,31000,rot=1024,hp=-7200) [0 t=47 st=4 ss1=0 ss2=2 ss3=0 g=40 mo=17 af=0 d=1498 @(-31000,29500,r1509)]
F15376 live=1 act=1 PL(-31000,31000,rot=1024,hp=-7200) [0 t=47 st=4 ss1=0 ss2=2 ss3=0 g=40 mo=17 af=0 d=1498 @(-31000,29500,r1509)]
F15377 live=1 act=1 PL(-31000,31000,rot=1024,hp=-7200) [0 t=47 st=4 ss1=0 ss2=2 ss3=0 g=40 mo=17 af=0 d=1498 @(-31000,29500,r1509)]
F15378 live=1 act=1 PL(-31000,31000,rot=1024,hp=-7200) [0 t=47 st=4 ss1=0 ss2=2 ss3=0 g=40 mo=17 af=0 d=1498 @(-31000,29500,r1509)]
F15379 live=1 act=1 PL(-31000,31000,rot=1024,hp=-7200) [0 t=47 st=4 ss1=0 ss2=2 ss3=0 g=40 mo=17 af=0 d=1498 @(-31000,29500,r1509)]
F15380 live=1 act=1 PL(-31000,31000,rot=1024,hp=-7200) [0 t=47 st=4 ss1=0 ss2=2 ss3=0 g=40 mo=17 af=0 d=1498 @(-31000,29500,r1509)]
F15381 live=1 act=1 PL(-31000,31000,rot=1024,hp=-7200) [0 t=47 st=4 ss1=0 ss2=2 ss3=0 g=40 mo=17 af=0 d=1498 @(-31000,29500,r1509)]
F15382 live=1 act=1 PL(-31000,31000,rot=1024,hp=-7200) [0 t=47 st=4 ss1=0 ss2=2 ss3=0 g=40 mo=17 af=0 d=1498 @(-31000,29500,r1509)]
F15383 live=1 act=1 PL(-31000,31000,rot=1024,hp=-7200) [0 t=47 st=4 ss1=0 ss2=2 ss3=0 g=40 mo=17 af=0 d=1498 @(-31000,29500,r1509)]
F15384 live=1 act=1 PL(-31000,31000,rot=1024,hp=-7200) [0 t=47 st=4 ss1=0 ss2=2 ss3=0 g=40 mo=17 af=0 d=1498 @(-31000,29500,r1509)]
F15385 live=1 act=1 PL(-31000,31000,rot=1024,hp=-7200) [0 t=47 st=4 ss1=0 ss2=2 ss3=0 g=40 mo=17 af=0 d=1498 @(-31000,29500,r1509)]
F15386 live=1 act=1 PL(-31000,31000,rot=1024,hp=-7200) [0 t=47 st=4 ss1=0 ss2=2 ss3=0 g=40 mo=17 af=0 d=1498 @(-31000,29500,r1509)]
F15387 live=1 act=1 PL(-31000,31000,rot=1024,hp=-7200) [0 t=47 st=4 ss1=0 ss2=2 ss3=0 g=40 mo=17 af=0 d=1498 @(-31000,29500,r1509)]
F15388 live=1 act=1 PL(-31000,31000,rot=1024,hp=-7200) [0 t=47 st=4 ss1=0 ss2=2 ss3=0 g=40 mo=17 af=0 d=1498 @(-31000,29500,r1509)]
F15389 live=1 act=1 PL(-31000,31000,rot=1024,hp=-7200) [0 t=47 st=4 ss1=0 ss2=2 ss3=0 g=40 mo=17 af=0 d=1498 @(-31000,29500,r1509)]
F15390 live=1 act=1 PL(-31000,31000,rot=1024,hp=-7200) [0 t=47 st=4 ss1=0 ss2=2 ss3=0 g=40 mo=17 af=0 d=1498 @(-31000,29500,r1509)]
F15391 live=1 act=1 PL(-31000,31000,rot=1024,hp=-7200) [0 t=47 st=4 ss1=0 ss2=2 ss3=0 g=40 mo=17 af=0 d=1498 @(-31000,29500,r1509)]
F15392 live=1 act=1 PL(-31000,31000,rot=1024,hp=-7200) [0 t=47 st=4 ss1=0 ss2=2 ss3=0 g=40 mo=17 af=0 d=1498 @(-31000,29500,r1509)]
F15393 live=1 act=1 PL(-31000,31000,rot=1024,hp=-7200) [0 t=47 st=4 ss1=0 ss2=2 ss3=0 g=40 mo=17 af=0 d=1498 @(-31000,29500,r1509)]
F15394 live=1 act=1 PL(-31000,31000,rot=1024,hp=-7200) [0 t=47 st=4 ss1=0 ss2=2 ss3=0 g=40 mo=17 af=0 d=1498 @(-31000,29500,r1509)]
F15395 live=1 act=1 PL(-31000,31000,rot=1024,hp=-7200) [0 t=47 st=4 ss1=0 ss2=2 ss3=0 g=40 mo=17 af=0 d=1498 @(-31000,29500,r1509)]
F15396 live=1 act=1 PL(-31000,31000,rot=1024,hp=-7200) [0 t=47 st=4 ss1=0 ss2=2 ss3=0 g=40 mo=17 af=0 d=1498 @(-31000,29500,r1509)]
F15397 live=1 act=1 PL(-31000,31000,rot=1024,hp=-7200) [0 t=47 st=4 ss1=0 ss2=2 ss3=0 g=40 mo=17 af=0 d=1498 @(-31000,29500,r1509)]
F15398 live=1 act=1 PL(-31000,31000,rot=1024,hp=-7200) [0 t=47 st=4 ss1=0 ss2=2 ss3=0 g=40 mo=17 af=0 d=1498 @(-31000,29500,r1509)]
F15399 live=1 act=1 PL(-31000,31000,rot=1024,hp=-7200) [0 t=47 st=4 ss1=0 ss2=2 ss3=0 g=40 mo=17 af=0 d=1498 @(-31000,29500,r1509)]
F15400 live=1 act=1 PL(-31000,31000,rot=1024,hp=-7200) [0 t=47 st=4 ss1=0 ss2=2 ss3=0 g=40 mo=17 af=0 d=1498 @(-31000,29500,r1509)]
F15401 live=1 act=1 PL(-31000,31000,rot=1024,hp=-7200) [0 t=47 st=4 ss1=0 ss2=2 ss3=0 g=40 mo=17 af=0 d=1498 @(-31000,29500,r1509)]
F15402 live=1 act=1 PL(-31000,31000,rot=1024,hp=-7200) [0 t=47 st=4 ss1=0 ss2=2 ss3=0 g=40 mo=17 af=0 d=1498 @(-31000,29500,r1509)]
F15403 live=1 act=1 PL(-31000,31000,rot=1024,hp=-7200) [0 t=47 st=4 ss1=0 ss2=2 ss3=0 g=40 mo=17 af=0 d=1498 @(-31000,29500,r1509)]
F15404 live=1 act=1 PL(-31000,31000,rot=1024,hp=-7200) [0 t=47 st=4 ss1=0 ss2=2 ss3=0 g=40 mo=17 af=0 d=1498 @(-31000,29500,r1509)]
F15405 live=1 act=1 PL(-31000,31000,rot=1024,hp=-7200) [0 t=47 st=4 ss1=0 ss2=2 ss3=0 g=40 mo=17 af=0 d=1498 @(-31000,29500,r1509)]
F15406 live=1 act=1 PL(-31000,31000,rot=1024,hp=-7200) [0 t=47 st=4 ss1=0 ss2=2 ss3=0 g=40 mo=17 af=0 d=1498 @(-31000,29500,r1509)]
F15407 live=1 act=1 PL(-31000,31000,rot=1024,hp=-7200) [0 t=47 st=4 ss1=0 ss2=2 ss3=0 g=40 mo=17 af=0 d=1498 @(-31000,29500,r1509)]
F15408 live=1 act=1 PL(-31000,31000,rot=1024,hp=-7200) [0 t=47 st=4 ss1=0 ss2=2 ss3=0 g=40 mo=17 af=0 d=1498 @(-31000,29500,r1509)]
F15409 live=1 act=1 PL(-31000,31000,rot=1024,hp=-7200) [0 t=47 st=4 ss1=0 ss2=2 ss3=0 g=40 mo=17 af=0 d=1498 @(-31000,29500,r1509)]
F15410 live=1 act=1 PL(-31000,31000,rot=1024,hp=-7200) [0 t=47 st=4 ss1=0 ss2=2 ss3=0 g=40 mo=17 af=0 d=1498 @(-31000,29500,r1509)]
F15411 live=1 act=1 PL(-31000,31000,rot=1024,hp=-7200) [0 t=47 st=4 ss1=0 ss2=2 ss3=0 g=40 mo=17 af=0 d=1498 @(-31000,29500,r1509)]
F15412 live=1 act=1 PL(-31000,31000,rot=1024,hp=-7200) [0 t=47 st=4 ss1=0 ss2=2 ss3=0 g=40 mo=17 af=0 d=1498 @(-31000,29500,r1509)]
F15413 live=1 act=1 PL(-31000,31000,rot=1024,hp=-7200) [0 t=47 st=4 ss1=0 ss2=2 ss3=0 g=40 mo=17 af=0 d=1498 @(-31000,29500,r1509)]
F15414 live=1 act=1 PL(-31000,31000,rot=1024,hp=-7200) [0 t=47 st=4 ss1=0 ss2=2 ss3=0 g=40 mo=17 af=0 d=1498 @(-31000,29500,r1509)]
F15415 live=1 act=1 PL(-31000,31000,rot=1024,hp=-7200) [0 t=47 st=4 ss1=0 ss2=2 ss3=0 g=40 mo=17 af=0 d=1498 @(-31000,29500,r1509)]
F15416 live=1 act=1 PL(-31000,31000,rot=1024,hp=-7200) [0 t=47 st=4 ss1=0 ss2=2 ss3=0 g=40 mo=17 af=0 d=1498 @(-31000,29500,r1509)]
F15417 live=1 act=1 PL(-31000,31000,rot=1024,hp=-7200) [0 t=47 st=4 ss1=0 ss2=2 ss3=0 g=40 mo=17 af=0 d=1498 @(-31000,29500,r1509)]
F15418 live=1 act=1 PL(-31000,31000,rot=1024,hp=-7200) [0 t=47 st=4 ss1=0 ss2=2 ss3=0 g=40 mo=17 af=0 d=1498 @(-31000,29500,r1509)]
F15419 live=1 act=1 PL(-31000,31000,rot=1024,hp=-7200) [0 t=47 st=4 ss1=0 ss2=2 ss3=0 g=40 mo=17 af=0 d=1498 @(-31000,29500,r1509)]
F15420 live=1 act=1 PL(-31000,31000,rot=1024,hp=-7200) [0 t=47 st=4 ss1=0 ss2=2 ss3=0 g=40 mo=17 af=0 d=1498 @(-31000,29500,r1509)]
F15421 live=1 act=1 PL(-31000,31000,rot=1024,hp=-7200) [0 t=47 st=4 ss1=0 ss2=2 ss3=0 g=40 mo=17 af=0 d=1498 @(-31000,29500,r1509)]
F15422 live=1 act=1 PL(-31000,31000,rot=1024,hp=-7200) [0 t=47 st=4 ss1=0 ss2=2 ss3=0 g=40 mo=17 af=0 d=1498 @(-31000,29500,r1509)]
F15423 live=1 act=1 PL(-31000,31000,rot=1024,hp=-7200) [0 t=47 st=4 ss1=0 ss2=2 ss3=0 g=40 mo=17 af=0 d=1498 @(-31000,29500,r1509)]
F15424 live=1 act=1 PL(-31000,31000,rot=1024,hp=-7200) [0 t=47 st=4 ss1=0 ss2=2 ss3=0 g=40 mo=17 af=0 d=1498 @(-31000,29500,r1509)]
F15425 live=1 act=1 PL(-31000,31000,rot=1024,hp=-7200) [0 t=47 st=4 ss1=0 ss2=2 ss3=0 g=40 mo=17 af=0 d=1498 @(-31000,29500,r1509)]
F15426 live=1 act=1 PL(-31000,31000,rot=1024,hp=-7200) [0 t=47 st=4 ss1=0 ss2=2 ss3=0 g=40 mo=17 af=0 d=1498 @(-31000,29500,r1509)]
F15427 live=1 act=1 PL(-31000,31000,rot=1024,hp=-7200) [0 t=47 st=4 ss1=0 ss2=2 ss3=0 g=40 mo=17 af=0 d=1498 @(-31000,29500,r1509)]
F15428 live=1 act=1 PL(-31000,31000,rot=1024,hp=-7200) [0 t=47 st=4 ss1=0 ss2=2 ss3=0 g=40 mo=17 af=0 d=1498 @(-31000,29500,r1509)]
F15429 live=1 act=1 PL(-31000,31000,rot=1024,hp=-7200) [0 t=47 st=4 ss1=0 ss2=2 ss3=0 g=40 mo=17 af=0 d=1498 @(-31000,29500,r1509)]
F15430 live=1 act=1 PL(-31000,31000,rot=1024,hp=-7200) [0 t=47 st=4 ss1=0 ss2=2 ss3=0 g=40 mo=17 af=0 d=1498 @(-31000,29500,r1509)]
F15431 live=1 act=1 PL(-31000,31000,rot=1024,hp=-7200) [0 t=47 st=4 ss1=0 ss2=2 ss3=0 g=40 mo=17 af=0 d=1498 @(-31000,29500,r1509)]
F15432 live=1 act=1 PL(-31000,31000,rot=1024,hp=-7200) [0 t=47 st=4 ss1=0 ss2=2 ss3=0 g=40 mo=17 af=0 d=1498 @(-31000,29500,r1509)]
F15433 live=1 act=1 PL(-31000,31000,rot=1024,hp=-7200) [0 t=47 st=4 ss1=0 ss2=2 ss3=0 g=40 mo=17 af=0 d=1498 @(-31000,29500,r1509)]
F15434 live=1 act=1 PL(-31000,31000,rot=1024,hp=-7200) [0 t=47 st=4 ss1=0 ss2=2 ss3=0 g=40 mo=17 af=0 d=1498 @(-31000,29500,r1509)]
F15435 live=1 act=1 PL(-31000,31000,rot=1024,hp=-7200) [0 t=47 st=4 ss1=0 ss2=2 ss3=0 g=40 mo=17 af=0 d=1498 @(-31000,29500,r1509)]
F15436 live=1 act=1 PL(-31000,31000,rot=1024,hp=-7200) [0 t=47 st=4 ss1=0 ss2=2 ss3=0 g=40 mo=17 af=0 d=1498 @(-31000,29500,r1509)]
F15437 live=1 act=1 PL(-31000,31000,rot=1024,hp=-7200) [0 t=47 st=4 ss1=0 ss2=2 ss3=0 g=40 mo=17 af=0 d=1498 @(-31000,29500,r1509)]
F15438 live=1 act=1 PL(-31000,31000,rot=1024,hp=-7200) [0 t=47 st=4 ss1=0 ss2=2 ss3=0 g=40 mo=17 af=0 d=1498 @(-31000,29500,r1509)]
F15439 live=1 act=1 PL(-31000,31000,rot=1024,hp=-7200) [0 t=47 st=4 ss1=0 ss2=2 ss3=0 g=40 mo=17 af=0 d=1498 @(-31000,29500,r1509)]
F15440 live=1 act=1 PL(-31000,31000,rot=1024,hp=-7200) [0 t=47 st=4 ss1=0 ss2=2 ss3=0 g=40 mo=17 af=0 d=1498 @(-31000,29500,r1509)]
F15441 live=1 act=1 PL(-31000,31000,rot=1024,hp=-7200) [0 t=47 st=4 ss1=0 ss2=2 ss3=0 g=40 mo=17 af=0 d=1498 @(-31000,29500,r1509)]
F15442 live=1 act=1 PL(-31000,31000,rot=1024,hp=-7200) [0 t=47 st=4 ss1=0 ss2=2 ss3=0 g=40 mo=17 af=0 d=1498 @(-31000,29500,r1509)]
F15443 live=1 act=1 PL(-31000,31000,rot=1024,hp=-7200) [0 t=47 st=4 ss1=0 ss2=2 ss3=0 g=40 mo=17 af=0 d=1498 @(-31000,29500,r1509)]
F15444 live=1 act=1 PL(-31000,31000,rot=1024,hp=-7200) [0 t=47 st=4 ss1=0 ss2=2 ss3=0 g=40 mo=17 af=0 d=1498 @(-31000,29500,r1509)]
F15445 live=1 act=1 PL(-31000,31000,rot=1024,hp=-7200) [0 t=47 st=4 ss1=0 ss2=2 ss3=0 g=40 mo=17 af=0 d=1498 @(-31000,29500,r1509)]
F15446 live=1 act=1 PL(-31000,31000,rot=1024,hp=-7200) [0 t=47 st=4 ss1=0 ss2=2 ss3=0 g=40 mo=17 af=0 d=1498 @(-31000,29500,r1509)]
F15447 live=1 act=1 PL(-31000,31000,rot=1024,hp=-7200) [0 t=47 st=4 ss1=0 ss2=2 ss3=0 g=40 mo=17 af=0 d=1498 @(-31000,29500,r1509)]
F15448 live=1 act=1 PL(-31000,31000,rot=1024,hp=-7200) [0 t=47 st=4 ss1=0 ss2=2 ss3=0 g=40 mo=17 af=0 d=1498 @(-31000,29500,r1509)]
F15449 live=1 act=1 PL(-31000,31000,rot=1024,hp=-7200) [0 t=47 st=4 ss1=0 ss2=2 ss3=0 g=40 mo=17 af=0 d=1498 @(-31000,29500,r1509)]
F15450 live=1 act=1 PL(-31000,31000,rot=1024,hp=-7200) [0 t=47 st=4 ss1=0 ss2=2 ss3=0 g=40 mo=17 af=0 d=1498 @(-31000,29500,r1509)]
F15451 live=1 act=1 PL(-31000,31000,rot=1024,hp=-7200) [0 t=47 st=4 ss1=0 ss2=2 ss3=0 g=40 mo=17 af=0 d=1498 @(-31000,29500,r1509)]
F15452 live=1 act=1 PL(-31000,31000,rot=1024,hp=-7200) [0 t=47 st=4 ss1=0 ss2=2 ss3=0 g=40 mo=17 af=0 d=1498 @(-31000,29500,r1509)]
F15453 live=1 act=1 PL(-31000,31000,rot=1024,hp=-7200) [0 t=47 st=4 ss1=0 ss2=2 ss3=0 g=40 mo=17 af=0 d=1498 @(-31000,29500,r1509)]
F15454 live=1 act=1 PL(-31000,31000,rot=1024,hp=-7200) [0 t=47 st=4 ss1=0 ss2=2 ss3=0 g=40 mo=17 af=0 d=1498 @(-31000,29500,r1509)]
F15455 live=1 act=1 PL(-31000,31000,rot=1024,hp=-7200) [0 t=47 st=4 ss1=0 ss2=2 ss3=0 g=40 mo=17 af=0 d=1498 @(-31000,29500,r1509)]
F15456 live=1 act=1 PL(-31000,31000,rot=1024,hp=-7200) [0 t=47 st=4 ss1=0 ss2=2 ss3=0 g=40 mo=17 af=0 d=1498 @(-31000,29500,r1509)]
F15457 live=1 act=1 PL(-31000,31000,rot=1024,hp=-7200) [0 t=47 st=4 ss1=0 ss2=2 ss3=0 g=40 mo=17 af=0 d=1498 @(-31000,29500,r1509)]
F15458 live=1 act=1 PL(-31000,31000,rot=1024,hp=-7200) [0 t=47 st=4 ss1=0 ss2=2 ss3=0 g=40 mo=17 af=0 d=1498 @(-31000,29500,r1509)]
F15459 live=1 act=1 PL(-31000,31000,rot=1024,hp=-7200) [0 t=47 st=4 ss1=0 ss2=2 ss3=0 g=40 mo=17 af=0 d=1498 @(-31000,29500,r1509)]
F15460 live=1 act=1 PL(-31000,31000,rot=1024,hp=-7200) [0 t=47 st=4 ss1=0 ss2=2 ss3=0 g=40 mo=17 af=0 d=1498 @(-31000,29500,r1509)]
F15461 live=1 act=1 PL(-31000,31000,rot=1024,hp=-7200) [0 t=47 st=4 ss1=0 ss2=2 ss3=0 g=40 mo=17 af=0 d=1498 @(-31000,29500,r1509)]
F15462 live=1 act=1 PL(-31000,31000,rot=1024,hp=-7200) [0 t=47 st=4 ss1=0 ss2=2 ss3=0 g=40 mo=17 af=0 d=1498 @(-31000,29500,r1509)]
F15463 live=1 act=1 PL(-31000,31000,rot=1024,hp=-7200) [0 t=47 st=4 ss1=0 ss2=2 ss3=0 g=40 mo=17 af=0 d=1498 @(-31000,29500,r1509)]
F15464 live=1 act=1 PL(-31000,31000,rot=1024,hp=-7200) [0 t=47 st=4 ss1=0 ss2=2 ss3=0 g=40 mo=17 af=0 d=1498 @(-31000,29500,r1509)]
F15465 live=1 act=1 PL(-31000,31000,rot=1024,hp=-7200) [0 t=47 st=4 ss1=0 ss2=2 ss3=0 g=40 mo=17 af=0 d=1498 @(-31000,29500,r1509)]
F15466 live=1 act=1 PL(-31000,31000,rot=1024,hp=-7200) [0 t=47 st=4 ss1=0 ss2=2 ss3=0 g=40 mo=17 af=0 d=1498 @(-31000,29500,r1509)]
F15467 live=1 act=1 PL(-31000,31000,rot=1024,hp=-7200) [0 t=47 st=4 ss1=0 ss2=2 ss3=0 g=40 mo=17 af=0 d=1498 @(-31000,29500,r1509)]
F15468 live=1 act=1 PL(-31000,31000,rot=1024,hp=-7200) [0 t=47 st=4 ss1=0 ss2=2 ss3=0 g=40 mo=17 af=0 d=1498 @(-31000,29500,r1509)]
F15469 live=1 act=1 PL(-31000,31000,rot=1024,hp=-7200) [0 t=47 st=4 ss1=0 ss2=2 ss3=0 g=40 mo=17 af=0 d=1498 @(-31000,29500,r1509)]
F15470 live=1 act=1 PL(-31000,31000,rot=1024,hp=-7200) [0 t=47 st=4 ss1=0 ss2=2 ss3=0 g=40 mo=17 af=0 d=1498 @(-31000,29500,r1509)]
F15471 live=1 act=1 PL(-31000,31000,rot=1024,hp=-7200) [0 t=47 st=4 ss1=0 ss2=2 ss3=0 g=40 mo=17 af=0 d=1498 @(-31000,29500,r1509)]
F15472 live=1 act=1 PL(-31000,31000,rot=1024,hp=-7200) [0 t=47 st=4 ss1=0 ss2=2 ss3=0 g=40 mo=17 af=0 d=1498 @(-31000,29500,r1509)]
F15473 live=1 act=1 PL(-31000,31000,rot=1024,hp=-7200) [0 t=47 st=4 ss1=0 ss2=2 ss3=0 g=40 mo=17 af=0 d=1498 @(-31000,29500,r1509)]
F15474 live=1 act=1 PL(-31000,31000,rot=1024,hp=-7200) [0 t=47 st=4 ss1=0 ss2=2 ss3=0 g=40 mo=17 af=0 d=1498 @(-31000,29500,r1509)]
F15475 live=1 act=1 PL(-31000,31000,rot=1024,hp=-7200) [0 t=47 st=4 ss1=0 ss2=2 ss3=0 g=40 mo=17 af=0 d=1498 @(-31000,29500,r1509)]
F15476 live=1 act=1 PL(-31000,31000,rot=1024,hp=-7200) [0 t=47 st=4 ss1=0 ss2=2 ss3=0 g=40 mo=17 af=0 d=1498 @(-31000,29500,r1509)]
F15477 live=1 act=1 PL(-31000,31000,rot=1024,hp=-7200) [0 t=47 st=4 ss1=0 ss2=2 ss3=0 g=40 mo=17 af=0 d=1498 @(-31000,29500,r1509)]
F15478 live=1 act=1 PL(-31000,31000,rot=1024,hp=-7200) [0 t=47 st=4 ss1=0 ss2=2 ss3=0 g=40 mo=17 af=0 d=1498 @(-31000,29500,r1509)]
F15479 live=1 act=1 PL(-31000,31000,rot=1024,hp=-7200) [0 t=47 st=4 ss1=0 ss2=2 ss3=0 g=40 mo=17 af=0 d=1498 @(-31000,29500,r1509)]
F15480 live=1 act=1 PL(-31000,31000,rot=1024,hp=-7200) [0 t=47 st=4 ss1=0 ss2=2 ss3=0 g=40 mo=17 af=0 d=1498 @(-31000,29500,r1509)]
F15481 live=1 act=1 PL(-31000,31000,rot=1024,hp=-7200) [0 t=47 st=4 ss1=0 ss2=2 ss3=0 g=40 mo=17 af=0 d=1498 @(-31000,29500,r1509)]
F15482 live=1 act=1 PL(-31000,31000,rot=1024,hp=-7200) [0 t=47 st=4 ss1=0 ss2=2 ss3=0 g=40 mo=17 af=0 d=1498 @(-31000,29500,r1509)]
F15483 live=1 act=1 PL(-31000,31000,rot=1024,hp=-7200) [0 t=47 st=4 ss1=0 ss2=2 ss3=0 g=40 mo=17 af=0 d=1498 @(-31000,29500,r1509)]
F15484 live=1 act=1 PL(-31000,31000,rot=1024,hp=-7200) [0 t=47 st=4 ss1=0 ss2=2 ss3=0 g=40 mo=17 af=0 d=1498 @(-31000,29500,r1509)]
F15485 live=1 act=1 PL(-31000,31000,rot=1024,hp=-7200) [0 t=47 st=4 ss1=0 ss2=2 ss3=0 g=40 mo=17 af=0 d=1498 @(-31000,29500,r1509)]
F15486 live=1 act=1 PL(-31000,31000,rot=1024,hp=-7200) [0 t=47 st=4 ss1=0 ss2=2 ss3=0 g=40 mo=17 af=0 d=1498 @(-31000,29500,r1509)]
F15487 live=1 act=1 PL(-31000,31000,rot=1024,hp=-7200) [0 t=47 st=4 ss1=0 ss2=2 ss3=0 g=40 mo=17 af=0 d=1498 @(-31000,29500,r1509)]
F15488 live=1 act=1 PL(-31000,31000,rot=1024,hp=-7200) [0 t=47 st=4 ss1=0 ss2=2 ss3=0 g=40 mo=17 af=0 d=1498 @(-31000,29500,r1509)]
F15489 live=1 act=1 PL(-31000,31000,rot=1024,hp=-7200) [0 t=47 st=4 ss1=0 ss2=2 ss3=0 g=40 mo=17 af=0 d=1498 @(-31000,29500,r1509)]
F15490 live=1 act=1 PL(-31000,31000,rot=1024,hp=-7200) [0 t=47 st=4 ss1=0 ss2=2 ss3=0 g=40 mo=17 af=0 d=1498 @(-31000,29500,r1509)]
F15491 live=1 act=1 PL(-31000,31000,rot=1024,hp=-7200) [0 t=47 st=4 ss1=0 ss2=2 ss3=0 g=40 mo=17 af=0 d=1498 @(-31000,29500,r1509)]
F15492 live=1 act=1 PL(-31000,31000,rot=1024,hp=-7200) [0 t=47 st=4 ss1=0 ss2=2 ss3=0 g=40 mo=17 af=0 d=1498 @(-31000,29500,r1509)]
F15493 live=1 act=1 PL(-31000,31000,rot=1024,hp=-7200) [0 t=47 st=4 ss1=0 ss2=2 ss3=0 g=40 mo=17 af=0 d=1498 @(-31000,29500,r1509)]
F15494 live=1 act=1 PL(-31000,31000,rot=1024,hp=-7200) [0 t=47 st=4 ss1=0 ss2=2 ss3=0 g=40 mo=17 af=0 d=1498 @(-31000,29500,r1509)]
F15495 live=1 act=1 PL(-31000,31000,rot=1024,hp=-7200) [0 t=47 st=4 ss1=0 ss2=2 ss3=0 g=40 mo=17 af=0 d=1498 @(-31000,29500,r1509)]
F15496 live=1 act=1 PL(-31000,31000,rot=1024,hp=-7200) [0 t=47 st=4 ss1=0 ss2=2 ss3=0 g=40 mo=17 af=0 d=1498 @(-31000,29500,r1509)]
F15497 live=1 act=1 PL(-31000,31000,rot=1024,hp=-7200) [0 t=47 st=4 ss1=0 ss2=2 ss3=0 g=40 mo=17 af=0 d=1498 @(-31000,29500,r1509)]
F15498 live=1 act=1 PL(-31000,31000,rot=1024,hp=-7200) [0 t=47 st=4 ss1=0 ss2=2 ss3=0 g=40 mo=17 af=0 d=1498 @(-31000,29500,r1509)]
F15499 live=1 act=1 PL(-31000,31000,rot=1024,hp=-7200) [0 t=47 st=4 ss1=0 ss2=2 ss3=0 g=40 mo=17 af=0 d=1498 @(-31000,29500,r1509)]
F15500 live=1 act=1 PL(-31000,31000,rot=1024,hp=-7200) [0 t=47 st=4 ss1=0 ss2=2 ss3=0 g=40 mo=17 af=0 d=1498 @(-31000,29500,r1509)]
F15501 live=1 act=1 PL(-31000,31000,rot=1024,hp=-7200) [0 t=47 st=4 ss1=0 ss2=2 ss3=0 g=40 mo=17 af=0 d=1498 @(-31000,29500,r1509)]
F15502 live=1 act=1 PL(-31000,31000,rot=1024,hp=-7200) [0 t=47 st=4 ss1=0 ss2=2 ss3=0 g=40 mo=17 af=0 d=1498 @(-31000,29500,r1509)]
F15503 live=1 act=1 PL(-31000,31000,rot=1024,hp=-7200) [0 t=47 st=4 ss1=0 ss2=2 ss3=0 g=40 mo=17 af=0 d=1498 @(-31000,29500,r1509)]
F15504 live=1 act=1 PL(-31000,31000,rot=1024,hp=-7200) [0 t=47 st=4 ss1=0 ss2=2 ss3=0 g=40 mo=17 af=0 d=1498 @(-31000,29500,r1509)]
F15505 live=1 act=1 PL(-31000,31000,rot=1024,hp=-7200) [0 t=47 st=4 ss1=0 ss2=2 ss3=0 g=40 mo=17 af=0 d=1498 @(-31000,29500,r1509)]
F15506 live=1 act=1 PL(-31000,31000,rot=1024,hp=-7200) [0 t=47 st=4 ss1=0 ss2=2 ss3=0 g=40 mo=17 af=0 d=1498 @(-31000,29500,r1509)]
# f15507 script done
F15507 live=1 act=1 PL(-31000,31000,rot=1024,hp=-7200) [0 t=47 st=4 ss1=0 ss2=2 ss3=0 g=40 mo=17 af=0 d=1498 @(-31000,29500,r1509)]
F15508 live=1 act=1 PL(-31000,31000,rot=1024,hp=-7200) [0 t=47 st=4 ss1=0 ss2=2 ss3=0 g=40 mo=17 af=0 d=1498 @(-31000,29500,r1509)]
F15509 live=1 act=1 PL(-31000,31000,rot=1024,hp=-7200) [0 t=47 st=4 ss1=0 ss2=2 ss3=0 g=40 mo=17 af=0 d=1498 @(-31000,29500,r1509)]
F15510 live=1 act=1 PL(-31000,31000,rot=1024,hp=-7200) [0 t=47 st=4 ss1=0 ss2=2 ss3=0 g=40 mo=17 af=0 d=1498 @(-31000,29500,r1509)]
F15511 live=1 act=1 PL(-31000,31000,rot=1024,hp=-7200) [0 t=47 st=4 ss1=0 ss2=2 ss3=0 g=40 mo=17 af=0 d=1498 @(-31000,29500,r1509)]
F15512 live=1 act=1 PL(-31000,31000,rot=1024,hp=-7200) [0 t=47 st=4 ss1=0 ss2=2 ss3=0 g=40 mo=17 af=0 d=1498 @(-31000,29500,r1509)]
F15513 live=1 act=1 PL(-31000,31000,rot=1024,hp=-7200) [0 t=47 st=4 ss1=0 ss2=2 ss3=0 g=40 mo=17 af=0 d=1498 @(-31000,29500,r1509)]
F15514 live=1 act=1 PL(-31000,31000,rot=1024,hp=-7200) [0 t=47 st=4 ss1=0 ss2=2 ss3=0 g=40 mo=17 af=0 d=1498 @(-31000,29500,r1509)]
F15515 live=1 act=1 PL(-31000,31000,rot=1024,hp=-7200) [0 t=47 st=4 ss1=0 ss2=2 ss3=0 g=40 mo=17 af=0 d=1498 @(-31000,29500,r1509)]
F15516 live=1 act=1 PL(-31000,31000,rot=1024,hp=-7200) [0 t=47 st=4 ss1=0 ss2=2 ss3=0 g=40 mo=17 af=0 d=1498 @(-31000,29500,r1509)]
F15517 live=1 act=1 PL(-31000,31000,rot=1024,hp=-7200) [0 t=47 st=4 ss1=0 ss2=2 ss3=0 g=40 mo=17 af=0 d=1498 @(-31000,29500,r1509)]
F15518 live=1 act=1 PL(-31000,31000,rot=1024,hp=-7200) [0 t=47 st=4 ss1=0 ss2=2 ss3=0 g=40 mo=17 af=0 d=1498 @(-31000,29500,r1509)]
F15519 live=1 act=1 PL(-31000,31000,rot=1024,hp=-7200) [0 t=47 st=4 ss1=0 ss2=2 ss3=0 g=40 mo=17 af=0 d=1498 @(-31000,29500,r1509)]
F15520 live=1 act=1 PL(-31000,31000,rot=1024,hp=-7200) [0 t=47 st=4 ss1=0 ss2=2 ss3=0 g=40 mo=17 af=0 d=1498 @(-31000,29500,r1509)]
F15521 live=1 act=1 PL(-31000,31000,rot=1024,hp=-7200) [0 t=47 st=4 ss1=0 ss2=2 ss3=0 g=40 mo=17 af=0 d=1498 @(-31000,29500,r1509)]
F15522 live=1 act=1 PL(-31000,31000,rot=1024,hp=-7200) [0 t=47 st=4 ss1=0 ss2=2 ss3=0 g=40 mo=17 af=0 d=1498 @(-31000,29500,r1509)]
F15523 live=1 act=1 PL(-31000,31000,rot=1024,hp=-7200) [0 t=47 st=4 ss1=0 ss2=2 ss3=0 g=40 mo=17 af=0 d=1498 @(-31000,29500,r1509)]
F15524 live=1 act=1 PL(-31000,31000,rot=1024,hp=-7200) [0 t=47 st=4 ss1=0 ss2=2 ss3=0 g=40 mo=17 af=0 d=1498 @(-31000,29500,r1509)]
F15525 live=1 act=1 PL(-31000,31000,rot=1024,hp=-7200) [0 t=47 st=4 ss1=0 ss2=2 ss3=0 g=40 mo=17 af=0 d=1498 @(-31000,29500,r1509)]
F15526 live=1 act=1 PL(-31000,31000,rot=1024,hp=-7200) [0 t=47 st=4 ss1=0 ss2=2 ss3=0 g=40 mo=17 af=0 d=1498 @(-31000,29500,r1509)]
F15527 live=1 act=1 PL(-31000,31000,rot=1024,hp=-7200) [0 t=47 st=4 ss1=0 ss2=2 ss3=0 g=40 mo=17 af=0 d=1498 @(-31000,29500,r1509)]
F15528 live=1 act=1 PL(-31000,31000,rot=1024,hp=-7200) [0 t=47 st=4 ss1=0 ss2=2 ss3=0 g=40 mo=17 af=0 d=1498 @(-31000,29500,r1509)]
F15529 live=1 act=1 PL(-31000,31000,rot=1024,hp=-7200) [0 t=47 st=4 ss1=0 ss2=2 ss3=0 g=40 mo=17 af=0 d=1498 @(-31000,29500,r1509)]
F15530 live=1 act=1 PL(-31000,31000,rot=1024,hp=-7200) [0 t=47 st=4 ss1=0 ss2=2 ss3=0 g=40 mo=17 af=0 d=1498 @(-31000,29500,r1509)]
F15531 live=1 act=1 PL(-31000,31000,rot=1024,hp=-7200) [0 t=47 st=4 ss1=0 ss2=2 ss3=0 g=40 mo=17 af=0 d=1498 @(-31000,29500,r1509)]
F15532 live=1 act=1 PL(-31000,31000,rot=1024,hp=-7200) [0 t=47 st=4 ss1=0 ss2=2 ss3=0 g=40 mo=17 af=0 d=1498 @(-31000,29500,r1509)]
F15533 live=1 act=1 PL(-31000,31000,rot=1024,hp=-7200) [0 t=47 st=4 ss1=0 ss2=2 ss3=0 g=40 mo=17 af=0 d=1498 @(-31000,29500,r1509)]
F15534 live=1 act=1 PL(-31000,31000,rot=1024,hp=-7200) [0 t=47 st=4 ss1=0 ss2=2 ss3=0 g=40 mo=17 af=0 d=1498 @(-31000,29500,r1509)]
F15535 live=1 act=1 PL(-31000,31000,rot=1024,hp=-7200) [0 t=47 st=4 ss1=0 ss2=2 ss3=0 g=40 mo=17 af=0 d=1498 @(-31000,29500,r1509)]
F15536 live=1 act=1 PL(-31000,31000,rot=1024,hp=-7200) [0 t=47 st=4 ss1=0 ss2=2 ss3=0 g=40 mo=17 af=0 d=1498 @(-31000,29500,r1509)]
F15537 live=1 act=1 PL(-31000,31000,rot=1024,hp=-7200) [0 t=47 st=4 ss1=0 ss2=2 ss3=0 g=40 mo=17 af=0 d=1498 @(-31000,29500,r1509)]
F15538 live=1 act=1 PL(-31000,31000,rot=1024,hp=-7200) [0 t=47 st=4 ss1=0 ss2=2 ss3=0 g=40 mo=17 af=0 d=1498 @(-31000,29500,r1509)]
F15539 live=1 act=1 PL(-31000,31000,rot=1024,hp=-7200) [0 t=47 st=4 ss1=0 ss2=2 ss3=0 g=40 mo=17 af=0 d=1498 @(-31000,29500,r1509)]
F15540 live=1 act=1 PL(-31000,31000,rot=1024,hp=-7200) [0 t=47 st=4 ss1=0 ss2=2 ss3=0 g=40 mo=17 af=0 d=1498 @(-31000,29500,r1509)]
F15541 live=1 act=1 PL(-31000,31000,rot=1024,hp=-7200) [0 t=47 st=4 ss1=0 ss2=2 ss3=0 g=40 mo=17 af=0 d=1498 @(-31000,29500,r1509)]
F15542 live=1 act=1 PL(-31000,31000,rot=1024,hp=-7200) [0 t=47 st=4 ss1=0 ss2=2 ss3=0 g=40 mo=17 af=0 d=1498 @(-31000,29500,r1509)]
F15543 live=1 act=1 PL(-31000,31000,rot=1024,hp=-7200) [0 t=47 st=4 ss1=0 ss2=2 ss3=0 g=40 mo=17 af=0 d=1498 @(-31000,29500,r1509)]
F15544 live=1 act=1 PL(-31000,31000,rot=1024,hp=-7200) [0 t=47 st=4 ss1=0 ss2=2 ss3=0 g=40 mo=17 af=0 d=1498 @(-31000,29500,r1509)]
F15545 live=1 act=1 PL(-31000,31000,rot=1024,hp=-7200) [0 t=47 st=4 ss1=0 ss2=2 ss3=0 g=40 mo=17 af=0 d=1498 @(-31000,29500,r1509)]
F15546 live=1 act=1 PL(-31000,31000,rot=1024,hp=-7200) [0 t=47 st=4 ss1=0 ss2=2 ss3=0 g=40 mo=17 af=0 d=1498 @(-31000,29500,r1509)]
F15547 live=1 act=1 PL(-31000,31000,rot=1024,hp=-7200) [0 t=47 st=4 ss1=0 ss2=2 ss3=0 g=40 mo=17 af=0 d=1498 @(-31000,29500,r1509)]
F15548 live=1 act=1 PL(-31000,31000,rot=1024,hp=-7200) [0 t=47 st=4 ss1=0 ss2=2 ss3=0 g=40 mo=17 af=0 d=1498 @(-31000,29500,r1509)]
F15549 live=1 act=1 PL(-31000,31000,rot=1024,hp=-7200) [0 t=47 st=4 ss1=0 ss2=2 ss3=0 g=40 mo=17 af=0 d=1498 @(-31000,29500,r1509)]
F15550 live=1 act=1 PL(-31000,31000,rot=1024,hp=-7200) [0 t=47 st=4 ss1=0 ss2=2 ss3=0 g=40 mo=17 af=0 d=1498 @(-31000,29500,r1509)]
F15551 live=1 act=1 PL(-31000,31000,rot=1024,hp=-7200) [0 t=47 st=4 ss1=0 ss2=2 ss3=0 g=40 mo=17 af=0 d=1498 @(-31000,29500,r1509)]
F15552 live=1 act=1 PL(-31000,31000,rot=1024,hp=-7200) [0 t=47 st=4 ss1=0 ss2=2 ss3=0 g=40 mo=17 af=0 d=1498 @(-31000,29500,r1509)]
F15553 live=1 act=1 PL(-31000,31000,rot=1024,hp=-7200) [0 t=47 st=4 ss1=0 ss2=2 ss3=0 g=40 mo=17 af=0 d=1498 @(-31000,29500,r1509)]
F15554 live=1 act=1 PL(-31000,31000,rot=1024,hp=-7200) [0 t=47 st=4 ss1=0 ss2=2 ss3=0 g=40 mo=17 af=0 d=1498 @(-31000,29500,r1509)]
F15555 live=1 act=1 PL(-31000,31000,rot=1024,hp=-7200) [0 t=47 st=4 ss1=0 ss2=2 ss3=0 g=40 mo=17 af=0 d=1498 @(-31000,29500,r1509)]
F15556 live=1 act=1 PL(-31000,31000,rot=1024,hp=-7200) [0 t=47 st=4 ss1=0 ss2=2 ss3=0 g=40 mo=17 af=0 d=1498 @(-31000,29500,r1509)]
F15557 live=1 act=1 PL(-31000,31000,rot=1024,hp=-7200) [0 t=47 st=4 ss1=0 ss2=2 ss3=0 g=40 mo=17 af=0 d=1498 @(-31000,29500,r1509)]
F15558 live=1 act=1 PL(-31000,31000,rot=1024,hp=-7200) [0 t=47 st=4 ss1=0 ss2=2 ss3=0 g=40 mo=17 af=0 d=1498 @(-31000,29500,r1509)]
F15559 live=1 act=1 PL(-31000,31000,rot=1024,hp=-7200) [0 t=47 st=4 ss1=0 ss2=2 ss3=0 g=40 mo=17 af=0 d=1498 @(-31000,29500,r1509)]
F15560 live=1 act=1 PL(-31000,31000,rot=1024,hp=-7200) [0 t=47 st=4 ss1=0 ss2=2 ss3=0 g=40 mo=17 af=0 d=1498 @(-31000,29500,r1509)]
F15561 live=1 act=1 PL(-31000,31000,rot=1024,hp=-7200) [0 t=47 st=4 ss1=0 ss2=2 ss3=0 g=40 mo=17 af=0 d=1498 @(-31000,29500,r1509)]
F15562 live=1 act=1 PL(-31000,31000,rot=1024,hp=-7200) [0 t=47 st=4 ss1=0 ss2=2 ss3=0 g=40 mo=17 af=0 d=1498 @(-31000,29500,r1509)]
F15563 live=1 act=1 PL(-31000,31000,rot=1024,hp=-7200) [0 t=47 st=4 ss1=0 ss2=2 ss3=0 g=40 mo=17 af=0 d=1498 @(-31000,29500,r1509)]
F15564 live=1 act=1 PL(-31000,31000,rot=1024,hp=-7200) [0 t=47 st=4 ss1=0 ss2=2 ss3=0 g=40 mo=17 af=0 d=1498 @(-31000,29500,r1509)]
F15565 live=1 act=1 PL(-31000,31000,rot=1024,hp=-7200) [0 t=47 st=4 ss1=0 ss2=2 ss3=0 g=40 mo=17 af=0 d=1498 @(-31000,29500,r1509)]
F15566 live=1 act=1 PL(-31000,31000,rot=1024,hp=-7200) [0 t=47 st=4 ss1=0 ss2=2 ss3=0 g=40 mo=17 af=0 d=1498 @(-31000,29500,r1509)]
F15567 live=1 act=1 PL(-31000,31000,rot=1024,hp=-7200) [0 t=47 st=4 ss1=0 ss2=2 ss3=0 g=40 mo=17 af=0 d=1498 @(-31000,29500,r1509)]
F15568 live=1 act=1 PL(-31000,31000,rot=1024,hp=-7200) [0 t=47 st=4 ss1=0 ss2=2 ss3=0 g=40 mo=17 af=0 d=1498 @(-31000,29500,r1509)]
F15569 live=1 act=1 PL(-31000,31000,rot=1024,hp=-7200) [0 t=47 st=4 ss1=0 ss2=2 ss3=0 g=40 mo=17 af=0 d=1498 @(-31000,29500,r1509)]
F15570 live=1 act=1 PL(-31000,31000,rot=1024,hp=-7200) [0 t=47 st=4 ss1=0 ss2=2 ss3=0 g=40 mo=17 af=0 d=1498 @(-31000,29500,r1509)]
F15571 live=1 act=1 PL(-31000,31000,rot=1024,hp=-7200) [0 t=47 st=4 ss1=0 ss2=2 ss3=0 g=40 mo=17 af=0 d=1498 @(-31000,29500,r1509)]
F15572 live=1 act=1 PL(-31000,31000,rot=1024,hp=-7200) [0 t=47 st=4 ss1=0 ss2=2 ss3=0 g=40 mo=17 af=0 d=1498 @(-31000,29500,r1509)]
F15573 live=1 act=1 PL(2300,14365,rot=1024,hp=-7200) [0 t=47 st=4 ss1=0 ss2=2 ss3=0 g=40 mo=17 af=0 d=35472 @(-31000,29500,r1509)]
F15574 live=1 act=1 PL(2300,14365,rot=1024,hp=-7200) [0 t=47 st=4 ss1=0 ss2=2 ss3=0 g=40 mo=17 af=0 d=35472 @(-31000,29500,r1509)]
F15575 live=1 act=1 PL(2300,14365,rot=1024,hp=-7200) [0 t=47 st=4 ss1=0 ss2=2 ss3=0 g=40 mo=17 af=0 d=35472 @(-31000,29500,r1509)]
F15576 live=1 act=1 PL(2300,14365,rot=1024,hp=-7200) [0 t=47 st=4 ss1=0 ss2=2 ss3=0 g=40 mo=17 af=0 d=35472 @(-31000,29500,r1509)]
F15577 live=1 act=1 PL(2300,14365,rot=1024,hp=-7200) [0 t=47 st=4 ss1=0 ss2=2 ss3=0 g=40 mo=17 af=0 d=35472 @(-31000,29500,r1509)]
F15578 live=1 act=1 PL(2300,14365,rot=1024,hp=-7200) [0 t=47 st=4 ss1=0 ss2=2 ss3=0 g=40 mo=17 af=0 d=35472 @(-31000,29500,r1509)]
F15579 live=1 act=1 PL(2300,14365,rot=1024,hp=-7200) [0 t=47 st=4 ss1=0 ss2=2 ss3=0 g=40 mo=17 af=0 d=35472 @(-31000,29500,r1509)]
F15580 live=1 act=1 PL(2300,14365,rot=1024,hp=-7200) [0 t=47 st=4 ss1=0 ss2=2 ss3=0 g=40 mo=17 af=0 d=35472 @(-31000,29500,r1509)]
F15581 live=1 act=1 PL(2300,14365,rot=1024,hp=-7200) [0 t=47 st=4 ss1=0 ss2=2 ss3=0 g=40 mo=17 af=0 d=35472 @(-31000,29500,r1509)]
F15582 live=1 act=1 PL(2300,14365,rot=1024,hp=-7200) [0 t=47 st=4 ss1=0 ss2=2 ss3=0 g=40 mo=17 af=0 d=35472 @(-31000,29500,r1509)]
F15583 live=1 act=1 PL(2300,14365,rot=1024,hp=-7200) [0 t=47 st=4 ss1=0 ss2=2 ss3=0 g=40 mo=17 af=0 d=35472 @(-31000,29500,r1509)]
F15584 live=1 act=1 PL(2300,14365,rot=1024,hp=-7200) [0 t=47 st=4 ss1=0 ss2=2 ss3=0 g=40 mo=17 af=0 d=35472 @(-31000,29500,r1509)]
F15585 live=1 act=1 PL(2300,14365,rot=1024,hp=-7200) [0 t=47 st=4 ss1=0 ss2=2 ss3=0 g=40 mo=17 af=0 d=35472 @(-31000,29500,r1509)]
F15586 live=1 act=1 PL(2300,14365,rot=1024,hp=-7200) [0 t=47 st=4 ss1=0 ss2=2 ss3=0 g=40 mo=17 af=0 d=35472 @(-31000,29500,r1509)]
F15587 live=1 act=1 PL(2300,14365,rot=1024,hp=-7200) [0 t=47 st=4 ss1=0 ss2=2 ss3=0 g=40 mo=17 af=0 d=35472 @(-31000,29500,r1509)]
F15588 live=1 act=1 PL(2300,14365,rot=1024,hp=-7200) [0 t=47 st=4 ss1=0 ss2=2 ss3=0 g=40 mo=17 af=0 d=35472 @(-31000,29500,r1509)]
F15589 live=1 act=1 PL(2300,14365,rot=1024,hp=-7200) [0 t=47 st=4 ss1=0 ss2=2 ss3=0 g=40 mo=17 af=0 d=35472 @(-31000,29500,r1509)]
F15590 live=1 act=1 PL(2300,14365,rot=1024,hp=-7200) [0 t=47 st=4 ss1=0 ss2=2 ss3=0 g=40 mo=17 af=0 d=35472 @(-31000,29500,r1509)]
F15591 live=1 act=1 PL(2300,14365,rot=1024,hp=-7200) [0 t=47 st=4 ss1=0 ss2=2 ss3=0 g=40 mo=17 af=0 d=35472 @(-31000,29500,r1509)]
F15592 live=1 act=1 PL(2300,14365,rot=1024,hp=-7200) [0 t=47 st=4 ss1=0 ss2=2 ss3=0 g=40 mo=17 af=0 d=35472 @(-31000,29500,r1509)]
F15593 live=1 act=1 PL(2300,14365,rot=1024,hp=-7200) [0 t=47 st=4 ss1=0 ss2=2 ss3=0 g=40 mo=17 af=0 d=35472 @(-31000,29500,r1509)]
F15594 live=1 act=1 PL(2300,14365,rot=1024,hp=-7200) [0 t=47 st=4 ss1=0 ss2=2 ss3=0 g=40 mo=17 af=0 d=35472 @(-31000,29500,r1509)]
F15595 live=1 act=1 PL(2300,14365,rot=1024,hp=-7200) [0 t=47 st=4 ss1=0 ss2=2 ss3=0 g=40 mo=17 af=0 d=35472 @(-31000,29500,r1509)]
F15596 live=1 act=1 PL(2300,14365,rot=1024,hp=-7200) [0 t=47 st=4 ss1=0 ss2=2 ss3=0 g=40 mo=17 af=0 d=35472 @(-31000,29500,r1509)]
F15597 live=1 act=1 PL(2300,14365,rot=1024,hp=-7200) [0 t=47 st=4 ss1=0 ss2=2 ss3=0 g=40 mo=17 af=0 d=35472 @(-31000,29500,r1509)]
F15598 live=1 act=1 PL(2300,14365,rot=1024,hp=-7200) [0 t=47 st=4 ss1=0 ss2=2 ss3=0 g=40 mo=17 af=0 d=35472 @(-31000,29500,r1509)]
F15599 live=1 act=1 PL(2300,14365,rot=1024,hp=-7200) [0 t=47 st=4 ss1=0 ss2=2 ss3=0 g=40 mo=17 af=0 d=35472 @(-31000,29500,r1509)]
F15600 live=1 act=1 PL(2300,14365,rot=1024,hp=-7200) [0 t=47 st=4 ss1=0 ss2=2 ss3=0 g=40 mo=17 af=0 d=35472 @(-31000,29500,r1509)]
F15601 live=1 act=1 PL(2300,14365,rot=1024,hp=-7200) [0 t=47 st=4 ss1=0 ss2=2 ss3=0 g=40 mo=17 af=0 d=35472 @(-31000,29500,r1509)]
F15602 live=1 act=1 PL(2300,14365,rot=1024,hp=-7200) [0 t=47 st=4 ss1=0 ss2=2 ss3=0 g=40 mo=17 af=0 d=35472 @(-31000,29500,r1509)]
F15603 live=1 act=1 PL(2300,14365,rot=1024,hp=-7200) [0 t=47 st=4 ss1=0 ss2=2 ss3=0 g=40 mo=17 af=0 d=35472 @(-31000,29500,r1509)]
F15604 live=1 act=1 PL(2300,14365,rot=1024,hp=-7200) [0 t=47 st=4 ss1=0 ss2=2 ss3=0 g=40 mo=17 af=0 d=35472 @(-31000,29500,r1509)]
F15605 live=1 act=1 PL(2300,14365,rot=1024,hp=-7200) [0 t=47 st=4 ss1=0 ss2=2 ss3=0 g=40 mo=17 af=0 d=35472 @(-31000,29500,r1509)]
F15606 live=1 act=1 PL(2300,14365,rot=1024,hp=-7200) [0 t=47 st=4 ss1=0 ss2=2 ss3=0 g=40 mo=17 af=0 d=35472 @(-31000,29500,r1509)]
F15607 live=1 act=1 PL(2300,14365,rot=1024,hp=-7200) [0 t=47 st=4 ss1=0 ss2=2 ss3=0 g=40 mo=17 af=0 d=35472 @(-31000,29500,r1509)]
F15608 live=1 act=1 PL(2300,14365,rot=1024,hp=-7200) [0 t=47 st=4 ss1=0 ss2=2 ss3=0 g=40 mo=17 af=0 d=35472 @(-31000,29500,r1509)]
F15609 live=1 act=1 PL(2300,14365,rot=1024,hp=-7200) [0 t=47 st=4 ss1=0 ss2=2 ss3=0 g=40 mo=17 af=0 d=35472 @(-31000,29500,r1509)]
F15610 live=1 act=1 PL(2300,14365,rot=1024,hp=-7200) [0 t=47 st=4 ss1=0 ss2=2 ss3=0 g=40 mo=17 af=0 d=35472 @(-31000,29500,r1509)]
F15611 live=1 act=1 PL(2300,14365,rot=1024,hp=-7200) [0 t=47 st=4 ss1=0 ss2=2 ss3=0 g=40 mo=17 af=0 d=35472 @(-31000,29500,r1509)]
F15612 live=1 act=1 PL(2300,14365,rot=1024,hp=-7200) [0 t=47 st=4 ss1=0 ss2=2 ss3=0 g=40 mo=17 af=0 d=35472 @(-31000,29500,r1509)]
F15613 live=1 act=1 PL(2300,14365,rot=1024,hp=-7200) [0 t=47 st=4 ss1=0 ss2=2 ss3=0 g=40 mo=17 af=0 d=35472 @(-31000,29500,r1509)]
F15614 live=1 act=1 PL(2300,14365,rot=1024,hp=-7200) [0 t=47 st=4 ss1=0 ss2=2 ss3=0 g=40 mo=17 af=0 d=35472 @(-31000,29500,r1509)]
F15615 live=1 act=1 PL(2300,14365,rot=1024,hp=-7200) [0 t=47 st=4 ss1=0 ss2=2 ss3=0 g=40 mo=17 af=0 d=35472 @(-31000,29500,r1509)]
F15616 live=1 act=1 PL(2300,14365,rot=1024,hp=-7200) [0 t=47 st=4 ss1=0 ss2=2 ss3=0 g=40 mo=17 af=0 d=35472 @(-31000,29500,r1509)]
F15617 live=1 act=1 PL(2300,14365,rot=1024,hp=-7200) [0 t=47 st=4 ss1=0 ss2=2 ss3=0 g=40 mo=17 af=0 d=35472 @(-31000,29500,r1509)]
F15618 live=1 act=1 PL(2300,14365,rot=1024,hp=-7200) [0 t=47 st=4 ss1=0 ss2=2 ss3=0 g=40 mo=17 af=0 d=35472 @(-31000,29500,r1509)]
F15619 live=1 act=1 PL(2300,14365,rot=1024,hp=-7200) [0 t=47 st=4 ss1=0 ss2=2 ss3=0 g=40 mo=17 af=0 d=35472 @(-31000,29500,r1509)]
F15620 live=1 act=1 PL(2300,14365,rot=1024,hp=-7200) [0 t=47 st=4 ss1=0 ss2=2 ss3=0 g=40 mo=17 af=0 d=35472 @(-31000,29500,r1509)]
F15621 live=1 act=1 PL(2300,14365,rot=1024,hp=-7200) [0 t=47 st=4 ss1=0 ss2=2 ss3=0 g=40 mo=17 af=0 d=35472 @(-31000,29500,r1509)]
F15622 live=1 act=1 PL(2300,14365,rot=1024,hp=-7200) [0 t=47 st=4 ss1=0 ss2=2 ss3=0 g=40 mo=17 af=0 d=35472 @(-31000,29500,r1509)]
F15623 live=1 act=1 PL(2300,14365,rot=1024,hp=-7200) [0 t=47 st=4 ss1=0 ss2=2 ss3=0 g=40 mo=17 af=0 d=35472 @(-31000,29500,r1509)]
F15624 live=1 act=1 PL(2300,14365,rot=1024,hp=-7200) [0 t=47 st=4 ss1=0 ss2=2 ss3=0 g=40 mo=17 af=0 d=35472 @(-31000,29500,r1509)]
F15625 live=1 act=1 PL(2300,14365,rot=1024,hp=-7200) [0 t=47 st=4 ss1=0 ss2=2 ss3=0 g=40 mo=17 af=0 d=35472 @(-31000,29500,r1509)]
F15626 live=1 act=1 PL(2300,14365,rot=1024,hp=-7200) [0 t=47 st=4 ss1=0 ss2=2 ss3=0 g=40 mo=17 af=0 d=35472 @(-31000,29500,r1509)]
F15627 live=1 act=1 PL(2300,14365,rot=1024,hp=-7200) [0 t=47 st=4 ss1=0 ss2=2 ss3=0 g=40 mo=17 af=0 d=35472 @(-31000,29500,r1509)]
F15628 live=1 act=1 PL(2300,14365,rot=1024,hp=-7200) [0 t=47 st=4 ss1=0 ss2=2 ss3=0 g=40 mo=17 af=0 d=35472 @(-31000,29500,r1509)]
F15629 live=1 act=1 PL(2300,14365,rot=1024,hp=-7200) [0 t=47 st=4 ss1=0 ss2=2 ss3=0 g=40 mo=17 af=0 d=35472 @(-31000,29500,r1509)]
F15630 live=1 act=1 PL(2300,14365,rot=1024,hp=-7200) [0 t=47 st=4 ss1=0 ss2=2 ss3=0 g=40 mo=17 af=0 d=35472 @(-31000,29500,r1509)]
F15631 live=1 act=1 PL(2300,14365,rot=1024,hp=-7200) [0 t=47 st=4 ss1=0 ss2=2 ss3=0 g=40 mo=17 af=0 d=35472 @(-31000,29500,r1509)]
F15632 live=1 act=1 PL(2300,14365,rot=1024,hp=-7200) [0 t=47 st=4 ss1=0 ss2=2 ss3=0 g=40 mo=17 af=0 d=35472 @(-31000,29500,r1509)]
F15633 live=1 act=1 PL(2300,14365,rot=1024,hp=-7200) [0 t=47 st=4 ss1=0 ss2=2 ss3=0 g=40 mo=17 af=0 d=35472 @(-31000,29500,r1509)]
F15634 live=1 act=1 PL(2300,14365,rot=1024,hp=-7200) [0 t=47 st=4 ss1=0 ss2=2 ss3=0 g=40 mo=17 af=0 d=35472 @(-31000,29500,r1509)]
F15635 live=1 act=1 PL(2300,14365,rot=1024,hp=-7200) [0 t=47 st=4 ss1=0 ss2=2 ss3=0 g=40 mo=17 af=0 d=35472 @(-31000,29500,r1509)]
F15636 live=1 act=1 PL(2300,14365,rot=1024,hp=-7200) [0 t=47 st=4 ss1=0 ss2=2 ss3=0 g=40 mo=17 af=0 d=35472 @(-31000,29500,r1509)]
F15637 live=1 act=1 PL(2300,14365,rot=1024,hp=-7200) [0 t=47 st=4 ss1=0 ss2=2 ss3=0 g=40 mo=17 af=0 d=35472 @(-31000,29500,r1509)]
F15638 live=1 act=1 PL(2300,14365,rot=1024,hp=-7200) [0 t=47 st=4 ss1=0 ss2=2 ss3=0 g=40 mo=17 af=0 d=35472 @(-31000,29500,r1509)]
F15639 live=1 act=1 PL(2300,14365,rot=1024,hp=-7200) [0 t=47 st=4 ss1=0 ss2=2 ss3=0 g=40 mo=17 af=0 d=35472 @(-31000,29500,r1509)]
F15640 live=1 act=1 PL(2300,14365,rot=1024,hp=-7200) [0 t=47 st=4 ss1=0 ss2=2 ss3=0 g=40 mo=17 af=0 d=35472 @(-31000,29500,r1509)]
F15641 live=1 act=1 PL(2300,14365,rot=1024,hp=-7200) [0 t=47 st=4 ss1=0 ss2=2 ss3=0 g=40 mo=17 af=0 d=35472 @(-31000,29500,r1509)]
F15642 live=1 act=1 PL(2300,14365,rot=1024,hp=-7200) [0 t=47 st=4 ss1=0 ss2=2 ss3=0 g=40 mo=17 af=0 d=35472 @(-31000,29500,r1509)]
F15643 live=1 act=1 PL(2300,14365,rot=1024,hp=-7200) [0 t=47 st=4 ss1=0 ss2=2 ss3=0 g=40 mo=17 af=0 d=35472 @(-31000,29500,r1509)]
F15644 live=1 act=1 PL(2300,14365,rot=1024,hp=-7200) [0 t=47 st=4 ss1=0 ss2=2 ss3=0 g=40 mo=17 af=0 d=35472 @(-31000,29500,r1509)]
F15645 live=1 act=1 PL(2300,14365,rot=1024,hp=-7200) [0 t=47 st=4 ss1=0 ss2=2 ss3=0 g=40 mo=17 af=0 d=35472 @(-31000,29500,r1509)]
F15646 live=1 act=1 PL(2300,14365,rot=1024,hp=-7200) [0 t=47 st=4 ss1=0 ss2=2 ss3=0 g=40 mo=17 af=0 d=35472 @(-31000,29500,r1509)]
F15647 live=1 act=1 PL(2300,14365,rot=1024,hp=-7200) [0 t=47 st=4 ss1=0 ss2=2 ss3=0 g=40 mo=17 af=0 d=35472 @(-31000,29500,r1509)]
F15648 live=1 act=1 PL(2300,14365,rot=1024,hp=-7200) [0 t=47 st=4 ss1=0 ss2=2 ss3=0 g=40 mo=17 af=0 d=35472 @(-31000,29500,r1509)]
F15649 live=1 act=1 PL(2300,14365,rot=1024,hp=-7200) [0 t=47 st=4 ss1=0 ss2=2 ss3=0 g=40 mo=17 af=0 d=35472 @(-31000,29500,r1509)]
F15650 live=1 act=1 PL(2300,14365,rot=1024,hp=-7200) [0 t=47 st=4 ss1=0 ss2=2 ss3=0 g=40 mo=17 af=0 d=35472 @(-31000,29500,r1509)]
F15651 live=1 act=1 PL(2300,14365,rot=1024,hp=-7200) [0 t=47 st=4 ss1=0 ss2=2 ss3=0 g=40 mo=17 af=0 d=35472 @(-31000,29500,r1509)]
F15652 live=1 act=1 PL(2300,14365,rot=1024,hp=-7200) [0 t=47 st=4 ss1=0 ss2=2 ss3=0 g=40 mo=17 af=0 d=35472 @(-31000,29500,r1509)]
F15653 live=1 act=1 PL(2300,14365,rot=1024,hp=-7200) [0 t=47 st=4 ss1=0 ss2=2 ss3=0 g=40 mo=17 af=0 d=35472 @(-31000,29500,r1509)]
F15654 live=1 act=1 PL(2300,14365,rot=1024,hp=-7200) [0 t=47 st=4 ss1=0 ss2=2 ss3=0 g=40 mo=17 af=0 d=35472 @(-31000,29500,r1509)]
F15655 live=1 act=1 PL(2300,14365,rot=1024,hp=-7200) [0 t=47 st=4 ss1=0 ss2=2 ss3=0 g=40 mo=17 af=0 d=35472 @(-31000,29500,r1509)]
F15656 live=1 act=1 PL(2300,14365,rot=1024,hp=-7200) [0 t=47 st=4 ss1=0 ss2=2 ss3=0 g=40 mo=17 af=0 d=35472 @(-31000,29500,r1509)]
F15657 live=1 act=1 PL(2300,14365,rot=1024,hp=-7200) [0 t=47 st=4 ss1=0 ss2=2 ss3=0 g=40 mo=17 af=0 d=35472 @(-31000,29500,r1509)]
F15658 live=1 act=1 PL(2300,14365,rot=1024,hp=-7200) [0 t=47 st=4 ss1=0 ss2=2 ss3=0 g=40 mo=17 af=0 d=35472 @(-31000,29500,r1509)]
F15659 live=1 act=1 PL(2300,14365,rot=1024,hp=-7200) [0 t=47 st=4 ss1=0 ss2=2 ss3=0 g=40 mo=17 af=0 d=35472 @(-31000,29500,r1509)]
F15660 live=1 act=1 PL(2300,14365,rot=1024,hp=-7200) [0 t=47 st=4 ss1=0 ss2=2 ss3=0 g=40 mo=17 af=0 d=35472 @(-31000,29500,r1509)]
F15661 live=1 act=1 PL(2300,14365,rot=1024,hp=-7200) [0 t=47 st=4 ss1=0 ss2=2 ss3=0 g=40 mo=17 af=0 d=35472 @(-31000,29500,r1509)]
F15662 live=1 act=1 PL(2300,14365,rot=1024,hp=-7200) [0 t=47 st=4 ss1=0 ss2=2 ss3=0 g=40 mo=17 af=0 d=35472 @(-31000,29500,r1509)]
F15663 live=1 act=1 PL(2300,14365,rot=1024,hp=-7200) [0 t=47 st=4 ss1=0 ss2=2 ss3=0 g=40 mo=17 af=0 d=35472 @(-31000,29500,r1509)]
F15664 live=1 act=1 PL(2300,14365,rot=1024,hp=-7200) [0 t=47 st=4 ss1=0 ss2=2 ss3=0 g=40 mo=17 af=0 d=35472 @(-31000,29500,r1509)]
F15665 live=1 act=1 PL(2300,14365,rot=1024,hp=-7200) [0 t=47 st=4 ss1=0 ss2=2 ss3=0 g=40 mo=17 af=0 d=35472 @(-31000,29500,r1509)]
F15666 live=1 act=1 PL(2300,14365,rot=1024,hp=-7200) [0 t=47 st=4 ss1=0 ss2=2 ss3=0 g=40 mo=17 af=0 d=35472 @(-31000,29500,r1509)]
F15667 live=1 act=1 PL(2300,14365,rot=1024,hp=-7200) [0 t=47 st=4 ss1=0 ss2=2 ss3=0 g=40 mo=17 af=0 d=35472 @(-31000,29500,r1509)]
F15668 live=1 act=1 PL(2300,14365,rot=1024,hp=-7200) [0 t=47 st=4 ss1=0 ss2=2 ss3=0 g=40 mo=17 af=0 d=35472 @(-31000,29500,r1509)]
F15669 live=1 act=1 PL(2300,14365,rot=1024,hp=-7200) [0 t=47 st=4 ss1=0 ss2=2 ss3=0 g=40 mo=17 af=0 d=35472 @(-31000,29500,r1509)]
F15670 live=1 act=1 PL(2300,14365,rot=1024,hp=-7200) [0 t=47 st=4 ss1=0 ss2=2 ss3=0 g=40 mo=17 af=0 d=35472 @(-31000,29500,r1509)]
F15671 live=1 act=1 PL(2300,14365,rot=1024,hp=-7200) [0 t=47 st=4 ss1=0 ss2=2 ss3=0 g=40 mo=17 af=0 d=35472 @(-31000,29500,r1509)]
F15672 live=1 act=1 PL(2300,14365,rot=1024,hp=-7200) [0 t=47 st=4 ss1=0 ss2=2 ss3=0 g=40 mo=17 af=0 d=35472 @(-31000,29500,r1509)]
F15673 live=1 act=1 PL(2300,14365,rot=1024,hp=-7200) [0 t=47 st=4 ss1=0 ss2=2 ss3=0 g=40 mo=17 af=0 d=35472 @(-31000,29500,r1509)]
F15674 live=1 act=1 PL(2300,14365,rot=1024,hp=-7200) [0 t=47 st=4 ss1=0 ss2=2 ss3=0 g=40 mo=17 af=0 d=35472 @(-31000,29500,r1509)]
F15675 live=1 act=1 PL(2300,14365,rot=1024,hp=-7200) [0 t=47 st=4 ss1=0 ss2=2 ss3=0 g=40 mo=17 af=0 d=35472 @(-31000,29500,r1509)]
F15676 live=1 act=1 PL(2300,14365,rot=1024,hp=-7200) [0 t=47 st=4 ss1=0 ss2=2 ss3=0 g=40 mo=17 af=0 d=35472 @(-31000,29500,r1509)]
F15677 live=1 act=1 PL(2300,14365,rot=1024,hp=-7200) [0 t=47 st=4 ss1=0 ss2=2 ss3=0 g=40 mo=17 af=0 d=35472 @(-31000,29500,r1509)]
F15678 live=1 act=1 PL(2300,14365,rot=1024,hp=-7200) [0 t=47 st=4 ss1=0 ss2=2 ss3=0 g=40 mo=17 af=0 d=35472 @(-31000,29500,r1509)]
F15679 live=1 act=1 PL(2300,14365,rot=1024,hp=-7200) [0 t=47 st=4 ss1=0 ss2=2 ss3=0 g=40 mo=17 af=0 d=35472 @(-31000,29500,r1509)]
F15680 live=1 act=1 PL(2300,14365,rot=1024,hp=-7200) [0 t=47 st=4 ss1=0 ss2=2 ss3=0 g=40 mo=17 af=0 d=35472 @(-31000,29500,r1509)]
F15681 live=1 act=1 PL(2300,14365,rot=1024,hp=-7200) [0 t=47 st=4 ss1=0 ss2=2 ss3=0 g=40 mo=17 af=0 d=35472 @(-31000,29500,r1509)]
F15682 live=1 act=1 PL(2300,14365,rot=1024,hp=-7200) [0 t=47 st=4 ss1=0 ss2=2 ss3=0 g=40 mo=17 af=0 d=35472 @(-31000,29500,r1509)]
F15683 live=1 act=1 PL(2300,14365,rot=1024,hp=-7200) [0 t=47 st=4 ss1=0 ss2=2 ss3=0 g=40 mo=17 af=0 d=35472 @(-31000,29500,r1509)]
F15684 live=1 act=1 PL(2300,14365,rot=1024,hp=-7200) [0 t=47 st=4 ss1=0 ss2=2 ss3=0 g=40 mo=17 af=0 d=35472 @(-31000,29500,r1509)]
F15685 live=1 act=1 PL(2300,14365,rot=1024,hp=-7200) [0 t=47 st=4 ss1=0 ss2=2 ss3=0 g=40 mo=17 af=0 d=35472 @(-31000,29500,r1509)]
F15686 live=1 act=1 PL(2300,14365,rot=1024,hp=-7200) [0 t=47 st=4 ss1=0 ss2=2 ss3=0 g=40 mo=17 af=0 d=35472 @(-31000,29500,r1509)]
F15687 live=1 act=1 PL(2300,14365,rot=1024,hp=-7200) [0 t=47 st=4 ss1=0 ss2=2 ss3=0 g=40 mo=17 af=0 d=35472 @(-31000,29500,r1509)]
F15688 live=1 act=1 PL(2300,14365,rot=1024,hp=-7200) [0 t=47 st=4 ss1=0 ss2=2 ss3=0 g=40 mo=17 af=0 d=35472 @(-31000,29500,r1509)]
F15689 live=1 act=1 PL(2300,14365,rot=1024,hp=-7200) [0 t=47 st=4 ss1=0 ss2=2 ss3=0 g=40 mo=17 af=0 d=35472 @(-31000,29500,r1509)]
F15690 live=1 act=1 PL(2300,14365,rot=1024,hp=-7200) [0 t=47 st=4 ss1=0 ss2=2 ss3=0 g=40 mo=17 af=0 d=35472 @(-31000,29500,r1509)]
F15691 live=1 act=1 PL(2300,14365,rot=1024,hp=-7200) [0 t=47 st=4 ss1=0 ss2=2 ss3=0 g=40 mo=17 af=0 d=35472 @(-31000,29500,r1509)]
F15692 live=1 act=1 PL(2300,14365,rot=1024,hp=-7200) [0 t=47 st=4 ss1=0 ss2=2 ss3=0 g=40 mo=17 af=0 d=35472 @(-31000,29500,r1509)]
F15693 live=1 act=1 PL(2300,14365,rot=1024,hp=-7200) [0 t=47 st=4 ss1=0 ss2=2 ss3=0 g=40 mo=17 af=0 d=35472 @(-31000,29500,r1509)]
F15694 live=1 act=1 PL(2300,14365,rot=1024,hp=-7200) [0 t=47 st=4 ss1=0 ss2=2 ss3=0 g=40 mo=17 af=0 d=35472 @(-31000,29500,r1509)]
F15695 live=1 act=1 PL(2300,14365,rot=1024,hp=-7200) [0 t=47 st=4 ss1=0 ss2=2 ss3=0 g=40 mo=17 af=0 d=35472 @(-31000,29500,r1509)]
F15696 live=1 act=1 PL(2300,14365,rot=1024,hp=-7200) [0 t=47 st=4 ss1=0 ss2=2 ss3=0 g=40 mo=17 af=0 d=35472 @(-31000,29500,r1509)]
F15697 live=1 act=1 PL(2300,14365,rot=1024,hp=-7200) [0 t=47 st=4 ss1=0 ss2=2 ss3=0 g=40 mo=17 af=0 d=35472 @(-31000,29500,r1509)]
F15698 live=1 act=1 PL(2300,14365,rot=1024,hp=-7200) [0 t=47 st=4 ss1=0 ss2=2 ss3=0 g=40 mo=17 af=0 d=35472 @(-31000,29500,r1509)]
F15699 live=1 act=1 PL(2300,14365,rot=1024,hp=-7200) [0 t=47 st=4 ss1=0 ss2=2 ss3=0 g=40 mo=17 af=0 d=35472 @(-31000,29500,r1509)]
F15700 live=1 act=1 PL(2300,14365,rot=1024,hp=-7200) [0 t=47 st=4 ss1=0 ss2=2 ss3=0 g=40 mo=17 af=0 d=35472 @(-31000,29500,r1509)]
F15701 live=1 act=1 PL(2300,14365,rot=1024,hp=-7200) [0 t=47 st=4 ss1=0 ss2=2 ss3=0 g=40 mo=17 af=0 d=35472 @(-31000,29500,r1509)]
F15702 live=1 act=1 PL(2300,14365,rot=1024,hp=-7200) [0 t=47 st=4 ss1=0 ss2=2 ss3=0 g=40 mo=17 af=0 d=35472 @(-31000,29500,r1509)]
F15703 live=1 act=1 PL(2300,14365,rot=1024,hp=-7200) [0 t=47 st=4 ss1=0 ss2=2 ss3=0 g=40 mo=17 af=0 d=35472 @(-31000,29500,r1509)]
F15704 live=1 act=1 PL(2300,14365,rot=1024,hp=-7200) [0 t=47 st=4 ss1=0 ss2=2 ss3=0 g=40 mo=17 af=0 d=35472 @(-31000,29500,r1509)]
F15705 live=1 act=1 PL(2300,14365,rot=1024,hp=-7200) [0 t=47 st=4 ss1=0 ss2=2 ss3=0 g=40 mo=17 af=0 d=35472 @(-31000,29500,r1509)]
F15706 live=1 act=1 PL(2300,14365,rot=1024,hp=-7200) [0 t=47 st=4 ss1=0 ss2=2 ss3=0 g=40 mo=17 af=0 d=35472 @(-31000,29500,r1509)]
F15707 live=1 act=1 PL(2300,14365,rot=1024,hp=-7200) [0 t=47 st=4 ss1=0 ss2=2 ss3=0 g=40 mo=17 af=0 d=35472 @(-31000,29500,r1509)]
F15708 live=1 act=1 PL(2300,14365,rot=1024,hp=-7200) [0 t=47 st=4 ss1=0 ss2=2 ss3=0 g=40 mo=17 af=0 d=35472 @(-31000,29500,r1509)]
F15709 live=1 act=1 PL(2300,14365,rot=1024,hp=-7200) [0 t=47 st=4 ss1=0 ss2=2 ss3=0 g=40 mo=17 af=0 d=35472 @(-31000,29500,r1509)]
F15710 live=1 act=1 PL(2300,14365,rot=1024,hp=-7200) [0 t=47 st=4 ss1=0 ss2=2 ss3=0 g=40 mo=17 af=0 d=35472 @(-31000,29500,r1509)]
F15711 live=1 act=1 PL(2300,14365,rot=1024,hp=-7200) [0 t=47 st=4 ss1=0 ss2=2 ss3=0 g=40 mo=17 af=0 d=35472 @(-31000,29500,r1509)]
F15712 live=1 act=1 PL(2300,14365,rot=1024,hp=-7200) [0 t=47 st=4 ss1=0 ss2=2 ss3=0 g=40 mo=17 af=0 d=35472 @(-31000,29500,r1509)]
F15713 live=1 act=1 PL(2300,14365,rot=1024,hp=-7200) [0 t=47 st=4 ss1=0 ss2=2 ss3=0 g=40 mo=17 af=0 d=35472 @(-31000,29500,r1509)]
F15714 live=1 act=1 PL(2300,14365,rot=1024,hp=-7200) [0 t=47 st=4 ss1=0 ss2=2 ss3=0 g=40 mo=17 af=0 d=35472 @(-31000,29500,r1509)]
F15715 live=1 act=1 PL(2300,14365,rot=1024,hp=-7200) [0 t=47 st=4 ss1=0 ss2=2 ss3=0 g=40 mo=17 af=0 d=35472 @(-31000,29500,r1509)]
F15716 live=1 act=1 PL(2300,14365,rot=1024,hp=-7200) [0 t=47 st=4 ss1=0 ss2=2 ss3=0 g=40 mo=17 af=0 d=35472 @(-31000,29500,r1509)]
F15717 live=1 act=1 PL(2300,14365,rot=1024,hp=-7200) [0 t=47 st=4 ss1=0 ss2=2 ss3=0 g=40 mo=17 af=0 d=35472 @(-31000,29500,r1509)]
F15718 live=1 act=1 PL(2300,14365,rot=1024,hp=-7200) [0 t=47 st=4 ss1=0 ss2=2 ss3=0 g=40 mo=17 af=0 d=35472 @(-31000,29500,r1509)]
F15719 live=1 act=1 PL(2300,14365,rot=1024,hp=-7200) [0 t=47 st=4 ss1=0 ss2=2 ss3=0 g=40 mo=17 af=0 d=35472 @(-31000,29500,r1509)]
F15720 live=1 act=1 PL(2300,14365,rot=1024,hp=-7200) [0 t=47 st=4 ss1=0 ss2=2 ss3=0 g=40 mo=17 af=0 d=35472 @(-31000,29500,r1509)]
F15721 live=1 act=1 PL(2300,14365,rot=1024,hp=-7200) [0 t=47 st=4 ss1=0 ss2=2 ss3=0 g=40 mo=17 af=0 d=35472 @(-31000,29500,r1509)]
F15722 live=1 act=1 PL(2300,14365,rot=1024,hp=-7200) [0 t=47 st=4 ss1=0 ss2=2 ss3=0 g=40 mo=17 af=0 d=35472 @(-31000,29500,r1509)]
F15723 live=1 act=1 PL(2300,14365,rot=1024,hp=-7200) [0 t=47 st=4 ss1=0 ss2=2 ss3=0 g=40 mo=17 af=0 d=35472 @(-31000,29500,r1509)]
F15724 live=1 act=1 PL(2300,14365,rot=1024,hp=-7200) [0 t=47 st=4 ss1=0 ss2=2 ss3=0 g=40 mo=17 af=0 d=35472 @(-31000,29500,r1509)]
F15725 live=1 act=1 PL(2300,14365,rot=1024,hp=-7200) [0 t=47 st=4 ss1=0 ss2=2 ss3=0 g=40 mo=17 af=0 d=35472 @(-31000,29500,r1509)]
F15726 live=1 act=1 PL(2300,14365,rot=1024,hp=-7200) [0 t=47 st=4 ss1=0 ss2=2 ss3=0 g=40 mo=17 af=0 d=35472 @(-31000,29500,r1509)]
F15727 live=1 act=1 PL(2300,14365,rot=1024,hp=-7200) [0 t=47 st=4 ss1=0 ss2=2 ss3=0 g=40 mo=17 af=0 d=35472 @(-31000,29500,r1509)]
F15728 live=1 act=1 PL(2300,14365,rot=1024,hp=-7200) [0 t=47 st=4 ss1=0 ss2=2 ss3=0 g=40 mo=17 af=0 d=35472 @(-31000,29500,r1509)]
F15729 live=1 act=1 PL(2300,14365,rot=1024,hp=-7200) [0 t=47 st=4 ss1=0 ss2=2 ss3=0 g=40 mo=17 af=0 d=35472 @(-31000,29500,r1509)]
F15730 live=1 act=1 PL(2300,14365,rot=1024,hp=-7200) [0 t=47 st=4 ss1=0 ss2=2 ss3=0 g=40 mo=17 af=0 d=35472 @(-31000,29500,r1509)]
F15731 live=1 act=1 PL(2300,14365,rot=1024,hp=-7200) [0 t=47 st=4 ss1=0 ss2=2 ss3=0 g=40 mo=17 af=0 d=35472 @(-31000,29500,r1509)]
F15732 live=1 act=1 PL(2300,14365,rot=1011,hp=-7200) [0 t=47 st=4 ss1=0 ss2=2 ss3=0 g=40 mo=17 af=0 d=35472 @(-31000,29500,r1509)]
F15733 live=1 act=1 PL(2300,14365,rot=1011,hp=-7200) [0 t=47 st=4 ss1=0 ss2=2 ss3=0 g=40 mo=17 af=0 d=35472 @(-31000,29500,r1509)]
F15734 live=1 act=1 PL(2300,14365,rot=1011,hp=-7200) [0 t=47 st=4 ss1=0 ss2=2 ss3=0 g=40 mo=17 af=0 d=35472 @(-31000,29500,r1509)]
F15735 live=1 act=1 PL(2300,14365,rot=1011,hp=-7200) [0 t=47 st=4 ss1=0 ss2=2 ss3=0 g=40 mo=17 af=0 d=35472 @(-31000,29500,r1509)]
F15736 live=1 act=1 PL(2303,14165,rot=1011,hp=-7200) [0 t=47 st=4 ss1=0 ss2=2 ss3=0 g=40 mo=17 af=0 d=35472 @(-31000,29500,r1509)]
F15737 live=1 act=1 PL(2303,14165,rot=1011,hp=-7200) [0 t=47 st=4 ss1=0 ss2=2 ss3=0 g=40 mo=17 af=0 d=35472 @(-31000,29500,r1509)]
F15738 live=1 act=1 PL(2306,13965,rot=1011,hp=-7200) [0 t=47 st=4 ss1=0 ss2=2 ss3=0 g=40 mo=17 af=0 d=35472 @(-31000,29500,r1509)]
F15739 live=1 act=1 PL(2306,13965,rot=1011,hp=-7200) [0 t=47 st=4 ss1=0 ss2=2 ss3=0 g=40 mo=17 af=0 d=35472 @(-31000,29500,r1509)]
F15740 live=1 act=1 PL(2309,13765,rot=1011,hp=-7200) [0 t=47 st=4 ss1=0 ss2=2 ss3=0 g=40 mo=17 af=0 d=35704 @(-31000,29500,r1509)]
F15741 live=1 act=1 PL(2309,13765,rot=1011,hp=-7200) [0 t=47 st=4 ss1=0 ss2=2 ss3=0 g=40 mo=17 af=0 d=35704 @(-31000,29500,r1509)]
F15742 live=1 act=1 PL(2312,13565,rot=1011,hp=-7200) [0 t=47 st=4 ss1=0 ss2=2 ss3=0 g=40 mo=17 af=0 d=35704 @(-31000,29500,r1509)]
F15743 live=1 act=1 PL(2312,13565,rot=1011,hp=-7200) [0 t=47 st=4 ss1=0 ss2=2 ss3=0 g=40 mo=17 af=0 d=35704 @(-31000,29500,r1509)]
F15744 live=1 act=1 PL(2315,13365,rot=1011,hp=-7200) [0 t=47 st=4 ss1=0 ss2=2 ss3=0 g=40 mo=17 af=0 d=35936 @(-31000,29500,r1509)]
F15745 live=1 act=1 PL(2315,13365,rot=1011,hp=-7200) [0 t=47 st=4 ss1=0 ss2=2 ss3=0 g=40 mo=17 af=0 d=35936 @(-31000,29500,r1509)]
F15746 live=1 act=1 PL(2318,13165,rot=1011,hp=-7200) [0 t=47 st=4 ss1=0 ss2=2 ss3=0 g=40 mo=17 af=0 d=35936 @(-31000,29500,r1509)]
F15747 live=1 act=1 PL(2318,13165,rot=1011,hp=-7200) [0 t=47 st=4 ss1=0 ss2=2 ss3=0 g=40 mo=17 af=0 d=35936 @(-31000,29500,r1509)]
F15748 live=1 act=1 PL(2321,12965,rot=1011,hp=-7200) [0 t=47 st=4 ss1=0 ss2=2 ss3=0 g=40 mo=17 af=0 d=35936 @(-31000,29500,r1509)]
F15749 live=1 act=1 PL(2321,12965,rot=1011,hp=-7200) [0 t=47 st=4 ss1=0 ss2=2 ss3=0 g=40 mo=17 af=0 d=35936 @(-31000,29500,r1509)]
F15750 live=1 act=1 PL(2324,12765,rot=1011,hp=-7200) [0 t=47 st=4 ss1=0 ss2=2 ss3=0 g=40 mo=17 af=0 d=36168 @(-31000,29500,r1509)]
F15751 live=1 act=1 PL(2324,12765,rot=1011,hp=-7200) [0 t=47 st=4 ss1=0 ss2=2 ss3=0 g=40 mo=17 af=0 d=36168 @(-31000,29500,r1509)]
F15752 live=1 act=1 PL(2327,12565,rot=1011,hp=-7200) [0 t=47 st=4 ss1=0 ss2=2 ss3=0 g=40 mo=17 af=0 d=36168 @(-31000,29500,r1509)]
F15753 live=1 act=1 PL(2327,12565,rot=1011,hp=-7200) [0 t=47 st=4 ss1=0 ss2=2 ss3=0 g=40 mo=17 af=0 d=36168 @(-31000,29500,r1509)]
F15754 live=1 act=1 PL(2330,12365,rot=1011,hp=-7200) [0 t=47 st=4 ss1=0 ss2=2 ss3=0 g=40 mo=17 af=0 d=36168 @(-31000,29500,r1509)]
F15755 live=1 act=1 PL(2330,12365,rot=1011,hp=-7200) [0 t=47 st=4 ss1=0 ss2=2 ss3=0 g=40 mo=17 af=0 d=36168 @(-31000,29500,r1509)]
F15756 live=1 act=1 PL(2333,12165,rot=1011,hp=-7200) [0 t=47 st=4 ss1=0 ss2=2 ss3=0 g=40 mo=17 af=0 d=36400 @(-31000,29500,r1509)]
F15757 live=1 act=1 PL(2333,12165,rot=1011,hp=-7200) [0 t=47 st=4 ss1=0 ss2=2 ss3=0 g=40 mo=17 af=0 d=36400 @(-31000,29500,r1509)]
F15758 live=1 act=1 PL(2336,11965,rot=1011,hp=-7200) [0 t=47 st=4 ss1=0 ss2=2 ss3=0 g=40 mo=17 af=0 d=36400 @(-31000,29500,r1509)]
F15759 live=1 act=1 PL(2336,11965,rot=1011,hp=-7200) [0 t=47 st=4 ss1=0 ss2=2 ss3=0 g=40 mo=17 af=0 d=36400 @(-31000,29500,r1509)]
F15760 live=1 act=1 PL(2339,11765,rot=1011,hp=-7200) [0 t=47 st=4 ss1=0 ss2=2 ss3=0 g=40 mo=17 af=0 d=36632 @(-31000,29500,r1509)]
F15761 live=1 act=1 PL(2339,11765,rot=1011,hp=-7200) [0 t=47 st=4 ss1=0 ss2=2 ss3=0 g=40 mo=17 af=0 d=36632 @(-31000,29500,r1509)]
F15762 live=1 act=1 PL(2342,11565,rot=1011,hp=-7200) [0 t=47 st=4 ss1=0 ss2=2 ss3=0 g=40 mo=17 af=0 d=36632 @(-31000,29500,r1509)]
F15763 live=1 act=1 PL(2342,11565,rot=1011,hp=-7200) [0 t=47 st=4 ss1=0 ss2=2 ss3=0 g=40 mo=17 af=0 d=36632 @(-31000,29500,r1509)]
F15764 live=1 act=1 PL(2345,11365,rot=1011,hp=-7200) [0 t=47 st=4 ss1=0 ss2=2 ss3=0 g=40 mo=17 af=0 d=36632 @(-31000,29500,r1509)]
F15765 live=1 act=1 PL(2345,11365,rot=1011,hp=-7200) [0 t=47 st=4 ss1=0 ss2=2 ss3=0 g=40 mo=17 af=0 d=36632 @(-31000,29500,r1509)]
F15766 live=1 act=1 PL(2348,11165,rot=1011,hp=-7200) [0 t=47 st=4 ss1=0 ss2=2 ss3=0 g=40 mo=17 af=0 d=36864 @(-31000,29500,r1509)]
F15767 live=1 act=1 PL(2348,11165,rot=1011,hp=-7200) [0 t=47 st=4 ss1=0 ss2=2 ss3=0 g=40 mo=17 af=0 d=36864 @(-31000,29500,r1509)]
F15768 live=1 act=1 PL(2351,10965,rot=1011,hp=-7200) [0 t=47 st=4 ss1=0 ss2=2 ss3=0 g=40 mo=17 af=0 d=36864 @(-31000,29500,r1509)]
F15769 live=1 act=1 PL(2351,10965,rot=1011,hp=-7200) [0 t=47 st=4 ss1=0 ss2=2 ss3=0 g=40 mo=17 af=0 d=36864 @(-31000,29500,r1509)]
F15770 live=1 act=1 PL(2354,10765,rot=1011,hp=-7200) [0 t=47 st=4 ss1=0 ss2=2 ss3=0 g=40 mo=17 af=0 d=37088 @(-31000,29500,r1509)]
F15771 live=1 act=1 PL(2354,10765,rot=1011,hp=-7200) [0 t=47 st=4 ss1=0 ss2=2 ss3=0 g=40 mo=17 af=0 d=37088 @(-31000,29500,r1509)]
F15772 live=1 act=1 PL(2357,10565,rot=1011,hp=-7200) [0 t=47 st=4 ss1=0 ss2=2 ss3=0 g=40 mo=17 af=0 d=37088 @(-31000,29500,r1509)]
F15773 live=1 act=1 PL(2357,10565,rot=1011,hp=-7200) [0 t=47 st=4 ss1=0 ss2=2 ss3=0 g=40 mo=17 af=0 d=37088 @(-31000,29500,r1509)]
F15774 live=1 act=1 PL(2360,10365,rot=1011,hp=-7200) [0 t=47 st=4 ss1=0 ss2=2 ss3=0 g=40 mo=17 af=0 d=37312 @(-31000,29500,r1509)]
F15775 live=1 act=1 PL(2360,10365,rot=1011,hp=-7200) [0 t=47 st=4 ss1=0 ss2=2 ss3=0 g=40 mo=17 af=0 d=37312 @(-31000,29500,r1509)]
F15776 live=1 act=1 PL(2363,10165,rot=1011,hp=-7200) [0 t=47 st=4 ss1=0 ss2=2 ss3=0 g=40 mo=17 af=0 d=37312 @(-31000,29500,r1509)]
F15777 live=1 act=1 PL(2363,10165,rot=1011,hp=-7200) [0 t=47 st=4 ss1=0 ss2=2 ss3=0 g=40 mo=17 af=0 d=37312 @(-31000,29500,r1509)]
F15778 live=1 act=1 PL(2366,9965,rot=1011,hp=-7200) [0 t=47 st=4 ss1=0 ss2=2 ss3=0 g=40 mo=17 af=0 d=37312 @(-31000,29500,r1509)]
F15779 live=1 act=1 PL(2366,9965,rot=1011,hp=-7200) [0 t=47 st=4 ss1=0 ss2=2 ss3=0 g=40 mo=17 af=0 d=37312 @(-31000,29500,r1509)]
F15780 live=1 act=1 PL(2369,9765,rot=1011,hp=-7200) [0 t=47 st=4 ss1=0 ss2=2 ss3=0 g=40 mo=17 af=0 d=37536 @(-31000,29500,r1509)]
F15781 live=1 act=1 PL(2369,9765,rot=1011,hp=-7200) [0 t=47 st=4 ss1=0 ss2=2 ss3=0 g=40 mo=17 af=0 d=37536 @(-31000,29500,r1509)]
F15782 live=1 act=1 PL(2369,9765,rot=1011,hp=-7200) [0 t=47 st=4 ss1=0 ss2=2 ss3=0 g=40 mo=17 af=0 d=37536 @(-31000,29500,r1509)]
F15783 live=1 act=1 PL(2369,9765,rot=1011,hp=-7200) [0 t=47 st=4 ss1=0 ss2=2 ss3=0 g=40 mo=17 af=0 d=37536 @(-31000,29500,r1509)]
F15784 live=1 act=1 PL(2369,9765,rot=1011,hp=-7200) [0 t=47 st=4 ss1=0 ss2=2 ss3=0 g=40 mo=17 af=0 d=37536 @(-31000,29500,r1509)]
F15785 live=1 act=1 PL(2369,9765,rot=1011,hp=-7200) [0 t=47 st=4 ss1=0 ss2=2 ss3=0 g=40 mo=17 af=0 d=37536 @(-31000,29500,r1509)]
F15786 live=1 act=1 PL(2369,9765,rot=1011,hp=-7200) [0 t=47 st=4 ss1=0 ss2=2 ss3=0 g=40 mo=17 af=0 d=37536 @(-31000,29500,r1509)]
F15787 live=1 act=1 PL(2369,9765,rot=1011,hp=-7200) [0 t=47 st=4 ss1=0 ss2=2 ss3=0 g=40 mo=17 af=0 d=37536 @(-31000,29500,r1509)]
F15788 live=1 act=1 PL(2369,9765,rot=1011,hp=-7200) [0 t=47 st=4 ss1=0 ss2=2 ss3=0 g=40 mo=17 af=0 d=37536 @(-31000,29500,r1509)]
F15789 live=1 act=1 PL(2369,9765,rot=1011,hp=-7200) [0 t=47 st=4 ss1=0 ss2=2 ss3=0 g=40 mo=17 af=0 d=37536 @(-31000,29500,r1509)]
F15790 live=1 act=1 PL(2369,9765,rot=1011,hp=-7200) [0 t=47 st=4 ss1=0 ss2=2 ss3=0 g=40 mo=17 af=0 d=37536 @(-31000,29500,r1509)]
F15791 live=1 act=1 PL(2369,9765,rot=1011,hp=-7200) [0 t=47 st=4 ss1=0 ss2=2 ss3=0 g=40 mo=17 af=0 d=37536 @(-31000,29500,r1509)]
F15792 live=1 act=1 PL(2369,9765,rot=1011,hp=-7200) [0 t=47 st=4 ss1=0 ss2=2 ss3=0 g=40 mo=17 af=0 d=37536 @(-31000,29500,r1509)]
F15793 live=1 act=1 PL(2369,9765,rot=1011,hp=-7200) [0 t=47 st=4 ss1=0 ss2=2 ss3=0 g=40 mo=17 af=0 d=37536 @(-31000,29500,r1509)]
F15794 live=1 act=1 PL(2369,9765,rot=1011,hp=-7200) [0 t=47 st=4 ss1=0 ss2=2 ss3=0 g=40 mo=17 af=0 d=37536 @(-31000,29500,r1509)]
F15795 live=1 act=1 PL(2369,9765,rot=1011,hp=-7200) [0 t=47 st=4 ss1=0 ss2=2 ss3=0 g=40 mo=17 af=0 d=37536 @(-31000,29500,r1509)]
F15796 live=1 act=1 PL(2369,9765,rot=1011,hp=-7200) [0 t=47 st=4 ss1=0 ss2=2 ss3=0 g=40 mo=17 af=0 d=37536 @(-31000,29500,r1509)]
F15797 live=1 act=1 PL(2369,9765,rot=1011,hp=-7200) [0 t=47 st=4 ss1=0 ss2=2 ss3=0 g=40 mo=17 af=0 d=37536 @(-31000,29500,r1509)]
F15798 live=1 act=1 PL(2369,9765,rot=1011,hp=-7200) [0 t=47 st=4 ss1=0 ss2=2 ss3=0 g=40 mo=17 af=0 d=37536 @(-31000,29500,r1509)]
F15799 live=1 act=1 PL(2369,9765,rot=1011,hp=-7200) [0 t=47 st=4 ss1=0 ss2=2 ss3=0 g=40 mo=17 af=0 d=37536 @(-31000,29500,r1509)]
F15800 live=1 act=1 PL(2369,9765,rot=1011,hp=-7200) [0 t=47 st=4 ss1=0 ss2=2 ss3=0 g=40 mo=17 af=0 d=37536 @(-31000,29500,r1509)]
F15801 live=1 act=1 PL(2369,9765,rot=1011,hp=-7200) [0 t=47 st=4 ss1=0 ss2=2 ss3=0 g=40 mo=17 af=0 d=37536 @(-31000,29500,r1509)]
F15802 live=1 act=1 PL(2369,9765,rot=1011,hp=-7200) [0 t=47 st=4 ss1=0 ss2=2 ss3=0 g=40 mo=17 af=0 d=37536 @(-31000,29500,r1509)]
F15803 live=1 act=1 PL(2372,9565,rot=1011,hp=-7200) [0 t=47 st=4 ss1=0 ss2=2 ss3=0 g=40 mo=17 af=0 d=37536 @(-31000,29500,r1509)]
F15804 live=1 act=1 PL(2372,9565,rot=1011,hp=-7200) [0 t=47 st=4 ss1=0 ss2=2 ss3=0 g=40 mo=17 af=0 d=37536 @(-31000,29500,r1509)]
F15805 live=1 act=1 PL(2375,9365,rot=1011,hp=-7200) [0 t=47 st=4 ss1=0 ss2=2 ss3=0 g=40 mo=17 af=0 d=37760 @(-31000,29500,r1509)]
F15806 live=1 act=1 PL(2375,9365,rot=1011,hp=-7200) [0 t=47 st=4 ss1=0 ss2=2 ss3=0 g=40 mo=17 af=0 d=37760 @(-31000,29500,r1509)]
F15807 live=1 act=1 PL(2378,9165,rot=1011,hp=-7200) [0 t=47 st=4 ss1=0 ss2=2 ss3=0 g=40 mo=17 af=0 d=37760 @(-31000,29500,r1509)]
F15808 live=1 act=1 PL(2378,9165,rot=1011,hp=-7200) [0 t=47 st=4 ss1=0 ss2=2 ss3=0 g=40 mo=17 af=0 d=37760 @(-31000,29500,r1509)]
F15809 live=1 act=1 PL(2381,8965,rot=1011,hp=-7200) [0 t=47 st=4 ss1=0 ss2=2 ss3=0 g=40 mo=17 af=0 d=37984 @(-31000,29500,r1509)]
F15810 live=1 act=1 PL(2381,8965,rot=1011,hp=-7200) [0 t=47 st=4 ss1=0 ss2=2 ss3=0 g=40 mo=17 af=0 d=37984 @(-31000,29500,r1509)]
F15811 live=1 act=1 PL(2384,8765,rot=1011,hp=-7200) [0 t=47 st=4 ss1=0 ss2=2 ss3=0 g=40 mo=17 af=0 d=37984 @(-31000,29500,r1509)]
F15812 live=1 act=1 PL(2384,8765,rot=1011,hp=-7200) [0 t=47 st=4 ss1=0 ss2=2 ss3=0 g=40 mo=17 af=0 d=37984 @(-31000,29500,r1509)]
F15813 live=1 act=1 PL(2387,8565,rot=1011,hp=-7200) [0 t=47 st=4 ss1=0 ss2=2 ss3=0 g=40 mo=17 af=0 d=38200 @(-31000,29500,r1509)]
F15814 live=1 act=1 PL(2387,8565,rot=1011,hp=-7200) [0 t=47 st=4 ss1=0 ss2=2 ss3=0 g=40 mo=17 af=0 d=38200 @(-31000,29500,r1509)]
F15815 live=1 act=1 PL(2390,8365,rot=1011,hp=-7200) [0 t=47 st=4 ss1=0 ss2=2 ss3=0 g=40 mo=17 af=0 d=38200 @(-31000,29500,r1509)]
F15816 live=1 act=1 PL(2390,8365,rot=1011,hp=-7200) [0 t=47 st=4 ss1=0 ss2=2 ss3=0 g=40 mo=17 af=0 d=38200 @(-31000,29500,r1509)]
F15817 live=1 act=1 PL(2393,8165,rot=1011,hp=-7200) [0 t=47 st=4 ss1=0 ss2=2 ss3=0 g=40 mo=17 af=0 d=38416 @(-31000,29500,r1509)]
F15818 live=1 act=1 PL(2393,8165,rot=1011,hp=-7200) [0 t=47 st=4 ss1=0 ss2=2 ss3=0 g=40 mo=17 af=0 d=38416 @(-31000,29500,r1509)]
F15819 live=1 act=1 PL(2396,7965,rot=1011,hp=-7200) [0 t=47 st=4 ss1=0 ss2=2 ss3=0 g=40 mo=17 af=0 d=38416 @(-31000,29500,r1509)]
F15820 live=1 act=1 PL(2396,7965,rot=1011,hp=-7200) [0 t=47 st=4 ss1=0 ss2=2 ss3=0 g=40 mo=17 af=0 d=38416 @(-31000,29500,r1509)]
F15821 live=1 act=1 PL(2399,7765,rot=1011,hp=-7200) [0 t=47 st=4 ss1=0 ss2=2 ss3=0 g=40 mo=17 af=0 d=38640 @(-31000,29500,r1509)]
F15822 live=1 act=1 PL(2399,7765,rot=1011,hp=-7200) [0 t=47 st=4 ss1=0 ss2=2 ss3=0 g=40 mo=17 af=0 d=38640 @(-31000,29500,r1509)]
F15823 live=1 act=1 PL(2402,7565,rot=1011,hp=-7200) [0 t=47 st=4 ss1=0 ss2=2 ss3=0 g=40 mo=17 af=0 d=38640 @(-31000,29500,r1509)]
F15824 live=1 act=1 PL(2402,7565,rot=1011,hp=-7200) [0 t=47 st=4 ss1=0 ss2=2 ss3=0 g=40 mo=17 af=0 d=38640 @(-31000,29500,r1509)]
F15825 live=1 act=1 PL(2405,7365,rot=1011,hp=-7200) [0 t=47 st=4 ss1=0 ss2=2 ss3=0 g=40 mo=17 af=0 d=38856 @(-31000,29500,r1509)]
F15826 live=1 act=1 PL(2405,7365,rot=1011,hp=-7200) [0 t=47 st=4 ss1=0 ss2=2 ss3=0 g=40 mo=17 af=0 d=38856 @(-31000,29500,r1509)]
F15827 live=1 act=1 PL(2408,7165,rot=1011,hp=-7200) [0 t=47 st=4 ss1=0 ss2=2 ss3=0 g=40 mo=17 af=0 d=38856 @(-31000,29500,r1509)]
F15828 live=1 act=1 PL(2408,7165,rot=1011,hp=-7200) [0 t=47 st=4 ss1=0 ss2=2 ss3=0 g=40 mo=17 af=0 d=38856 @(-31000,29500,r1509)]
F15829 live=1 act=1 PL(2411,6965,rot=1011,hp=-7200) [0 t=47 st=4 ss1=0 ss2=2 ss3=0 g=40 mo=17 af=0 d=39072 @(-31000,29500,r1509)]
F15830 live=1 act=1 PL(2411,6965,rot=1011,hp=-7200) [0 t=47 st=4 ss1=0 ss2=2 ss3=0 g=40 mo=17 af=0 d=39072 @(-31000,29500,r1509)]
F15831 live=1 act=1 PL(2414,6765,rot=1011,hp=-7200) [0 t=47 st=4 ss1=0 ss2=2 ss3=0 g=40 mo=17 af=0 d=39072 @(-31000,29500,r1509)]
F15832 live=1 act=1 PL(2414,6765,rot=1011,hp=-7200) [0 t=47 st=4 ss1=0 ss2=2 ss3=0 g=40 mo=17 af=0 d=39072 @(-31000,29500,r1509)]
F15833 live=1 act=1 PL(2417,6565,rot=1011,hp=-7200) [0 t=47 st=4 ss1=0 ss2=2 ss3=0 g=40 mo=17 af=0 d=39280 @(-31000,29500,r1509)]
F15834 live=1 act=1 PL(2417,6565,rot=1011,hp=-7200) [0 t=47 st=4 ss1=0 ss2=2 ss3=0 g=40 mo=17 af=0 d=39280 @(-31000,29500,r1509)]
F15835 live=1 act=1 PL(2420,6365,rot=1011,hp=-7200) [0 t=47 st=4 ss1=0 ss2=2 ss3=0 g=40 mo=17 af=0 d=39280 @(-31000,29500,r1509)]
F15836 live=1 act=1 PL(2420,6365,rot=1011,hp=-7200) [0 t=47 st=4 ss1=0 ss2=2 ss3=0 g=40 mo=17 af=0 d=39280 @(-31000,29500,r1509)]
F15837 live=1 act=1 PL(2423,6165,rot=1011,hp=-7200) [0 t=47 st=4 ss1=0 ss2=2 ss3=0 g=40 mo=17 af=0 d=39496 @(-31000,29500,r1509)]
F15838 live=1 act=1 PL(2423,6165,rot=1011,hp=-7200) [0 t=47 st=4 ss1=0 ss2=2 ss3=0 g=40 mo=17 af=0 d=39496 @(-31000,29500,r1509)]
F15839 live=1 act=1 PL(2426,5965,rot=1011,hp=-7200) [0 t=47 st=4 ss1=0 ss2=2 ss3=0 g=40 mo=17 af=0 d=39496 @(-31000,29500,r1509)]
F15840 live=1 act=1 PL(2426,5965,rot=1011,hp=-7200) [0 t=47 st=4 ss1=0 ss2=2 ss3=0 g=40 mo=17 af=0 d=39496 @(-31000,29500,r1509)]
F15841 live=1 act=1 PL(2429,5765,rot=1011,hp=-7200) [0 t=47 st=4 ss1=0 ss2=2 ss3=0 g=40 mo=17 af=0 d=39712 @(-31000,29500,r1509)]
F15842 live=1 act=1 PL(2429,5765,rot=1011,hp=-7200) [0 t=47 st=4 ss1=0 ss2=2 ss3=0 g=40 mo=17 af=0 d=39712 @(-31000,29500,r1509)]
F15843 live=1 act=1 PL(2432,5565,rot=1011,hp=-7200) [0 t=47 st=4 ss1=0 ss2=2 ss3=0 g=40 mo=17 af=0 d=39920 @(-31000,29500,r1509)]
F15844 live=1 act=1 PL(2432,5565,rot=1011,hp=-7200) [0 t=47 st=4 ss1=0 ss2=2 ss3=0 g=40 mo=17 af=0 d=39920 @(-31000,29500,r1509)]
F15845 live=1 act=1 PL(2435,5365,rot=1011,hp=-7200) [0 t=47 st=4 ss1=0 ss2=2 ss3=0 g=40 mo=17 af=0 d=39920 @(-31000,29500,r1509)]
F15846 live=1 act=1 PL(2435,5365,rot=1011,hp=-7200) [0 t=47 st=4 ss1=0 ss2=2 ss3=0 g=40 mo=17 af=0 d=39920 @(-31000,29500,r1509)]
F15847 live=1 act=1 PL(2438,5165,rot=1011,hp=-7200) [0 t=47 st=4 ss1=0 ss2=2 ss3=0 g=40 mo=17 af=0 d=40128 @(-31000,29500,r1509)]
F15848 live=1 act=1 PL(2438,5165,rot=1011,hp=-7200) [0 t=47 st=4 ss1=0 ss2=2 ss3=0 g=40 mo=17 af=0 d=40128 @(-31000,29500,r1509)]
F15849 live=1 act=1 PL(2441,4965,rot=1011,hp=-7200) [0 t=47 st=4 ss1=0 ss2=2 ss3=0 g=40 mo=17 af=0 d=40128 @(-31000,29500,r1509)]
F15850 live=1 act=1 PL(2441,4965,rot=1011,hp=-7200) [0 t=47 st=4 ss1=0 ss2=2 ss3=0 g=40 mo=17 af=0 d=40128 @(-31000,29500,r1509)]
F15851 live=1 act=1 PL(2444,4765,rot=1011,hp=-7200) [0 t=47 st=4 ss1=0 ss2=2 ss3=0 g=40 mo=17 af=0 d=40336 @(-31000,29500,r1509)]
F15852 live=1 act=1 PL(2444,4765,rot=1011,hp=-7200) [0 t=47 st=4 ss1=0 ss2=2 ss3=0 g=40 mo=17 af=0 d=40336 @(-31000,29500,r1509)]
F15853 live=1 act=1 PL(2447,4565,rot=1011,hp=-7200) [0 t=47 st=4 ss1=0 ss2=2 ss3=0 g=40 mo=17 af=0 d=40336 @(-31000,29500,r1509)]
F15854 live=1 act=1 PL(2447,4565,rot=1011,hp=-7200) [0 t=47 st=4 ss1=0 ss2=2 ss3=0 g=40 mo=17 af=0 d=40336 @(-31000,29500,r1509)]
F15855 live=1 act=1 PL(2450,4365,rot=1011,hp=-7200) [0 t=47 st=4 ss1=0 ss2=2 ss3=0 g=40 mo=17 af=0 d=40544 @(-31000,29500,r1509)]
F15856 live=1 act=1 PL(2450,4365,rot=1011,hp=-7200) [0 t=47 st=4 ss1=0 ss2=2 ss3=0 g=40 mo=17 af=0 d=40544 @(-31000,29500,r1509)]
F15857 live=1 act=1 PL(2453,4165,rot=1011,hp=-7200) [0 t=47 st=4 ss1=0 ss2=2 ss3=0 g=40 mo=17 af=0 d=40752 @(-31000,29500,r1509)]
F15858 live=1 act=1 PL(2453,4165,rot=1011,hp=-7200) [0 t=47 st=4 ss1=0 ss2=2 ss3=0 g=40 mo=17 af=0 d=40752 @(-31000,29500,r1509)]
F15859 live=1 act=1 PL(2456,3965,rot=1011,hp=-7200) [0 t=47 st=4 ss1=0 ss2=2 ss3=0 g=40 mo=17 af=0 d=40752 @(-31000,29500,r1509)]
F15860 live=1 act=1 PL(2456,3965,rot=1011,hp=-7200) [0 t=47 st=4 ss1=0 ss2=2 ss3=0 g=40 mo=17 af=0 d=40752 @(-31000,29500,r1509)]
F15861 live=1 act=1 PL(2459,3765,rot=1011,hp=-7200) [0 t=47 st=4 ss1=0 ss2=2 ss3=0 g=40 mo=17 af=0 d=40960 @(-31000,29500,r1509)]
F15862 live=1 act=1 PL(2459,3765,rot=1011,hp=-7200) [0 t=47 st=4 ss1=0 ss2=2 ss3=0 g=40 mo=17 af=0 d=40960 @(-31000,29500,r1509)]
F15863 live=1 act=1 PL(2462,3565,rot=1011,hp=-7200) [0 t=47 st=4 ss1=0 ss2=2 ss3=0 g=40 mo=17 af=0 d=40960 @(-31000,29500,r1509)]
F15864 live=1 act=1 PL(2462,3565,rot=1011,hp=-7200) [0 t=47 st=4 ss1=0 ss2=2 ss3=0 g=40 mo=17 af=0 d=40960 @(-31000,29500,r1509)]
F15865 live=1 act=1 PL(2465,3365,rot=1011,hp=-7200) [0 t=47 st=4 ss1=0 ss2=2 ss3=0 g=40 mo=17 af=0 d=41160 @(-31000,29500,r1509)]
F15866 live=1 act=1 PL(2465,3365,rot=1011,hp=-7200) [0 t=47 st=4 ss1=0 ss2=2 ss3=0 g=40 mo=17 af=0 d=41160 @(-31000,29500,r1509)]
F15867 live=1 act=1 PL(2468,3165,rot=1011,hp=-7200) [0 t=47 st=4 ss1=0 ss2=2 ss3=0 g=40 mo=17 af=0 d=41360 @(-31000,29500,r1509)]
F15868 live=1 act=1 PL(2468,3165,rot=1011,hp=-7200) [0 t=47 st=4 ss1=0 ss2=2 ss3=0 g=40 mo=17 af=0 d=41360 @(-31000,29500,r1509)]
F15869 live=1 act=1 PL(2471,2965,rot=1011,hp=-7200) [0 t=47 st=4 ss1=0 ss2=2 ss3=0 g=40 mo=17 af=0 d=41360 @(-31000,29500,r1509)]
F15870 live=1 act=1 PL(2471,2965,rot=1011,hp=-7200) [0 t=47 st=4 ss1=0 ss2=2 ss3=0 g=40 mo=17 af=0 d=41360 @(-31000,29500,r1509)]
F15871 live=1 act=1 PL(2475,2765,rot=1009,hp=-7200) [0 t=47 st=4 ss1=0 ss2=2 ss3=0 g=40 mo=17 af=0 d=41568 @(-31000,29500,r1509)]
F15872 live=1 act=1 PL(2475,2765,rot=1009,hp=-7200) [0 t=47 st=4 ss1=0 ss2=2 ss3=0 g=40 mo=17 af=0 d=41568 @(-31000,29500,r1509)]
F15873 live=1 act=1 PL(2478,2565,rot=1011,hp=-7200) [0 t=47 st=4 ss1=0 ss2=2 ss3=0 g=40 mo=17 af=0 d=41568 @(-31000,29500,r1509)]
F15874 live=1 act=1 PL(2478,2565,rot=1011,hp=-7200) [0 t=47 st=4 ss1=0 ss2=2 ss3=0 g=40 mo=17 af=0 d=41568 @(-31000,29500,r1509)]
F15875 live=1 act=1 PL(2478,2565,rot=1011,hp=-7200) [0 t=47 st=4 ss1=0 ss2=2 ss3=0 g=40 mo=17 af=0 d=41568 @(-31000,29500,r1509)]
F15876 live=1 act=1 PL(2478,2565,rot=1011,hp=-7200) [0 t=47 st=4 ss1=0 ss2=2 ss3=0 g=40 mo=17 af=0 d=41568 @(-31000,29500,r1509)]
F15877 live=1 act=1 PL(2478,2565,rot=1011,hp=-7200) [0 t=47 st=4 ss1=0 ss2=2 ss3=0 g=40 mo=17 af=0 d=41568 @(-31000,29500,r1509)]
F15878 live=1 act=1 PL(2478,2565,rot=1011,hp=-7200) [0 t=47 st=4 ss1=0 ss2=2 ss3=0 g=40 mo=17 af=0 d=41568 @(-31000,29500,r1509)]
F15879 live=1 act=1 PL(2478,2565,rot=1011,hp=-7200) [0 t=47 st=4 ss1=0 ss2=2 ss3=0 g=40 mo=17 af=0 d=41568 @(-31000,29500,r1509)]
F15880 live=1 act=1 PL(2478,2565,rot=1011,hp=-7200) [0 t=47 st=4 ss1=0 ss2=2 ss3=0 g=40 mo=17 af=0 d=41568 @(-31000,29500,r1509)]
F15881 live=1 act=1 PL(2478,2565,rot=1011,hp=-7200) [0 t=47 st=4 ss1=0 ss2=2 ss3=0 g=40 mo=17 af=0 d=41568 @(-31000,29500,r1509)]
F15882 live=1 act=1 PL(2478,2565,rot=1011,hp=-7200) [0 t=47 st=4 ss1=0 ss2=2 ss3=0 g=40 mo=17 af=0 d=41568 @(-31000,29500,r1509)]
F15883 live=1 act=1 PL(2478,2565,rot=1011,hp=-7200) [0 t=47 st=4 ss1=0 ss2=2 ss3=0 g=40 mo=17 af=0 d=41568 @(-31000,29500,r1509)]
F15884 live=1 act=1 PL(2478,2565,rot=1011,hp=-7200) [0 t=47 st=4 ss1=0 ss2=2 ss3=0 g=40 mo=17 af=0 d=41568 @(-31000,29500,r1509)]
F15885 live=1 act=1 PL(2478,2565,rot=1011,hp=-7200) [0 t=47 st=4 ss1=0 ss2=2 ss3=0 g=40 mo=17 af=0 d=41568 @(-31000,29500,r1509)]
F15886 live=1 act=1 PL(2478,2565,rot=1011,hp=-7200) [0 t=47 st=4 ss1=0 ss2=2 ss3=0 g=40 mo=17 af=0 d=41568 @(-31000,29500,r1509)]
F15887 live=1 act=1 PL(2478,2565,rot=1011,hp=-7200) [0 t=47 st=4 ss1=0 ss2=2 ss3=0 g=40 mo=17 af=0 d=41568 @(-31000,29500,r1509)]
F15888 live=1 act=1 PL(2478,2565,rot=1011,hp=-7200) [0 t=47 st=4 ss1=0 ss2=2 ss3=0 g=40 mo=17 af=0 d=41568 @(-31000,29500,r1509)]
F15889 live=1 act=1 PL(2478,2565,rot=1011,hp=-7200) [0 t=47 st=4 ss1=0 ss2=2 ss3=0 g=40 mo=17 af=0 d=41568 @(-31000,29500,r1509)]
F15890 live=1 act=1 PL(2478,2565,rot=1011,hp=-7200) [0 t=47 st=4 ss1=0 ss2=2 ss3=0 g=40 mo=17 af=0 d=41568 @(-31000,29500,r1509)]
F15891 live=1 act=1 PL(2478,2565,rot=1011,hp=-7200) [0 t=47 st=4 ss1=0 ss2=2 ss3=0 g=40 mo=17 af=0 d=41568 @(-31000,29500,r1509)]
F15892 live=1 act=1 PL(2478,2565,rot=1011,hp=-7200) [0 t=47 st=4 ss1=0 ss2=2 ss3=0 g=40 mo=17 af=0 d=41568 @(-31000,29500,r1509)]
F15893 live=1 act=1 PL(2478,2565,rot=1011,hp=-7200) [0 t=47 st=4 ss1=0 ss2=2 ss3=0 g=40 mo=17 af=0 d=41568 @(-31000,29500,r1509)]
F15894 live=1 act=1 PL(2478,2565,rot=1011,hp=-7200) [0 t=47 st=4 ss1=0 ss2=2 ss3=0 g=40 mo=17 af=0 d=41568 @(-31000,29500,r1509)]
F15895 live=1 act=1 PL(2478,2565,rot=1011,hp=-7200) [0 t=47 st=4 ss1=0 ss2=2 ss3=0 g=40 mo=17 af=0 d=41568 @(-31000,29500,r1509)]
F15896 live=1 act=1 PL(2478,2565,rot=1011,hp=-7200) [0 t=47 st=4 ss1=0 ss2=2 ss3=0 g=40 mo=17 af=0 d=41568 @(-31000,29500,r1509)]
F15897 live=1 act=1 PL(2482,2365,rot=1009,hp=-7200) [0 t=47 st=4 ss1=0 ss2=2 ss3=0 g=40 mo=17 af=0 d=41768 @(-31000,29500,r1509)]
F15898 live=1 act=1 PL(2486,2165,rot=1009,hp=-7200) [0 t=47 st=4 ss1=0 ss2=2 ss3=0 g=40 mo=17 af=0 d=41968 @(-31000,29500,r1509)]
F15899 live=1 act=1 PL(2486,2165,rot=1009,hp=-7200) [0 t=47 st=4 ss1=0 ss2=2 ss3=0 g=40 mo=17 af=0 d=41968 @(-31000,29500,r1509)]
F15900 live=1 act=1 PL(2489,1965,rot=1011,hp=-7200) [0 t=47 st=4 ss1=0 ss2=2 ss3=0 g=40 mo=17 af=0 d=41968 @(-31000,29500,r1509)]
F15901 live=1 act=1 PL(2489,1965,rot=1011,hp=-7200) [0 t=47 st=4 ss1=0 ss2=2 ss3=0 g=40 mo=17 af=0 d=41968 @(-31000,29500,r1509)]
F15902 live=1 act=1 PL(2493,1765,rot=1009,hp=-7200) [0 t=47 st=4 ss1=0 ss2=2 ss3=0 g=40 mo=17 af=0 d=42168 @(-31000,29500,r1509)]
F15903 live=1 act=1 PL(2493,1765,rot=1009,hp=-7200) [0 t=47 st=4 ss1=0 ss2=2 ss3=0 g=40 mo=17 af=0 d=42168 @(-31000,29500,r1509)]
F15904 live=1 act=1 PL(2497,1565,rot=1009,hp=-7200) [0 t=47 st=4 ss1=0 ss2=2 ss3=0 g=40 mo=17 af=0 d=42368 @(-31000,29500,r1509)]
F15905 live=1 act=1 PL(2497,1565,rot=1009,hp=-7200) [0 t=47 st=4 ss1=0 ss2=2 ss3=0 g=40 mo=17 af=0 d=42368 @(-31000,29500,r1509)]
F15906 live=1 act=1 PL(2501,1365,rot=1009,hp=-7200) [0 t=47 st=4 ss1=0 ss2=2 ss3=0 g=40 mo=17 af=0 d=42368 @(-31000,29500,r1509)]
F15907 live=1 act=1 PL(2501,1365,rot=1009,hp=-7200) [0 t=47 st=4 ss1=0 ss2=2 ss3=0 g=40 mo=17 af=0 d=42368 @(-31000,29500,r1509)]
F15908 live=1 act=1 PL(2504,1165,rot=1011,hp=-7200) [0 t=47 st=4 ss1=0 ss2=2 ss3=0 g=40 mo=17 af=0 d=42560 @(-31000,29500,r1509)]
F15909 live=1 act=1 PL(2504,1165,rot=1011,hp=-7200) [0 t=47 st=4 ss1=0 ss2=2 ss3=0 g=40 mo=17 af=0 d=42560 @(-31000,29500,r1509)]
F15910 live=1 act=1 PL(2508,965,rot=1009,hp=-7200) [0 t=47 st=4 ss1=0 ss2=2 ss3=0 g=40 mo=17 af=0 d=42760 @(-31000,29500,r1509)]
F15911 live=1 act=1 PL(2508,965,rot=1009,hp=-7200) [0 t=47 st=4 ss1=0 ss2=2 ss3=0 g=40 mo=17 af=0 d=42760 @(-31000,29500,r1509)]
F15912 live=1 act=1 PL(2512,765,rot=1009,hp=-7200) [0 t=47 st=4 ss1=0 ss2=2 ss3=0 g=40 mo=17 af=0 d=42760 @(-31000,29500,r1509)]
F15913 live=1 act=1 PL(2512,765,rot=1009,hp=-7200) [0 t=47 st=4 ss1=0 ss2=2 ss3=0 g=40 mo=17 af=0 d=42760 @(-31000,29500,r1509)]
F15914 live=1 act=1 PL(2516,565,rot=1009,hp=-7200) [0 t=47 st=4 ss1=0 ss2=2 ss3=0 g=40 mo=17 af=0 d=42952 @(-31000,29500,r1509)]
F15915 live=1 act=1 PL(2516,565,rot=1009,hp=-7200) [0 t=47 st=4 ss1=0 ss2=2 ss3=0 g=40 mo=17 af=0 d=42952 @(-31000,29500,r1509)]
F15916 live=1 act=1 PL(2519,365,rot=1011,hp=-7200) [0 t=47 st=4 ss1=0 ss2=2 ss3=0 g=40 mo=17 af=0 d=43152 @(-31000,29500,r1509)]
F15917 live=1 act=1 PL(2519,365,rot=1011,hp=-7200) [0 t=47 st=4 ss1=0 ss2=2 ss3=0 g=40 mo=17 af=0 d=43152 @(-31000,29500,r1509)]
F15918 live=1 act=1 PL(2523,165,rot=1009,hp=-7200) [0 t=47 st=4 ss1=0 ss2=2 ss3=0 g=40 mo=17 af=0 d=43152 @(-31000,29500,r1509)]
F15919 live=1 act=1 PL(2523,165,rot=1009,hp=-7200) [0 t=47 st=4 ss1=0 ss2=2 ss3=0 g=40 mo=17 af=0 d=43152 @(-31000,29500,r1509)]
F15920 live=1 act=1 PL(2527,-35,rot=1009,hp=-7200) [0 t=47 st=4 ss1=0 ss2=2 ss3=0 g=40 mo=17 af=0 d=43344 @(-31000,29500,r1509)]
F15921 live=1 act=1 PL(2527,-35,rot=1009,hp=-7200) [0 t=47 st=4 ss1=0 ss2=2 ss3=0 g=40 mo=17 af=0 d=43344 @(-31000,29500,r1509)]
F15922 live=1 act=1 PL(2531,-235,rot=1009,hp=-7200) [0 t=47 st=4 ss1=0 ss2=2 ss3=0 g=40 mo=17 af=0 d=43536 @(-31000,29500,r1509)]
F15923 live=1 act=1 PL(2531,-235,rot=1009,hp=-7200) [0 t=47 st=4 ss1=0 ss2=2 ss3=0 g=40 mo=17 af=0 d=43536 @(-31000,29500,r1509)]
F15924 live=1 act=1 PL(2534,-435,rot=1011,hp=-7200) [0 t=47 st=4 ss1=0 ss2=2 ss3=0 g=40 mo=17 af=0 d=43536 @(-31000,29500,r1509)]
F15925 live=1 act=1 PL(2534,-435,rot=1011,hp=-7200) [0 t=47 st=4 ss1=0 ss2=2 ss3=0 g=40 mo=17 af=0 d=43536 @(-31000,29500,r1509)]
F15926 live=1 act=1 PL(2538,-635,rot=1009,hp=-7200) [0 t=47 st=4 ss1=0 ss2=2 ss3=0 g=40 mo=17 af=0 d=43728 @(-31000,29500,r1509)]
F15927 live=1 act=1 PL(2538,-635,rot=1009,hp=-7200) [0 t=47 st=4 ss1=0 ss2=2 ss3=0 g=40 mo=17 af=0 d=43728 @(-31000,29500,r1509)]
F15928 live=1 act=1 PL(2542,-835,rot=1009,hp=-7200) [0 t=47 st=4 ss1=0 ss2=2 ss3=0 g=40 mo=17 af=0 d=43920 @(-31000,29500,r1509)]
F15929 live=1 act=1 PL(2542,-835,rot=1009,hp=-7200) [0 t=47 st=4 ss1=0 ss2=2 ss3=0 g=40 mo=17 af=0 d=43920 @(-31000,29500,r1509)]
F15930 live=1 act=1 PL(2546,-1035,rot=1009,hp=-7200) [0 t=47 st=4 ss1=0 ss2=2 ss3=0 g=40 mo=17 af=0 d=43920 @(-31000,29500,r1509)]
F15931 live=1 act=1 PL(2546,-1035,rot=1009,hp=-7200) [0 t=47 st=4 ss1=0 ss2=2 ss3=0 g=40 mo=17 af=0 d=43920 @(-31000,29500,r1509)]
F15932 live=1 act=1 PL(2549,-1235,rot=1011,hp=-7200) [0 t=47 st=4 ss1=0 ss2=2 ss3=0 g=40 mo=17 af=0 d=44112 @(-31000,29500,r1509)]
F15933 live=1 act=1 PL(2549,-1235,rot=1011,hp=-7200) [0 t=47 st=4 ss1=0 ss2=2 ss3=0 g=40 mo=17 af=0 d=44112 @(-31000,29500,r1509)]
F15934 live=1 act=1 PL(2553,-1435,rot=1009,hp=-7200) [0 t=47 st=4 ss1=0 ss2=2 ss3=0 g=40 mo=17 af=0 d=44304 @(-31000,29500,r1509)]
F15935 live=1 act=1 PL(2553,-1435,rot=1009,hp=-7200) [0 t=47 st=4 ss1=0 ss2=2 ss3=0 g=40 mo=17 af=0 d=44304 @(-31000,29500,r1509)]
F15936 live=1 act=1 PL(2557,-1635,rot=1009,hp=-7200) [0 t=47 st=4 ss1=0 ss2=2 ss3=0 g=40 mo=17 af=0 d=44488 @(-31000,29500,r1509)]
F15937 live=1 act=1 PL(2557,-1635,rot=1009,hp=-7200) [0 t=47 st=4 ss1=0 ss2=2 ss3=0 g=40 mo=17 af=0 d=44488 @(-31000,29500,r1509)]
F15938 live=1 act=1 PL(2561,-1835,rot=1009,hp=-7200) [0 t=47 st=4 ss1=0 ss2=2 ss3=0 g=40 mo=17 af=0 d=44488 @(-31000,29500,r1509)]
F15939 live=1 act=1 PL(2561,-1835,rot=1009,hp=-7200) [0 t=47 st=4 ss1=0 ss2=2 ss3=0 g=40 mo=17 af=0 d=44488 @(-31000,29500,r1509)]
F15940 live=1 act=1 PL(2564,-2035,rot=1011,hp=-7200) [0 t=47 st=4 ss1=0 ss2=2 ss3=0 g=40 mo=17 af=0 d=44680 @(-31000,29500,r1509)]
F15941 live=1 act=1 PL(2564,-2035,rot=1011,hp=-7200) [0 t=47 st=4 ss1=0 ss2=2 ss3=0 g=40 mo=17 af=0 d=44680 @(-31000,29500,r1509)]
F15942 live=1 act=1 PL(2568,-2235,rot=1009,hp=-7200) [0 t=47 st=4 ss1=0 ss2=2 ss3=0 g=40 mo=17 af=0 d=44864 @(-31000,29500,r1509)]
F15943 live=1 act=1 PL(2568,-2235,rot=1009,hp=-7200) [0 t=47 st=4 ss1=0 ss2=2 ss3=0 g=40 mo=17 af=0 d=44864 @(-31000,29500,r1509)]
F15944 live=1 act=1 PL(2572,-2435,rot=1009,hp=-7200) [0 t=47 st=4 ss1=0 ss2=2 ss3=0 g=40 mo=17 af=0 d=44864 @(-31000,29500,r1509)]
F15945 live=1 act=1 PL(2572,-2435,rot=1009,hp=-7200) [0 t=47 st=4 ss1=0 ss2=2 ss3=0 g=40 mo=17 af=0 d=44864 @(-31000,29500,r1509)]
F15946 live=1 act=1 PL(2576,-2635,rot=1009,hp=-7200) [0 t=47 st=4 ss1=0 ss2=2 ss3=0 g=40 mo=17 af=0 d=45056 @(-31000,29500,r1509)]
F15947 live=1 act=1 PL(2576,-2635,rot=1009,hp=-7200) [0 t=47 st=4 ss1=0 ss2=2 ss3=0 g=40 mo=17 af=0 d=45056 @(-31000,29500,r1509)]
F15948 live=1 act=1 PL(2579,-2835,rot=1011,hp=-7200) [0 t=47 st=4 ss1=0 ss2=2 ss3=0 g=40 mo=17 af=0 d=45240 @(-31000,29500,r1509)]
F15949 live=1 act=1 PL(2579,-2835,rot=1011,hp=-7200) [0 t=47 st=4 ss1=0 ss2=2 ss3=0 g=40 mo=17 af=0 d=45240 @(-31000,29500,r1509)]
F15950 live=1 act=1 PL(2583,-3035,rot=1009,hp=-7200) [0 t=47 st=4 ss1=0 ss2=2 ss3=0 g=40 mo=17 af=0 d=45424 @(-31000,29500,r1509)]
F15951 live=1 act=1 PL(2583,-3035,rot=1009,hp=-7200) [0 t=47 st=4 ss1=0 ss2=2 ss3=0 g=40 mo=17 af=0 d=45424 @(-31000,29500,r1509)]
F15952 live=1 act=1 PL(2587,-3235,rot=1009,hp=-7200) [0 t=47 st=4 ss1=0 ss2=2 ss3=0 g=40 mo=17 af=0 d=45424 @(-31000,29500,r1509)]
F15953 live=1 act=1 PL(2587,-3235,rot=1009,hp=-7200) [0 t=47 st=4 ss1=0 ss2=2 ss3=0 g=40 mo=17 af=0 d=45424 @(-31000,29500,r1509)]
F15954 live=1 act=1 PL(2591,-3435,rot=1009,hp=-7200) [0 t=47 st=4 ss1=0 ss2=2 ss3=0 g=40 mo=17 af=0 d=45608 @(-31000,29500,r1509)]
F15955 live=1 act=1 PL(2591,-3435,rot=1009,hp=-7200) [0 t=47 st=4 ss1=0 ss2=2 ss3=0 g=40 mo=17 af=0 d=45608 @(-31000,29500,r1509)]
F15956 live=1 act=1 PL(2594,-3635,rot=1011,hp=-7200) [0 t=47 st=4 ss1=0 ss2=2 ss3=0 g=40 mo=17 af=0 d=45608 @(-31000,29500,r1509)]
F15957 live=1 act=1 PL(2594,-3635,rot=1011,hp=-7200) [0 t=47 st=4 ss1=0 ss2=2 ss3=0 g=40 mo=17 af=0 d=45608 @(-31000,29500,r1509)]
F15958 live=1 act=1 PL(2598,-3835,rot=1009,hp=-7200) [0 t=47 st=4 ss1=0 ss2=2 ss3=0 g=40 mo=17 af=0 d=45424 @(-31000,29500,r1509)]
F15959 live=1 act=1 PL(2598,-3835,rot=1009,hp=-7200) [0 t=47 st=4 ss1=0 ss2=2 ss3=0 g=40 mo=17 af=0 d=45424 @(-31000,29500,r1509)]
F15960 live=1 act=1 PL(2598,-3835,rot=1009,hp=-7200) [0 t=47 st=4 ss1=0 ss2=2 ss3=0 g=40 mo=17 af=0 d=45424 @(-31000,29500,r1509)]
F15961 live=1 act=1 PL(2598,-3835,rot=1009,hp=-7200) [0 t=47 st=4 ss1=0 ss2=2 ss3=0 g=40 mo=17 af=0 d=45424 @(-31000,29500,r1509)]
F15962 live=1 act=1 PL(2598,-3835,rot=1009,hp=-7200) [0 t=47 st=4 ss1=0 ss2=2 ss3=0 g=40 mo=17 af=0 d=45424 @(-31000,29500,r1509)]
F15963 live=1 act=1 PL(2598,-3835,rot=1009,hp=-7200) [0 t=47 st=4 ss1=0 ss2=2 ss3=0 g=40 mo=17 af=0 d=45424 @(-31000,29500,r1509)]
F15964 live=1 act=1 PL(2598,-3835,rot=1009,hp=-7200) [0 t=47 st=4 ss1=0 ss2=2 ss3=0 g=40 mo=17 af=0 d=45424 @(-31000,29500,r1509)]
F15965 live=1 act=1 PL(2598,-3835,rot=1009,hp=-7200) [0 t=47 st=4 ss1=0 ss2=2 ss3=0 g=40 mo=17 af=0 d=45424 @(-31000,29500,r1509)]
F15966 live=1 act=1 PL(2598,-3835,rot=1009,hp=-7200) [0 t=47 st=4 ss1=0 ss2=2 ss3=0 g=40 mo=17 af=0 d=45424 @(-31000,29500,r1509)]
F15967 live=1 act=1 PL(2598,-3835,rot=1009,hp=-7200) [0 t=47 st=4 ss1=0 ss2=2 ss3=0 g=40 mo=17 af=0 d=45424 @(-31000,29500,r1509)]
F15968 live=1 act=1 PL(2598,-3835,rot=1009,hp=-7200) [0 t=47 st=4 ss1=0 ss2=2 ss3=0 g=40 mo=17 af=0 d=45424 @(-31000,29500,r1509)]
F15969 live=1 act=1 PL(2598,-3835,rot=1009,hp=-7200) [0 t=47 st=4 ss1=0 ss2=2 ss3=0 g=40 mo=17 af=0 d=45424 @(-31000,29500,r1509)]
F15970 live=1 act=1 PL(2598,-3835,rot=1009,hp=-7200) [0 t=47 st=4 ss1=0 ss2=2 ss3=0 g=40 mo=17 af=0 d=45424 @(-31000,29500,r1509)]
F15971 live=1 act=1 PL(2598,-3835,rot=1009,hp=-7200) [0 t=47 st=4 ss1=0 ss2=2 ss3=0 g=40 mo=17 af=0 d=45424 @(-31000,29500,r1509)]
F15972 live=1 act=1 PL(2598,-3835,rot=1009,hp=-7200) [0 t=47 st=4 ss1=0 ss2=2 ss3=0 g=40 mo=17 af=0 d=45424 @(-31000,29500,r1509)]
F15973 live=1 act=1 PL(2598,-3835,rot=1009,hp=-7200) [0 t=47 st=4 ss1=0 ss2=2 ss3=0 g=40 mo=17 af=0 d=45424 @(-31000,29500,r1509)]
F15974 live=1 act=1 PL(2598,-3835,rot=1009,hp=-7200) [0 t=47 st=4 ss1=0 ss2=2 ss3=0 g=40 mo=17 af=0 d=45424 @(-31000,29500,r1509)]
F15975 live=1 act=1 PL(2598,-3835,rot=1009,hp=-7200) [0 t=47 st=4 ss1=0 ss2=2 ss3=0 g=40 mo=17 af=0 d=45424 @(-31000,29500,r1509)]
F15976 live=1 act=1 PL(2598,-3835,rot=1009,hp=-7200) [0 t=47 st=4 ss1=0 ss2=2 ss3=0 g=40 mo=17 af=0 d=45424 @(-31000,29500,r1509)]
F15977 live=1 act=1 PL(2598,-3835,rot=1009,hp=-7200) [0 t=47 st=4 ss1=0 ss2=2 ss3=0 g=40 mo=17 af=0 d=45424 @(-31000,29500,r1509)]
F15978 live=1 act=1 PL(2598,-3835,rot=1009,hp=-7200) [0 t=47 st=4 ss1=0 ss2=2 ss3=0 g=40 mo=17 af=0 d=45424 @(-31000,29500,r1509)]
F15979 live=1 act=1 PL(2598,-3835,rot=1009,hp=-7200) [0 t=47 st=4 ss1=0 ss2=2 ss3=0 g=40 mo=17 af=0 d=45424 @(-31000,29500,r1509)]
F15980 live=1 act=1 PL(2602,-4035,rot=1009,hp=-7200) [0 t=47 st=4 ss1=0 ss2=2 ss3=0 g=40 mo=17 af=0 d=45240 @(-31000,29500,r1509)]
F15981 live=1 act=1 PL(2602,-4035,rot=1009,hp=-7200) [0 t=47 st=4 ss1=0 ss2=2 ss3=0 g=40 mo=17 af=0 d=45240 @(-31000,29500,r1509)]
F15982 live=1 act=1 PL(2606,-4235,rot=1009,hp=-7200) [0 t=47 st=4 ss1=0 ss2=2 ss3=0 g=40 mo=17 af=0 d=45056 @(-31000,29500,r1509)]
F15983 live=1 act=1 PL(2606,-4235,rot=1009,hp=-7200) [0 t=47 st=4 ss1=0 ss2=2 ss3=0 g=40 mo=17 af=0 d=45056 @(-31000,29500,r1509)]
F15984 live=1 act=1 PL(2609,-4435,rot=1011,hp=-7200) [0 t=47 st=4 ss1=0 ss2=2 ss3=0 g=40 mo=17 af=0 d=45056 @(-31000,29500,r1509)]
F15985 live=1 act=1 PL(2609,-4435,rot=1011,hp=-7200) [0 t=47 st=4 ss1=0 ss2=2 ss3=0 g=40 mo=17 af=0 d=45056 @(-31000,29500,r1509)]
F15986 live=1 act=1 PL(2613,-4635,rot=1009,hp=-7200) [0 t=47 st=4 ss1=0 ss2=2 ss3=0 g=40 mo=17 af=0 d=44864 @(-31000,29500,r1509)]
F15987 live=1 act=1 PL(2613,-4635,rot=1009,hp=-7200) [0 t=47 st=4 ss1=0 ss2=2 ss3=0 g=40 mo=17 af=0 d=44864 @(-31000,29500,r1509)]
F15988 live=1 act=1 PL(2617,-4835,rot=1009,hp=-7200) [0 t=47 st=4 ss1=0 ss2=2 ss3=0 g=40 mo=17 af=0 d=44680 @(-31000,29500,r1509)]
F15989 live=1 act=1 PL(2617,-4835,rot=1009,hp=-7200) [0 t=47 st=4 ss1=0 ss2=2 ss3=0 g=40 mo=17 af=0 d=44680 @(-31000,29500,r1509)]
F15990 live=1 act=1 PL(2621,-5035,rot=1009,hp=-7200) [0 t=47 st=4 ss1=0 ss2=2 ss3=0 g=40 mo=17 af=0 d=44488 @(-31000,29500,r1509)]
F15991 live=1 act=1 PL(2621,-5035,rot=1009,hp=-7200) [0 t=47 st=4 ss1=0 ss2=2 ss3=0 g=40 mo=17 af=0 d=44488 @(-31000,29500,r1509)]
F15992 live=1 act=1 PL(2624,-5235,rot=1011,hp=-7200) [0 t=47 st=4 ss1=0 ss2=2 ss3=0 g=40 mo=17 af=0 d=44304 @(-31000,29500,r1509)]
F15993 live=1 act=1 PL(2624,-5235,rot=1011,hp=-7200) [0 t=47 st=4 ss1=0 ss2=2 ss3=0 g=40 mo=17 af=0 d=44304 @(-31000,29500,r1509)]
F15994 live=1 act=1 PL(2628,-5435,rot=1009,hp=-7200) [0 t=47 st=4 ss1=0 ss2=2 ss3=0 g=40 mo=17 af=0 d=44304 @(-31000,29500,r1509)]
F15995 live=1 act=1 PL(2628,-5435,rot=1009,hp=-7200) [0 t=47 st=4 ss1=0 ss2=2 ss3=0 g=40 mo=17 af=0 d=44304 @(-31000,29500,r1509)]
F15996 live=1 act=1 PL(2632,-5635,rot=1009,hp=-7200) [0 t=47 st=4 ss1=0 ss2=2 ss3=0 g=40 mo=17 af=0 d=44112 @(-31000,29500,r1509)]
F15997 live=1 act=1 PL(2632,-5635,rot=1009,hp=-7200) [0 t=47 st=4 ss1=0 ss2=2 ss3=0 g=40 mo=17 af=0 d=44112 @(-31000,29500,r1509)]
F15998 live=1 act=1 PL(2636,-5835,rot=1009,hp=-7200) [0 t=47 st=4 ss1=0 ss2=2 ss3=0 g=40 mo=17 af=0 d=43920 @(-31000,29500,r1509)]
F15999 live=1 act=1 PL(2636,-5835,rot=1009,hp=-7200) [0 t=47 st=4 ss1=0 ss2=2 ss3=0 g=40 mo=17 af=0 d=43920 @(-31000,29500,r1509)]
F16000 live=1 act=1 PL(2639,-6035,rot=1011,hp=-7200) [0 t=47 st=4 ss1=0 ss2=2 ss3=0 g=40 mo=17 af=0 d=43920 @(-31000,29500,r1509)]
F16001 live=1 act=1 PL(2639,-6035,rot=1011,hp=-7200) [0 t=47 st=4 ss1=0 ss2=2 ss3=0 g=40 mo=17 af=0 d=43920 @(-31000,29500,r1509)]
F16002 live=1 act=1 PL(2643,-6235,rot=1009,hp=-7200) [0 t=47 st=4 ss1=0 ss2=2 ss3=0 g=40 mo=17 af=0 d=43728 @(-31000,29500,r1509)]
F16003 live=1 act=1 PL(2643,-6235,rot=1009,hp=-7200) [0 t=47 st=4 ss1=0 ss2=2 ss3=0 g=40 mo=17 af=0 d=43728 @(-31000,29500,r1509)]
F16004 live=1 act=1 PL(2647,-6435,rot=1009,hp=-7200) [0 t=47 st=4 ss1=0 ss2=2 ss3=0 g=40 mo=17 af=0 d=43536 @(-31000,29500,r1509)]
F16005 live=1 act=1 PL(2647,-6435,rot=1009,hp=-7200) [0 t=47 st=4 ss1=0 ss2=2 ss3=0 g=40 mo=17 af=0 d=43536 @(-31000,29500,r1509)]
F16006 live=1 act=1 PL(2651,-6635,rot=1009,hp=-7200) [0 t=47 st=4 ss1=0 ss2=2 ss3=0 g=40 mo=17 af=0 d=43344 @(-31000,29500,r1509)]
F16007 live=1 act=1 PL(2651,-6635,rot=1009,hp=-7200) [0 t=47 st=4 ss1=0 ss2=2 ss3=0 g=40 mo=17 af=0 d=43344 @(-31000,29500,r1509)]
F16008 live=1 act=1 PL(2654,-6835,rot=1011,hp=-7200) [0 t=47 st=4 ss1=0 ss2=2 ss3=0 g=40 mo=17 af=0 d=43344 @(-31000,29500,r1509)]
F16009 live=1 act=1 PL(2654,-6835,rot=1011,hp=-7200) [0 t=47 st=4 ss1=0 ss2=2 ss3=0 g=40 mo=17 af=0 d=43344 @(-31000,29500,r1509)]
F16010 live=1 act=1 PL(2658,-7035,rot=1009,hp=-7200) [0 t=47 st=4 ss1=0 ss2=2 ss3=0 g=40 mo=17 af=0 d=43152 @(-31000,29500,r1509)]
F16011 live=1 act=1 PL(2658,-7035,rot=1009,hp=-7200) [0 t=47 st=4 ss1=0 ss2=2 ss3=0 g=40 mo=17 af=0 d=43152 @(-31000,29500,r1509)]
F16012 live=1 act=1 PL(2662,-7235,rot=1009,hp=-7200) [0 t=47 st=4 ss1=0 ss2=2 ss3=0 g=40 mo=17 af=0 d=42952 @(-31000,29500,r1509)]
F16013 live=1 act=1 PL(2662,-7235,rot=1009,hp=-7200) [0 t=47 st=4 ss1=0 ss2=2 ss3=0 g=40 mo=17 af=0 d=42952 @(-31000,29500,r1509)]
F16014 live=1 act=1 PL(2662,-7235,rot=1021,hp=-7200) [0 t=47 st=4 ss1=0 ss2=2 ss3=0 g=40 mo=17 af=0 d=42760 @(-31000,29500,r1509)]
F16015 live=1 act=1 PL(2662,-7235,rot=1021,hp=-7200) [0 t=47 st=4 ss1=0 ss2=2 ss3=0 g=40 mo=17 af=0 d=42760 @(-31000,29500,r1509)]
F16016 live=1 act=1 PL(-31000,31000,rot=1024,hp=-7200) [0 t=47 st=4 ss1=0 ss2=2 ss3=0 g=40 mo=17 af=0 d=1498 @(-31000,29500,r1509)]
F16017 live=1 act=1 PL(-31000,31000,rot=1024,hp=-7200) [0 t=47 st=4 ss1=0 ss2=2 ss3=0 g=40 mo=17 af=0 d=1498 @(-31000,29500,r1509)]
F16018 live=1 act=1 PL(-31000,31000,rot=1024,hp=-7200) [0 t=47 st=4 ss1=0 ss2=2 ss3=0 g=40 mo=17 af=0 d=1498 @(-31000,29500,r1509)]
F16019 live=1 act=1 PL(-31000,31000,rot=1024,hp=-7200) [0 t=47 st=4 ss1=0 ss2=2 ss3=0 g=40 mo=17 af=0 d=1498 @(-31000,29500,r1509)]
F16020 live=1 act=1 PL(-31000,31000,rot=1024,hp=-7200) [0 t=47 st=4 ss1=0 ss2=2 ss3=0 g=40 mo=17 af=0 d=1498 @(-31000,29500,r1509)]
F16021 live=1 act=1 PL(-31000,31000,rot=1024,hp=-7200) [0 t=47 st=4 ss1=0 ss2=2 ss3=0 g=40 mo=17 af=0 d=1498 @(-31000,29500,r1509)]
F16022 live=1 act=1 PL(-31000,31000,rot=1024,hp=-7200) [0 t=47 st=4 ss1=0 ss2=2 ss3=0 g=40 mo=17 af=0 d=1498 @(-31000,29500,r1509)]
F16023 live=1 act=1 PL(-31000,31000,rot=1024,hp=-7200) [0 t=47 st=4 ss1=0 ss2=2 ss3=0 g=40 mo=17 af=0 d=1498 @(-31000,29500,r1509)]
F16024 live=1 act=1 PL(-31000,31000,rot=1024,hp=-7200) [0 t=47 st=4 ss1=0 ss2=2 ss3=0 g=40 mo=17 af=0 d=1498 @(-31000,29500,r1509)]
F16025 live=1 act=1 PL(-31000,31000,rot=1024,hp=-7200) [0 t=47 st=4 ss1=0 ss2=2 ss3=0 g=40 mo=17 af=0 d=1498 @(-31000,29500,r1509)]
F16026 live=1 act=1 PL(-31000,31000,rot=1024,hp=-7200) [0 t=47 st=4 ss1=0 ss2=2 ss3=0 g=40 mo=17 af=0 d=1498 @(-31000,29500,r1509)]
F16027 live=1 act=1 PL(-31000,31000,rot=1024,hp=-7200) [0 t=47 st=4 ss1=0 ss2=2 ss3=0 g=40 mo=17 af=0 d=1498 @(-31000,29500,r1509)]
F16028 live=1 act=1 PL(-31000,31000,rot=1024,hp=-7200) [0 t=47 st=4 ss1=0 ss2=2 ss3=0 g=40 mo=17 af=0 d=1498 @(-31000,29500,r1509)]
F16029 live=1 act=1 PL(-31000,31000,rot=1024,hp=-7200) [0 t=47 st=4 ss1=0 ss2=2 ss3=0 g=40 mo=17 af=0 d=1498 @(-31000,29500,r1509)]
F16030 live=1 act=1 PL(-31000,31000,rot=1024,hp=-7200) [0 t=47 st=4 ss1=0 ss2=2 ss3=0 g=40 mo=17 af=0 d=1498 @(-31000,29500,r1509)]
F16031 live=1 act=1 PL(-31000,31000,rot=1024,hp=-7200) [0 t=47 st=4 ss1=0 ss2=2 ss3=0 g=40 mo=17 af=0 d=1498 @(-31000,29500,r1509)]
F16032 live=1 act=1 PL(-31000,31000,rot=1024,hp=-7200) [0 t=47 st=4 ss1=0 ss2=2 ss3=0 g=40 mo=17 af=0 d=1498 @(-31000,29500,r1509)]
F16033 live=1 act=1 PL(-31000,31000,rot=1024,hp=-7200) [0 t=47 st=4 ss1=0 ss2=2 ss3=0 g=40 mo=17 af=0 d=1498 @(-31000,29500,r1509)]
F16034 live=1 act=1 PL(-31000,31000,rot=1024,hp=-7200) [0 t=47 st=4 ss1=0 ss2=2 ss3=0 g=40 mo=17 af=0 d=1498 @(-31000,29500,r1509)]
F16035 live=1 act=1 PL(-31000,31000,rot=1024,hp=-7200) [0 t=47 st=4 ss1=0 ss2=2 ss3=0 g=40 mo=17 af=0 d=1498 @(-31000,29500,r1509)]
F16036 live=1 act=1 PL(-31000,31000,rot=1024,hp=-7200) [0 t=47 st=4 ss1=0 ss2=2 ss3=0 g=40 mo=17 af=0 d=1498 @(-31000,29500,r1509)]
F16037 live=1 act=1 PL(-31000,31000,rot=1024,hp=-7200) [0 t=47 st=4 ss1=0 ss2=2 ss3=0 g=40 mo=17 af=0 d=1498 @(-31000,29500,r1509)]
F16038 live=1 act=1 PL(-31000,31000,rot=1024,hp=-7200) [0 t=47 st=4 ss1=0 ss2=2 ss3=0 g=40 mo=17 af=0 d=1498 @(-31000,29500,r1509)]
F16039 live=1 act=1 PL(-31000,31000,rot=1024,hp=-7200) [0 t=47 st=4 ss1=0 ss2=2 ss3=0 g=40 mo=17 af=0 d=1498 @(-31000,29500,r1509)]
F16040 live=1 act=1 PL(-31000,31000,rot=1024,hp=-7200) [0 t=47 st=4 ss1=0 ss2=2 ss3=0 g=40 mo=17 af=0 d=1498 @(-31000,29500,r1509)]
F16041 live=1 act=1 PL(-31000,31000,rot=1024,hp=-7200) [0 t=47 st=4 ss1=0 ss2=2 ss3=0 g=40 mo=17 af=0 d=1498 @(-31000,29500,r1509)]
F16042 live=1 act=1 PL(-31000,31000,rot=1024,hp=-7200) [0 t=47 st=4 ss1=0 ss2=2 ss3=0 g=40 mo=17 af=0 d=1498 @(-31000,29500,r1509)]
F16043 live=1 act=1 PL(-31000,31000,rot=1024,hp=-7200) [0 t=47 st=4 ss1=0 ss2=2 ss3=0 g=40 mo=17 af=0 d=1498 @(-31000,29500,r1509)]
F16044 live=1 act=1 PL(-31000,31000,rot=1024,hp=-7200) [0 t=47 st=4 ss1=0 ss2=2 ss3=0 g=40 mo=17 af=0 d=1498 @(-31000,29500,r1509)]
F16045 live=1 act=1 PL(-31000,31000,rot=1024,hp=-7200) [0 t=47 st=4 ss1=0 ss2=2 ss3=0 g=40 mo=17 af=0 d=1498 @(-31000,29500,r1509)]
F16046 live=1 act=1 PL(-31000,31000,rot=1024,hp=-7200) [0 t=47 st=4 ss1=0 ss2=2 ss3=0 g=40 mo=17 af=0 d=1498 @(-31000,29500,r1509)]
F16047 live=1 act=1 PL(-31000,31000,rot=1024,hp=-7200) [0 t=47 st=4 ss1=0 ss2=2 ss3=0 g=40 mo=17 af=0 d=1498 @(-31000,29500,r1509)]
F16048 live=1 act=1 PL(-31000,31000,rot=1024,hp=-7200) [0 t=47 st=4 ss1=0 ss2=2 ss3=0 g=40 mo=17 af=0 d=1498 @(-31000,29500,r1509)]
F16049 live=1 act=1 PL(-31000,31000,rot=1024,hp=-7200) [0 t=47 st=4 ss1=0 ss2=2 ss3=0 g=40 mo=17 af=0 d=1498 @(-31000,29500,r1509)]
F16050 live=1 act=1 PL(-31000,31000,rot=1024,hp=-7200) [0 t=47 st=4 ss1=0 ss2=2 ss3=0 g=40 mo=17 af=0 d=1498 @(-31000,29500,r1509)]
F16051 live=1 act=1 PL(-31000,31000,rot=1024,hp=-7200) [0 t=47 st=4 ss1=0 ss2=2 ss3=0 g=40 mo=17 af=0 d=1498 @(-31000,29500,r1509)]
F16052 live=1 act=1 PL(-31000,31000,rot=1024,hp=-7200) [0 t=47 st=4 ss1=0 ss2=2 ss3=0 g=40 mo=17 af=0 d=1498 @(-31000,29500,r1509)]
F16053 live=1 act=1 PL(-31000,31000,rot=1024,hp=-7200) [0 t=47 st=4 ss1=0 ss2=2 ss3=0 g=40 mo=17 af=0 d=1498 @(-31000,29500,r1509)]
F16054 live=1 act=1 PL(-31000,31000,rot=1024,hp=-7200) [0 t=47 st=4 ss1=0 ss2=2 ss3=0 g=40 mo=17 af=0 d=1498 @(-31000,29500,r1509)]
F16055 live=1 act=1 PL(-31000,31000,rot=1024,hp=-7200) [0 t=47 st=4 ss1=0 ss2=2 ss3=0 g=40 mo=17 af=0 d=1498 @(-31000,29500,r1509)]
F16056 live=1 act=1 PL(-31000,31000,rot=1024,hp=-7200) [0 t=47 st=4 ss1=0 ss2=2 ss3=0 g=40 mo=17 af=0 d=1498 @(-31000,29500,r1509)]
F16057 live=1 act=1 PL(-31000,31000,rot=1024,hp=-7200) [0 t=47 st=4 ss1=0 ss2=2 ss3=0 g=40 mo=17 af=0 d=1498 @(-31000,29500,r1509)]
F16058 live=1 act=1 PL(-31000,31000,rot=1024,hp=-7200) [0 t=47 st=4 ss1=0 ss2=2 ss3=0 g=40 mo=17 af=0 d=1498 @(-31000,29500,r1509)]
F16059 live=1 act=1 PL(-31000,31000,rot=1024,hp=-7200) [0 t=47 st=4 ss1=0 ss2=2 ss3=0 g=40 mo=17 af=0 d=1498 @(-31000,29500,r1509)]
F16060 live=1 act=1 PL(-31000,31000,rot=1024,hp=-7200) [0 t=47 st=4 ss1=0 ss2=2 ss3=0 g=40 mo=17 af=0 d=1498 @(-31000,29500,r1509)]
F16061 live=1 act=1 PL(-31000,31000,rot=1024,hp=-7200) [0 t=47 st=4 ss1=0 ss2=2 ss3=0 g=40 mo=17 af=0 d=1498 @(-31000,29500,r1509)]
F16062 live=1 act=1 PL(-31000,31000,rot=1024,hp=-7200) [0 t=47 st=4 ss1=0 ss2=2 ss3=0 g=40 mo=17 af=0 d=1498 @(-31000,29500,r1509)]
F16063 live=1 act=1 PL(-31000,31000,rot=1024,hp=-7200) [0 t=47 st=4 ss1=0 ss2=2 ss3=0 g=40 mo=17 af=0 d=1498 @(-31000,29500,r1509)]
F16064 live=1 act=1 PL(-31000,31000,rot=1024,hp=-7200) [0 t=47 st=4 ss1=0 ss2=2 ss3=0 g=40 mo=17 af=0 d=1498 @(-31000,29500,r1509)]
F16065 live=1 act=1 PL(-31000,31000,rot=1024,hp=-7200) [0 t=47 st=4 ss1=0 ss2=2 ss3=0 g=40 mo=17 af=0 d=1498 @(-31000,29500,r1509)]
F16066 live=1 act=1 PL(-31000,31000,rot=1024,hp=-7200) [0 t=47 st=4 ss1=0 ss2=2 ss3=0 g=40 mo=17 af=0 d=1498 @(-31000,29500,r1509)]
F16067 live=1 act=1 PL(-31000,31000,rot=1024,hp=-7200) [0 t=47 st=4 ss1=0 ss2=2 ss3=0 g=40 mo=17 af=0 d=1498 @(-31000,29500,r1509)]
F16068 live=1 act=1 PL(-31000,31000,rot=1024,hp=-7200) [0 t=47 st=4 ss1=0 ss2=2 ss3=0 g=40 mo=17 af=0 d=1498 @(-31000,29500,r1509)]
F16069 live=1 act=1 PL(-31000,31000,rot=1024,hp=-7200) [0 t=47 st=4 ss1=0 ss2=2 ss3=0 g=40 mo=17 af=0 d=1498 @(-31000,29500,r1509)]
F16070 live=1 act=1 PL(-31000,31000,rot=1024,hp=-7200) [0 t=47 st=4 ss1=0 ss2=2 ss3=0 g=40 mo=17 af=0 d=1498 @(-31000,29500,r1509)]
F16071 live=1 act=1 PL(-31000,31000,rot=1024,hp=-7200) [0 t=47 st=4 ss1=0 ss2=2 ss3=0 g=40 mo=17 af=0 d=1498 @(-31000,29500,r1509)]
F16072 live=1 act=1 PL(-31000,31000,rot=1024,hp=-7200) [0 t=47 st=4 ss1=0 ss2=2 ss3=0 g=40 mo=17 af=0 d=1498 @(-31000,29500,r1509)]
F16073 live=1 act=1 PL(-31000,31000,rot=1024,hp=-7200) [0 t=47 st=4 ss1=0 ss2=2 ss3=0 g=40 mo=17 af=0 d=1498 @(-31000,29500,r1509)]
F16074 live=1 act=1 PL(-31000,31000,rot=1024,hp=-7200) [0 t=47 st=4 ss1=0 ss2=2 ss3=0 g=40 mo=17 af=0 d=1498 @(-31000,29500,r1509)]
F16075 live=1 act=1 PL(-31000,31000,rot=1024,hp=-7200) [0 t=47 st=4 ss1=0 ss2=2 ss3=0 g=40 mo=17 af=0 d=1498 @(-31000,29500,r1509)]
F16076 live=1 act=1 PL(-31000,31000,rot=1024,hp=-7200) [0 t=47 st=4 ss1=0 ss2=2 ss3=0 g=40 mo=17 af=0 d=1498 @(-31000,29500,r1509)]
F16077 live=1 act=1 PL(-31000,31000,rot=1024,hp=-7200) [0 t=47 st=4 ss1=0 ss2=2 ss3=0 g=40 mo=17 af=0 d=1498 @(-31000,29500,r1509)]
F16078 live=1 act=1 PL(-31000,31000,rot=1024,hp=-7200) [0 t=47 st=4 ss1=0 ss2=2 ss3=0 g=40 mo=17 af=0 d=1498 @(-31000,29500,r1509)]
F16079 live=1 act=1 PL(-31000,31000,rot=1024,hp=-7200) [0 t=47 st=4 ss1=0 ss2=2 ss3=0 g=40 mo=17 af=0 d=1498 @(-31000,29500,r1509)]
F16080 live=1 act=1 PL(-31000,31000,rot=1024,hp=-7200) [0 t=47 st=4 ss1=0 ss2=2 ss3=0 g=40 mo=17 af=0 d=1498 @(-31000,29500,r1509)]
F16081 live=1 act=1 PL(-31000,31000,rot=1024,hp=-7200) [0 t=47 st=4 ss1=0 ss2=2 ss3=0 g=40 mo=17 af=0 d=1498 @(-31000,29500,r1509)]
F16082 live=1 act=1 PL(-31000,31000,rot=1024,hp=-7200) [0 t=47 st=4 ss1=0 ss2=2 ss3=0 g=40 mo=17 af=0 d=1498 @(-31000,29500,r1509)]
F16083 live=1 act=1 PL(-31000,31000,rot=1024,hp=-7200) [0 t=47 st=4 ss1=0 ss2=2 ss3=0 g=40 mo=17 af=0 d=1498 @(-31000,29500,r1509)]
F16084 live=1 act=1 PL(-31000,31000,rot=1024,hp=-7200) [0 t=47 st=4 ss1=0 ss2=2 ss3=0 g=40 mo=17 af=0 d=1498 @(-31000,29500,r1509)]
F16085 live=1 act=1 PL(-31000,31000,rot=1024,hp=-7200) [0 t=47 st=4 ss1=0 ss2=2 ss3=0 g=40 mo=17 af=0 d=1498 @(-31000,29500,r1509)]
F16086 live=1 act=1 PL(-31000,31000,rot=1024,hp=-7200) [0 t=47 st=4 ss1=0 ss2=2 ss3=0 g=40 mo=17 af=0 d=1498 @(-31000,29500,r1509)]
F16087 live=1 act=1 PL(-31000,31000,rot=1024,hp=-7200) [0 t=47 st=4 ss1=0 ss2=2 ss3=0 g=40 mo=17 af=0 d=1498 @(-31000,29500,r1509)]
F16088 live=1 act=1 PL(-31000,31000,rot=1024,hp=-7200) [0 t=47 st=4 ss1=0 ss2=2 ss3=0 g=40 mo=17 af=0 d=1498 @(-31000,29500,r1509)]
F16089 live=1 act=1 PL(-31000,31000,rot=1024,hp=-7200) [0 t=47 st=4 ss1=0 ss2=2 ss3=0 g=40 mo=17 af=0 d=1498 @(-31000,29500,r1509)]
F16090 live=1 act=1 PL(-31000,31000,rot=1024,hp=-7200) [0 t=47 st=4 ss1=0 ss2=2 ss3=0 g=40 mo=17 af=0 d=1498 @(-31000,29500,r1509)]
F16091 live=1 act=1 PL(-31000,31000,rot=1024,hp=-7200) [0 t=47 st=4 ss1=0 ss2=2 ss3=0 g=40 mo=17 af=0 d=1498 @(-31000,29500,r1509)]
F16092 live=1 act=1 PL(-31000,31000,rot=1024,hp=-7200) [0 t=47 st=4 ss1=0 ss2=2 ss3=0 g=40 mo=17 af=0 d=1498 @(-31000,29500,r1509)]
F16093 live=1 act=1 PL(-31000,31000,rot=1024,hp=-7200) [0 t=47 st=4 ss1=0 ss2=2 ss3=0 g=40 mo=17 af=0 d=1498 @(-31000,29500,r1509)]
F16094 live=1 act=1 PL(-31000,31000,rot=1024,hp=-7200) [0 t=47 st=4 ss1=0 ss2=2 ss3=0 g=40 mo=17 af=0 d=1498 @(-31000,29500,r1509)]
F16095 live=1 act=1 PL(-31000,31000,rot=1024,hp=-7200) [0 t=47 st=4 ss1=0 ss2=2 ss3=0 g=40 mo=17 af=0 d=1498 @(-31000,29500,r1509)]
F16096 live=1 act=1 PL(-31000,31000,rot=1024,hp=-7200) [0 t=47 st=4 ss1=0 ss2=2 ss3=0 g=40 mo=17 af=0 d=1498 @(-31000,29500,r1509)]
F16097 live=1 act=1 PL(-31000,31000,rot=1024,hp=-7200) [0 t=47 st=4 ss1=0 ss2=2 ss3=0 g=40 mo=17 af=0 d=1498 @(-31000,29500,r1509)]
F16098 live=1 act=1 PL(-31000,31000,rot=1024,hp=-7200) [0 t=47 st=4 ss1=0 ss2=2 ss3=0 g=40 mo=17 af=0 d=1498 @(-31000,29500,r1509)]
F16099 live=1 act=1 PL(-31000,31000,rot=1024,hp=-7200) [0 t=47 st=4 ss1=0 ss2=2 ss3=0 g=40 mo=17 af=0 d=1498 @(-31000,29500,r1509)]
F16100 live=1 act=1 PL(-31000,31000,rot=1024,hp=-7200) [0 t=47 st=4 ss1=0 ss2=2 ss3=0 g=40 mo=17 af=0 d=1498 @(-31000,29500,r1509)]
F16101 live=1 act=1 PL(-31000,31000,rot=1024,hp=-7200) [0 t=47 st=4 ss1=0 ss2=2 ss3=0 g=40 mo=17 af=0 d=1498 @(-31000,29500,r1509)]
F16102 live=1 act=1 PL(-31000,31000,rot=1024,hp=-7200) [0 t=47 st=4 ss1=0 ss2=2 ss3=0 g=40 mo=17 af=0 d=1498 @(-31000,29500,r1509)]
F16103 live=1 act=1 PL(-31000,31000,rot=1024,hp=-7200) [0 t=47 st=4 ss1=0 ss2=2 ss3=0 g=40 mo=17 af=0 d=1498 @(-31000,29500,r1509)]
F16104 live=1 act=1 PL(-31000,31000,rot=1024,hp=-7200) [0 t=47 st=4 ss1=0 ss2=2 ss3=0 g=40 mo=17 af=0 d=1498 @(-31000,29500,r1509)]
F16105 live=1 act=1 PL(-31000,31000,rot=1024,hp=-7200) [0 t=47 st=4 ss1=0 ss2=2 ss3=0 g=40 mo=17 af=0 d=1498 @(-31000,29500,r1509)]
F16106 live=1 act=1 PL(-31000,31000,rot=1024,hp=-7200) [0 t=47 st=4 ss1=0 ss2=2 ss3=0 g=40 mo=17 af=0 d=1498 @(-31000,29500,r1509)]
F16107 live=1 act=1 PL(-31000,31000,rot=1024,hp=-7200) [0 t=47 st=4 ss1=0 ss2=2 ss3=0 g=40 mo=17 af=0 d=1498 @(-31000,29500,r1509)]
F16108 live=1 act=1 PL(-31000,31000,rot=1024,hp=-7200) [0 t=47 st=4 ss1=0 ss2=2 ss3=0 g=40 mo=17 af=0 d=1498 @(-31000,29500,r1509)]
F16109 live=1 act=1 PL(-31000,31000,rot=1024,hp=-7200) [0 t=47 st=4 ss1=0 ss2=2 ss3=0 g=40 mo=17 af=0 d=1498 @(-31000,29500,r1509)]
F16110 live=1 act=1 PL(-31000,31000,rot=1024,hp=-7200) [0 t=47 st=4 ss1=0 ss2=2 ss3=0 g=40 mo=17 af=0 d=1498 @(-31000,29500,r1509)]
F16111 live=1 act=1 PL(-31000,31000,rot=1024,hp=-7200) [0 t=47 st=4 ss1=0 ss2=2 ss3=0 g=40 mo=17 af=0 d=1498 @(-31000,29500,r1509)]
F16112 live=1 act=1 PL(-31000,31000,rot=1024,hp=-7200) [0 t=47 st=4 ss1=0 ss2=2 ss3=0 g=40 mo=17 af=0 d=1498 @(-31000,29500,r1509)]
F16113 live=1 act=1 PL(-31000,31000,rot=1024,hp=-7200) [0 t=47 st=4 ss1=0 ss2=2 ss3=0 g=40 mo=17 af=0 d=1498 @(-31000,29500,r1509)]
F16114 live=1 act=1 PL(-31000,31000,rot=1024,hp=-7200) [0 t=47 st=4 ss1=0 ss2=2 ss3=0 g=40 mo=17 af=0 d=1498 @(-31000,29500,r1509)]
F16115 live=1 act=1 PL(-31000,31000,rot=1024,hp=-7200) [0 t=47 st=4 ss1=0 ss2=2 ss3=0 g=40 mo=17 af=0 d=1498 @(-31000,29500,r1509)]
F16116 live=1 act=1 PL(-31000,31000,rot=1024,hp=-7200) [0 t=47 st=4 ss1=0 ss2=2 ss3=0 g=40 mo=17 af=0 d=1498 @(-31000,29500,r1509)]
F16117 live=1 act=1 PL(-31000,31000,rot=1024,hp=-7200) [0 t=47 st=4 ss1=0 ss2=2 ss3=0 g=40 mo=17 af=0 d=1498 @(-31000,29500,r1509)]
F16118 live=1 act=1 PL(-31000,31000,rot=1024,hp=-7200) [0 t=47 st=4 ss1=0 ss2=2 ss3=0 g=40 mo=17 af=0 d=1498 @(-31000,29500,r1509)]
F16119 live=1 act=1 PL(-31000,31000,rot=1024,hp=-7200) [0 t=47 st=4 ss1=0 ss2=2 ss3=0 g=40 mo=17 af=0 d=1498 @(-31000,29500,r1509)]
F16120 live=1 act=1 PL(-31000,31000,rot=1024,hp=-7200) [0 t=47 st=4 ss1=0 ss2=2 ss3=0 g=40 mo=17 af=0 d=1498 @(-31000,29500,r1509)]
F16121 live=1 act=1 PL(-31000,31000,rot=1024,hp=-7200) [0 t=47 st=4 ss1=0 ss2=2 ss3=0 g=40 mo=17 af=0 d=1498 @(-31000,29500,r1509)]
F16122 live=1 act=1 PL(-31000,31000,rot=1024,hp=-7200) [0 t=47 st=4 ss1=0 ss2=2 ss3=0 g=40 mo=17 af=0 d=1498 @(-31000,29500,r1509)]
F16123 live=1 act=1 PL(-31000,31000,rot=1024,hp=-7200) [0 t=47 st=4 ss1=0 ss2=2 ss3=0 g=40 mo=17 af=0 d=1498 @(-31000,29500,r1509)]
F16124 live=1 act=1 PL(-31000,31000,rot=1024,hp=-7200) [0 t=47 st=4 ss1=0 ss2=2 ss3=0 g=40 mo=17 af=0 d=1498 @(-31000,29500,r1509)]
F16125 live=1 act=1 PL(-31000,31000,rot=1024,hp=-7200) [0 t=47 st=4 ss1=0 ss2=2 ss3=0 g=40 mo=17 af=0 d=1498 @(-31000,29500,r1509)]
F16126 live=1 act=1 PL(-31000,31000,rot=1024,hp=-7200) [0 t=47 st=4 ss1=0 ss2=2 ss3=0 g=40 mo=17 af=0 d=1498 @(-31000,29500,r1509)]
F16127 live=1 act=1 PL(-31000,31000,rot=1024,hp=-7200) [0 t=47 st=4 ss1=0 ss2=2 ss3=0 g=40 mo=17 af=0 d=1498 @(-31000,29500,r1509)]
F16128 live=1 act=1 PL(-31000,31000,rot=1024,hp=-7200) [0 t=47 st=4 ss1=0 ss2=2 ss3=0 g=40 mo=17 af=0 d=1498 @(-31000,29500,r1509)]
F16129 live=1 act=1 PL(-31000,31000,rot=1024,hp=-7200) [0 t=47 st=4 ss1=0 ss2=2 ss3=0 g=40 mo=17 af=0 d=1498 @(-31000,29500,r1509)]
F16130 live=1 act=1 PL(-31000,31000,rot=1024,hp=-7200) [0 t=47 st=4 ss1=0 ss2=2 ss3=0 g=40 mo=17 af=0 d=1498 @(-31000,29500,r1509)]
F16131 live=1 act=1 PL(-31000,31000,rot=1024,hp=-7200) [0 t=47 st=4 ss1=0 ss2=2 ss3=0 g=40 mo=17 af=0 d=1498 @(-31000,29500,r1509)]
F16132 live=1 act=1 PL(-31000,31000,rot=1024,hp=-7200) [0 t=47 st=4 ss1=0 ss2=2 ss3=0 g=40 mo=17 af=0 d=1498 @(-31000,29500,r1509)]
F16133 live=1 act=1 PL(-31000,31000,rot=1024,hp=-7200) [0 t=47 st=4 ss1=0 ss2=2 ss3=0 g=40 mo=17 af=0 d=1498 @(-31000,29500,r1509)]
F16134 live=1 act=1 PL(-31000,31000,rot=1024,hp=-7200) [0 t=47 st=4 ss1=0 ss2=2 ss3=0 g=40 mo=17 af=0 d=1498 @(-31000,29500,r1509)]
F16135 live=1 act=1 PL(-31000,31000,rot=1024,hp=-7200) [0 t=47 st=4 ss1=0 ss2=2 ss3=0 g=40 mo=17 af=0 d=1498 @(-31000,29500,r1509)]
F16136 live=1 act=1 PL(-31000,31000,rot=1024,hp=-7200) [0 t=47 st=4 ss1=0 ss2=2 ss3=0 g=40 mo=17 af=0 d=1498 @(-31000,29500,r1509)]
F16137 live=1 act=1 PL(-31000,31000,rot=1024,hp=-7200) [0 t=47 st=4 ss1=0 ss2=2 ss3=0 g=40 mo=17 af=0 d=1498 @(-31000,29500,r1509)]
F16138 live=1 act=1 PL(-31000,31000,rot=1024,hp=-7200) [0 t=47 st=4 ss1=0 ss2=2 ss3=0 g=40 mo=17 af=0 d=1498 @(-31000,29500,r1509)]
F16139 live=1 act=1 PL(-31000,31000,rot=1024,hp=-7200) [0 t=47 st=4 ss1=0 ss2=2 ss3=0 g=40 mo=17 af=0 d=1498 @(-31000,29500,r1509)]
F16140 live=1 act=1 PL(-31000,31000,rot=1024,hp=-7200) [0 t=47 st=4 ss1=0 ss2=2 ss3=0 g=40 mo=17 af=0 d=1498 @(-31000,29500,r1509)]
F16141 live=1 act=1 PL(-31000,31000,rot=1024,hp=-7200) [0 t=47 st=4 ss1=0 ss2=2 ss3=0 g=40 mo=17 af=0 d=1498 @(-31000,29500,r1509)]
F16142 live=1 act=1 PL(-31000,31000,rot=1024,hp=-7200) [0 t=47 st=4 ss1=0 ss2=2 ss3=0 g=40 mo=17 af=0 d=1498 @(-31000,29500,r1509)]
F16143 live=1 act=1 PL(-31000,31000,rot=1024,hp=-7200) [0 t=47 st=4 ss1=0 ss2=2 ss3=0 g=40 mo=17 af=0 d=1498 @(-31000,29500,r1509)]
F16144 live=1 act=1 PL(-31000,31000,rot=1024,hp=-7200) [0 t=47 st=4 ss1=0 ss2=2 ss3=0 g=40 mo=17 af=0 d=1498 @(-31000,29500,r1509)]
F16145 live=1 act=1 PL(-31000,31000,rot=1024,hp=-7200) [0 t=47 st=4 ss1=0 ss2=2 ss3=0 g=40 mo=17 af=0 d=1498 @(-31000,29500,r1509)]
F16146 live=1 act=1 PL(-31000,31000,rot=1024,hp=-7200) [0 t=47 st=4 ss1=0 ss2=2 ss3=0 g=40 mo=17 af=0 d=1498 @(-31000,29500,r1509)]
F16147 live=1 act=1 PL(-31000,31000,rot=1024,hp=-7200) [0 t=47 st=4 ss1=0 ss2=2 ss3=0 g=40 mo=17 af=0 d=1498 @(-31000,29500,r1509)]
F16148 live=1 act=1 PL(-31000,31000,rot=1024,hp=-7200) [0 t=47 st=4 ss1=0 ss2=2 ss3=0 g=40 mo=17 af=0 d=1498 @(-31000,29500,r1509)]
F16149 live=1 act=1 PL(-31000,31000,rot=1024,hp=-7200) [0 t=47 st=4 ss1=0 ss2=2 ss3=0 g=40 mo=17 af=0 d=1498 @(-31000,29500,r1509)]
F16150 live=1 act=1 PL(-31000,31000,rot=1024,hp=-7200) [0 t=47 st=4 ss1=0 ss2=2 ss3=0 g=40 mo=17 af=0 d=1498 @(-31000,29500,r1509)]
F16151 live=1 act=1 PL(-31000,31000,rot=1024,hp=-7200) [0 t=47 st=4 ss1=0 ss2=2 ss3=0 g=40 mo=17 af=0 d=1498 @(-31000,29500,r1509)]
F16152 live=1 act=1 PL(-31000,31000,rot=1024,hp=-7200) [0 t=47 st=4 ss1=0 ss2=2 ss3=0 g=40 mo=17 af=0 d=1498 @(-31000,29500,r1509)]
F16153 live=1 act=1 PL(-31000,31000,rot=1024,hp=-7200) [0 t=47 st=4 ss1=0 ss2=2 ss3=0 g=40 mo=17 af=0 d=1498 @(-31000,29500,r1509)]
F16154 live=1 act=1 PL(-31000,31000,rot=1024,hp=-7200) [0 t=47 st=4 ss1=0 ss2=2 ss3=0 g=40 mo=17 af=0 d=1498 @(-31000,29500,r1509)]
F16155 live=1 act=1 PL(-31000,31000,rot=1024,hp=-7200) [0 t=47 st=4 ss1=0 ss2=2 ss3=0 g=40 mo=17 af=0 d=1498 @(-31000,29500,r1509)]
F16156 live=1 act=1 PL(-31000,31000,rot=1024,hp=-7200) [0 t=47 st=4 ss1=0 ss2=2 ss3=0 g=40 mo=17 af=0 d=1498 @(-31000,29500,r1509)]
F16157 live=1 act=1 PL(-31000,31000,rot=1024,hp=-7200) [0 t=47 st=4 ss1=0 ss2=2 ss3=0 g=40 mo=17 af=0 d=1498 @(-31000,29500,r1509)]
F16158 live=1 act=1 PL(-31000,31000,rot=1024,hp=-7200) [0 t=47 st=4 ss1=0 ss2=2 ss3=0 g=40 mo=17 af=0 d=1498 @(-31000,29500,r1509)]
F16159 live=1 act=1 PL(-31000,31000,rot=1024,hp=-7200) [0 t=47 st=4 ss1=0 ss2=2 ss3=0 g=40 mo=17 af=0 d=1498 @(-31000,29500,r1509)]
F16160 live=1 act=1 PL(-31000,31000,rot=1024,hp=-7200) [0 t=47 st=4 ss1=0 ss2=2 ss3=0 g=40 mo=17 af=0 d=1498 @(-31000,29500,r1509)]
F16161 live=1 act=1 PL(-31000,31000,rot=1024,hp=-7200) [0 t=47 st=4 ss1=0 ss2=2 ss3=0 g=40 mo=17 af=0 d=1498 @(-31000,29500,r1509)]
F16162 live=1 act=1 PL(-31000,31000,rot=1024,hp=-7200) [0 t=47 st=4 ss1=0 ss2=2 ss3=0 g=40 mo=17 af=0 d=1498 @(-31000,29500,r1509)]
F16163 live=1 act=1 PL(-31000,31000,rot=1024,hp=-7200) [0 t=47 st=4 ss1=0 ss2=2 ss3=0 g=40 mo=17 af=0 d=1498 @(-31000,29500,r1509)]
F16164 live=1 act=1 PL(-31000,31000,rot=1024,hp=-7200) [0 t=47 st=4 ss1=0 ss2=2 ss3=0 g=40 mo=17 af=0 d=1498 @(-31000,29500,r1509)]
F16165 live=1 act=1 PL(-31000,31000,rot=1024,hp=-7200) [0 t=47 st=4 ss1=0 ss2=2 ss3=0 g=40 mo=17 af=0 d=1498 @(-31000,29500,r1509)]
F16166 live=1 act=1 PL(-31000,31000,rot=1024,hp=-7200) [0 t=47 st=4 ss1=0 ss2=2 ss3=0 g=40 mo=17 af=0 d=1498 @(-31000,29500,r1509)]
F16167 live=1 act=1 PL(-31000,31000,rot=1024,hp=-7200) [0 t=47 st=4 ss1=0 ss2=2 ss3=0 g=40 mo=17 af=0 d=1498 @(-31000,29500,r1509)]
F16168 live=1 act=1 PL(-31000,31000,rot=1024,hp=-7200) [0 t=47 st=4 ss1=0 ss2=2 ss3=0 g=40 mo=17 af=0 d=1498 @(-31000,29500,r1509)]
F16169 live=1 act=1 PL(-31000,31000,rot=1024,hp=-7200) [0 t=47 st=4 ss1=0 ss2=2 ss3=0 g=40 mo=17 af=0 d=1498 @(-31000,29500,r1509)]
F16170 live=1 act=1 PL(-31000,31000,rot=1024,hp=-7200) [0 t=47 st=4 ss1=0 ss2=2 ss3=0 g=40 mo=17 af=0 d=1498 @(-31000,29500,r1509)]
F16171 live=1 act=1 PL(-31000,31000,rot=1024,hp=-7200) [0 t=47 st=4 ss1=0 ss2=2 ss3=0 g=40 mo=17 af=0 d=1498 @(-31000,29500,r1509)]
F16172 live=1 act=1 PL(-31000,31000,rot=1024,hp=-7200) [0 t=47 st=4 ss1=0 ss2=2 ss3=0 g=40 mo=17 af=0 d=1498 @(-31000,29500,r1509)]
F16173 live=1 act=1 PL(-31000,31000,rot=1024,hp=-7200) [0 t=47 st=4 ss1=0 ss2=2 ss3=0 g=40 mo=17 af=0 d=1498 @(-31000,29500,r1509)]
F16174 live=1 act=1 PL(-31000,31000,rot=1024,hp=-7200) [0 t=47 st=4 ss1=0 ss2=2 ss3=0 g=40 mo=17 af=0 d=1498 @(-31000,29500,r1509)]
F16175 live=1 act=1 PL(-31000,31000,rot=1024,hp=-7200) [0 t=47 st=4 ss1=0 ss2=2 ss3=0 g=40 mo=17 af=0 d=1498 @(-31000,29500,r1509)]
F16176 live=1 act=1 PL(-31000,31000,rot=1024,hp=-7200) [0 t=47 st=4 ss1=0 ss2=2 ss3=0 g=40 mo=17 af=0 d=1498 @(-31000,29500,r1509)]
F16177 live=1 act=1 PL(-31000,31000,rot=1024,hp=-7200) [0 t=47 st=4 ss1=0 ss2=2 ss3=0 g=40 mo=17 af=0 d=1498 @(-31000,29500,r1509)]
F16178 live=1 act=1 PL(-31000,31000,rot=1024,hp=-7200) [0 t=47 st=4 ss1=0 ss2=2 ss3=0 g=40 mo=17 af=0 d=1498 @(-31000,29500,r1509)]
F16179 live=1 act=1 PL(-31000,31000,rot=1024,hp=-7200) [0 t=47 st=4 ss1=0 ss2=2 ss3=0 g=40 mo=17 af=0 d=1498 @(-31000,29500,r1509)]
F16180 live=1 act=1 PL(-31000,31000,rot=1024,hp=-7200) [0 t=47 st=4 ss1=0 ss2=2 ss3=0 g=40 mo=17 af=0 d=1498 @(-31000,29500,r1509)]
F16181 live=1 act=1 PL(-31000,31000,rot=1024,hp=-7200) [0 t=47 st=4 ss1=0 ss2=2 ss3=0 g=40 mo=17 af=0 d=1498 @(-31000,29500,r1509)]
F16182 live=1 act=1 PL(-31000,31000,rot=1024,hp=-7200) [0 t=47 st=4 ss1=0 ss2=2 ss3=0 g=40 mo=17 af=0 d=1498 @(-31000,29500,r1509)]
F16183 live=1 act=1 PL(-31000,31000,rot=1024,hp=-7200) [0 t=47 st=4 ss1=0 ss2=2 ss3=0 g=40 mo=17 af=0 d=1498 @(-31000,29500,r1509)]
F16184 live=1 act=1 PL(-31000,31000,rot=1024,hp=-7200) [0 t=47 st=4 ss1=0 ss2=2 ss3=0 g=40 mo=17 af=0 d=1498 @(-31000,29500,r1509)]
F16185 live=1 act=1 PL(-31000,31000,rot=1024,hp=-7200) [0 t=47 st=4 ss1=0 ss2=2 ss3=0 g=40 mo=17 af=0 d=1498 @(-31000,29500,r1509)]
F16186 live=1 act=1 PL(-31000,31000,rot=1024,hp=-7200) [0 t=47 st=4 ss1=0 ss2=2 ss3=0 g=40 mo=17 af=0 d=1498 @(-31000,29500,r1509)]
F16187 live=1 act=1 PL(-31000,31000,rot=1024,hp=-7200) [0 t=47 st=4 ss1=0 ss2=2 ss3=0 g=40 mo=17 af=0 d=1498 @(-31000,29500,r1509)]
F16188 live=1 act=1 PL(-31000,31000,rot=1024,hp=-7200) [0 t=47 st=4 ss1=0 ss2=2 ss3=0 g=40 mo=17 af=0 d=1498 @(-31000,29500,r1509)]
F16189 live=1 act=1 PL(-31000,31000,rot=1024,hp=-7200) [0 t=47 st=4 ss1=0 ss2=2 ss3=0 g=40 mo=17 af=0 d=1498 @(-31000,29500,r1509)]
F16190 live=1 act=1 PL(-31000,31000,rot=1024,hp=-7200) [0 t=47 st=4 ss1=0 ss2=2 ss3=0 g=40 mo=17 af=0 d=1498 @(-31000,29500,r1509)]
F16191 live=1 act=1 PL(-31000,31000,rot=1024,hp=-7200) [0 t=47 st=4 ss1=0 ss2=2 ss3=0 g=40 mo=17 af=0 d=1498 @(-31000,29500,r1509)]
F16192 live=1 act=1 PL(-31000,31000,rot=1024,hp=-7200) [0 t=47 st=4 ss1=0 ss2=2 ss3=0 g=40 mo=17 af=0 d=1498 @(-31000,29500,r1509)]
F16193 live=1 act=1 PL(-31000,31000,rot=1024,hp=-7200) [0 t=47 st=4 ss1=0 ss2=2 ss3=0 g=40 mo=17 af=0 d=1498 @(-31000,29500,r1509)]
F16194 live=1 act=1 PL(-31000,31000,rot=1024,hp=-7200) [0 t=47 st=4 ss1=0 ss2=2 ss3=0 g=40 mo=17 af=0 d=1498 @(-31000,29500,r1509)]
F16195 live=1 act=1 PL(-31000,31000,rot=1024,hp=-7200) [0 t=47 st=4 ss1=0 ss2=2 ss3=0 g=40 mo=17 af=0 d=1498 @(-31000,29500,r1509)]
F16196 live=1 act=1 PL(-31000,31000,rot=1024,hp=-7200) [0 t=47 st=4 ss1=0 ss2=2 ss3=0 g=40 mo=17 af=0 d=1498 @(-31000,29500,r1509)]
F16197 live=1 act=1 PL(-31000,31000,rot=1024,hp=-7200) [0 t=47 st=4 ss1=0 ss2=2 ss3=0 g=40 mo=17 af=0 d=1498 @(-31000,29500,r1509)]
F16198 live=1 act=1 PL(-31000,31000,rot=1024,hp=-7200) [0 t=47 st=4 ss1=0 ss2=2 ss3=0 g=40 mo=17 af=0 d=1498 @(-31000,29500,r1509)]
F16199 live=1 act=1 PL(-31000,31000,rot=1024,hp=-7200) [0 t=47 st=4 ss1=0 ss2=2 ss3=0 g=40 mo=17 af=0 d=1498 @(-31000,29500,r1509)]
F16200 live=1 act=1 PL(-31000,31000,rot=1024,hp=-7200) [0 t=47 st=4 ss1=0 ss2=2 ss3=0 g=40 mo=17 af=0 d=1498 @(-31000,29500,r1509)]
F16201 live=1 act=1 PL(-31000,31000,rot=1024,hp=-7200) [0 t=47 st=4 ss1=0 ss2=2 ss3=0 g=40 mo=17 af=0 d=1498 @(-31000,29500,r1509)]
F16202 live=1 act=1 PL(-31000,31000,rot=1024,hp=-7200) [0 t=47 st=4 ss1=0 ss2=2 ss3=0 g=40 mo=17 af=0 d=1498 @(-31000,29500,r1509)]
F16203 live=1 act=1 PL(-31000,31000,rot=1024,hp=-7200) [0 t=47 st=4 ss1=0 ss2=2 ss3=0 g=40 mo=17 af=0 d=1498 @(-31000,29500,r1509)]
F16204 live=1 act=1 PL(-31000,31000,rot=1024,hp=-7200) [0 t=47 st=4 ss1=0 ss2=2 ss3=0 g=40 mo=17 af=0 d=1498 @(-31000,29500,r1509)]
F16205 live=1 act=1 PL(-31000,31000,rot=1024,hp=-7200) [0 t=47 st=4 ss1=0 ss2=2 ss3=0 g=40 mo=17 af=0 d=1498 @(-31000,29500,r1509)]
F16206 live=1 act=1 PL(-31000,31000,rot=1024,hp=-7200) [0 t=47 st=4 ss1=0 ss2=2 ss3=0 g=40 mo=17 af=0 d=1498 @(-31000,29500,r1509)]
F16207 live=1 act=1 PL(-31000,31000,rot=1024,hp=-7200) [0 t=47 st=4 ss1=0 ss2=2 ss3=0 g=40 mo=17 af=0 d=1498 @(-31000,29500,r1509)]
F16208 live=1 act=1 PL(-31000,31000,rot=1024,hp=-7200) [0 t=47 st=4 ss1=0 ss2=2 ss3=0 g=40 mo=17 af=0 d=1498 @(-31000,29500,r1509)]
F16209 live=1 act=1 PL(-31000,31000,rot=1024,hp=-7200) [0 t=47 st=4 ss1=0 ss2=2 ss3=0 g=40 mo=17 af=0 d=1498 @(-31000,29500,r1509)]
F16210 live=1 act=1 PL(-31000,31000,rot=1024,hp=-7200) [0 t=47 st=4 ss1=0 ss2=2 ss3=0 g=40 mo=17 af=0 d=1498 @(-31000,29500,r1509)]
F16211 live=1 act=1 PL(-31000,31000,rot=1024,hp=-7200) [0 t=47 st=4 ss1=0 ss2=2 ss3=0 g=40 mo=17 af=0 d=1498 @(-31000,29500,r1509)]
F16212 live=1 act=1 PL(-31000,31000,rot=1024,hp=-7200) [0 t=47 st=4 ss1=0 ss2=2 ss3=0 g=40 mo=17 af=0 d=1498 @(-31000,29500,r1509)]
F16213 live=1 act=1 PL(-31000,31000,rot=1024,hp=-7200) [0 t=47 st=4 ss1=0 ss2=2 ss3=0 g=40 mo=17 af=0 d=1498 @(-31000,29500,r1509)]
F16214 live=1 act=1 PL(-31000,31000,rot=1024,hp=-7200) [0 t=47 st=4 ss1=0 ss2=2 ss3=0 g=40 mo=17 af=0 d=1498 @(-31000,29500,r1509)]
F16215 live=1 act=1 PL(-31000,31000,rot=1024,hp=-7200) [0 t=47 st=4 ss1=0 ss2=2 ss3=0 g=40 mo=17 af=0 d=1498 @(-31000,29500,r1509)]
F16216 live=1 act=1 PL(-31000,31000,rot=1024,hp=-7200) [0 t=47 st=4 ss1=0 ss2=2 ss3=0 g=40 mo=17 af=0 d=1498 @(-31000,29500,r1509)]
F16217 live=1 act=1 PL(-31000,31000,rot=1024,hp=-7200) [0 t=47 st=4 ss1=0 ss2=2 ss3=0 g=40 mo=17 af=0 d=1498 @(-31000,29500,r1509)]
F16218 live=1 act=1 PL(-31000,31000,rot=1024,hp=-7200) [0 t=47 st=4 ss1=0 ss2=2 ss3=0 g=40 mo=17 af=0 d=1498 @(-31000,29500,r1509)]
F16219 live=1 act=1 PL(-31000,31000,rot=1024,hp=-7200) [0 t=47 st=4 ss1=0 ss2=2 ss3=0 g=40 mo=17 af=0 d=1498 @(-31000,29500,r1509)]
F16220 live=1 act=1 PL(-31000,31000,rot=1024,hp=-7200) [0 t=47 st=4 ss1=0 ss2=2 ss3=0 g=40 mo=17 af=0 d=1498 @(-31000,29500,r1509)]
F16221 live=1 act=1 PL(-31000,31000,rot=1024,hp=-7200) [0 t=47 st=4 ss1=0 ss2=2 ss3=0 g=40 mo=17 af=0 d=1498 @(-31000,29500,r1509)]
F16222 live=1 act=1 PL(-31000,31000,rot=1024,hp=-7200) [0 t=47 st=4 ss1=0 ss2=2 ss3=0 g=40 mo=17 af=0 d=1498 @(-31000,29500,r1509)]
F16223 live=1 act=1 PL(-31000,31000,rot=1024,hp=-7200) [0 t=47 st=4 ss1=0 ss2=2 ss3=0 g=40 mo=17 af=0 d=1498 @(-31000,29500,r1509)]
F16224 live=1 act=1 PL(-31000,31000,rot=1024,hp=-7200) [0 t=47 st=4 ss1=0 ss2=2 ss3=0 g=40 mo=17 af=0 d=1498 @(-31000,29500,r1509)]
F16225 live=1 act=1 PL(-31000,31000,rot=1024,hp=-7200) [0 t=47 st=4 ss1=0 ss2=2 ss3=0 g=40 mo=17 af=0 d=1498 @(-31000,29500,r1509)]
F16226 live=1 act=1 PL(-31000,31000,rot=1024,hp=-7200) [0 t=47 st=4 ss1=0 ss2=2 ss3=0 g=40 mo=17 af=0 d=1498 @(-31000,29500,r1509)]
F16227 live=1 act=1 PL(-31000,31000,rot=1024,hp=-7200) [0 t=47 st=4 ss1=0 ss2=2 ss3=0 g=40 mo=17 af=0 d=1498 @(-31000,29500,r1509)]
F16228 live=1 act=1 PL(-31000,31000,rot=1024,hp=-7200) [0 t=47 st=4 ss1=0 ss2=2 ss3=0 g=40 mo=17 af=0 d=1498 @(-31000,29500,r1509)]
F16229 live=1 act=1 PL(-31000,31000,rot=1024,hp=-7200) [0 t=47 st=4 ss1=0 ss2=2 ss3=0 g=40 mo=17 af=0 d=1498 @(-31000,29500,r1509)]
F16230 live=1 act=1 PL(-31000,31000,rot=1024,hp=-7200) [0 t=47 st=4 ss1=0 ss2=2 ss3=0 g=40 mo=17 af=0 d=1498 @(-31000,29500,r1509)]
F16231 live=1 act=1 PL(-31000,31000,rot=1024,hp=-7200) [0 t=47 st=4 ss1=0 ss2=2 ss3=0 g=40 mo=17 af=0 d=1498 @(-31000,29500,r1509)]
F16232 live=1 act=1 PL(-31000,31000,rot=1024,hp=-7200) [0 t=47 st=4 ss1=0 ss2=2 ss3=0 g=40 mo=17 af=0 d=1498 @(-31000,29500,r1509)]
F16233 live=1 act=1 PL(-31000,31000,rot=1024,hp=-7200) [0 t=47 st=4 ss1=0 ss2=2 ss3=0 g=40 mo=17 af=0 d=1498 @(-31000,29500,r1509)]
F16234 live=1 act=1 PL(-31000,31000,rot=1024,hp=-7200) [0 t=47 st=4 ss1=0 ss2=2 ss3=0 g=40 mo=17 af=0 d=1498 @(-31000,29500,r1509)]
F16235 live=1 act=1 PL(-31000,31000,rot=1024,hp=-7200) [0 t=47 st=4 ss1=0 ss2=2 ss3=0 g=40 mo=17 af=0 d=1498 @(-31000,29500,r1509)]
F16236 live=1 act=1 PL(-31000,31000,rot=1024,hp=-7200) [0 t=47 st=4 ss1=0 ss2=2 ss3=0 g=40 mo=17 af=0 d=1498 @(-31000,29500,r1509)]
F16237 live=1 act=1 PL(-31000,31000,rot=1024,hp=-7200) [0 t=47 st=4 ss1=0 ss2=2 ss3=0 g=40 mo=17 af=0 d=1498 @(-31000,29500,r1509)]
F16238 live=1 act=1 PL(-31000,31000,rot=1024,hp=-7200) [0 t=47 st=4 ss1=0 ss2=2 ss3=0 g=40 mo=17 af=0 d=1498 @(-31000,29500,r1509)]
F16239 live=1 act=1 PL(-31000,31000,rot=1024,hp=-7200) [0 t=47 st=4 ss1=0 ss2=2 ss3=0 g=40 mo=17 af=0 d=1498 @(-31000,29500,r1509)]
F16240 live=1 act=1 PL(-31000,31000,rot=1024,hp=-7200) [0 t=47 st=4 ss1=0 ss2=2 ss3=0 g=40 mo=17 af=0 d=1498 @(-31000,29500,r1509)]
F16241 live=1 act=1 PL(-31000,31000,rot=1024,hp=-7200) [0 t=47 st=4 ss1=0 ss2=2 ss3=0 g=40 mo=17 af=0 d=1498 @(-31000,29500,r1509)]
F16242 live=1 act=1 PL(-31000,31000,rot=1024,hp=-7200) [0 t=47 st=4 ss1=0 ss2=2 ss3=0 g=40 mo=17 af=0 d=1498 @(-31000,29500,r1509)]
F16243 live=1 act=1 PL(-31000,31000,rot=1024,hp=-7200) [0 t=47 st=4 ss1=0 ss2=2 ss3=0 g=40 mo=17 af=0 d=1498 @(-31000,29500,r1509)]
F16244 live=1 act=1 PL(-31000,31000,rot=1024,hp=-7200) [0 t=47 st=4 ss1=0 ss2=2 ss3=0 g=40 mo=17 af=0 d=1498 @(-31000,29500,r1509)]
F16245 live=1 act=1 PL(-31000,31000,rot=1024,hp=-7200) [0 t=47 st=4 ss1=0 ss2=2 ss3=0 g=40 mo=17 af=0 d=1498 @(-31000,29500,r1509)]
F16246 live=1 act=1 PL(-31000,31000,rot=1024,hp=-7200) [0 t=47 st=4 ss1=0 ss2=2 ss3=0 g=40 mo=17 af=0 d=1498 @(-31000,29500,r1509)]
F16247 live=1 act=1 PL(-31000,31000,rot=1024,hp=-7200) [0 t=47 st=4 ss1=0 ss2=2 ss3=0 g=40 mo=17 af=0 d=1498 @(-31000,29500,r1509)]
F16248 live=1 act=1 PL(-31000,31000,rot=1024,hp=-7200) [0 t=47 st=4 ss1=0 ss2=2 ss3=0 g=40 mo=17 af=0 d=1498 @(-31000,29500,r1509)]
F16249 live=1 act=1 PL(-31000,31000,rot=1024,hp=-7200) [0 t=47 st=4 ss1=0 ss2=2 ss3=0 g=40 mo=17 af=0 d=1498 @(-31000,29500,r1509)]
F16250 live=1 act=1 PL(-31000,31000,rot=1024,hp=-7200) [0 t=47 st=4 ss1=0 ss2=2 ss3=0 g=40 mo=17 af=0 d=1498 @(-31000,29500,r1509)]
F16251 live=1 act=1 PL(-31000,31000,rot=1024,hp=-7200) [0 t=47 st=4 ss1=0 ss2=2 ss3=0 g=40 mo=17 af=0 d=1498 @(-31000,29500,r1509)]
F16252 live=1 act=1 PL(-31000,31000,rot=1024,hp=-7200) [0 t=47 st=4 ss1=0 ss2=2 ss3=0 g=40 mo=17 af=0 d=1498 @(-31000,29500,r1509)]
F16253 live=1 act=1 PL(-31000,31000,rot=1024,hp=-7200) [0 t=47 st=4 ss1=0 ss2=2 ss3=0 g=40 mo=17 af=0 d=1498 @(-31000,29500,r1509)]
F16254 live=1 act=1 PL(-31000,31000,rot=1024,hp=-7200) [0 t=47 st=4 ss1=0 ss2=2 ss3=0 g=40 mo=17 af=0 d=1498 @(-31000,29500,r1509)]
F16255 live=1 act=1 PL(-31000,31000,rot=1024,hp=-7200) [0 t=47 st=4 ss1=0 ss2=2 ss3=0 g=40 mo=17 af=0 d=1498 @(-31000,29500,r1509)]
F16256 live=1 act=1 PL(-31000,31000,rot=1024,hp=-7200) [0 t=47 st=4 ss1=0 ss2=2 ss3=0 g=40 mo=17 af=0 d=1498 @(-31000,29500,r1509)]
F16257 live=1 act=1 PL(-31000,31000,rot=1024,hp=-7200) [0 t=47 st=4 ss1=0 ss2=2 ss3=0 g=40 mo=17 af=0 d=1498 @(-31000,29500,r1509)]
F16258 live=1 act=1 PL(-31000,31000,rot=1024,hp=-7200) [0 t=47 st=4 ss1=0 ss2=2 ss3=0 g=40 mo=17 af=0 d=1498 @(-31000,29500,r1509)]
F16259 live=1 act=1 PL(-31000,31000,rot=1024,hp=-7200) [0 t=47 st=4 ss1=0 ss2=2 ss3=0 g=40 mo=17 af=0 d=1498 @(-31000,29500,r1509)]
F16260 live=1 act=1 PL(-31000,31000,rot=1024,hp=-7200) [0 t=47 st=4 ss1=0 ss2=2 ss3=0 g=40 mo=17 af=0 d=1498 @(-31000,29500,r1509)]
F16261 live=1 act=1 PL(-31000,31000,rot=1024,hp=-7200) [0 t=47 st=4 ss1=0 ss2=2 ss3=0 g=40 mo=17 af=0 d=1498 @(-31000,29500,r1509)]
F16262 live=1 act=1 PL(-31000,31000,rot=1024,hp=-7200) [0 t=47 st=4 ss1=0 ss2=2 ss3=0 g=40 mo=17 af=0 d=1498 @(-31000,29500,r1509)]
F16263 live=1 act=1 PL(-31000,31000,rot=1024,hp=-7200) [0 t=47 st=4 ss1=0 ss2=2 ss3=0 g=40 mo=17 af=0 d=1498 @(-31000,29500,r1509)]
F16264 live=1 act=1 PL(-31000,31000,rot=1024,hp=-7200) [0 t=47 st=4 ss1=0 ss2=2 ss3=0 g=40 mo=17 af=0 d=1498 @(-31000,29500,r1509)]
F16265 live=1 act=1 PL(-31000,31000,rot=1024,hp=-7200) [0 t=47 st=4 ss1=0 ss2=2 ss3=0 g=40 mo=17 af=0 d=1498 @(-31000,29500,r1509)]
F16266 live=1 act=1 PL(-31000,31000,rot=1024,hp=-7200) [0 t=47 st=4 ss1=0 ss2=2 ss3=0 g=40 mo=17 af=0 d=1498 @(-31000,29500,r1509)]
F16267 live=1 act=1 PL(-31000,31000,rot=1024,hp=-7200) [0 t=47 st=4 ss1=0 ss2=2 ss3=0 g=40 mo=17 af=0 d=1498 @(-31000,29500,r1509)]
F16268 live=1 act=1 PL(-31000,31000,rot=1024,hp=-7200) [0 t=47 st=4 ss1=0 ss2=2 ss3=0 g=40 mo=17 af=0 d=1498 @(-31000,29500,r1509)]
F16269 live=1 act=1 PL(-31000,31000,rot=1024,hp=-7200) [0 t=47 st=4 ss1=0 ss2=2 ss3=0 g=40 mo=17 af=0 d=1498 @(-31000,29500,r1509)]
F16270 live=1 act=1 PL(-31000,31000,rot=1024,hp=-7200) [0 t=47 st=4 ss1=0 ss2=2 ss3=0 g=40 mo=17 af=0 d=1498 @(-31000,29500,r1509)]
F16271 live=1 act=1 PL(-31000,31000,rot=1024,hp=-7200) [0 t=47 st=4 ss1=0 ss2=2 ss3=0 g=40 mo=17 af=0 d=1498 @(-31000,29500,r1509)]
F16272 live=1 act=1 PL(-31000,31000,rot=1024,hp=-7200) [0 t=47 st=4 ss1=0 ss2=2 ss3=0 g=40 mo=17 af=0 d=1498 @(-31000,29500,r1509)]
F16273 live=1 act=1 PL(-31000,31000,rot=1024,hp=-7200) [0 t=47 st=4 ss1=0 ss2=2 ss3=0 g=40 mo=17 af=0 d=1498 @(-31000,29500,r1509)]
F16274 live=1 act=1 PL(-31000,31000,rot=1024,hp=-7200) [0 t=47 st=4 ss1=0 ss2=2 ss3=0 g=40 mo=17 af=0 d=1498 @(-31000,29500,r1509)]
F16275 live=1 act=1 PL(-31000,31000,rot=1024,hp=-7200) [0 t=47 st=4 ss1=0 ss2=2 ss3=0 g=40 mo=17 af=0 d=1498 @(-31000,29500,r1509)]
F16276 live=1 act=1 PL(-31000,31000,rot=1024,hp=-7200) [0 t=47 st=4 ss1=0 ss2=2 ss3=0 g=40 mo=17 af=0 d=1498 @(-31000,29500,r1509)]
F16277 live=1 act=1 PL(-31000,31000,rot=1024,hp=-7200) [0 t=47 st=4 ss1=0 ss2=2 ss3=0 g=40 mo=17 af=0 d=1498 @(-31000,29500,r1509)]
F16278 live=1 act=1 PL(-31000,31000,rot=1024,hp=-7200) [0 t=47 st=4 ss1=0 ss2=2 ss3=0 g=40 mo=17 af=0 d=1498 @(-31000,29500,r1509)]
F16279 live=1 act=1 PL(-31000,31000,rot=1024,hp=-7200) [0 t=47 st=4 ss1=0 ss2=2 ss3=0 g=40 mo=17 af=0 d=1498 @(-31000,29500,r1509)]
F16280 live=1 act=1 PL(-31000,31000,rot=1024,hp=-7200) [0 t=47 st=4 ss1=0 ss2=2 ss3=0 g=40 mo=17 af=0 d=1498 @(-31000,29500,r1509)]
F16281 live=1 act=1 PL(-31000,31000,rot=1024,hp=-7200) [0 t=47 st=4 ss1=0 ss2=2 ss3=0 g=40 mo=17 af=0 d=1498 @(-31000,29500,r1509)]
F16282 live=1 act=1 PL(-31000,31000,rot=1024,hp=-7200) [0 t=47 st=4 ss1=0 ss2=2 ss3=0 g=40 mo=17 af=0 d=1498 @(-31000,29500,r1509)]
F16283 live=1 act=1 PL(-31000,31000,rot=1024,hp=-7200) [0 t=47 st=4 ss1=0 ss2=2 ss3=0 g=40 mo=17 af=0 d=1498 @(-31000,29500,r1509)]
F16284 live=1 act=1 PL(-31000,31000,rot=1024,hp=-7200) [0 t=47 st=4 ss1=0 ss2=2 ss3=0 g=40 mo=17 af=0 d=1498 @(-31000,29500,r1509)]
F16285 live=1 act=1 PL(-31000,31000,rot=1024,hp=-7200) [0 t=47 st=4 ss1=0 ss2=2 ss3=0 g=40 mo=17 af=0 d=1498 @(-31000,29500,r1509)]
F16286 live=1 act=1 PL(-31000,31000,rot=1024,hp=-7200) [0 t=47 st=4 ss1=0 ss2=2 ss3=0 g=40 mo=17 af=0 d=1498 @(-31000,29500,r1509)]
F16287 live=1 act=1 PL(-31000,31000,rot=1024,hp=-7200) [0 t=47 st=4 ss1=0 ss2=2 ss3=0 g=40 mo=17 af=0 d=1498 @(-31000,29500,r1509)]
F16288 live=1 act=1 PL(-31000,31000,rot=1024,hp=-7200) [0 t=47 st=4 ss1=0 ss2=2 ss3=0 g=40 mo=17 af=0 d=1498 @(-31000,29500,r1509)]
F16289 live=1 act=1 PL(-31000,31000,rot=1024,hp=-7200) [0 t=47 st=4 ss1=0 ss2=2 ss3=0 g=40 mo=17 af=0 d=1498 @(-31000,29500,r1509)]
F16290 live=1 act=1 PL(-31000,31000,rot=1024,hp=-7200) [0 t=47 st=4 ss1=0 ss2=2 ss3=0 g=40 mo=17 af=0 d=1498 @(-31000,29500,r1509)]
F16291 live=1 act=1 PL(-31000,31000,rot=1024,hp=-7200) [0 t=47 st=4 ss1=0 ss2=2 ss3=0 g=40 mo=17 af=0 d=1498 @(-31000,29500,r1509)]
F16292 live=1 act=1 PL(-31000,31000,rot=1024,hp=-7200) [0 t=47 st=4 ss1=0 ss2=2 ss3=0 g=40 mo=17 af=0 d=1498 @(-31000,29500,r1509)]
F16293 live=1 act=1 PL(-31000,31000,rot=1024,hp=-7200) [0 t=47 st=4 ss1=0 ss2=2 ss3=0 g=40 mo=17 af=0 d=1498 @(-31000,29500,r1509)]
F16294 live=1 act=1 PL(-31000,31000,rot=1024,hp=-7200) [0 t=47 st=4 ss1=0 ss2=2 ss3=0 g=40 mo=17 af=0 d=1498 @(-31000,29500,r1509)]
F16295 live=1 act=1 PL(-31000,31000,rot=1024,hp=-7200) [0 t=47 st=4 ss1=0 ss2=2 ss3=0 g=40 mo=17 af=0 d=1498 @(-31000,29500,r1509)]
F16296 live=1 act=1 PL(-31000,31000,rot=1024,hp=-7200) [0 t=47 st=4 ss1=0 ss2=2 ss3=0 g=40 mo=17 af=0 d=1498 @(-31000,29500,r1509)]
F16297 live=1 act=1 PL(-31000,31000,rot=1024,hp=-7200) [0 t=47 st=4 ss1=0 ss2=2 ss3=0 g=40 mo=17 af=0 d=1498 @(-31000,29500,r1509)]
F16298 live=1 act=1 PL(-31000,31000,rot=1024,hp=-7200) [0 t=47 st=4 ss1=0 ss2=2 ss3=0 g=40 mo=17 af=0 d=1498 @(-31000,29500,r1509)]
F16299 live=1 act=1 PL(-31000,31000,rot=1024,hp=-7200) [0 t=47 st=4 ss1=0 ss2=2 ss3=0 g=40 mo=17 af=0 d=1498 @(-31000,29500,r1509)]
F16300 live=1 act=1 PL(-31000,31000,rot=1024,hp=-7200) [0 t=47 st=4 ss1=0 ss2=2 ss3=0 g=40 mo=17 af=0 d=1498 @(-31000,29500,r1509)]
F16301 live=1 act=1 PL(-31000,31000,rot=1024,hp=-7200) [0 t=47 st=4 ss1=0 ss2=2 ss3=0 g=40 mo=17 af=0 d=1498 @(-31000,29500,r1509)]
F16302 live=1 act=1 PL(-31000,31000,rot=1024,hp=-7200) [0 t=47 st=4 ss1=0 ss2=2 ss3=0 g=40 mo=17 af=0 d=1498 @(-31000,29500,r1509)]
F16303 live=1 act=1 PL(-31000,31000,rot=1024,hp=-7200) [0 t=47 st=4 ss1=0 ss2=2 ss3=0 g=40 mo=17 af=0 d=1498 @(-31000,29500,r1509)]
F16304 live=1 act=1 PL(2664,-7336,rot=1024,hp=-7200) [0 t=47 st=4 ss1=0 ss2=2 ss3=0 g=40 mo=17 af=0 d=42760 @(-31000,29500,r1509)]
F16305 live=1 act=1 PL(2664,-7336,rot=1024,hp=-7200) [0 t=47 st=4 ss1=0 ss2=2 ss3=0 g=40 mo=17 af=0 d=42760 @(-31000,29500,r1509)]
F16306 live=1 act=1 PL(2664,-7336,rot=1024,hp=-7200) [0 t=47 st=4 ss1=0 ss2=2 ss3=0 g=40 mo=17 af=0 d=42760 @(-31000,29500,r1509)]
F16307 live=1 act=1 PL(2664,-7336,rot=1024,hp=-7200) [0 t=47 st=4 ss1=0 ss2=2 ss3=0 g=40 mo=17 af=0 d=42760 @(-31000,29500,r1509)]
F16308 live=1 act=1 PL(2664,-7336,rot=1024,hp=-7200) [0 t=47 st=4 ss1=0 ss2=2 ss3=0 g=40 mo=17 af=0 d=42760 @(-31000,29500,r1509)]
F16309 live=1 act=1 PL(2664,-7336,rot=1024,hp=-7200) [0 t=47 st=4 ss1=0 ss2=2 ss3=0 g=40 mo=17 af=0 d=42760 @(-31000,29500,r1509)]
F16310 live=1 act=1 PL(2664,-7336,rot=1024,hp=-7200) [0 t=47 st=4 ss1=0 ss2=2 ss3=0 g=40 mo=17 af=0 d=42760 @(-31000,29500,r1509)]
F16311 live=1 act=1 PL(2664,-7336,rot=1024,hp=-7200) [0 t=47 st=4 ss1=0 ss2=2 ss3=0 g=40 mo=17 af=0 d=42760 @(-31000,29500,r1509)]
F16312 live=1 act=1 PL(2664,-7336,rot=1024,hp=-7200) [0 t=47 st=4 ss1=0 ss2=2 ss3=0 g=40 mo=17 af=0 d=42760 @(-31000,29500,r1509)]
F16313 live=1 act=1 PL(2664,-7336,rot=1024,hp=-7200) [0 t=47 st=4 ss1=0 ss2=2 ss3=0 g=40 mo=17 af=0 d=42760 @(-31000,29500,r1509)]
F16314 live=1 act=1 PL(2664,-7336,rot=1024,hp=-7200) [0 t=47 st=4 ss1=0 ss2=2 ss3=0 g=40 mo=17 af=0 d=42760 @(-31000,29500,r1509)]
F16315 live=1 act=1 PL(2664,-7336,rot=1024,hp=-7200) [0 t=47 st=4 ss1=0 ss2=2 ss3=0 g=40 mo=17 af=0 d=42760 @(-31000,29500,r1509)]
F16316 live=1 act=1 PL(2664,-7336,rot=1024,hp=-7200) [0 t=47 st=4 ss1=0 ss2=2 ss3=0 g=40 mo=17 af=0 d=42760 @(-31000,29500,r1509)]
F16317 live=1 act=1 PL(2664,-7336,rot=1024,hp=-7200) [0 t=47 st=4 ss1=0 ss2=2 ss3=0 g=40 mo=17 af=0 d=42760 @(-31000,29500,r1509)]
F16318 live=1 act=1 PL(2664,-7336,rot=1024,hp=-7200) [0 t=47 st=4 ss1=0 ss2=2 ss3=0 g=40 mo=17 af=0 d=42760 @(-31000,29500,r1509)]
F16319 live=1 act=1 PL(2664,-7336,rot=1024,hp=-7200) [0 t=47 st=4 ss1=0 ss2=2 ss3=0 g=40 mo=17 af=0 d=42760 @(-31000,29500,r1509)]
F16320 live=1 act=1 PL(2664,-7336,rot=1024,hp=-7200) [0 t=47 st=4 ss1=0 ss2=2 ss3=0 g=40 mo=17 af=0 d=42760 @(-31000,29500,r1509)]
F16321 live=1 act=1 PL(2664,-7336,rot=1024,hp=-7200) [0 t=47 st=4 ss1=0 ss2=2 ss3=0 g=40 mo=17 af=0 d=42760 @(-31000,29500,r1509)]
F16322 live=1 act=1 PL(2664,-7336,rot=1024,hp=-7200) [0 t=47 st=4 ss1=0 ss2=2 ss3=0 g=40 mo=17 af=0 d=42760 @(-31000,29500,r1509)]
F16323 live=1 act=1 PL(2664,-7336,rot=1024,hp=-7200) [0 t=47 st=4 ss1=0 ss2=2 ss3=0 g=40 mo=17 af=0 d=42760 @(-31000,29500,r1509)]
F16324 live=1 act=1 PL(2664,-7336,rot=1024,hp=-7200) [0 t=47 st=4 ss1=0 ss2=2 ss3=0 g=40 mo=17 af=0 d=42760 @(-31000,29500,r1509)]
F16325 live=1 act=1 PL(2664,-7336,rot=1024,hp=-7200) [0 t=47 st=4 ss1=0 ss2=2 ss3=0 g=40 mo=17 af=0 d=42760 @(-31000,29500,r1509)]
F16326 live=1 act=1 PL(2664,-7336,rot=1024,hp=-7200) [0 t=47 st=4 ss1=0 ss2=2 ss3=0 g=40 mo=17 af=0 d=42760 @(-31000,29500,r1509)]
F16327 live=1 act=1 PL(2664,-7336,rot=1024,hp=-7200) [0 t=47 st=4 ss1=0 ss2=2 ss3=0 g=40 mo=17 af=0 d=42760 @(-31000,29500,r1509)]
F16328 live=1 act=1 PL(2664,-7336,rot=1024,hp=-7200) [0 t=47 st=4 ss1=0 ss2=2 ss3=0 g=40 mo=17 af=0 d=42760 @(-31000,29500,r1509)]
F16329 live=1 act=1 PL(2664,-7336,rot=1024,hp=-7200) [0 t=47 st=4 ss1=0 ss2=2 ss3=0 g=40 mo=17 af=0 d=42760 @(-31000,29500,r1509)]
F16330 live=1 act=1 PL(2664,-7336,rot=1024,hp=-7200) [0 t=47 st=4 ss1=0 ss2=2 ss3=0 g=40 mo=17 af=0 d=42760 @(-31000,29500,r1509)]
F16331 live=1 act=1 PL(2664,-7336,rot=1024,hp=-7200) [0 t=47 st=4 ss1=0 ss2=2 ss3=0 g=40 mo=17 af=0 d=42760 @(-31000,29500,r1509)]
F16332 live=1 act=1 PL(2664,-7336,rot=1024,hp=-7200) [0 t=47 st=4 ss1=0 ss2=2 ss3=0 g=40 mo=17 af=0 d=42760 @(-31000,29500,r1509)]
F16333 live=1 act=1 PL(2664,-7336,rot=1024,hp=-7200) [0 t=47 st=4 ss1=0 ss2=2 ss3=0 g=40 mo=17 af=0 d=42760 @(-31000,29500,r1509)]
F16334 live=1 act=1 PL(2664,-7336,rot=1024,hp=-7200) [0 t=47 st=4 ss1=0 ss2=2 ss3=0 g=40 mo=17 af=0 d=42760 @(-31000,29500,r1509)]
F16335 live=1 act=1 PL(2664,-7336,rot=1024,hp=-7200) [0 t=47 st=4 ss1=0 ss2=2 ss3=0 g=40 mo=17 af=0 d=42760 @(-31000,29500,r1509)]
F16336 live=1 act=1 PL(2664,-7336,rot=1024,hp=-7200) [0 t=47 st=4 ss1=0 ss2=2 ss3=0 g=40 mo=17 af=0 d=42760 @(-31000,29500,r1509)]
F16337 live=1 act=1 PL(2664,-7336,rot=1024,hp=-7200) [0 t=47 st=4 ss1=0 ss2=2 ss3=0 g=40 mo=17 af=0 d=42760 @(-31000,29500,r1509)]
F16338 live=1 act=1 PL(2664,-7336,rot=1024,hp=-7200) [0 t=47 st=4 ss1=0 ss2=2 ss3=0 g=40 mo=17 af=0 d=42760 @(-31000,29500,r1509)]
F16339 live=1 act=1 PL(2664,-7336,rot=1024,hp=-7200) [0 t=47 st=4 ss1=0 ss2=2 ss3=0 g=40 mo=17 af=0 d=42760 @(-31000,29500,r1509)]
F16340 live=1 act=1 PL(2664,-7336,rot=1024,hp=-7200) [0 t=47 st=4 ss1=0 ss2=2 ss3=0 g=40 mo=17 af=0 d=42760 @(-31000,29500,r1509)]
F16341 live=1 act=1 PL(2664,-7336,rot=1024,hp=-7200) [0 t=47 st=4 ss1=0 ss2=2 ss3=0 g=40 mo=17 af=0 d=42760 @(-31000,29500,r1509)]
F16342 live=1 act=1 PL(2664,-7336,rot=1024,hp=-7200) [0 t=47 st=4 ss1=0 ss2=2 ss3=0 g=40 mo=17 af=0 d=42760 @(-31000,29500,r1509)]
F16343 live=1 act=1 PL(2664,-7336,rot=1024,hp=-7200) [0 t=47 st=4 ss1=0 ss2=2 ss3=0 g=40 mo=17 af=0 d=42760 @(-31000,29500,r1509)]
F16344 live=1 act=1 PL(2664,-7336,rot=1024,hp=-7200) [0 t=47 st=4 ss1=0 ss2=2 ss3=0 g=40 mo=17 af=0 d=42760 @(-31000,29500,r1509)]
F16345 live=1 act=1 PL(2664,-7336,rot=1024,hp=-7200) [0 t=47 st=4 ss1=0 ss2=2 ss3=0 g=40 mo=17 af=0 d=42760 @(-31000,29500,r1509)]
F16346 live=1 act=1 PL(2664,-7336,rot=1024,hp=-7200) [0 t=47 st=4 ss1=0 ss2=2 ss3=0 g=40 mo=17 af=0 d=42760 @(-31000,29500,r1509)]
F16347 live=1 act=1 PL(2664,-7336,rot=1024,hp=-7200) [0 t=47 st=4 ss1=0 ss2=2 ss3=0 g=40 mo=17 af=0 d=42760 @(-31000,29500,r1509)]
F16348 live=1 act=1 PL(2664,-7336,rot=1024,hp=-7200) [0 t=47 st=4 ss1=0 ss2=2 ss3=0 g=40 mo=17 af=0 d=42760 @(-31000,29500,r1509)]
F16349 live=1 act=1 PL(2664,-7336,rot=1024,hp=-7200) [0 t=47 st=4 ss1=0 ss2=2 ss3=0 g=40 mo=17 af=0 d=42760 @(-31000,29500,r1509)]
F16350 live=1 act=1 PL(2664,-7336,rot=1024,hp=-7200) [0 t=47 st=4 ss1=0 ss2=2 ss3=0 g=40 mo=17 af=0 d=42760 @(-31000,29500,r1509)]
F16351 live=1 act=1 PL(2664,-7336,rot=1024,hp=-7200) [0 t=47 st=4 ss1=0 ss2=2 ss3=0 g=40 mo=17 af=0 d=42760 @(-31000,29500,r1509)]
F16352 live=1 act=1 PL(2664,-7336,rot=1024,hp=-7200) [0 t=47 st=4 ss1=0 ss2=2 ss3=0 g=40 mo=17 af=0 d=42760 @(-31000,29500,r1509)]
F16353 live=1 act=1 PL(2664,-7336,rot=1024,hp=-7200) [0 t=47 st=4 ss1=0 ss2=2 ss3=0 g=40 mo=17 af=0 d=42760 @(-31000,29500,r1509)]
F16354 live=1 act=1 PL(2664,-7336,rot=1024,hp=-7200) [0 t=47 st=4 ss1=0 ss2=2 ss3=0 g=40 mo=17 af=0 d=42760 @(-31000,29500,r1509)]
F16355 live=1 act=1 PL(2664,-7336,rot=1024,hp=-7200) [0 t=47 st=4 ss1=0 ss2=2 ss3=0 g=40 mo=17 af=0 d=42760 @(-31000,29500,r1509)]
F16356 live=1 act=1 PL(2664,-7336,rot=1024,hp=-7200) [0 t=47 st=4 ss1=0 ss2=2 ss3=0 g=40 mo=17 af=0 d=42760 @(-31000,29500,r1509)]
F16357 live=1 act=1 PL(2664,-7336,rot=1024,hp=-7200) [0 t=47 st=4 ss1=0 ss2=2 ss3=0 g=40 mo=17 af=0 d=42760 @(-31000,29500,r1509)]
F16358 live=1 act=1 PL(2664,-7336,rot=1024,hp=-7200) [0 t=47 st=4 ss1=0 ss2=2 ss3=0 g=40 mo=17 af=0 d=42760 @(-31000,29500,r1509)]
F16359 live=1 act=1 PL(2664,-7336,rot=1024,hp=-7200) [0 t=47 st=4 ss1=0 ss2=2 ss3=0 g=40 mo=17 af=0 d=42760 @(-31000,29500,r1509)]
F16360 live=1 act=1 PL(2664,-7336,rot=1024,hp=-7200) [0 t=47 st=4 ss1=0 ss2=2 ss3=0 g=40 mo=17 af=0 d=42760 @(-31000,29500,r1509)]
F16361 live=1 act=1 PL(2664,-7336,rot=1024,hp=-7200) [0 t=47 st=4 ss1=0 ss2=2 ss3=0 g=40 mo=17 af=0 d=42760 @(-31000,29500,r1509)]
F16362 live=1 act=1 PL(2664,-7336,rot=1024,hp=-7200) [0 t=47 st=4 ss1=0 ss2=2 ss3=0 g=40 mo=17 af=0 d=42760 @(-31000,29500,r1509)]
F16363 live=1 act=1 PL(2664,-7336,rot=1024,hp=-7200) [0 t=47 st=4 ss1=0 ss2=2 ss3=0 g=40 mo=17 af=0 d=42760 @(-31000,29500,r1509)]
F16364 live=1 act=1 PL(2664,-7336,rot=1024,hp=-7200) [0 t=47 st=4 ss1=0 ss2=2 ss3=0 g=40 mo=17 af=0 d=42760 @(-31000,29500,r1509)]
F16365 live=1 act=1 PL(2664,-7336,rot=1024,hp=-7200) [0 t=47 st=4 ss1=0 ss2=2 ss3=0 g=40 mo=17 af=0 d=42760 @(-31000,29500,r1509)]
F16366 live=1 act=1 PL(2664,-7336,rot=1024,hp=-7200) [0 t=47 st=4 ss1=0 ss2=2 ss3=0 g=40 mo=17 af=0 d=42760 @(-31000,29500,r1509)]
F16367 live=1 act=1 PL(2664,-7336,rot=1024,hp=-7200) [0 t=47 st=4 ss1=0 ss2=2 ss3=0 g=40 mo=17 af=0 d=42760 @(-31000,29500,r1509)]
F16368 live=1 act=1 PL(2664,-7336,rot=1024,hp=-7200) [0 t=47 st=4 ss1=0 ss2=2 ss3=0 g=40 mo=17 af=0 d=42760 @(-31000,29500,r1509)]
F16369 live=1 act=1 PL(2664,-7336,rot=1024,hp=-7200) [0 t=47 st=4 ss1=0 ss2=2 ss3=0 g=40 mo=17 af=0 d=42760 @(-31000,29500,r1509)]
F16370 live=1 act=1 PL(2664,-7336,rot=1024,hp=-7200) [0 t=47 st=4 ss1=0 ss2=2 ss3=0 g=40 mo=17 af=0 d=42760 @(-31000,29500,r1509)]
F16371 live=1 act=1 PL(2664,-7336,rot=1024,hp=-7200) [0 t=47 st=4 ss1=0 ss2=2 ss3=0 g=40 mo=17 af=0 d=42760 @(-31000,29500,r1509)]
F16372 live=1 act=1 PL(2664,-7336,rot=1024,hp=-7200) [0 t=47 st=4 ss1=0 ss2=2 ss3=0 g=40 mo=17 af=0 d=42760 @(-31000,29500,r1509)]
F16373 live=1 act=1 PL(2664,-7336,rot=1024,hp=-7200) [0 t=47 st=4 ss1=0 ss2=2 ss3=0 g=40 mo=17 af=0 d=42760 @(-31000,29500,r1509)]
F16374 live=1 act=1 PL(2664,-7336,rot=1024,hp=-7200) [0 t=47 st=4 ss1=0 ss2=2 ss3=0 g=40 mo=17 af=0 d=42760 @(-31000,29500,r1509)]
F16375 live=1 act=1 PL(2664,-7336,rot=1024,hp=-7200) [0 t=47 st=4 ss1=0 ss2=2 ss3=0 g=40 mo=17 af=0 d=42760 @(-31000,29500,r1509)]
F16376 live=1 act=1 PL(2664,-7336,rot=1024,hp=-7200) [0 t=47 st=4 ss1=0 ss2=2 ss3=0 g=40 mo=17 af=0 d=42760 @(-31000,29500,r1509)]
F16377 live=1 act=1 PL(2664,-7336,rot=1024,hp=-7200) [0 t=47 st=4 ss1=0 ss2=2 ss3=0 g=40 mo=17 af=0 d=42760 @(-31000,29500,r1509)]
F16378 live=1 act=1 PL(2664,-7336,rot=1024,hp=-7200) [0 t=47 st=4 ss1=0 ss2=2 ss3=0 g=40 mo=17 af=0 d=42760 @(-31000,29500,r1509)]
F16379 live=1 act=1 PL(2664,-7336,rot=1024,hp=-7200) [0 t=47 st=4 ss1=0 ss2=2 ss3=0 g=40 mo=17 af=0 d=42760 @(-31000,29500,r1509)]
F16380 live=1 act=1 PL(2664,-7336,rot=1024,hp=-7200) [0 t=47 st=4 ss1=0 ss2=2 ss3=0 g=40 mo=17 af=0 d=42760 @(-31000,29500,r1509)]
F16381 live=1 act=1 PL(2664,-7336,rot=1024,hp=-7200) [0 t=47 st=4 ss1=0 ss2=2 ss3=0 g=40 mo=17 af=0 d=42760 @(-31000,29500,r1509)]
F16382 live=1 act=1 PL(2664,-7336,rot=1024,hp=-7200) [0 t=47 st=4 ss1=0 ss2=2 ss3=0 g=40 mo=17 af=0 d=42760 @(-31000,29500,r1509)]
F16383 live=1 act=1 PL(2664,-7336,rot=1024,hp=-7200) [0 t=47 st=4 ss1=0 ss2=2 ss3=0 g=40 mo=17 af=0 d=42760 @(-31000,29500,r1509)]
F16384 live=1 act=1 PL(2664,-7336,rot=1024,hp=-7200) [0 t=47 st=4 ss1=0 ss2=2 ss3=0 g=40 mo=17 af=0 d=42760 @(-31000,29500,r1509)]
F16385 live=1 act=1 PL(2664,-7336,rot=1024,hp=-7200) [0 t=47 st=4 ss1=0 ss2=2 ss3=0 g=40 mo=17 af=0 d=42760 @(-31000,29500,r1509)]
F16386 live=1 act=1 PL(2664,-7336,rot=1024,hp=-7200) [0 t=47 st=4 ss1=0 ss2=2 ss3=0 g=40 mo=17 af=0 d=42760 @(-31000,29500,r1509)]
F16387 live=1 act=1 PL(2664,-7336,rot=1024,hp=-7200) [0 t=47 st=4 ss1=0 ss2=2 ss3=0 g=40 mo=17 af=0 d=42760 @(-31000,29500,r1509)]
F16388 live=1 act=1 PL(2664,-7336,rot=1024,hp=-7200) [0 t=47 st=4 ss1=0 ss2=2 ss3=0 g=40 mo=17 af=0 d=42760 @(-31000,29500,r1509)]
F16389 live=1 act=1 PL(2664,-7336,rot=1024,hp=-7200) [0 t=47 st=4 ss1=0 ss2=2 ss3=0 g=40 mo=17 af=0 d=42760 @(-31000,29500,r1509)]
F16390 live=1 act=1 PL(2664,-7336,rot=1024,hp=-7200) [0 t=47 st=4 ss1=0 ss2=2 ss3=0 g=40 mo=17 af=0 d=42760 @(-31000,29500,r1509)]
F16391 live=1 act=1 PL(2664,-7336,rot=1024,hp=-7200) [0 t=47 st=4 ss1=0 ss2=2 ss3=0 g=40 mo=17 af=0 d=42760 @(-31000,29500,r1509)]
F16392 live=1 act=1 PL(2664,-7336,rot=1024,hp=-7200) [0 t=47 st=4 ss1=0 ss2=2 ss3=0 g=40 mo=17 af=0 d=42760 @(-31000,29500,r1509)]
F16393 live=1 act=1 PL(2664,-7336,rot=1024,hp=-7200) [0 t=47 st=4 ss1=0 ss2=2 ss3=0 g=40 mo=17 af=0 d=42760 @(-31000,29500,r1509)]
F16394 live=1 act=1 PL(2664,-7336,rot=1024,hp=-7200) [0 t=47 st=4 ss1=0 ss2=2 ss3=0 g=40 mo=17 af=0 d=42760 @(-31000,29500,r1509)]
F16395 live=1 act=1 PL(2664,-7336,rot=1024,hp=-7200) [0 t=47 st=4 ss1=0 ss2=2 ss3=0 g=40 mo=17 af=0 d=42760 @(-31000,29500,r1509)]
F16396 live=1 act=1 PL(2664,-7336,rot=1024,hp=-7200) [0 t=47 st=4 ss1=0 ss2=2 ss3=0 g=40 mo=17 af=0 d=42760 @(-31000,29500,r1509)]
F16397 live=1 act=1 PL(2664,-7336,rot=1024,hp=-7200) [0 t=47 st=4 ss1=0 ss2=2 ss3=0 g=40 mo=17 af=0 d=42760 @(-31000,29500,r1509)]
F16398 live=1 act=1 PL(2664,-7336,rot=1024,hp=-7200) [0 t=47 st=4 ss1=0 ss2=2 ss3=0 g=40 mo=17 af=0 d=42760 @(-31000,29500,r1509)]
F16399 live=1 act=1 PL(2664,-7336,rot=1024,hp=-7200) [0 t=47 st=4 ss1=0 ss2=2 ss3=0 g=40 mo=17 af=0 d=42760 @(-31000,29500,r1509)]
F16400 live=1 act=1 PL(2664,-7336,rot=1024,hp=-7200) [0 t=47 st=4 ss1=0 ss2=2 ss3=0 g=40 mo=17 af=0 d=42760 @(-31000,29500,r1509)]
F16401 live=1 act=1 PL(2664,-7336,rot=1024,hp=-7200) [0 t=47 st=4 ss1=0 ss2=2 ss3=0 g=40 mo=17 af=0 d=42760 @(-31000,29500,r1509)]
F16402 live=1 act=1 PL(2664,-7336,rot=1024,hp=-7200) [0 t=47 st=4 ss1=0 ss2=2 ss3=0 g=40 mo=17 af=0 d=42760 @(-31000,29500,r1509)]
F16403 live=1 act=1 PL(2664,-7336,rot=1024,hp=-7200) [0 t=47 st=4 ss1=0 ss2=2 ss3=0 g=40 mo=17 af=0 d=42760 @(-31000,29500,r1509)]
F16404 live=1 act=1 PL(2664,-7336,rot=1024,hp=-7200) [0 t=47 st=4 ss1=0 ss2=2 ss3=0 g=40 mo=17 af=0 d=42760 @(-31000,29500,r1509)]
F16405 live=1 act=1 PL(2664,-7336,rot=1024,hp=-7200) [0 t=47 st=4 ss1=0 ss2=2 ss3=0 g=40 mo=17 af=0 d=42760 @(-31000,29500,r1509)]
F16406 live=1 act=1 PL(2664,-7336,rot=1024,hp=-7200) [0 t=47 st=4 ss1=0 ss2=2 ss3=0 g=40 mo=17 af=0 d=42760 @(-31000,29500,r1509)]
F16407 live=1 act=1 PL(2664,-7336,rot=1024,hp=-7200) [0 t=47 st=4 ss1=0 ss2=2 ss3=0 g=40 mo=17 af=0 d=42760 @(-31000,29500,r1509)]
F16408 live=1 act=1 PL(2664,-7336,rot=1024,hp=-7200) [0 t=47 st=4 ss1=0 ss2=2 ss3=0 g=40 mo=17 af=0 d=42760 @(-31000,29500,r1509)]
F16409 live=1 act=1 PL(2664,-7336,rot=1024,hp=-7200) [0 t=47 st=4 ss1=0 ss2=2 ss3=0 g=40 mo=17 af=0 d=42760 @(-31000,29500,r1509)]
F16410 live=1 act=1 PL(2664,-7336,rot=1024,hp=-7200) [0 t=47 st=4 ss1=0 ss2=2 ss3=0 g=40 mo=17 af=0 d=42760 @(-31000,29500,r1509)]
F16411 live=1 act=1 PL(2664,-7336,rot=1024,hp=-7200) [0 t=47 st=4 ss1=0 ss2=2 ss3=0 g=40 mo=17 af=0 d=42760 @(-31000,29500,r1509)]
F16412 live=1 act=1 PL(2664,-7336,rot=1024,hp=-7200) [0 t=47 st=4 ss1=0 ss2=2 ss3=0 g=40 mo=17 af=0 d=42760 @(-31000,29500,r1509)]
F16413 live=1 act=1 PL(2664,-7336,rot=1024,hp=-7200) [0 t=47 st=4 ss1=0 ss2=2 ss3=0 g=40 mo=17 af=0 d=42760 @(-31000,29500,r1509)]
F16414 live=1 act=1 PL(2664,-7336,rot=1024,hp=-7200) [0 t=47 st=4 ss1=0 ss2=2 ss3=0 g=40 mo=17 af=0 d=42760 @(-31000,29500,r1509)]
F16415 live=1 act=1 PL(2664,-7336,rot=1024,hp=-7200) [0 t=47 st=4 ss1=0 ss2=2 ss3=0 g=40 mo=17 af=0 d=42760 @(-31000,29500,r1509)]
F16416 live=1 act=1 PL(2664,-7336,rot=1024,hp=-7200) [0 t=47 st=4 ss1=0 ss2=2 ss3=0 g=40 mo=17 af=0 d=42760 @(-31000,29500,r1509)]
F16417 live=1 act=1 PL(2664,-7336,rot=1024,hp=-7200) [0 t=47 st=4 ss1=0 ss2=2 ss3=0 g=40 mo=17 af=0 d=42760 @(-31000,29500,r1509)]
F16418 live=1 act=1 PL(2664,-7336,rot=1024,hp=-7200) [0 t=47 st=4 ss1=0 ss2=2 ss3=0 g=40 mo=17 af=0 d=42760 @(-31000,29500,r1509)]
F16419 live=1 act=1 PL(2664,-7336,rot=1024,hp=-7200) [0 t=47 st=4 ss1=0 ss2=2 ss3=0 g=40 mo=17 af=0 d=42760 @(-31000,29500,r1509)]
F16420 live=1 act=1 PL(2664,-7336,rot=1024,hp=-7200) [0 t=47 st=4 ss1=0 ss2=2 ss3=0 g=40 mo=17 af=0 d=42760 @(-31000,29500,r1509)]
F16421 live=1 act=1 PL(2664,-7336,rot=1024,hp=-7200) [0 t=47 st=4 ss1=0 ss2=2 ss3=0 g=40 mo=17 af=0 d=42760 @(-31000,29500,r1509)]
F16422 live=1 act=1 PL(2664,-7336,rot=1024,hp=-7200) [0 t=47 st=4 ss1=0 ss2=2 ss3=0 g=40 mo=17 af=0 d=42760 @(-31000,29500,r1509)]
F16423 live=1 act=1 PL(2664,-7336,rot=1024,hp=-7200) [0 t=47 st=4 ss1=0 ss2=2 ss3=0 g=40 mo=17 af=0 d=42760 @(-31000,29500,r1509)]
F16424 live=1 act=1 PL(2664,-7336,rot=1024,hp=-7200) [0 t=47 st=4 ss1=0 ss2=2 ss3=0 g=40 mo=17 af=0 d=42760 @(-31000,29500,r1509)]
F16425 live=1 act=1 PL(2664,-7336,rot=1024,hp=-7200) [0 t=47 st=4 ss1=0 ss2=2 ss3=0 g=40 mo=17 af=0 d=42760 @(-31000,29500,r1509)]
F16426 live=1 act=1 PL(2664,-7336,rot=1024,hp=-7200) [0 t=47 st=4 ss1=0 ss2=2 ss3=0 g=40 mo=17 af=0 d=42760 @(-31000,29500,r1509)]
F16427 live=1 act=1 PL(2664,-7336,rot=1024,hp=-7200) [0 t=47 st=4 ss1=0 ss2=2 ss3=0 g=40 mo=17 af=0 d=42760 @(-31000,29500,r1509)]
F16428 live=1 act=1 PL(2664,-7336,rot=1024,hp=-7200) [0 t=47 st=4 ss1=0 ss2=2 ss3=0 g=40 mo=17 af=0 d=42760 @(-31000,29500,r1509)]
F16429 live=1 act=1 PL(2664,-7336,rot=1024,hp=-7200) [0 t=47 st=4 ss1=0 ss2=2 ss3=0 g=40 mo=17 af=0 d=42760 @(-31000,29500,r1509)]
F16430 live=1 act=1 PL(2664,-7336,rot=1024,hp=-7200) [0 t=47 st=4 ss1=0 ss2=2 ss3=0 g=40 mo=17 af=0 d=42760 @(-31000,29500,r1509)]
F16431 live=1 act=1 PL(2664,-7336,rot=1024,hp=-7200) [0 t=47 st=4 ss1=0 ss2=2 ss3=0 g=40 mo=17 af=0 d=42760 @(-31000,29500,r1509)]
F16432 live=1 act=1 PL(2664,-7336,rot=1024,hp=-7200) [0 t=47 st=4 ss1=0 ss2=2 ss3=0 g=40 mo=17 af=0 d=42760 @(-31000,29500,r1509)]
F16433 live=1 act=1 PL(2664,-7336,rot=1024,hp=-7200) [0 t=47 st=4 ss1=0 ss2=2 ss3=0 g=40 mo=17 af=0 d=42760 @(-31000,29500,r1509)]
F16434 live=1 act=1 PL(2664,-7336,rot=1024,hp=-7200) [0 t=47 st=4 ss1=0 ss2=2 ss3=0 g=40 mo=17 af=0 d=42760 @(-31000,29500,r1509)]
F16435 live=1 act=1 PL(2664,-7336,rot=1024,hp=-7200) [0 t=47 st=4 ss1=0 ss2=2 ss3=0 g=40 mo=17 af=0 d=42760 @(-31000,29500,r1509)]
F16436 live=1 act=1 PL(2664,-7336,rot=1024,hp=-7200) [0 t=47 st=4 ss1=0 ss2=2 ss3=0 g=40 mo=17 af=0 d=42760 @(-31000,29500,r1509)]
F16437 live=1 act=1 PL(2664,-7336,rot=1024,hp=-7200) [0 t=47 st=4 ss1=0 ss2=2 ss3=0 g=40 mo=17 af=0 d=42760 @(-31000,29500,r1509)]
F16438 live=1 act=1 PL(2664,-7336,rot=1024,hp=-7200) [0 t=47 st=4 ss1=0 ss2=2 ss3=0 g=40 mo=17 af=0 d=42760 @(-31000,29500,r1509)]
F16439 live=1 act=1 PL(2664,-7336,rot=1024,hp=-7200) [0 t=47 st=4 ss1=0 ss2=2 ss3=0 g=40 mo=17 af=0 d=42760 @(-31000,29500,r1509)]
F16440 live=1 act=1 PL(2664,-7336,rot=1024,hp=-7200) [0 t=47 st=4 ss1=0 ss2=2 ss3=0 g=40 mo=17 af=0 d=42760 @(-31000,29500,r1509)]
F16441 live=1 act=1 PL(2664,-7336,rot=1024,hp=-7200) [0 t=47 st=4 ss1=0 ss2=2 ss3=0 g=40 mo=17 af=0 d=42760 @(-31000,29500,r1509)]
F16442 live=1 act=1 PL(2664,-7336,rot=1024,hp=-7200) [0 t=47 st=4 ss1=0 ss2=2 ss3=0 g=40 mo=17 af=0 d=42760 @(-31000,29500,r1509)]
F16443 live=1 act=1 PL(2664,-7336,rot=1024,hp=-7200) [0 t=47 st=4 ss1=0 ss2=2 ss3=0 g=40 mo=17 af=0 d=42760 @(-31000,29500,r1509)]
F16444 live=1 act=1 PL(2664,-7336,rot=1024,hp=-7200) [0 t=47 st=4 ss1=0 ss2=2 ss3=0 g=40 mo=17 af=0 d=42760 @(-31000,29500,r1509)]
F16445 live=1 act=1 PL(2664,-7336,rot=1024,hp=-7200) [0 t=47 st=4 ss1=0 ss2=2 ss3=0 g=40 mo=17 af=0 d=42760 @(-31000,29500,r1509)]
F16446 live=1 act=1 PL(2664,-7336,rot=1024,hp=-7200) [0 t=47 st=4 ss1=0 ss2=2 ss3=0 g=40 mo=17 af=0 d=42760 @(-31000,29500,r1509)]
F16447 live=1 act=1 PL(2664,-7336,rot=1024,hp=-7200) [0 t=47 st=4 ss1=0 ss2=2 ss3=0 g=40 mo=17 af=0 d=42760 @(-31000,29500,r1509)]
F16448 live=1 act=1 PL(2664,-7336,rot=1024,hp=-7200) [0 t=47 st=4 ss1=0 ss2=2 ss3=0 g=40 mo=17 af=0 d=42760 @(-31000,29500,r1509)]
F16449 live=1 act=1 PL(2664,-7336,rot=1024,hp=-7200) [0 t=47 st=4 ss1=0 ss2=2 ss3=0 g=40 mo=17 af=0 d=42760 @(-31000,29500,r1509)]
F16450 live=1 act=1 PL(2664,-7336,rot=1024,hp=-7200) [0 t=47 st=4 ss1=0 ss2=2 ss3=0 g=40 mo=17 af=0 d=42760 @(-31000,29500,r1509)]
F16451 live=1 act=1 PL(2664,-7336,rot=1024,hp=-7200) [0 t=47 st=4 ss1=0 ss2=2 ss3=0 g=40 mo=17 af=0 d=42760 @(-31000,29500,r1509)]
F16452 live=1 act=1 PL(2664,-7336,rot=1024,hp=-7200) [0 t=47 st=4 ss1=0 ss2=2 ss3=0 g=40 mo=17 af=0 d=42760 @(-31000,29500,r1509)]
F16453 live=1 act=1 PL(2664,-7336,rot=1024,hp=-7200) [0 t=47 st=4 ss1=0 ss2=2 ss3=0 g=40 mo=17 af=0 d=42760 @(-31000,29500,r1509)]
F16454 live=1 act=1 PL(2664,-7336,rot=1024,hp=-7200) [0 t=47 st=4 ss1=0 ss2=2 ss3=0 g=40 mo=17 af=0 d=42760 @(-31000,29500,r1509)]
F16455 live=1 act=1 PL(2664,-7336,rot=1024,hp=-7200) [0 t=47 st=4 ss1=0 ss2=2 ss3=0 g=40 mo=17 af=0 d=42760 @(-31000,29500,r1509)]
F16456 live=1 act=1 PL(2664,-7336,rot=1024,hp=-7200) [0 t=47 st=4 ss1=0 ss2=2 ss3=0 g=40 mo=17 af=0 d=42760 @(-31000,29500,r1509)]
F16457 live=1 act=1 PL(2664,-7336,rot=1024,hp=-7200) [0 t=47 st=4 ss1=0 ss2=2 ss3=0 g=40 mo=17 af=0 d=42760 @(-31000,29500,r1509)]
F16458 live=1 act=1 PL(2664,-7336,rot=1024,hp=-7200) [0 t=47 st=4 ss1=0 ss2=2 ss3=0 g=40 mo=17 af=0 d=42760 @(-31000,29500,r1509)]
F16459 live=1 act=1 PL(2664,-7336,rot=1024,hp=-7200) [0 t=47 st=4 ss1=0 ss2=2 ss3=0 g=40 mo=17 af=0 d=42760 @(-31000,29500,r1509)]
F16460 live=1 act=1 PL(2664,-7336,rot=1024,hp=-7200) [0 t=47 st=4 ss1=0 ss2=2 ss3=0 g=40 mo=17 af=0 d=42760 @(-31000,29500,r1509)]
F16461 live=1 act=1 PL(2664,-7336,rot=1024,hp=-7200) [0 t=47 st=4 ss1=0 ss2=2 ss3=0 g=40 mo=17 af=0 d=42760 @(-31000,29500,r1509)]
F16462 live=1 act=1 PL(2664,-7336,rot=1024,hp=-7200) [0 t=47 st=4 ss1=0 ss2=2 ss3=0 g=40 mo=17 af=0 d=42760 @(-31000,29500,r1509)]
F16463 live=1 act=1 PL(2664,-7336,rot=1024,hp=-7200) [0 t=47 st=4 ss1=0 ss2=2 ss3=0 g=40 mo=17 af=0 d=42760 @(-31000,29500,r1509)]
F16464 live=1 act=1 PL(2664,-7336,rot=1024,hp=-7200) [0 t=47 st=4 ss1=0 ss2=2 ss3=0 g=40 mo=17 af=0 d=42760 @(-31000,29500,r1509)]
F16465 live=1 act=1 PL(2664,-7336,rot=1024,hp=-7200) [0 t=47 st=4 ss1=0 ss2=2 ss3=0 g=40 mo=17 af=0 d=42760 @(-31000,29500,r1509)]
F16466 live=1 act=1 PL(2664,-7336,rot=1024,hp=-7200) [0 t=47 st=4 ss1=0 ss2=2 ss3=0 g=40 mo=17 af=0 d=42760 @(-31000,29500,r1509)]
F16467 live=1 act=1 PL(2664,-7336,rot=1024,hp=-7200) [0 t=47 st=4 ss1=0 ss2=2 ss3=0 g=40 mo=17 af=0 d=42760 @(-31000,29500,r1509)]
F16468 live=1 act=1 PL(2664,-7336,rot=1024,hp=-7200) [0 t=47 st=4 ss1=0 ss2=2 ss3=0 g=40 mo=17 af=0 d=42760 @(-31000,29500,r1509)]
F16469 live=1 act=1 PL(2664,-7336,rot=1024,hp=-7200) [0 t=47 st=4 ss1=0 ss2=2 ss3=0 g=40 mo=17 af=0 d=42760 @(-31000,29500,r1509)]
F16470 live=1 act=1 PL(2664,-7336,rot=1024,hp=-7200) [0 t=47 st=4 ss1=0 ss2=2 ss3=0 g=40 mo=17 af=0 d=42760 @(-31000,29500,r1509)]
F16471 live=1 act=1 PL(2664,-7336,rot=1024,hp=-7200) [0 t=47 st=4 ss1=0 ss2=2 ss3=0 g=40 mo=17 af=0 d=42760 @(-31000,29500,r1509)]
F16472 live=1 act=1 PL(2664,-7336,rot=1024,hp=-7200) [0 t=47 st=4 ss1=0 ss2=2 ss3=0 g=40 mo=17 af=0 d=42760 @(-31000,29500,r1509)]
F16473 live=1 act=1 PL(2664,-7336,rot=1024,hp=-7200) [0 t=47 st=4 ss1=0 ss2=2 ss3=0 g=40 mo=17 af=0 d=42760 @(-31000,29500,r1509)]
F16474 live=1 act=1 PL(2664,-7336,rot=1024,hp=-7200) [0 t=47 st=4 ss1=0 ss2=2 ss3=0 g=40 mo=17 af=0 d=42760 @(-31000,29500,r1509)]
F16475 live=1 act=1 PL(2664,-7336,rot=1024,hp=-7200) [0 t=47 st=4 ss1=0 ss2=2 ss3=0 g=40 mo=17 af=0 d=42760 @(-31000,29500,r1509)]
F16476 live=1 act=1 PL(2664,-7336,rot=1024,hp=-7200) [0 t=47 st=4 ss1=0 ss2=2 ss3=0 g=40 mo=17 af=0 d=42760 @(-31000,29500,r1509)]
F16477 live=1 act=1 PL(2664,-7336,rot=1024,hp=-7200) [0 t=47 st=4 ss1=0 ss2=2 ss3=0 g=40 mo=17 af=0 d=42760 @(-31000,29500,r1509)]
F16478 live=1 act=1 PL(2664,-7336,rot=1024,hp=-7200) [0 t=47 st=4 ss1=0 ss2=2 ss3=0 g=40 mo=17 af=0 d=42760 @(-31000,29500,r1509)]
F16479 live=1 act=1 PL(2664,-7336,rot=1024,hp=-7200) [0 t=47 st=4 ss1=0 ss2=2 ss3=0 g=40 mo=17 af=0 d=42760 @(-31000,29500,r1509)]
F16480 live=1 act=1 PL(2664,-7336,rot=1024,hp=-7200) [0 t=47 st=4 ss1=0 ss2=2 ss3=0 g=40 mo=17 af=0 d=42760 @(-31000,29500,r1509)]
F16481 live=1 act=1 PL(2664,-7336,rot=1024,hp=-7200) [0 t=47 st=4 ss1=0 ss2=2 ss3=0 g=40 mo=17 af=0 d=42760 @(-31000,29500,r1509)]
F16482 live=1 act=1 PL(2664,-7336,rot=1024,hp=-7200) [0 t=47 st=4 ss1=0 ss2=2 ss3=0 g=40 mo=17 af=0 d=42760 @(-31000,29500,r1509)]
F16483 live=1 act=1 PL(2664,-7336,rot=1024,hp=-7200) [0 t=47 st=4 ss1=0 ss2=2 ss3=0 g=40 mo=17 af=0 d=42760 @(-31000,29500,r1509)]
F16484 live=1 act=1 PL(2664,-7336,rot=1024,hp=-7200) [0 t=47 st=4 ss1=0 ss2=2 ss3=0 g=40 mo=17 af=0 d=42760 @(-31000,29500,r1509)]
F16485 live=1 act=1 PL(2664,-7336,rot=1024,hp=-7200) [0 t=47 st=4 ss1=0 ss2=2 ss3=0 g=40 mo=17 af=0 d=42760 @(-31000,29500,r1509)]
F16486 live=1 act=1 PL(2664,-7336,rot=1024,hp=-7200) [0 t=47 st=4 ss1=0 ss2=2 ss3=0 g=40 mo=17 af=0 d=42760 @(-31000,29500,r1509)]
F16487 live=1 act=1 PL(2664,-7336,rot=1024,hp=-7200) [0 t=47 st=4 ss1=0 ss2=2 ss3=0 g=40 mo=17 af=0 d=42760 @(-31000,29500,r1509)]
F16488 live=1 act=1 PL(2664,-7336,rot=1024,hp=-7200) [0 t=47 st=4 ss1=0 ss2=2 ss3=0 g=40 mo=17 af=0 d=42760 @(-31000,29500,r1509)]
F16489 live=1 act=1 PL(2664,-7336,rot=1024,hp=-7200) [0 t=47 st=4 ss1=0 ss2=2 ss3=0 g=40 mo=17 af=0 d=42760 @(-31000,29500,r1509)]
F16490 live=1 act=1 PL(2664,-7336,rot=1024,hp=-7200) [0 t=47 st=4 ss1=0 ss2=2 ss3=0 g=40 mo=17 af=0 d=42760 @(-31000,29500,r1509)]
F16491 live=1 act=1 PL(2664,-7336,rot=1024,hp=-7200) [0 t=47 st=4 ss1=0 ss2=2 ss3=0 g=40 mo=17 af=0 d=42760 @(-31000,29500,r1509)]
F16492 live=1 act=1 PL(2664,-7336,rot=1024,hp=-7200) [0 t=47 st=4 ss1=0 ss2=2 ss3=0 g=40 mo=17 af=0 d=42760 @(-31000,29500,r1509)]
F16493 live=1 act=1 PL(2664,-7336,rot=1024,hp=-7200) [0 t=47 st=4 ss1=0 ss2=2 ss3=0 g=40 mo=17 af=0 d=42760 @(-31000,29500,r1509)]
F16494 live=1 act=1 PL(2664,-7336,rot=1024,hp=-7200) [0 t=47 st=4 ss1=0 ss2=2 ss3=0 g=40 mo=17 af=0 d=42760 @(-31000,29500,r1509)]
F16495 live=1 act=1 PL(2664,-7336,rot=1024,hp=-7200) [0 t=47 st=4 ss1=0 ss2=2 ss3=0 g=40 mo=17 af=0 d=42760 @(-31000,29500,r1509)]
F16496 live=1 act=1 PL(2664,-7336,rot=1024,hp=-7200) [0 t=47 st=4 ss1=0 ss2=2 ss3=0 g=40 mo=17 af=0 d=42760 @(-31000,29500,r1509)]
F16497 live=1 act=1 PL(2664,-7336,rot=1024,hp=-7200) [0 t=47 st=4 ss1=0 ss2=2 ss3=0 g=40 mo=17 af=0 d=42760 @(-31000,29500,r1509)]
F16498 live=1 act=1 PL(2664,-7336,rot=1024,hp=-7200) [0 t=47 st=4 ss1=0 ss2=2 ss3=0 g=40 mo=17 af=0 d=42760 @(-31000,29500,r1509)]
F16499 live=1 act=1 PL(2664,-7336,rot=1024,hp=-7200) [0 t=47 st=4 ss1=0 ss2=2 ss3=0 g=40 mo=17 af=0 d=42760 @(-31000,29500,r1509)]
F16500 live=1 act=1 PL(2664,-7336,rot=1024,hp=-7200) [0 t=47 st=4 ss1=0 ss2=2 ss3=0 g=40 mo=17 af=0 d=42760 @(-31000,29500,r1509)]
F16501 live=1 act=1 PL(2664,-7336,rot=1024,hp=-7200) [0 t=47 st=4 ss1=0 ss2=2 ss3=0 g=40 mo=17 af=0 d=42760 @(-31000,29500,r1509)]
F16502 live=1 act=1 PL(2664,-7336,rot=1024,hp=-7200) [0 t=47 st=4 ss1=0 ss2=2 ss3=0 g=40 mo=17 af=0 d=42760 @(-31000,29500,r1509)]
F16503 live=1 act=1 PL(2664,-7336,rot=1024,hp=-7200) [0 t=47 st=4 ss1=0 ss2=2 ss3=0 g=40 mo=17 af=0 d=42760 @(-31000,29500,r1509)]
F16504 live=1 act=1 PL(2664,-7336,rot=1024,hp=-7200) [0 t=47 st=4 ss1=0 ss2=2 ss3=0 g=40 mo=17 af=0 d=42760 @(-31000,29500,r1509)]
F16505 live=1 act=1 PL(2664,-7336,rot=1024,hp=-7200) [0 t=47 st=4 ss1=0 ss2=2 ss3=0 g=40 mo=17 af=0 d=42760 @(-31000,29500,r1509)]
F16506 live=1 act=1 PL(2664,-7336,rot=1024,hp=-7200) [0 t=47 st=4 ss1=0 ss2=2 ss3=0 g=40 mo=17 af=0 d=42760 @(-31000,29500,r1509)]
F16507 live=1 act=1 PL(2664,-7336,rot=1024,hp=-7200) [0 t=47 st=4 ss1=0 ss2=2 ss3=0 g=40 mo=17 af=0 d=42760 @(-31000,29500,r1509)]
F16508 live=1 act=1 PL(2664,-7336,rot=1024,hp=-7200) [0 t=47 st=4 ss1=0 ss2=2 ss3=0 g=40 mo=17 af=0 d=42760 @(-31000,29500,r1509)]
F16509 live=1 act=1 PL(2664,-7336,rot=1024,hp=-7200) [0 t=47 st=4 ss1=0 ss2=2 ss3=0 g=40 mo=17 af=0 d=42760 @(-31000,29500,r1509)]
F16510 live=1 act=1 PL(2664,-7336,rot=1024,hp=-7200) [0 t=47 st=4 ss1=0 ss2=2 ss3=0 g=40 mo=17 af=0 d=42760 @(-31000,29500,r1509)]
F16511 live=1 act=1 PL(2664,-7336,rot=1024,hp=-7200) [0 t=47 st=4 ss1=0 ss2=2 ss3=0 g=40 mo=17 af=0 d=42760 @(-31000,29500,r1509)]
F16512 live=1 act=1 PL(2664,-7336,rot=1024,hp=-7200) [0 t=47 st=4 ss1=0 ss2=2 ss3=0 g=40 mo=17 af=0 d=42760 @(-31000,29500,r1509)]
F16513 live=1 act=1 PL(2664,-7336,rot=1024,hp=-7200) [0 t=47 st=4 ss1=0 ss2=2 ss3=0 g=40 mo=17 af=0 d=42760 @(-31000,29500,r1509)]
F16514 live=1 act=1 PL(2664,-7336,rot=1024,hp=-7200) [0 t=47 st=4 ss1=0 ss2=2 ss3=0 g=40 mo=17 af=0 d=42760 @(-31000,29500,r1509)]
F16515 live=1 act=1 PL(2664,-7336,rot=1024,hp=-7200) [0 t=47 st=4 ss1=0 ss2=2 ss3=0 g=40 mo=17 af=0 d=42760 @(-31000,29500,r1509)]
F16516 live=1 act=1 PL(2664,-7336,rot=1024,hp=-7200) [0 t=47 st=4 ss1=0 ss2=2 ss3=0 g=40 mo=17 af=0 d=42760 @(-31000,29500,r1509)]
F16517 live=1 act=1 PL(2664,-7336,rot=1024,hp=-7200) [0 t=47 st=4 ss1=0 ss2=2 ss3=0 g=40 mo=17 af=0 d=42760 @(-31000,29500,r1509)]
F16518 live=1 act=1 PL(2664,-7336,rot=1024,hp=-7200) [0 t=47 st=4 ss1=0 ss2=2 ss3=0 g=40 mo=17 af=0 d=42760 @(-31000,29500,r1509)]
F16519 live=1 act=1 PL(2664,-7336,rot=1024,hp=-7200) [0 t=47 st=4 ss1=0 ss2=2 ss3=0 g=40 mo=17 af=0 d=42760 @(-31000,29500,r1509)]
F16520 live=1 act=1 PL(2664,-7336,rot=1024,hp=-7200) [0 t=47 st=4 ss1=0 ss2=2 ss3=0 g=40 mo=17 af=0 d=42760 @(-31000,29500,r1509)]
F16521 live=1 act=1 PL(2664,-7336,rot=1024,hp=-7200) [0 t=47 st=4 ss1=0 ss2=2 ss3=0 g=40 mo=17 af=0 d=42760 @(-31000,29500,r1509)]
F16522 live=1 act=1 PL(2664,-7336,rot=1024,hp=-7200) [0 t=47 st=4 ss1=0 ss2=2 ss3=0 g=40 mo=17 af=0 d=42760 @(-31000,29500,r1509)]
F16523 live=1 act=1 PL(2664,-7336,rot=1024,hp=-7200) [0 t=47 st=4 ss1=0 ss2=2 ss3=0 g=40 mo=17 af=0 d=42760 @(-31000,29500,r1509)]
F16524 live=1 act=1 PL(2664,-7336,rot=1024,hp=-7200) [0 t=47 st=4 ss1=0 ss2=2 ss3=0 g=40 mo=17 af=0 d=42760 @(-31000,29500,r1509)]
F16525 live=1 act=1 PL(2664,-7336,rot=1024,hp=-7200) [0 t=47 st=4 ss1=0 ss2=2 ss3=0 g=40 mo=17 af=0 d=42760 @(-31000,29500,r1509)]
F16526 live=1 act=1 PL(2664,-7336,rot=1024,hp=-7200) [0 t=47 st=4 ss1=0 ss2=2 ss3=0 g=40 mo=17 af=0 d=42760 @(-31000,29500,r1509)]
F16527 live=1 act=1 PL(2664,-7336,rot=1024,hp=-7200) [0 t=47 st=4 ss1=0 ss2=2 ss3=0 g=40 mo=17 af=0 d=42760 @(-31000,29500,r1509)]
F16528 live=1 act=1 PL(2664,-7336,rot=1024,hp=-7200) [0 t=47 st=4 ss1=0 ss2=2 ss3=0 g=40 mo=17 af=0 d=42760 @(-31000,29500,r1509)]
F16529 live=1 act=1 PL(2664,-7336,rot=1024,hp=-7200) [0 t=47 st=4 ss1=0 ss2=2 ss3=0 g=40 mo=17 af=0 d=42760 @(-31000,29500,r1509)]
F16530 live=1 act=1 PL(2664,-7336,rot=1024,hp=-7200) [0 t=47 st=4 ss1=0 ss2=2 ss3=0 g=40 mo=17 af=0 d=42760 @(-31000,29500,r1509)]
F16531 live=1 act=1 PL(2664,-7336,rot=1024,hp=-7200) [0 t=47 st=4 ss1=0 ss2=2 ss3=0 g=40 mo=17 af=0 d=42760 @(-31000,29500,r1509)]
F16532 live=1 act=1 PL(2664,-7336,rot=1024,hp=-7200) [0 t=47 st=4 ss1=0 ss2=2 ss3=0 g=40 mo=17 af=0 d=42760 @(-31000,29500,r1509)]
F16533 live=1 act=1 PL(2664,-7336,rot=1024,hp=-7200) [0 t=47 st=4 ss1=0 ss2=2 ss3=0 g=40 mo=17 af=0 d=42760 @(-31000,29500,r1509)]
F16534 live=1 act=1 PL(2664,-7336,rot=1024,hp=-7200) [0 t=47 st=4 ss1=0 ss2=2 ss3=0 g=40 mo=17 af=0 d=42760 @(-31000,29500,r1509)]
F16535 live=1 act=1 PL(2664,-7336,rot=1024,hp=-7200) [0 t=47 st=4 ss1=0 ss2=2 ss3=0 g=40 mo=17 af=0 d=42760 @(-31000,29500,r1509)]
F16536 live=1 act=1 PL(2664,-7336,rot=1024,hp=-7200) [0 t=47 st=4 ss1=0 ss2=2 ss3=0 g=40 mo=17 af=0 d=42760 @(-31000,29500,r1509)]
F16537 live=1 act=1 PL(2664,-7336,rot=1024,hp=-7200) [0 t=47 st=4 ss1=0 ss2=2 ss3=0 g=40 mo=17 af=0 d=42760 @(-31000,29500,r1509)]
F16538 live=1 act=1 PL(2664,-7336,rot=1024,hp=-7200) [0 t=47 st=4 ss1=0 ss2=2 ss3=0 g=40 mo=17 af=0 d=42760 @(-31000,29500,r1509)]
F16539 live=1 act=1 PL(2664,-7336,rot=1024,hp=-7200) [0 t=47 st=4 ss1=0 ss2=2 ss3=0 g=40 mo=17 af=0 d=42760 @(-31000,29500,r1509)]
F16540 live=1 act=1 PL(2664,-7336,rot=1024,hp=-7200) [0 t=47 st=4 ss1=0 ss2=2 ss3=0 g=40 mo=17 af=0 d=42760 @(-31000,29500,r1509)]
F16541 live=1 act=1 PL(2664,-7336,rot=1024,hp=-7200) [0 t=47 st=4 ss1=0 ss2=2 ss3=0 g=40 mo=17 af=0 d=42760 @(-31000,29500,r1509)]
F16542 live=1 act=1 PL(2664,-7336,rot=1024,hp=-7200) [0 t=47 st=4 ss1=0 ss2=2 ss3=0 g=40 mo=17 af=0 d=42760 @(-31000,29500,r1509)]
F16543 live=1 act=1 PL(2664,-7336,rot=1024,hp=-7200) [0 t=47 st=4 ss1=0 ss2=2 ss3=0 g=40 mo=17 af=0 d=42760 @(-31000,29500,r1509)]
F16544 live=1 act=1 PL(2664,-7336,rot=1024,hp=-7200) [0 t=47 st=4 ss1=0 ss2=2 ss3=0 g=40 mo=17 af=0 d=42760 @(-31000,29500,r1509)]
F16545 live=1 act=1 PL(2664,-7336,rot=1024,hp=-7200) [0 t=47 st=4 ss1=0 ss2=2 ss3=0 g=40 mo=17 af=0 d=42760 @(-31000,29500,r1509)]
F16546 live=1 act=1 PL(2664,-7336,rot=1024,hp=-7200) [0 t=47 st=4 ss1=0 ss2=2 ss3=0 g=40 mo=17 af=0 d=42760 @(-31000,29500,r1509)]
F16547 live=1 act=1 PL(2664,-7336,rot=1024,hp=-7200) [0 t=47 st=4 ss1=0 ss2=2 ss3=0 g=40 mo=17 af=0 d=42760 @(-31000,29500,r1509)]
F16548 live=1 act=1 PL(2664,-7336,rot=1024,hp=-7200) [0 t=47 st=4 ss1=0 ss2=2 ss3=0 g=40 mo=17 af=0 d=42760 @(-31000,29500,r1509)]
F16549 live=1 act=1 PL(2664,-7336,rot=1024,hp=-7200) [0 t=47 st=4 ss1=0 ss2=2 ss3=0 g=40 mo=17 af=0 d=42760 @(-31000,29500,r1509)]
F16550 live=1 act=1 PL(2664,-7336,rot=1024,hp=-7200) [0 t=47 st=4 ss1=0 ss2=2 ss3=0 g=40 mo=17 af=0 d=42760 @(-31000,29500,r1509)]
F16551 live=1 act=1 PL(2664,-7336,rot=1024,hp=-7200) [0 t=47 st=4 ss1=0 ss2=2 ss3=0 g=40 mo=17 af=0 d=42760 @(-31000,29500,r1509)]
F16552 live=1 act=1 PL(2664,-7336,rot=1024,hp=-7200) [0 t=47 st=4 ss1=0 ss2=2 ss3=0 g=40 mo=17 af=0 d=42760 @(-31000,29500,r1509)]
F16553 live=1 act=1 PL(2664,-7336,rot=1024,hp=-7200) [0 t=47 st=4 ss1=0 ss2=2 ss3=0 g=40 mo=17 af=0 d=42760 @(-31000,29500,r1509)]
F16554 live=1 act=1 PL(2664,-7336,rot=1024,hp=-7200) [0 t=47 st=4 ss1=0 ss2=2 ss3=0 g=40 mo=17 af=0 d=42760 @(-31000,29500,r1509)]
F16555 live=1 act=1 PL(2664,-7336,rot=1024,hp=-7200) [0 t=47 st=4 ss1=0 ss2=2 ss3=0 g=40 mo=17 af=0 d=42760 @(-31000,29500,r1509)]
F16556 live=1 act=1 PL(2664,-7336,rot=1024,hp=-7200) [0 t=47 st=4 ss1=0 ss2=2 ss3=0 g=40 mo=17 af=0 d=42760 @(-31000,29500,r1509)]
F16557 live=1 act=1 PL(2664,-7336,rot=1024,hp=-7200) [0 t=47 st=4 ss1=0 ss2=2 ss3=0 g=40 mo=17 af=0 d=42760 @(-31000,29500,r1509)]
F16558 live=1 act=1 PL(2664,-7336,rot=1024,hp=-7200) [0 t=47 st=4 ss1=0 ss2=2 ss3=0 g=40 mo=17 af=0 d=42760 @(-31000,29500,r1509)]
F16559 live=1 act=1 PL(2664,-7336,rot=1024,hp=-7200) [0 t=47 st=4 ss1=0 ss2=2 ss3=0 g=40 mo=17 af=0 d=42760 @(-31000,29500,r1509)]
F16560 live=1 act=1 PL(2664,-7336,rot=1024,hp=-7200) [0 t=47 st=4 ss1=0 ss2=2 ss3=0 g=40 mo=17 af=0 d=42760 @(-31000,29500,r1509)]
F16561 live=1 act=1 PL(2664,-7336,rot=1024,hp=-7200) [0 t=47 st=4 ss1=0 ss2=2 ss3=0 g=40 mo=17 af=0 d=42760 @(-31000,29500,r1509)]
F16562 live=1 act=1 PL(2664,-7336,rot=1024,hp=-7200) [0 t=47 st=4 ss1=0 ss2=2 ss3=0 g=40 mo=17 af=0 d=42760 @(-31000,29500,r1509)]
F16563 live=1 act=1 PL(2664,-7336,rot=1024,hp=-7200) [0 t=47 st=4 ss1=0 ss2=2 ss3=0 g=40 mo=17 af=0 d=42760 @(-31000,29500,r1509)]
F16564 live=1 act=1 PL(2664,-7336,rot=1024,hp=-7200) [0 t=47 st=4 ss1=0 ss2=2 ss3=0 g=40 mo=17 af=0 d=42760 @(-31000,29500,r1509)]
F16565 live=1 act=1 PL(2664,-7336,rot=1024,hp=-7200) [0 t=47 st=4 ss1=0 ss2=2 ss3=0 g=40 mo=17 af=0 d=42760 @(-31000,29500,r1509)]
F16566 live=1 act=1 PL(2664,-7336,rot=1024,hp=-7200) [0 t=47 st=4 ss1=0 ss2=2 ss3=0 g=40 mo=17 af=0 d=42760 @(-31000,29500,r1509)]
F16567 live=1 act=1 PL(2664,-7336,rot=1024,hp=-7200) [0 t=47 st=4 ss1=0 ss2=2 ss3=0 g=40 mo=17 af=0 d=42760 @(-31000,29500,r1509)]
F16568 live=1 act=1 PL(2664,-7336,rot=1024,hp=-7200) [0 t=47 st=4 ss1=0 ss2=2 ss3=0 g=40 mo=17 af=0 d=42760 @(-31000,29500,r1509)]
F16569 live=1 act=1 PL(2664,-7336,rot=1024,hp=-7200) [0 t=47 st=4 ss1=0 ss2=2 ss3=0 g=40 mo=17 af=0 d=42760 @(-31000,29500,r1509)]
F16570 live=1 act=1 PL(2664,-7336,rot=1024,hp=-7200) [0 t=47 st=4 ss1=0 ss2=2 ss3=0 g=40 mo=17 af=0 d=42760 @(-31000,29500,r1509)]
F16571 live=1 act=1 PL(2664,-7336,rot=1024,hp=-7200) [0 t=47 st=4 ss1=0 ss2=2 ss3=0 g=40 mo=17 af=0 d=42760 @(-31000,29500,r1509)]
F16572 live=1 act=1 PL(2664,-7336,rot=1024,hp=-7200) [0 t=47 st=4 ss1=0 ss2=2 ss3=0 g=40 mo=17 af=0 d=42760 @(-31000,29500,r1509)]
F16573 live=1 act=1 PL(2664,-7336,rot=1024,hp=-7200) [0 t=47 st=4 ss1=0 ss2=2 ss3=0 g=40 mo=17 af=0 d=42760 @(-31000,29500,r1509)]
F16574 live=1 act=1 PL(2664,-7336,rot=1024,hp=-7200) [0 t=47 st=4 ss1=0 ss2=2 ss3=0 g=40 mo=17 af=0 d=42760 @(-31000,29500,r1509)]
F16575 live=1 act=1 PL(2664,-7336,rot=1024,hp=-7200) [0 t=47 st=4 ss1=0 ss2=2 ss3=0 g=40 mo=17 af=0 d=42760 @(-31000,29500,r1509)]
F16576 live=1 act=1 PL(2664,-7336,rot=1024,hp=-7200) [0 t=47 st=4 ss1=0 ss2=2 ss3=0 g=40 mo=17 af=0 d=42760 @(-31000,29500,r1509)]
F16577 live=1 act=1 PL(2664,-7336,rot=1024,hp=-7200) [0 t=47 st=4 ss1=0 ss2=2 ss3=0 g=40 mo=17 af=0 d=42760 @(-31000,29500,r1509)]
F16578 live=1 act=1 PL(2664,-7336,rot=1024,hp=-7200) [0 t=47 st=4 ss1=0 ss2=2 ss3=0 g=40 mo=17 af=0 d=42760 @(-31000,29500,r1509)]
F16579 live=1 act=1 PL(2664,-7336,rot=1024,hp=-7200) [0 t=47 st=4 ss1=0 ss2=2 ss3=0 g=40 mo=17 af=0 d=42760 @(-31000,29500,r1509)]
F16580 live=1 act=1 PL(2664,-7336,rot=1024,hp=-7200) [0 t=47 st=4 ss1=0 ss2=2 ss3=0 g=40 mo=17 af=0 d=42760 @(-31000,29500,r1509)]
F16581 live=1 act=1 PL(2664,-7336,rot=1024,hp=-7200) [0 t=47 st=4 ss1=0 ss2=2 ss3=0 g=40 mo=17 af=0 d=42760 @(-31000,29500,r1509)]
F16582 live=1 act=1 PL(2664,-7336,rot=1024,hp=-7200) [0 t=47 st=4 ss1=0 ss2=2 ss3=0 g=40 mo=17 af=0 d=42760 @(-31000,29500,r1509)]
F16583 live=1 act=1 PL(2664,-7336,rot=1024,hp=-7200) [0 t=47 st=4 ss1=0 ss2=2 ss3=0 g=40 mo=17 af=0 d=42760 @(-31000,29500,r1509)]
F16584 live=1 act=1 PL(2664,-7336,rot=1024,hp=-7200) [0 t=47 st=4 ss1=0 ss2=2 ss3=0 g=40 mo=17 af=0 d=42760 @(-31000,29500,r1509)]
F16585 live=1 act=1 PL(2664,-7336,rot=1024,hp=-7200) [0 t=47 st=4 ss1=0 ss2=2 ss3=0 g=40 mo=17 af=0 d=42760 @(-31000,29500,r1509)]
F16586 live=1 act=1 PL(2664,-7336,rot=1024,hp=-7200) [0 t=47 st=4 ss1=0 ss2=2 ss3=0 g=40 mo=17 af=0 d=42760 @(-31000,29500,r1509)]
F16587 live=1 act=1 PL(2664,-7336,rot=1024,hp=-7200) [0 t=47 st=4 ss1=0 ss2=2 ss3=0 g=40 mo=17 af=0 d=42760 @(-31000,29500,r1509)]
F16588 live=1 act=1 PL(2664,-7336,rot=1024,hp=-7200) [0 t=47 st=4 ss1=0 ss2=2 ss3=0 g=40 mo=17 af=0 d=42760 @(-31000,29500,r1509)]
F16589 live=1 act=1 PL(2664,-7336,rot=1024,hp=-7200) [0 t=47 st=4 ss1=0 ss2=2 ss3=0 g=40 mo=17 af=0 d=42760 @(-31000,29500,r1509)]
F16590 live=1 act=1 PL(2664,-7336,rot=1024,hp=-7200) [0 t=47 st=4 ss1=0 ss2=2 ss3=0 g=40 mo=17 af=0 d=42760 @(-31000,29500,r1509)]
F16591 live=1 act=1 PL(2664,-7336,rot=1024,hp=-7200) [0 t=47 st=4 ss1=0 ss2=2 ss3=0 g=40 mo=17 af=0 d=42760 @(-31000,29500,r1509)]
F16592 live=1 act=1 PL(2664,-7336,rot=1024,hp=-7200) [0 t=47 st=4 ss1=0 ss2=2 ss3=0 g=40 mo=17 af=0 d=42760 @(-31000,29500,r1509)]
F16593 live=1 act=1 PL(2664,-7336,rot=1024,hp=-7200) [0 t=47 st=4 ss1=0 ss2=2 ss3=0 g=40 mo=17 af=0 d=42760 @(-31000,29500,r1509)]
F16594 live=1 act=1 PL(2664,-7336,rot=1024,hp=-7200) [0 t=47 st=4 ss1=0 ss2=2 ss3=0 g=40 mo=17 af=0 d=42760 @(-31000,29500,r1509)]
F16595 live=1 act=1 PL(2664,-7336,rot=1024,hp=-7200) [0 t=47 st=4 ss1=0 ss2=2 ss3=0 g=40 mo=17 af=0 d=42760 @(-31000,29500,r1509)]
F16596 live=1 act=1 PL(2664,-7336,rot=1024,hp=-7200) [0 t=47 st=4 ss1=0 ss2=2 ss3=0 g=40 mo=17 af=0 d=42760 @(-31000,29500,r1509)]
F16597 live=1 act=1 PL(2664,-7336,rot=1024,hp=-7200) [0 t=47 st=4 ss1=0 ss2=2 ss3=0 g=40 mo=17 af=0 d=42760 @(-31000,29500,r1509)]
F16598 live=1 act=1 PL(2664,-7336,rot=1024,hp=-7200) [0 t=47 st=4 ss1=0 ss2=2 ss3=0 g=40 mo=17 af=0 d=42760 @(-31000,29500,r1509)]
F16599 live=1 act=1 PL(2664,-7336,rot=1024,hp=-7200) [0 t=47 st=4 ss1=0 ss2=2 ss3=0 g=40 mo=17 af=0 d=42760 @(-31000,29500,r1509)]
F16600 live=1 act=1 PL(2664,-7336,rot=1024,hp=-7200) [0 t=47 st=4 ss1=0 ss2=2 ss3=0 g=40 mo=17 af=0 d=42760 @(-31000,29500,r1509)]
F16601 live=1 act=1 PL(2664,-7336,rot=1024,hp=-7200) [0 t=47 st=4 ss1=0 ss2=2 ss3=0 g=40 mo=17 af=0 d=42760 @(-31000,29500,r1509)]
F16602 live=1 act=1 PL(2664,-7336,rot=1024,hp=-7200) [0 t=47 st=4 ss1=0 ss2=2 ss3=0 g=40 mo=17 af=0 d=42760 @(-31000,29500,r1509)]
F16603 live=1 act=1 PL(2664,-7336,rot=1024,hp=-7200) [0 t=47 st=4 ss1=0 ss2=2 ss3=0 g=40 mo=17 af=0 d=42760 @(-31000,29500,r1509)]
F16604 live=1 act=1 PL(2664,-7336,rot=1024,hp=-7200) [0 t=47 st=4 ss1=0 ss2=2 ss3=0 g=40 mo=17 af=0 d=42760 @(-31000,29500,r1509)]
F16605 live=1 act=1 PL(2664,-7336,rot=1024,hp=-7200) [0 t=47 st=4 ss1=0 ss2=2 ss3=0 g=40 mo=17 af=0 d=42760 @(-31000,29500,r1509)]
F16606 live=1 act=1 PL(2664,-7336,rot=1024,hp=-7200) [0 t=47 st=4 ss1=0 ss2=2 ss3=0 g=40 mo=17 af=0 d=42760 @(-31000,29500,r1509)]
F16607 live=1 act=1 PL(2664,-7336,rot=1024,hp=-7200) [0 t=47 st=4 ss1=0 ss2=2 ss3=0 g=40 mo=17 af=0 d=42760 @(-31000,29500,r1509)]
F16608 live=1 act=1 PL(2664,-7336,rot=1024,hp=-7200) [0 t=47 st=4 ss1=0 ss2=2 ss3=0 g=40 mo=17 af=0 d=42760 @(-31000,29500,r1509)]
F16609 live=1 act=1 PL(2664,-7336,rot=1024,hp=-7200) [0 t=47 st=4 ss1=0 ss2=2 ss3=0 g=40 mo=17 af=0 d=42760 @(-31000,29500,r1509)]
F16610 live=1 act=1 PL(2664,-7336,rot=1024,hp=-7200) [0 t=47 st=4 ss1=0 ss2=2 ss3=0 g=40 mo=17 af=0 d=42760 @(-31000,29500,r1509)]
F16611 live=1 act=1 PL(2664,-7336,rot=1024,hp=-7200) [0 t=47 st=4 ss1=0 ss2=2 ss3=0 g=40 mo=17 af=0 d=42760 @(-31000,29500,r1509)]
F16612 live=1 act=1 PL(2664,-7336,rot=1024,hp=-7200) [0 t=47 st=4 ss1=0 ss2=2 ss3=0 g=40 mo=17 af=0 d=42760 @(-31000,29500,r1509)]
F16613 live=1 act=1 PL(2664,-7336,rot=1024,hp=-7200) [0 t=47 st=4 ss1=0 ss2=2 ss3=0 g=40 mo=17 af=0 d=42760 @(-31000,29500,r1509)]
F16614 live=1 act=1 PL(2664,-7336,rot=1024,hp=-7200) [0 t=47 st=4 ss1=0 ss2=2 ss3=0 g=40 mo=17 af=0 d=42760 @(-31000,29500,r1509)]
F16615 live=1 act=1 PL(2664,-7336,rot=1024,hp=-7200) [0 t=47 st=4 ss1=0 ss2=2 ss3=0 g=40 mo=17 af=0 d=42760 @(-31000,29500,r1509)]
F16616 live=1 act=1 PL(2664,-7336,rot=1024,hp=-7200) [0 t=47 st=4 ss1=0 ss2=2 ss3=0 g=40 mo=17 af=0 d=42760 @(-31000,29500,r1509)]
F16617 live=1 act=1 PL(2664,-7336,rot=1024,hp=-7200) [0 t=47 st=4 ss1=0 ss2=2 ss3=0 g=40 mo=17 af=0 d=42760 @(-31000,29500,r1509)]
F16618 live=1 act=1 PL(2664,-7336,rot=1024,hp=-7200) [0 t=47 st=4 ss1=0 ss2=2 ss3=0 g=40 mo=17 af=0 d=42760 @(-31000,29500,r1509)]
F16619 live=1 act=1 PL(2664,-7336,rot=1024,hp=-7200) [0 t=47 st=4 ss1=0 ss2=2 ss3=0 g=40 mo=17 af=0 d=42760 @(-31000,29500,r1509)]
F16620 live=1 act=1 PL(2664,-7336,rot=1024,hp=-7200) [0 t=47 st=4 ss1=0 ss2=2 ss3=0 g=40 mo=17 af=0 d=42760 @(-31000,29500,r1509)]
F16621 live=1 act=1 PL(2664,-7336,rot=1024,hp=-7200) [0 t=47 st=4 ss1=0 ss2=2 ss3=0 g=40 mo=17 af=0 d=42760 @(-31000,29500,r1509)]
F16622 live=1 act=1 PL(2664,-7336,rot=1024,hp=-7200) [0 t=47 st=4 ss1=0 ss2=2 ss3=0 g=40 mo=17 af=0 d=42760 @(-31000,29500,r1509)]
F16623 live=1 act=1 PL(2664,-7336,rot=1024,hp=-7200) [0 t=47 st=4 ss1=0 ss2=2 ss3=0 g=40 mo=17 af=0 d=42760 @(-31000,29500,r1509)]
F16624 live=1 act=1 PL(2664,-7336,rot=1024,hp=-7200) [0 t=47 st=4 ss1=0 ss2=2 ss3=0 g=40 mo=17 af=0 d=42760 @(-31000,29500,r1509)]
F16625 live=1 act=1 PL(2664,-7336,rot=1024,hp=-7200) [0 t=47 st=4 ss1=0 ss2=2 ss3=0 g=40 mo=17 af=0 d=42760 @(-31000,29500,r1509)]
F16626 live=1 act=1 PL(2664,-7336,rot=1024,hp=-7200) [0 t=47 st=4 ss1=0 ss2=2 ss3=0 g=40 mo=17 af=0 d=42760 @(-31000,29500,r1509)]
F16627 live=1 act=1 PL(2664,-7336,rot=1024,hp=-7200) [0 t=47 st=4 ss1=0 ss2=2 ss3=0 g=40 mo=17 af=0 d=42760 @(-31000,29500,r1509)]
F16628 live=1 act=1 PL(2664,-7336,rot=1024,hp=-7200) [0 t=47 st=4 ss1=0 ss2=2 ss3=0 g=40 mo=17 af=0 d=42760 @(-31000,29500,r1509)]
F16629 live=1 act=1 PL(2664,-7336,rot=1024,hp=-7200) [0 t=47 st=4 ss1=0 ss2=2 ss3=0 g=40 mo=17 af=0 d=42760 @(-31000,29500,r1509)]
F16630 live=1 act=1 PL(2664,-7336,rot=1024,hp=-7200) [0 t=47 st=4 ss1=0 ss2=2 ss3=0 g=40 mo=17 af=0 d=42760 @(-31000,29500,r1509)]
F16631 live=1 act=1 PL(2664,-7336,rot=1024,hp=-7200) [0 t=47 st=4 ss1=0 ss2=2 ss3=0 g=40 mo=17 af=0 d=42760 @(-31000,29500,r1509)]
F16632 live=1 act=1 PL(2664,-7336,rot=1024,hp=-7200) [0 t=47 st=4 ss1=0 ss2=2 ss3=0 g=40 mo=17 af=0 d=42760 @(-31000,29500,r1509)]
F16633 live=1 act=1 PL(2664,-7336,rot=1024,hp=-7200) [0 t=47 st=4 ss1=0 ss2=2 ss3=0 g=40 mo=17 af=0 d=42760 @(-31000,29500,r1509)]
F16634 live=1 act=1 PL(2664,-7336,rot=1024,hp=-7200) [0 t=47 st=4 ss1=0 ss2=2 ss3=0 g=40 mo=17 af=0 d=42760 @(-31000,29500,r1509)]
F16635 live=1 act=1 PL(2664,-7336,rot=1024,hp=-7200) [0 t=47 st=4 ss1=0 ss2=2 ss3=0 g=40 mo=17 af=0 d=42760 @(-31000,29500,r1509)]
F16636 live=1 act=1 PL(2664,-7336,rot=1024,hp=-7200) [0 t=47 st=4 ss1=0 ss2=2 ss3=0 g=40 mo=17 af=0 d=42760 @(-31000,29500,r1509)]
F16637 live=1 act=1 PL(2664,-7336,rot=1024,hp=-7200) [0 t=47 st=4 ss1=0 ss2=2 ss3=0 g=40 mo=17 af=0 d=42760 @(-31000,29500,r1509)]
F16638 live=1 act=1 PL(2664,-7336,rot=1024,hp=-7200) [0 t=47 st=4 ss1=0 ss2=2 ss3=0 g=40 mo=17 af=0 d=42760 @(-31000,29500,r1509)]
F16639 live=1 act=1 PL(2664,-7336,rot=1024,hp=-7200) [0 t=47 st=4 ss1=0 ss2=2 ss3=0 g=40 mo=17 af=0 d=42760 @(-31000,29500,r1509)]
F16640 live=1 act=1 PL(2664,-7336,rot=1024,hp=-7200) [0 t=47 st=4 ss1=0 ss2=2 ss3=0 g=40 mo=17 af=0 d=42760 @(-31000,29500,r1509)]
F16641 live=1 act=1 PL(2664,-7336,rot=1024,hp=-7200) [0 t=47 st=4 ss1=0 ss2=2 ss3=0 g=40 mo=17 af=0 d=42760 @(-31000,29500,r1509)]
F16642 live=1 act=1 PL(2664,-7336,rot=1024,hp=-7200) [0 t=47 st=4 ss1=0 ss2=2 ss3=0 g=40 mo=17 af=0 d=42760 @(-31000,29500,r1509)]
F16643 live=1 act=1 PL(2664,-7336,rot=1024,hp=-7200) [0 t=47 st=4 ss1=0 ss2=2 ss3=0 g=40 mo=17 af=0 d=42760 @(-31000,29500,r1509)]
F16644 live=1 act=1 PL(2664,-7336,rot=1024,hp=-7200) [0 t=47 st=4 ss1=0 ss2=2 ss3=0 g=40 mo=17 af=0 d=42760 @(-31000,29500,r1509)]
F16645 live=1 act=1 PL(2664,-7336,rot=1024,hp=-7200) [0 t=47 st=4 ss1=0 ss2=2 ss3=0 g=40 mo=17 af=0 d=42760 @(-31000,29500,r1509)]
F16646 live=1 act=1 PL(2664,-7336,rot=1024,hp=-7200) [0 t=47 st=4 ss1=0 ss2=2 ss3=0 g=40 mo=17 af=0 d=42760 @(-31000,29500,r1509)]
F16647 live=1 act=1 PL(2664,-7336,rot=1024,hp=-7200) [0 t=47 st=4 ss1=0 ss2=2 ss3=0 g=40 mo=17 af=0 d=42760 @(-31000,29500,r1509)]
F16648 live=1 act=1 PL(2664,-7336,rot=1024,hp=-7200) [0 t=47 st=4 ss1=0 ss2=2 ss3=0 g=40 mo=17 af=0 d=42760 @(-31000,29500,r1509)]
F16649 live=1 act=1 PL(2664,-7336,rot=1024,hp=-7200) [0 t=47 st=4 ss1=0 ss2=2 ss3=0 g=40 mo=17 af=0 d=42760 @(-31000,29500,r1509)]
F16650 live=1 act=1 PL(2664,-7336,rot=1024,hp=-7200) [0 t=47 st=4 ss1=0 ss2=2 ss3=0 g=40 mo=17 af=0 d=42760 @(-31000,29500,r1509)]
F16651 live=1 act=1 PL(2664,-7336,rot=1024,hp=-7200) [0 t=47 st=4 ss1=0 ss2=2 ss3=0 g=40 mo=17 af=0 d=42760 @(-31000,29500,r1509)]
F16652 live=1 act=1 PL(2664,-7336,rot=1024,hp=-7200) [0 t=47 st=4 ss1=0 ss2=2 ss3=0 g=40 mo=17 af=0 d=42760 @(-31000,29500,r1509)]
F16653 live=1 act=1 PL(2664,-7336,rot=1024,hp=-7200) [0 t=47 st=4 ss1=0 ss2=2 ss3=0 g=40 mo=17 af=0 d=42760 @(-31000,29500,r1509)]
F16654 live=1 act=1 PL(2664,-7336,rot=1024,hp=-7200) [0 t=47 st=4 ss1=0 ss2=2 ss3=0 g=40 mo=17 af=0 d=42760 @(-31000,29500,r1509)]
F16655 live=1 act=1 PL(2664,-7336,rot=1024,hp=-7200) [0 t=47 st=4 ss1=0 ss2=2 ss3=0 g=40 mo=17 af=0 d=42760 @(-31000,29500,r1509)]
F16656 live=1 act=1 PL(2664,-7336,rot=1024,hp=-7200) [0 t=47 st=4 ss1=0 ss2=2 ss3=0 g=40 mo=17 af=0 d=42760 @(-31000,29500,r1509)]
F16657 live=1 act=1 PL(2664,-7336,rot=1024,hp=-7200) [0 t=47 st=4 ss1=0 ss2=2 ss3=0 g=40 mo=17 af=0 d=42760 @(-31000,29500,r1509)]
F16658 live=1 act=1 PL(2664,-7336,rot=1024,hp=-7200) [0 t=47 st=4 ss1=0 ss2=2 ss3=0 g=40 mo=17 af=0 d=42760 @(-31000,29500,r1509)]
F16659 live=1 act=1 PL(2664,-7336,rot=1024,hp=-7200) [0 t=47 st=4 ss1=0 ss2=2 ss3=0 g=40 mo=17 af=0 d=42760 @(-31000,29500,r1509)]
F16660 live=1 act=1 PL(2664,-7336,rot=1024,hp=-7200) [0 t=47 st=4 ss1=0 ss2=2 ss3=0 g=40 mo=17 af=0 d=42760 @(-31000,29500,r1509)]
F16661 live=1 act=1 PL(2664,-7336,rot=1024,hp=-7200) [0 t=47 st=4 ss1=0 ss2=2 ss3=0 g=40 mo=17 af=0 d=42760 @(-31000,29500,r1509)]
F16662 live=1 act=1 PL(2664,-7336,rot=1024,hp=-7200) [0 t=47 st=4 ss1=0 ss2=2 ss3=0 g=40 mo=17 af=0 d=42760 @(-31000,29500,r1509)]
F16663 live=1 act=1 PL(2664,-7336,rot=1024,hp=-7200) [0 t=47 st=4 ss1=0 ss2=2 ss3=0 g=40 mo=17 af=0 d=42760 @(-31000,29500,r1509)]
F16664 live=1 act=1 PL(2664,-7336,rot=1024,hp=-7200) [0 t=47 st=4 ss1=0 ss2=2 ss3=0 g=40 mo=17 af=0 d=42760 @(-31000,29500,r1509)]
F16665 live=1 act=1 PL(2664,-7336,rot=1024,hp=-7200) [0 t=47 st=4 ss1=0 ss2=2 ss3=0 g=40 mo=17 af=0 d=42760 @(-31000,29500,r1509)]
F16666 live=1 act=1 PL(2664,-7336,rot=1024,hp=-7200) [0 t=47 st=4 ss1=0 ss2=2 ss3=0 g=40 mo=17 af=0 d=42760 @(-31000,29500,r1509)]
F16667 live=1 act=1 PL(2664,-7336,rot=1024,hp=-7200) [0 t=47 st=4 ss1=0 ss2=2 ss3=0 g=40 mo=17 af=0 d=42760 @(-31000,29500,r1509)]
F16668 live=1 act=1 PL(2664,-7336,rot=1024,hp=-7200) [0 t=47 st=4 ss1=0 ss2=2 ss3=0 g=40 mo=17 af=0 d=42760 @(-31000,29500,r1509)]
F16669 live=1 act=1 PL(2664,-7336,rot=1024,hp=-7200) [0 t=47 st=4 ss1=0 ss2=2 ss3=0 g=40 mo=17 af=0 d=42760 @(-31000,29500,r1509)]
F16670 live=1 act=1 PL(2664,-7336,rot=1024,hp=-7200) [0 t=47 st=4 ss1=0 ss2=2 ss3=0 g=40 mo=17 af=0 d=42760 @(-31000,29500,r1509)]
F16671 live=1 act=1 PL(2664,-7336,rot=1024,hp=-7200) [0 t=47 st=4 ss1=0 ss2=2 ss3=0 g=40 mo=17 af=0 d=42760 @(-31000,29500,r1509)]
F16672 live=1 act=1 PL(2664,-7336,rot=1024,hp=-7200) [0 t=47 st=4 ss1=0 ss2=2 ss3=0 g=40 mo=17 af=0 d=42760 @(-31000,29500,r1509)]
F16673 live=1 act=1 PL(2664,-7336,rot=1024,hp=-7200) [0 t=47 st=4 ss1=0 ss2=2 ss3=0 g=40 mo=17 af=0 d=42760 @(-31000,29500,r1509)]
F16674 live=1 act=1 PL(2664,-7336,rot=1024,hp=-7200) [0 t=47 st=4 ss1=0 ss2=2 ss3=0 g=40 mo=17 af=0 d=42760 @(-31000,29500,r1509)]
F16675 live=1 act=1 PL(2664,-7336,rot=1024,hp=-7200) [0 t=47 st=4 ss1=0 ss2=2 ss3=0 g=40 mo=17 af=0 d=42760 @(-31000,29500,r1509)]
F16676 live=1 act=1 PL(2664,-7336,rot=1024,hp=-7200) [0 t=47 st=4 ss1=0 ss2=2 ss3=0 g=40 mo=17 af=0 d=42760 @(-31000,29500,r1509)]
F16677 live=1 act=1 PL(2664,-7336,rot=1024,hp=-7200) [0 t=47 st=4 ss1=0 ss2=2 ss3=0 g=40 mo=17 af=0 d=42760 @(-31000,29500,r1509)]
F16678 live=1 act=1 PL(2664,-7336,rot=1024,hp=-7200) [0 t=47 st=4 ss1=0 ss2=2 ss3=0 g=40 mo=17 af=0 d=42760 @(-31000,29500,r1509)]
F16679 live=1 act=1 PL(2664,-7336,rot=1024,hp=-7200) [0 t=47 st=4 ss1=0 ss2=2 ss3=0 g=40 mo=17 af=0 d=42760 @(-31000,29500,r1509)]
F16680 live=1 act=1 PL(2664,-7336,rot=1024,hp=-7200) [0 t=47 st=4 ss1=0 ss2=2 ss3=0 g=40 mo=17 af=0 d=42760 @(-31000,29500,r1509)]
F16681 live=1 act=1 PL(2664,-7336,rot=1024,hp=-7200) [0 t=47 st=4 ss1=0 ss2=2 ss3=0 g=40 mo=17 af=0 d=42760 @(-31000,29500,r1509)]
F16682 live=1 act=1 PL(2664,-7336,rot=1024,hp=-7200) [0 t=47 st=4 ss1=0 ss2=2 ss3=0 g=40 mo=17 af=0 d=42760 @(-31000,29500,r1509)]
F16683 live=1 act=1 PL(2664,-7336,rot=1024,hp=-7200) [0 t=47 st=4 ss1=0 ss2=2 ss3=0 g=40 mo=17 af=0 d=42760 @(-31000,29500,r1509)]
F16684 live=1 act=1 PL(2664,-7336,rot=1024,hp=-7200) [0 t=47 st=4 ss1=0 ss2=2 ss3=0 g=40 mo=17 af=0 d=42760 @(-31000,29500,r1509)]
F16685 live=1 act=1 PL(2664,-7336,rot=1024,hp=-7200) [0 t=47 st=4 ss1=0 ss2=2 ss3=0 g=40 mo=17 af=0 d=42760 @(-31000,29500,r1509)]
F16686 live=1 act=1 PL(2664,-7336,rot=1024,hp=-7200) [0 t=47 st=4 ss1=0 ss2=2 ss3=0 g=40 mo=17 af=0 d=42760 @(-31000,29500,r1509)]
F16687 live=1 act=1 PL(2664,-7336,rot=1024,hp=-7200) [0 t=47 st=4 ss1=0 ss2=2 ss3=0 g=40 mo=17 af=0 d=42760 @(-31000,29500,r1509)]
F16688 live=1 act=1 PL(2664,-7336,rot=1024,hp=-7200) [0 t=47 st=4 ss1=0 ss2=2 ss3=0 g=40 mo=17 af=0 d=42760 @(-31000,29500,r1509)]
F16689 live=1 act=1 PL(2664,-7336,rot=1024,hp=-7200) [0 t=47 st=4 ss1=0 ss2=2 ss3=0 g=40 mo=17 af=0 d=42760 @(-31000,29500,r1509)]
F16690 live=1 act=1 PL(2664,-7336,rot=1024,hp=-7200) [0 t=47 st=4 ss1=0 ss2=2 ss3=0 g=40 mo=17 af=0 d=42760 @(-31000,29500,r1509)]
F16691 live=1 act=1 PL(2664,-7336,rot=1024,hp=-7200) [0 t=47 st=4 ss1=0 ss2=2 ss3=0 g=40 mo=17 af=0 d=42760 @(-31000,29500,r1509)]
F16692 live=1 act=1 PL(2664,-7336,rot=1024,hp=-7200) [0 t=47 st=4 ss1=0 ss2=2 ss3=0 g=40 mo=17 af=0 d=42760 @(-31000,29500,r1509)]
F16693 live=1 act=1 PL(2664,-7336,rot=1024,hp=-7200) [0 t=47 st=4 ss1=0 ss2=2 ss3=0 g=40 mo=17 af=0 d=42760 @(-31000,29500,r1509)]
F16694 live=1 act=1 PL(2664,-7336,rot=1024,hp=-7200) [0 t=47 st=4 ss1=0 ss2=2 ss3=0 g=40 mo=17 af=0 d=42760 @(-31000,29500,r1509)]
F16695 live=1 act=1 PL(2664,-7336,rot=1024,hp=-7200) [0 t=47 st=4 ss1=0 ss2=2 ss3=0 g=40 mo=17 af=0 d=42760 @(-31000,29500,r1509)]
F16696 live=1 act=1 PL(2664,-7336,rot=1024,hp=-7200) [0 t=47 st=4 ss1=0 ss2=2 ss3=0 g=40 mo=17 af=0 d=42760 @(-31000,29500,r1509)]
F16697 live=1 act=1 PL(2664,-7336,rot=1024,hp=-7200) [0 t=47 st=4 ss1=0 ss2=2 ss3=0 g=40 mo=17 af=0 d=42760 @(-31000,29500,r1509)]
F16698 live=1 act=1 PL(2664,-7336,rot=1024,hp=-7200) [0 t=47 st=4 ss1=0 ss2=2 ss3=0 g=40 mo=17 af=0 d=42760 @(-31000,29500,r1509)]
F16699 live=1 act=1 PL(2664,-7336,rot=1024,hp=-7200) [0 t=47 st=4 ss1=0 ss2=2 ss3=0 g=40 mo=17 af=0 d=42760 @(-31000,29500,r1509)]
F16700 live=1 act=1 PL(2664,-7336,rot=1024,hp=-7200) [0 t=47 st=4 ss1=0 ss2=2 ss3=0 g=40 mo=17 af=0 d=42760 @(-31000,29500,r1509)]
F16701 live=1 act=1 PL(2664,-7336,rot=1024,hp=-7200) [0 t=47 st=4 ss1=0 ss2=2 ss3=0 g=40 mo=17 af=0 d=42760 @(-31000,29500,r1509)]
F16702 live=1 act=1 PL(2664,-7336,rot=1024,hp=-7200) [0 t=47 st=4 ss1=0 ss2=2 ss3=0 g=40 mo=17 af=0 d=42760 @(-31000,29500,r1509)]
F16703 live=1 act=1 PL(2664,-7336,rot=1024,hp=-7200) [0 t=47 st=4 ss1=0 ss2=2 ss3=0 g=40 mo=17 af=0 d=42760 @(-31000,29500,r1509)]
F16704 live=1 act=1 PL(2664,-7336,rot=1024,hp=-7200) [0 t=47 st=4 ss1=0 ss2=2 ss3=0 g=40 mo=17 af=0 d=42760 @(-31000,29500,r1509)]
F16705 live=1 act=1 PL(2664,-7336,rot=1024,hp=-7200) [0 t=47 st=4 ss1=0 ss2=2 ss3=0 g=40 mo=17 af=0 d=42760 @(-31000,29500,r1509)]
F16706 live=1 act=1 PL(2664,-7336,rot=1024,hp=-7200) [0 t=47 st=4 ss1=0 ss2=2 ss3=0 g=40 mo=17 af=0 d=42760 @(-31000,29500,r1509)]
F16707 live=1 act=1 PL(2664,-7336,rot=1024,hp=-7200) [0 t=47 st=4 ss1=0 ss2=2 ss3=0 g=40 mo=17 af=0 d=42760 @(-31000,29500,r1509)]
F16708 live=1 act=1 PL(2664,-7336,rot=1024,hp=-7200) [0 t=47 st=4 ss1=0 ss2=2 ss3=0 g=40 mo=17 af=0 d=42760 @(-31000,29500,r1509)]
F16709 live=1 act=1 PL(2664,-7336,rot=1024,hp=-7200) [0 t=47 st=4 ss1=0 ss2=2 ss3=0 g=40 mo=17 af=0 d=42760 @(-31000,29500,r1509)]
F16710 live=1 act=1 PL(2664,-7336,rot=1024,hp=-7200) [0 t=47 st=4 ss1=0 ss2=2 ss3=0 g=40 mo=17 af=0 d=42760 @(-31000,29500,r1509)]
F16711 live=1 act=1 PL(2664,-7336,rot=1024,hp=-7200) [0 t=47 st=4 ss1=0 ss2=2 ss3=0 g=40 mo=17 af=0 d=42760 @(-31000,29500,r1509)]
F16712 live=1 act=1 PL(2664,-7336,rot=1024,hp=-7200) [0 t=47 st=4 ss1=0 ss2=2 ss3=0 g=40 mo=17 af=0 d=42760 @(-31000,29500,r1509)]
F16713 live=1 act=1 PL(2664,-7336,rot=1024,hp=-7200) [0 t=47 st=4 ss1=0 ss2=2 ss3=0 g=40 mo=17 af=0 d=42760 @(-31000,29500,r1509)]
F16714 live=1 act=1 PL(2664,-7336,rot=1024,hp=-7200) [0 t=47 st=4 ss1=0 ss2=2 ss3=0 g=40 mo=17 af=0 d=42760 @(-31000,29500,r1509)]
F16715 live=1 act=1 PL(2664,-7336,rot=1024,hp=-7200) [0 t=47 st=4 ss1=0 ss2=2 ss3=0 g=40 mo=17 af=0 d=42760 @(-31000,29500,r1509)]
F16716 live=1 act=1 PL(2664,-7336,rot=1024,hp=-7200) [0 t=47 st=4 ss1=0 ss2=2 ss3=0 g=40 mo=17 af=0 d=42760 @(-31000,29500,r1509)]
F16717 live=1 act=1 PL(2664,-7336,rot=1024,hp=-7200) [0 t=47 st=4 ss1=0 ss2=2 ss3=0 g=40 mo=17 af=0 d=42760 @(-31000,29500,r1509)]
F16718 live=1 act=1 PL(2664,-7336,rot=1024,hp=-7200) [0 t=47 st=4 ss1=0 ss2=2 ss3=0 g=40 mo=17 af=0 d=42760 @(-31000,29500,r1509)]
F16719 live=1 act=1 PL(2664,-7336,rot=1024,hp=-7200) [0 t=47 st=4 ss1=0 ss2=2 ss3=0 g=40 mo=17 af=0 d=42760 @(-31000,29500,r1509)]
F16720 live=1 act=1 PL(2664,-7336,rot=1024,hp=-7200) [0 t=47 st=4 ss1=0 ss2=2 ss3=0 g=40 mo=17 af=0 d=42760 @(-31000,29500,r1509)]
F16721 live=1 act=1 PL(2664,-7336,rot=1024,hp=-7200) [0 t=47 st=4 ss1=0 ss2=2 ss3=0 g=40 mo=17 af=0 d=42760 @(-31000,29500,r1509)]
F16722 live=1 act=1 PL(2664,-7336,rot=1024,hp=-7200) [0 t=47 st=4 ss1=0 ss2=2 ss3=0 g=40 mo=17 af=0 d=42760 @(-31000,29500,r1509)]
F16723 live=1 act=1 PL(2664,-7336,rot=1024,hp=-7200) [0 t=47 st=4 ss1=0 ss2=2 ss3=0 g=40 mo=17 af=0 d=42760 @(-31000,29500,r1509)]
F16724 live=1 act=1 PL(2664,-7336,rot=1024,hp=-7200) [0 t=47 st=4 ss1=0 ss2=2 ss3=0 g=40 mo=17 af=0 d=42760 @(-31000,29500,r1509)]
F16725 live=1 act=1 PL(2664,-7336,rot=1024,hp=-7200) [0 t=47 st=4 ss1=0 ss2=2 ss3=0 g=40 mo=17 af=0 d=42760 @(-31000,29500,r1509)]
F16726 live=1 act=1 PL(2664,-7336,rot=1024,hp=-7200) [0 t=47 st=4 ss1=0 ss2=2 ss3=0 g=40 mo=17 af=0 d=42760 @(-31000,29500,r1509)]
F16727 live=1 act=1 PL(2664,-7336,rot=1024,hp=-7200) [0 t=47 st=4 ss1=0 ss2=2 ss3=0 g=40 mo=17 af=0 d=42760 @(-31000,29500,r1509)]
F16728 live=1 act=1 PL(2664,-7336,rot=1024,hp=-7200) [0 t=47 st=4 ss1=0 ss2=2 ss3=0 g=40 mo=17 af=0 d=42760 @(-31000,29500,r1509)]
F16729 live=1 act=1 PL(2664,-7336,rot=1024,hp=-7200) [0 t=47 st=4 ss1=0 ss2=2 ss3=0 g=40 mo=17 af=0 d=42760 @(-31000,29500,r1509)]
F16730 live=1 act=1 PL(2664,-7336,rot=1024,hp=-7200) [0 t=47 st=4 ss1=0 ss2=2 ss3=0 g=40 mo=17 af=0 d=42760 @(-31000,29500,r1509)]
F16731 live=1 act=1 PL(2664,-7336,rot=1024,hp=-7200) [0 t=47 st=4 ss1=0 ss2=2 ss3=0 g=40 mo=17 af=0 d=42760 @(-31000,29500,r1509)]
F16732 live=1 act=1 PL(2664,-7336,rot=1024,hp=-7200) [0 t=47 st=4 ss1=0 ss2=2 ss3=0 g=40 mo=17 af=0 d=42760 @(-31000,29500,r1509)]
F16733 live=1 act=1 PL(2664,-7336,rot=1024,hp=-7200) [0 t=47 st=4 ss1=0 ss2=2 ss3=0 g=40 mo=17 af=0 d=42760 @(-31000,29500,r1509)]
F16734 live=1 act=1 PL(2664,-7336,rot=1024,hp=-7200) [0 t=47 st=4 ss1=0 ss2=2 ss3=0 g=40 mo=17 af=0 d=42760 @(-31000,29500,r1509)]
F16735 live=1 act=1 PL(2664,-7336,rot=1024,hp=-7200) [0 t=47 st=4 ss1=0 ss2=2 ss3=0 g=40 mo=17 af=0 d=42760 @(-31000,29500,r1509)]
F16736 live=1 act=1 PL(2664,-7336,rot=1024,hp=-7200) [0 t=47 st=4 ss1=0 ss2=2 ss3=0 g=40 mo=17 af=0 d=42760 @(-31000,29500,r1509)]
F16737 live=1 act=1 PL(2664,-7336,rot=1024,hp=-7200) [0 t=47 st=4 ss1=0 ss2=2 ss3=0 g=40 mo=17 af=0 d=42760 @(-31000,29500,r1509)]
F16738 live=1 act=1 PL(2664,-7336,rot=1024,hp=-7200) [0 t=47 st=4 ss1=0 ss2=2 ss3=0 g=40 mo=17 af=0 d=42760 @(-31000,29500,r1509)]
F16739 live=1 act=1 PL(2664,-7336,rot=1024,hp=-7200) [0 t=47 st=4 ss1=0 ss2=2 ss3=0 g=40 mo=17 af=0 d=42760 @(-31000,29500,r1509)]
F16740 live=1 act=1 PL(2664,-7336,rot=1024,hp=-7200) [0 t=47 st=4 ss1=0 ss2=2 ss3=0 g=40 mo=17 af=0 d=42760 @(-31000,29500,r1509)]
F16741 live=1 act=1 PL(2664,-7336,rot=1024,hp=-7200) [0 t=47 st=4 ss1=0 ss2=2 ss3=0 g=40 mo=17 af=0 d=42760 @(-31000,29500,r1509)]
F16742 live=1 act=1 PL(2664,-7336,rot=1024,hp=-7200) [0 t=47 st=4 ss1=0 ss2=2 ss3=0 g=40 mo=17 af=0 d=42760 @(-31000,29500,r1509)]
F16743 live=1 act=1 PL(2664,-7336,rot=1024,hp=-7200) [0 t=47 st=4 ss1=0 ss2=2 ss3=0 g=40 mo=17 af=0 d=42760 @(-31000,29500,r1509)]
F16744 live=1 act=1 PL(2664,-7336,rot=1024,hp=-7200) [0 t=47 st=4 ss1=0 ss2=2 ss3=0 g=40 mo=17 af=0 d=42760 @(-31000,29500,r1509)]
F16745 live=1 act=1 PL(2664,-7336,rot=1024,hp=-7200) [0 t=47 st=4 ss1=0 ss2=2 ss3=0 g=40 mo=17 af=0 d=42760 @(-31000,29500,r1509)]
F16746 live=1 act=1 PL(2664,-7336,rot=1024,hp=-7200) [0 t=47 st=4 ss1=0 ss2=2 ss3=0 g=40 mo=17 af=0 d=42760 @(-31000,29500,r1509)]
F16747 live=1 act=1 PL(2664,-7336,rot=1024,hp=-7200) [0 t=47 st=4 ss1=0 ss2=2 ss3=0 g=40 mo=17 af=0 d=42760 @(-31000,29500,r1509)]
F16748 live=1 act=1 PL(2664,-7336,rot=1024,hp=-7200) [0 t=47 st=4 ss1=0 ss2=2 ss3=0 g=40 mo=17 af=0 d=42760 @(-31000,29500,r1509)]
F16749 live=1 act=1 PL(2664,-7336,rot=1024,hp=-7200) [0 t=47 st=4 ss1=0 ss2=2 ss3=0 g=40 mo=17 af=0 d=42760 @(-31000,29500,r1509)]
F16750 live=1 act=1 PL(2664,-7336,rot=1024,hp=-7200) [0 t=47 st=4 ss1=0 ss2=2 ss3=0 g=40 mo=17 af=0 d=42760 @(-31000,29500,r1509)]
F16751 live=1 act=1 PL(2664,-7336,rot=1024,hp=-7200) [0 t=47 st=4 ss1=0 ss2=2 ss3=0 g=40 mo=17 af=0 d=42760 @(-31000,29500,r1509)]
F16752 live=1 act=1 PL(2664,-7336,rot=1024,hp=-7200) [0 t=47 st=4 ss1=0 ss2=2 ss3=0 g=40 mo=17 af=0 d=42760 @(-31000,29500,r1509)]
F16753 live=1 act=1 PL(2664,-7336,rot=1024,hp=-7200) [0 t=47 st=4 ss1=0 ss2=2 ss3=0 g=40 mo=17 af=0 d=42760 @(-31000,29500,r1509)]
F16754 live=1 act=1 PL(2664,-7336,rot=1024,hp=-7200) [0 t=47 st=4 ss1=0 ss2=2 ss3=0 g=40 mo=17 af=0 d=42760 @(-31000,29500,r1509)]
F16755 live=1 act=1 PL(2664,-7336,rot=1024,hp=-7200) [0 t=47 st=4 ss1=0 ss2=2 ss3=0 g=40 mo=17 af=0 d=42760 @(-31000,29500,r1509)]
F16756 live=1 act=1 PL(2664,-7336,rot=1024,hp=-7200) [0 t=47 st=4 ss1=0 ss2=2 ss3=0 g=40 mo=17 af=0 d=42760 @(-31000,29500,r1509)]
F16757 live=1 act=1 PL(2664,-7336,rot=1024,hp=-7200) [0 t=47 st=4 ss1=0 ss2=2 ss3=0 g=40 mo=17 af=0 d=42760 @(-31000,29500,r1509)]
F16758 live=1 act=1 PL(2664,-7336,rot=1024,hp=-7200) [0 t=47 st=4 ss1=0 ss2=2 ss3=0 g=40 mo=17 af=0 d=42760 @(-31000,29500,r1509)]
F16759 live=1 act=1 PL(2664,-7336,rot=1024,hp=-7200) [0 t=47 st=4 ss1=0 ss2=2 ss3=0 g=40 mo=17 af=0 d=42760 @(-31000,29500,r1509)]
F16760 live=1 act=1 PL(2664,-7336,rot=1024,hp=-7200) [0 t=47 st=4 ss1=0 ss2=2 ss3=0 g=40 mo=17 af=0 d=42760 @(-31000,29500,r1509)]
F16761 live=1 act=1 PL(2664,-7336,rot=1024,hp=-7200) [0 t=47 st=4 ss1=0 ss2=2 ss3=0 g=40 mo=17 af=0 d=42760 @(-31000,29500,r1509)]
F16762 live=1 act=1 PL(2664,-7336,rot=1024,hp=-7200) [0 t=47 st=4 ss1=0 ss2=2 ss3=0 g=40 mo=17 af=0 d=42760 @(-31000,29500,r1509)]
F16763 live=1 act=1 PL(2664,-7336,rot=1024,hp=-7200) [0 t=47 st=4 ss1=0 ss2=2 ss3=0 g=40 mo=17 af=0 d=42760 @(-31000,29500,r1509)]
F16764 live=1 act=1 PL(2664,-7336,rot=1024,hp=-7200) [0 t=47 st=4 ss1=0 ss2=2 ss3=0 g=40 mo=17 af=0 d=42760 @(-31000,29500,r1509)]
F16765 live=1 act=1 PL(2664,-7336,rot=1024,hp=-7200) [0 t=47 st=4 ss1=0 ss2=2 ss3=0 g=40 mo=17 af=0 d=42760 @(-31000,29500,r1509)]
F16766 live=1 act=1 PL(2664,-7336,rot=1024,hp=-7200) [0 t=47 st=4 ss1=0 ss2=2 ss3=0 g=40 mo=17 af=0 d=42760 @(-31000,29500,r1509)]
F16767 live=1 act=1 PL(2664,-7336,rot=1024,hp=-7200) [0 t=47 st=4 ss1=0 ss2=2 ss3=0 g=40 mo=17 af=0 d=42760 @(-31000,29500,r1509)]
F16768 live=1 act=1 PL(2664,-7336,rot=1024,hp=-7200) [0 t=47 st=4 ss1=0 ss2=2 ss3=0 g=40 mo=17 af=0 d=42760 @(-31000,29500,r1509)]
F16769 live=1 act=1 PL(2664,-7336,rot=1024,hp=-7200) [0 t=47 st=4 ss1=0 ss2=2 ss3=0 g=40 mo=17 af=0 d=42760 @(-31000,29500,r1509)]
F16770 live=1 act=1 PL(2664,-7336,rot=1024,hp=-7200) [0 t=47 st=4 ss1=0 ss2=2 ss3=0 g=40 mo=17 af=0 d=42760 @(-31000,29500,r1509)]
F16771 live=1 act=1 PL(2664,-7336,rot=1024,hp=-7200) [0 t=47 st=4 ss1=0 ss2=2 ss3=0 g=40 mo=17 af=0 d=42760 @(-31000,29500,r1509)]
F16772 live=1 act=1 PL(2664,-7336,rot=1024,hp=-7200) [0 t=47 st=4 ss1=0 ss2=2 ss3=0 g=40 mo=17 af=0 d=42760 @(-31000,29500,r1509)]
F16773 live=1 act=1 PL(2664,-7336,rot=1024,hp=-7200) [0 t=47 st=4 ss1=0 ss2=2 ss3=0 g=40 mo=17 af=0 d=42760 @(-31000,29500,r1509)]
F16774 live=1 act=1 PL(2664,-7336,rot=1024,hp=-7200) [0 t=47 st=4 ss1=0 ss2=2 ss3=0 g=40 mo=17 af=0 d=42760 @(-31000,29500,r1509)]
F16775 live=1 act=1 PL(2664,-7336,rot=1024,hp=-7200) [0 t=47 st=4 ss1=0 ss2=2 ss3=0 g=40 mo=17 af=0 d=42760 @(-31000,29500,r1509)]
F16776 live=1 act=1 PL(2664,-7336,rot=1024,hp=-7200) [0 t=47 st=4 ss1=0 ss2=2 ss3=0 g=40 mo=17 af=0 d=42760 @(-31000,29500,r1509)]
F16777 live=1 act=1 PL(2664,-7336,rot=1024,hp=-7200) [0 t=47 st=4 ss1=0 ss2=2 ss3=0 g=40 mo=17 af=0 d=42760 @(-31000,29500,r1509)]
F16778 live=1 act=1 PL(2664,-7336,rot=1024,hp=-7200) [0 t=47 st=4 ss1=0 ss2=2 ss3=0 g=40 mo=17 af=0 d=42760 @(-31000,29500,r1509)]
F16779 live=1 act=1 PL(2664,-7336,rot=1024,hp=-7200) [0 t=47 st=4 ss1=0 ss2=2 ss3=0 g=40 mo=17 af=0 d=42760 @(-31000,29500,r1509)]
F16780 live=1 act=1 PL(2664,-7336,rot=1024,hp=-7200) [0 t=47 st=4 ss1=0 ss2=2 ss3=0 g=40 mo=17 af=0 d=42760 @(-31000,29500,r1509)]
F16781 live=1 act=1 PL(2664,-7336,rot=1024,hp=-7200) [0 t=47 st=4 ss1=0 ss2=2 ss3=0 g=40 mo=17 af=0 d=42760 @(-31000,29500,r1509)]
F16782 live=1 act=1 PL(2664,-7336,rot=1024,hp=-7200) [0 t=47 st=4 ss1=0 ss2=2 ss3=0 g=40 mo=17 af=0 d=42760 @(-31000,29500,r1509)]
F16783 live=1 act=1 PL(2664,-7336,rot=1024,hp=-7200) [0 t=47 st=4 ss1=0 ss2=2 ss3=0 g=40 mo=17 af=0 d=42760 @(-31000,29500,r1509)]
F16784 live=1 act=1 PL(2664,-7336,rot=1024,hp=-7200) [0 t=47 st=4 ss1=0 ss2=2 ss3=0 g=40 mo=17 af=0 d=42760 @(-31000,29500,r1509)]
F16785 live=1 act=1 PL(2664,-7336,rot=1024,hp=-7200) [0 t=47 st=4 ss1=0 ss2=2 ss3=0 g=40 mo=17 af=0 d=42760 @(-31000,29500,r1509)]
F16786 live=1 act=1 PL(2664,-7336,rot=1024,hp=-7200) [0 t=47 st=4 ss1=0 ss2=2 ss3=0 g=40 mo=17 af=0 d=42760 @(-31000,29500,r1509)]
F16787 live=1 act=1 PL(2664,-7336,rot=1024,hp=-7200) [0 t=47 st=4 ss1=0 ss2=2 ss3=0 g=40 mo=17 af=0 d=42760 @(-31000,29500,r1509)]
F16788 live=1 act=1 PL(2664,-7336,rot=1024,hp=-7200) [0 t=47 st=4 ss1=0 ss2=2 ss3=0 g=40 mo=17 af=0 d=42760 @(-31000,29500,r1509)]
F16789 live=1 act=1 PL(2664,-7336,rot=1024,hp=-7200) [0 t=47 st=4 ss1=0 ss2=2 ss3=0 g=40 mo=17 af=0 d=42760 @(-31000,29500,r1509)]
F16790 live=1 act=1 PL(2664,-7336,rot=1024,hp=-7200) [0 t=47 st=4 ss1=0 ss2=2 ss3=0 g=40 mo=17 af=0 d=42760 @(-31000,29500,r1509)]
F16791 live=1 act=1 PL(2664,-7336,rot=1024,hp=-7200) [0 t=47 st=4 ss1=0 ss2=2 ss3=0 g=40 mo=17 af=0 d=42760 @(-31000,29500,r1509)]
F16792 live=1 act=1 PL(2664,-7336,rot=1024,hp=-7200) [0 t=47 st=4 ss1=0 ss2=2 ss3=0 g=40 mo=17 af=0 d=42760 @(-31000,29500,r1509)]
F16793 live=1 act=1 PL(2664,-7336,rot=1024,hp=-7200) [0 t=47 st=4 ss1=0 ss2=2 ss3=0 g=40 mo=17 af=0 d=42760 @(-31000,29500,r1509)]
F16794 live=1 act=1 PL(2664,-7336,rot=1024,hp=-7200) [0 t=47 st=4 ss1=0 ss2=2 ss3=0 g=40 mo=17 af=0 d=42760 @(-31000,29500,r1509)]
F16795 live=1 act=1 PL(2664,-7336,rot=1024,hp=-7200) [0 t=47 st=4 ss1=0 ss2=2 ss3=0 g=40 mo=17 af=0 d=42760 @(-31000,29500,r1509)]
F16796 live=1 act=1 PL(2664,-7336,rot=1024,hp=-7200) [0 t=47 st=4 ss1=0 ss2=2 ss3=0 g=40 mo=17 af=0 d=42760 @(-31000,29500,r1509)]
F16797 live=1 act=1 PL(2664,-7336,rot=1024,hp=-7200) [0 t=47 st=4 ss1=0 ss2=2 ss3=0 g=40 mo=17 af=0 d=42760 @(-31000,29500,r1509)]
F16798 live=1 act=1 PL(2664,-7336,rot=1024,hp=-7200) [0 t=47 st=4 ss1=0 ss2=2 ss3=0 g=40 mo=17 af=0 d=42760 @(-31000,29500,r1509)]
F16799 live=1 act=1 PL(2664,-7336,rot=1024,hp=-7200) [0 t=47 st=4 ss1=0 ss2=2 ss3=0 g=40 mo=17 af=0 d=42760 @(-31000,29500,r1509)]
F16800 live=1 act=1 PL(2664,-7336,rot=1024,hp=-7200) [0 t=47 st=4 ss1=0 ss2=2 ss3=0 g=40 mo=17 af=0 d=42760 @(-31000,29500,r1509)]
F16801 live=1 act=1 PL(2664,-7336,rot=1024,hp=-7200) [0 t=47 st=4 ss1=0 ss2=2 ss3=0 g=40 mo=17 af=0 d=42760 @(-31000,29500,r1509)]
F16802 live=1 act=1 PL(2664,-7336,rot=1024,hp=-7200) [0 t=47 st=4 ss1=0 ss2=2 ss3=0 g=40 mo=17 af=0 d=42760 @(-31000,29500,r1509)]
F16803 live=1 act=1 PL(2664,-7336,rot=1024,hp=-7200) [0 t=47 st=4 ss1=0 ss2=2 ss3=0 g=40 mo=17 af=0 d=42760 @(-31000,29500,r1509)]
F16804 live=1 act=1 PL(2664,-7336,rot=1024,hp=-7200) [0 t=47 st=4 ss1=0 ss2=2 ss3=0 g=40 mo=17 af=0 d=42760 @(-31000,29500,r1509)]
F16805 live=1 act=1 PL(2664,-7336,rot=1024,hp=-7200) [0 t=47 st=4 ss1=0 ss2=2 ss3=0 g=40 mo=17 af=0 d=42760 @(-31000,29500,r1509)]
F16806 live=1 act=1 PL(2664,-7336,rot=1024,hp=-7200) [0 t=47 st=4 ss1=0 ss2=2 ss3=0 g=40 mo=17 af=0 d=42760 @(-31000,29500,r1509)]
F16807 live=1 act=1 PL(2664,-7336,rot=1024,hp=-7200) [0 t=47 st=4 ss1=0 ss2=2 ss3=0 g=40 mo=17 af=0 d=42760 @(-31000,29500,r1509)]
F16808 live=1 act=1 PL(2664,-7336,rot=1024,hp=-7200) [0 t=47 st=4 ss1=0 ss2=2 ss3=0 g=40 mo=17 af=0 d=42760 @(-31000,29500,r1509)]
F16809 live=1 act=1 PL(2664,-7336,rot=1024,hp=-7200) [0 t=47 st=4 ss1=0 ss2=2 ss3=0 g=40 mo=17 af=0 d=42760 @(-31000,29500,r1509)]
F16810 live=1 act=1 PL(2664,-7336,rot=1024,hp=-7200) [0 t=47 st=4 ss1=0 ss2=2 ss3=0 g=40 mo=17 af=0 d=42760 @(-31000,29500,r1509)]
F16811 live=1 act=1 PL(2664,-7336,rot=1024,hp=-7200) [0 t=47 st=4 ss1=0 ss2=2 ss3=0 g=40 mo=17 af=0 d=42760 @(-31000,29500,r1509)]
F16812 live=1 act=1 PL(2664,-7336,rot=1024,hp=-7200) [0 t=47 st=4 ss1=0 ss2=2 ss3=0 g=40 mo=17 af=0 d=42760 @(-31000,29500,r1509)]
F16813 live=1 act=1 PL(2664,-7336,rot=1024,hp=-7200) [0 t=47 st=4 ss1=0 ss2=2 ss3=0 g=40 mo=17 af=0 d=42760 @(-31000,29500,r1509)]
F16814 live=1 act=1 PL(2664,-7336,rot=1024,hp=-7200) [0 t=47 st=4 ss1=0 ss2=2 ss3=0 g=40 mo=17 af=0 d=42760 @(-31000,29500,r1509)]
F16815 live=1 act=1 PL(2664,-7336,rot=1024,hp=-7200) [0 t=47 st=4 ss1=0 ss2=2 ss3=0 g=40 mo=17 af=0 d=42760 @(-31000,29500,r1509)]
F16816 live=1 act=1 PL(2664,-7336,rot=1024,hp=-7200) [0 t=47 st=4 ss1=0 ss2=2 ss3=0 g=40 mo=17 af=0 d=42760 @(-31000,29500,r1509)]
F16817 live=1 act=1 PL(2664,-7336,rot=1024,hp=-7200) [0 t=47 st=4 ss1=0 ss2=2 ss3=0 g=40 mo=17 af=0 d=42760 @(-31000,29500,r1509)]
F16818 live=1 act=1 PL(2664,-7336,rot=1024,hp=-7200) [0 t=47 st=4 ss1=0 ss2=2 ss3=0 g=40 mo=17 af=0 d=42760 @(-31000,29500,r1509)]
F16819 live=1 act=1 PL(2664,-7336,rot=1024,hp=-7200) [0 t=47 st=4 ss1=0 ss2=2 ss3=0 g=40 mo=17 af=0 d=42760 @(-31000,29500,r1509)]
F16820 live=1 act=1 PL(2664,-7336,rot=1024,hp=-7200) [0 t=47 st=4 ss1=0 ss2=2 ss3=0 g=40 mo=17 af=0 d=42760 @(-31000,29500,r1509)]
F16821 live=1 act=1 PL(2664,-7336,rot=1024,hp=-7200) [0 t=47 st=4 ss1=0 ss2=2 ss3=0 g=40 mo=17 af=0 d=42760 @(-31000,29500,r1509)]
F16822 live=1 act=1 PL(2664,-7336,rot=1024,hp=-7200) [0 t=47 st=4 ss1=0 ss2=2 ss3=0 g=40 mo=17 af=0 d=42760 @(-31000,29500,r1509)]
F16823 live=1 act=1 PL(2664,-7336,rot=1024,hp=-7200) [0 t=47 st=4 ss1=0 ss2=2 ss3=0 g=40 mo=17 af=0 d=42760 @(-31000,29500,r1509)]
F16824 live=1 act=1 PL(2664,-7336,rot=1024,hp=-7200) [0 t=47 st=4 ss1=0 ss2=2 ss3=0 g=40 mo=17 af=0 d=42760 @(-31000,29500,r1509)]
F16825 live=1 act=1 PL(2664,-7336,rot=1024,hp=-7200) [0 t=47 st=4 ss1=0 ss2=2 ss3=0 g=40 mo=17 af=0 d=42760 @(-31000,29500,r1509)]
F16826 live=1 act=1 PL(2664,-7336,rot=1024,hp=-7200) [0 t=47 st=4 ss1=0 ss2=2 ss3=0 g=40 mo=17 af=0 d=42760 @(-31000,29500,r1509)]
F16827 live=1 act=1 PL(2664,-7336,rot=1024,hp=-7200) [0 t=47 st=4 ss1=0 ss2=2 ss3=0 g=40 mo=17 af=0 d=42760 @(-31000,29500,r1509)]
F16828 live=1 act=1 PL(2664,-7336,rot=1024,hp=-7200) [0 t=47 st=4 ss1=0 ss2=2 ss3=0 g=40 mo=17 af=0 d=42760 @(-31000,29500,r1509)]
F16829 live=1 act=1 PL(2664,-7336,rot=1024,hp=-7200) [0 t=47 st=4 ss1=0 ss2=2 ss3=0 g=40 mo=17 af=0 d=42760 @(-31000,29500,r1509)]
F16830 live=1 act=1 PL(2664,-7336,rot=1024,hp=-7200) [0 t=47 st=4 ss1=0 ss2=2 ss3=0 g=40 mo=17 af=0 d=42760 @(-31000,29500,r1509)]
F16831 live=1 act=1 PL(2664,-7336,rot=1024,hp=-7200) [0 t=47 st=4 ss1=0 ss2=2 ss3=0 g=40 mo=17 af=0 d=42760 @(-31000,29500,r1509)]
F16832 live=1 act=1 PL(2664,-7336,rot=1024,hp=-7200) [0 t=47 st=4 ss1=0 ss2=2 ss3=0 g=40 mo=17 af=0 d=42760 @(-31000,29500,r1509)]
F16833 live=1 act=1 PL(2664,-7336,rot=1024,hp=-7200) [0 t=47 st=4 ss1=0 ss2=2 ss3=0 g=40 mo=17 af=0 d=42760 @(-31000,29500,r1509)]
F16834 live=1 act=1 PL(2664,-7336,rot=1024,hp=-7200) [0 t=47 st=4 ss1=0 ss2=2 ss3=0 g=40 mo=17 af=0 d=42760 @(-31000,29500,r1509)]
F16835 live=1 act=1 PL(2664,-7336,rot=1024,hp=-7200) [0 t=47 st=4 ss1=0 ss2=2 ss3=0 g=40 mo=17 af=0 d=42760 @(-31000,29500,r1509)]
F16836 live=1 act=1 PL(2664,-7336,rot=1024,hp=-7200) [0 t=47 st=4 ss1=0 ss2=2 ss3=0 g=40 mo=17 af=0 d=42760 @(-31000,29500,r1509)]
F16837 live=1 act=1 PL(2664,-7336,rot=1024,hp=-7200) [0 t=47 st=4 ss1=0 ss2=2 ss3=0 g=40 mo=17 af=0 d=42760 @(-31000,29500,r1509)]
F16838 live=1 act=1 PL(2664,-7336,rot=1024,hp=-7200) [0 t=47 st=4 ss1=0 ss2=2 ss3=0 g=40 mo=17 af=0 d=42760 @(-31000,29500,r1509)]
F16839 live=1 act=1 PL(2664,-7336,rot=1024,hp=-7200) [0 t=47 st=4 ss1=0 ss2=2 ss3=0 g=40 mo=17 af=0 d=42760 @(-31000,29500,r1509)]
F16840 live=1 act=1 PL(2664,-7336,rot=1024,hp=-7200) [0 t=47 st=4 ss1=0 ss2=2 ss3=0 g=40 mo=17 af=0 d=42760 @(-31000,29500,r1509)]
F16841 live=1 act=1 PL(2664,-7336,rot=1024,hp=-7200) [0 t=47 st=4 ss1=0 ss2=2 ss3=0 g=40 mo=17 af=0 d=42760 @(-31000,29500,r1509)]
F16842 live=1 act=1 PL(2664,-7336,rot=1024,hp=-7200) [0 t=47 st=4 ss1=0 ss2=2 ss3=0 g=40 mo=17 af=0 d=42760 @(-31000,29500,r1509)]
F16843 live=1 act=1 PL(2664,-7336,rot=1024,hp=-7200) [0 t=47 st=4 ss1=0 ss2=2 ss3=0 g=40 mo=17 af=0 d=42760 @(-31000,29500,r1509)]
F16844 live=1 act=1 PL(2664,-7336,rot=1024,hp=-7200) [0 t=47 st=4 ss1=0 ss2=2 ss3=0 g=40 mo=17 af=0 d=42760 @(-31000,29500,r1509)]
F16845 live=1 act=1 PL(2664,-7336,rot=1024,hp=-7200) [0 t=47 st=4 ss1=0 ss2=2 ss3=0 g=40 mo=17 af=0 d=42760 @(-31000,29500,r1509)]
F16846 live=1 act=1 PL(2664,-7336,rot=1024,hp=-7200) [0 t=47 st=4 ss1=0 ss2=2 ss3=0 g=40 mo=17 af=0 d=42760 @(-31000,29500,r1509)]
F16847 live=1 act=1 PL(2664,-7336,rot=1024,hp=-7200) [0 t=47 st=4 ss1=0 ss2=2 ss3=0 g=40 mo=17 af=0 d=42760 @(-31000,29500,r1509)]
F16848 live=1 act=1 PL(2664,-7336,rot=1024,hp=-7200) [0 t=47 st=4 ss1=0 ss2=2 ss3=0 g=40 mo=17 af=0 d=42760 @(-31000,29500,r1509)]
F16849 live=1 act=1 PL(2664,-7336,rot=1024,hp=-7200) [0 t=47 st=4 ss1=0 ss2=2 ss3=0 g=40 mo=17 af=0 d=42760 @(-31000,29500,r1509)]
F16850 live=1 act=1 PL(2664,-7336,rot=1024,hp=-7200) [0 t=47 st=4 ss1=0 ss2=2 ss3=0 g=40 mo=17 af=0 d=42760 @(-31000,29500,r1509)]
F16851 live=1 act=1 PL(2664,-7336,rot=1024,hp=-7200) [0 t=47 st=4 ss1=0 ss2=2 ss3=0 g=40 mo=17 af=0 d=42760 @(-31000,29500,r1509)]
F16852 live=1 act=1 PL(2664,-7336,rot=1024,hp=-7200) [0 t=47 st=4 ss1=0 ss2=2 ss3=0 g=40 mo=17 af=0 d=42760 @(-31000,29500,r1509)]
F16853 live=1 act=1 PL(2664,-7336,rot=1024,hp=-7200) [0 t=47 st=4 ss1=0 ss2=2 ss3=0 g=40 mo=17 af=0 d=42760 @(-31000,29500,r1509)]
F16854 live=1 act=1 PL(2664,-7336,rot=1024,hp=-7200) [0 t=47 st=4 ss1=0 ss2=2 ss3=0 g=40 mo=17 af=0 d=42760 @(-31000,29500,r1509)]
F16855 live=1 act=1 PL(2664,-7336,rot=1024,hp=-7200) [0 t=47 st=4 ss1=0 ss2=2 ss3=0 g=40 mo=17 af=0 d=42760 @(-31000,29500,r1509)]
F16856 live=1 act=1 PL(2664,-7336,rot=1024,hp=-7200) [0 t=47 st=4 ss1=0 ss2=2 ss3=0 g=40 mo=17 af=0 d=42760 @(-31000,29500,r1509)]
F16857 live=1 act=1 PL(2664,-7336,rot=1024,hp=-7200) [0 t=47 st=4 ss1=0 ss2=2 ss3=0 g=40 mo=17 af=0 d=42760 @(-31000,29500,r1509)]
F16858 live=1 act=1 PL(2664,-7336,rot=1024,hp=-7200) [0 t=47 st=4 ss1=0 ss2=2 ss3=0 g=40 mo=17 af=0 d=42760 @(-31000,29500,r1509)]
F16859 live=1 act=1 PL(2664,-7336,rot=1024,hp=-7200) [0 t=47 st=4 ss1=0 ss2=2 ss3=0 g=40 mo=17 af=0 d=42760 @(-31000,29500,r1509)]
F16860 live=1 act=1 PL(2664,-7336,rot=1024,hp=-7200) [0 t=47 st=4 ss1=0 ss2=2 ss3=0 g=40 mo=17 af=0 d=42760 @(-31000,29500,r1509)]
F16861 live=1 act=1 PL(2664,-7336,rot=1024,hp=-7200) [0 t=47 st=4 ss1=0 ss2=2 ss3=0 g=40 mo=17 af=0 d=42760 @(-31000,29500,r1509)]
F16862 live=1 act=1 PL(2664,-7336,rot=1024,hp=-7200) [0 t=47 st=4 ss1=0 ss2=2 ss3=0 g=40 mo=17 af=0 d=42760 @(-31000,29500,r1509)]
F16863 live=1 act=1 PL(2664,-7336,rot=1024,hp=-7200) [0 t=47 st=4 ss1=0 ss2=2 ss3=0 g=40 mo=17 af=0 d=42760 @(-31000,29500,r1509)]
F16864 live=1 act=1 PL(2664,-7336,rot=1024,hp=-7200) [0 t=47 st=4 ss1=0 ss2=2 ss3=0 g=40 mo=17 af=0 d=42760 @(-31000,29500,r1509)]
F16865 live=1 act=1 PL(2664,-7336,rot=1024,hp=-7200) [0 t=47 st=4 ss1=0 ss2=2 ss3=0 g=40 mo=17 af=0 d=42760 @(-31000,29500,r1509)]
F16866 live=1 act=1 PL(2664,-7336,rot=1024,hp=-7200) [0 t=47 st=4 ss1=0 ss2=2 ss3=0 g=40 mo=17 af=0 d=42760 @(-31000,29500,r1509)]
F16867 live=1 act=1 PL(2664,-7336,rot=1024,hp=-7200) [0 t=47 st=4 ss1=0 ss2=2 ss3=0 g=40 mo=17 af=0 d=42760 @(-31000,29500,r1509)]
F16868 live=1 act=1 PL(2664,-7336,rot=1024,hp=-7200) [0 t=47 st=4 ss1=0 ss2=2 ss3=0 g=40 mo=17 af=0 d=42760 @(-31000,29500,r1509)]
F16869 live=1 act=1 PL(2664,-7336,rot=1024,hp=-7200) [0 t=47 st=4 ss1=0 ss2=2 ss3=0 g=40 mo=17 af=0 d=42760 @(-31000,29500,r1509)]
F16870 live=1 act=1 PL(2664,-7336,rot=1024,hp=-7200) [0 t=47 st=4 ss1=0 ss2=2 ss3=0 g=40 mo=17 af=0 d=42760 @(-31000,29500,r1509)]
F16871 live=1 act=1 PL(2664,-7336,rot=1024,hp=-7200) [0 t=47 st=4 ss1=0 ss2=2 ss3=0 g=40 mo=17 af=0 d=42760 @(-31000,29500,r1509)]
F16872 live=1 act=1 PL(2664,-7336,rot=1024,hp=-7200) [0 t=47 st=4 ss1=0 ss2=2 ss3=0 g=40 mo=17 af=0 d=42760 @(-31000,29500,r1509)]
F16873 live=1 act=1 PL(2664,-7336,rot=1024,hp=-7200) [0 t=47 st=4 ss1=0 ss2=2 ss3=0 g=40 mo=17 af=0 d=42760 @(-31000,29500,r1509)]
F16874 live=1 act=1 PL(2664,-7336,rot=1024,hp=-7200) [0 t=47 st=4 ss1=0 ss2=2 ss3=0 g=40 mo=17 af=0 d=42760 @(-31000,29500,r1509)]
F16875 live=1 act=1 PL(2664,-7336,rot=1024,hp=-7200) [0 t=47 st=4 ss1=0 ss2=2 ss3=0 g=40 mo=17 af=0 d=42760 @(-31000,29500,r1509)]
F16876 live=1 act=1 PL(2664,-7336,rot=1024,hp=-7200) [0 t=47 st=4 ss1=0 ss2=2 ss3=0 g=40 mo=17 af=0 d=42760 @(-31000,29500,r1509)]
F16877 live=1 act=1 PL(2664,-7336,rot=1024,hp=-7200) [0 t=47 st=4 ss1=0 ss2=2 ss3=0 g=40 mo=17 af=0 d=42760 @(-31000,29500,r1509)]
F16878 live=1 act=1 PL(2664,-7336,rot=1024,hp=-7200) [0 t=47 st=4 ss1=0 ss2=2 ss3=0 g=40 mo=17 af=0 d=42760 @(-31000,29500,r1509)]
F16879 live=1 act=1 PL(2664,-7336,rot=1024,hp=-7200) [0 t=47 st=4 ss1=0 ss2=2 ss3=0 g=40 mo=17 af=0 d=42760 @(-31000,29500,r1509)]
F16880 live=1 act=1 PL(2664,-7336,rot=1024,hp=-7200) [0 t=47 st=4 ss1=0 ss2=2 ss3=0 g=40 mo=17 af=0 d=42760 @(-31000,29500,r1509)]
F16881 live=1 act=1 PL(2664,-7336,rot=1024,hp=-7200) [0 t=47 st=4 ss1=0 ss2=2 ss3=0 g=40 mo=17 af=0 d=42760 @(-31000,29500,r1509)]
F16882 live=1 act=1 PL(2664,-7336,rot=1024,hp=-7200) [0 t=47 st=4 ss1=0 ss2=2 ss3=0 g=40 mo=17 af=0 d=42760 @(-31000,29500,r1509)]
F16883 live=1 act=1 PL(2664,-7336,rot=1024,hp=-7200) [0 t=47 st=4 ss1=0 ss2=2 ss3=0 g=40 mo=17 af=0 d=42760 @(-31000,29500,r1509)]
F16884 live=1 act=1 PL(2664,-7336,rot=1024,hp=-7200) [0 t=47 st=4 ss1=0 ss2=2 ss3=0 g=40 mo=17 af=0 d=42760 @(-31000,29500,r1509)]
F16885 live=1 act=1 PL(2664,-7336,rot=1024,hp=-7200) [0 t=47 st=4 ss1=0 ss2=2 ss3=0 g=40 mo=17 af=0 d=42760 @(-31000,29500,r1509)]
F16886 live=1 act=1 PL(2664,-7336,rot=1024,hp=-7200) [0 t=47 st=4 ss1=0 ss2=2 ss3=0 g=40 mo=17 af=0 d=42760 @(-31000,29500,r1509)]
F16887 live=1 act=1 PL(2664,-7336,rot=1024,hp=-7200) [0 t=47 st=4 ss1=0 ss2=2 ss3=0 g=40 mo=17 af=0 d=42760 @(-31000,29500,r1509)]
F16888 live=1 act=1 PL(2664,-7336,rot=1024,hp=-7200) [0 t=47 st=4 ss1=0 ss2=2 ss3=0 g=40 mo=17 af=0 d=42760 @(-31000,29500,r1509)]
F16889 live=1 act=1 PL(2664,-7336,rot=1024,hp=-7200) [0 t=47 st=4 ss1=0 ss2=2 ss3=0 g=40 mo=17 af=0 d=42760 @(-31000,29500,r1509)]
F16890 live=1 act=1 PL(2664,-7336,rot=1024,hp=-7200) [0 t=47 st=4 ss1=0 ss2=2 ss3=0 g=40 mo=17 af=0 d=42760 @(-31000,29500,r1509)]
F16891 live=1 act=1 PL(2664,-7336,rot=1024,hp=-7200) [0 t=47 st=4 ss1=0 ss2=2 ss3=0 g=40 mo=17 af=0 d=42760 @(-31000,29500,r1509)]
F16892 live=1 act=1 PL(2664,-7336,rot=1024,hp=-7200) [0 t=47 st=4 ss1=0 ss2=2 ss3=0 g=40 mo=17 af=0 d=42760 @(-31000,29500,r1509)]
F16893 live=1 act=1 PL(2664,-7336,rot=1024,hp=-7200) [0 t=47 st=4 ss1=0 ss2=2 ss3=0 g=40 mo=17 af=0 d=42760 @(-31000,29500,r1509)]
F16894 live=1 act=1 PL(2664,-7336,rot=1024,hp=-7200) [0 t=47 st=4 ss1=0 ss2=2 ss3=0 g=40 mo=17 af=0 d=42760 @(-31000,29500,r1509)]
F16895 live=1 act=1 PL(2664,-7336,rot=1024,hp=-7200) [0 t=47 st=4 ss1=0 ss2=2 ss3=0 g=40 mo=17 af=0 d=42760 @(-31000,29500,r1509)]
F16896 live=1 act=1 PL(2664,-7336,rot=1024,hp=-7200) [0 t=47 st=4 ss1=0 ss2=2 ss3=0 g=40 mo=17 af=0 d=42760 @(-31000,29500,r1509)]
F16897 live=1 act=1 PL(2664,-7336,rot=1024,hp=-7200) [0 t=47 st=4 ss1=0 ss2=2 ss3=0 g=40 mo=17 af=0 d=42760 @(-31000,29500,r1509)]
F16898 live=1 act=1 PL(2664,-7336,rot=1024,hp=-7200) [0 t=47 st=4 ss1=0 ss2=2 ss3=0 g=40 mo=17 af=0 d=42760 @(-31000,29500,r1509)]
F16899 live=1 act=1 PL(2664,-7336,rot=1024,hp=-7200) [0 t=47 st=4 ss1=0 ss2=2 ss3=0 g=40 mo=17 af=0 d=42760 @(-31000,29500,r1509)]
F16900 live=1 act=1 PL(2664,-7336,rot=1024,hp=-7200) [0 t=47 st=4 ss1=0 ss2=2 ss3=0 g=40 mo=17 af=0 d=42760 @(-31000,29500,r1509)]
F16901 live=1 act=1 PL(2664,-7336,rot=1024,hp=-7200) [0 t=47 st=4 ss1=0 ss2=2 ss3=0 g=40 mo=17 af=0 d=42760 @(-31000,29500,r1509)]
F16902 live=1 act=1 PL(2664,-7336,rot=1024,hp=-7200) [0 t=47 st=4 ss1=0 ss2=2 ss3=0 g=40 mo=17 af=0 d=42760 @(-31000,29500,r1509)]
F16903 live=1 act=1 PL(2664,-7336,rot=1024,hp=-7200) [0 t=47 st=4 ss1=0 ss2=2 ss3=0 g=40 mo=17 af=0 d=42760 @(-31000,29500,r1509)]
F16904 live=1 act=1 PL(2664,-7336,rot=1024,hp=-7200) [0 t=47 st=4 ss1=0 ss2=2 ss3=0 g=40 mo=17 af=0 d=42760 @(-31000,29500,r1509)]
F16905 live=1 act=1 PL(2664,-7336,rot=1024,hp=-7200) [0 t=47 st=4 ss1=0 ss2=2 ss3=0 g=40 mo=17 af=0 d=42760 @(-31000,29500,r1509)]
F16906 live=1 act=1 PL(2664,-7336,rot=1024,hp=-7200) [0 t=47 st=4 ss1=0 ss2=2 ss3=0 g=40 mo=17 af=0 d=42760 @(-31000,29500,r1509)]
F16907 live=1 act=1 PL(2664,-7336,rot=1024,hp=-7200) [0 t=47 st=4 ss1=0 ss2=2 ss3=0 g=40 mo=17 af=0 d=42760 @(-31000,29500,r1509)]
F16908 live=1 act=1 PL(2664,-7336,rot=1024,hp=-7200) [0 t=47 st=4 ss1=0 ss2=2 ss3=0 g=40 mo=17 af=0 d=42760 @(-31000,29500,r1509)]
F16909 live=1 act=1 PL(2664,-7336,rot=1024,hp=-7200) [0 t=47 st=4 ss1=0 ss2=2 ss3=0 g=40 mo=17 af=0 d=42760 @(-31000,29500,r1509)]
F16910 live=1 act=1 PL(2664,-7336,rot=1024,hp=-7200) [0 t=47 st=4 ss1=0 ss2=2 ss3=0 g=40 mo=17 af=0 d=42760 @(-31000,29500,r1509)]
F16911 live=1 act=1 PL(2664,-7336,rot=1024,hp=-7200) [0 t=47 st=4 ss1=0 ss2=2 ss3=0 g=40 mo=17 af=0 d=42760 @(-31000,29500,r1509)]
F16912 live=1 act=1 PL(2664,-7336,rot=1024,hp=-7200) [0 t=47 st=4 ss1=0 ss2=2 ss3=0 g=40 mo=17 af=0 d=42760 @(-31000,29500,r1509)]
F16913 live=1 act=1 PL(2664,-7336,rot=1024,hp=-7200) [0 t=47 st=4 ss1=0 ss2=2 ss3=0 g=40 mo=17 af=0 d=42760 @(-31000,29500,r1509)]
F16914 live=1 act=1 PL(2664,-7336,rot=1024,hp=-7200) [0 t=47 st=4 ss1=0 ss2=2 ss3=0 g=40 mo=17 af=0 d=42760 @(-31000,29500,r1509)]
F16915 live=1 act=1 PL(2664,-7336,rot=1024,hp=-7200) [0 t=47 st=4 ss1=0 ss2=2 ss3=0 g=40 mo=17 af=0 d=42760 @(-31000,29500,r1509)]
F16916 live=1 act=1 PL(2664,-7336,rot=1024,hp=-7200) [0 t=47 st=4 ss1=0 ss2=2 ss3=0 g=40 mo=17 af=0 d=42760 @(-31000,29500,r1509)]
F16917 live=1 act=1 PL(2664,-7336,rot=1024,hp=-7200) [0 t=47 st=4 ss1=0 ss2=2 ss3=0 g=40 mo=17 af=0 d=42760 @(-31000,29500,r1509)]
F16918 live=1 act=1 PL(2664,-7336,rot=1024,hp=-7200) [0 t=47 st=4 ss1=0 ss2=2 ss3=0 g=40 mo=17 af=0 d=42760 @(-31000,29500,r1509)]
F16919 live=1 act=1 PL(2664,-7336,rot=1024,hp=-7200) [0 t=47 st=4 ss1=0 ss2=2 ss3=0 g=40 mo=17 af=0 d=42760 @(-31000,29500,r1509)]
F16920 live=1 act=1 PL(2664,-7336,rot=1024,hp=-7200) [0 t=47 st=4 ss1=0 ss2=2 ss3=0 g=40 mo=17 af=0 d=42760 @(-31000,29500,r1509)]
F16921 live=1 act=1 PL(2664,-7336,rot=1024,hp=-7200) [0 t=47 st=4 ss1=0 ss2=2 ss3=0 g=40 mo=17 af=0 d=42760 @(-31000,29500,r1509)]
F16922 live=1 act=1 PL(2664,-7336,rot=1024,hp=-7200) [0 t=47 st=4 ss1=0 ss2=2 ss3=0 g=40 mo=17 af=0 d=42760 @(-31000,29500,r1509)]
F16923 live=1 act=1 PL(2664,-7336,rot=1024,hp=-7200) [0 t=47 st=4 ss1=0 ss2=2 ss3=0 g=40 mo=17 af=0 d=42760 @(-31000,29500,r1509)]
F16924 live=1 act=1 PL(2664,-7336,rot=1024,hp=-7200) [0 t=47 st=4 ss1=0 ss2=2 ss3=0 g=40 mo=17 af=0 d=42760 @(-31000,29500,r1509)]
F16925 live=1 act=1 PL(2664,-7336,rot=1024,hp=-7200) [0 t=47 st=4 ss1=0 ss2=2 ss3=0 g=40 mo=17 af=0 d=42760 @(-31000,29500,r1509)]
F16926 live=1 act=1 PL(2664,-7336,rot=1024,hp=-7200) [0 t=47 st=4 ss1=0 ss2=2 ss3=0 g=40 mo=17 af=0 d=42760 @(-31000,29500,r1509)]
F16927 live=1 act=1 PL(2664,-7336,rot=1024,hp=-7200) [0 t=47 st=4 ss1=0 ss2=2 ss3=0 g=40 mo=17 af=0 d=42760 @(-31000,29500,r1509)]
F16928 live=1 act=1 PL(2664,-7336,rot=1024,hp=-7200) [0 t=47 st=4 ss1=0 ss2=2 ss3=0 g=40 mo=17 af=0 d=42760 @(-31000,29500,r1509)]
F16929 live=1 act=1 PL(2664,-7336,rot=1024,hp=-7200) [0 t=47 st=4 ss1=0 ss2=2 ss3=0 g=40 mo=17 af=0 d=42760 @(-31000,29500,r1509)]
F16930 live=1 act=1 PL(2664,-7336,rot=1024,hp=-7200) [0 t=47 st=4 ss1=0 ss2=2 ss3=0 g=40 mo=17 af=0 d=42760 @(-31000,29500,r1509)]
F16931 live=1 act=1 PL(2664,-7336,rot=1024,hp=-7200) [0 t=47 st=4 ss1=0 ss2=2 ss3=0 g=40 mo=17 af=0 d=42760 @(-31000,29500,r1509)]
F16932 live=1 act=1 PL(2664,-7336,rot=1024,hp=-7200) [0 t=47 st=4 ss1=0 ss2=2 ss3=0 g=40 mo=17 af=0 d=42760 @(-31000,29500,r1509)]
F16933 live=1 act=1 PL(2664,-7336,rot=1024,hp=-7200) [0 t=47 st=4 ss1=0 ss2=2 ss3=0 g=40 mo=17 af=0 d=42760 @(-31000,29500,r1509)]
F16934 live=1 act=1 PL(2664,-7336,rot=1024,hp=-7200) [0 t=47 st=4 ss1=0 ss2=2 ss3=0 g=40 mo=17 af=0 d=42760 @(-31000,29500,r1509)]
F16935 live=1 act=1 PL(2664,-7336,rot=1024,hp=-7200) [0 t=47 st=4 ss1=0 ss2=2 ss3=0 g=40 mo=17 af=0 d=42760 @(-31000,29500,r1509)]
F16936 live=1 act=1 PL(2664,-7336,rot=1024,hp=-7200) [0 t=47 st=4 ss1=0 ss2=2 ss3=0 g=40 mo=17 af=0 d=42760 @(-31000,29500,r1509)]
F16937 live=1 act=1 PL(2664,-7336,rot=1024,hp=-7200) [0 t=47 st=4 ss1=0 ss2=2 ss3=0 g=40 mo=17 af=0 d=42760 @(-31000,29500,r1509)]
F16938 live=1 act=1 PL(2664,-7336,rot=1024,hp=-7200) [0 t=47 st=4 ss1=0 ss2=2 ss3=0 g=40 mo=17 af=0 d=42760 @(-31000,29500,r1509)]
F16939 live=1 act=1 PL(2664,-7336,rot=1024,hp=-7200) [0 t=47 st=4 ss1=0 ss2=2 ss3=0 g=40 mo=17 af=0 d=42760 @(-31000,29500,r1509)]
F16940 live=1 act=1 PL(2664,-7336,rot=1024,hp=-7200) [0 t=47 st=4 ss1=0 ss2=2 ss3=0 g=40 mo=17 af=0 d=42760 @(-31000,29500,r1509)]
F16941 live=1 act=1 PL(2664,-7336,rot=1024,hp=-7200) [0 t=47 st=4 ss1=0 ss2=2 ss3=0 g=40 mo=17 af=0 d=42760 @(-31000,29500,r1509)]
F16942 live=1 act=1 PL(2664,-7336,rot=1024,hp=-7200) [0 t=47 st=4 ss1=0 ss2=2 ss3=0 g=40 mo=17 af=0 d=42760 @(-31000,29500,r1509)]
F16943 live=1 act=1 PL(2664,-7336,rot=1024,hp=-7200) [0 t=47 st=4 ss1=0 ss2=2 ss3=0 g=40 mo=17 af=0 d=42760 @(-31000,29500,r1509)]
F16944 live=1 act=1 PL(2664,-7336,rot=1024,hp=-7200) [0 t=47 st=4 ss1=0 ss2=2 ss3=0 g=40 mo=17 af=0 d=42760 @(-31000,29500,r1509)]
F16945 live=1 act=1 PL(2664,-7336,rot=1024,hp=-7200) [0 t=47 st=4 ss1=0 ss2=2 ss3=0 g=40 mo=17 af=0 d=42760 @(-31000,29500,r1509)]
F16946 live=1 act=1 PL(2664,-7336,rot=1024,hp=-7200) [0 t=47 st=4 ss1=0 ss2=2 ss3=0 g=40 mo=17 af=0 d=42760 @(-31000,29500,r1509)]
F16947 live=1 act=1 PL(2664,-7336,rot=1024,hp=-7200) [0 t=47 st=4 ss1=0 ss2=2 ss3=0 g=40 mo=17 af=0 d=42760 @(-31000,29500,r1509)]
F16948 live=1 act=1 PL(2664,-7336,rot=1024,hp=-7200) [0 t=47 st=4 ss1=0 ss2=2 ss3=0 g=40 mo=17 af=0 d=42760 @(-31000,29500,r1509)]
F16949 live=1 act=1 PL(2664,-7336,rot=1024,hp=-7200) [0 t=47 st=4 ss1=0 ss2=2 ss3=0 g=40 mo=17 af=0 d=42760 @(-31000,29500,r1509)]
F16950 live=1 act=1 PL(2664,-7336,rot=1024,hp=-7200) [0 t=47 st=4 ss1=0 ss2=2 ss3=0 g=40 mo=17 af=0 d=42760 @(-31000,29500,r1509)]
F16951 live=1 act=1 PL(2664,-7336,rot=1024,hp=-7200) [0 t=47 st=4 ss1=0 ss2=2 ss3=0 g=40 mo=17 af=0 d=42760 @(-31000,29500,r1509)]
F16952 live=1 act=1 PL(2664,-7336,rot=1024,hp=-7200) [0 t=47 st=4 ss1=0 ss2=2 ss3=0 g=40 mo=17 af=0 d=42760 @(-31000,29500,r1509)]
F16953 live=1 act=1 PL(2664,-7336,rot=1024,hp=-7200) [0 t=47 st=4 ss1=0 ss2=2 ss3=0 g=40 mo=17 af=0 d=42760 @(-31000,29500,r1509)]
F16954 live=1 act=1 PL(2664,-7336,rot=1024,hp=-7200) [0 t=47 st=4 ss1=0 ss2=2 ss3=0 g=40 mo=17 af=0 d=42760 @(-31000,29500,r1509)]
F16955 live=1 act=1 PL(2664,-7336,rot=1024,hp=-7200) [0 t=47 st=4 ss1=0 ss2=2 ss3=0 g=40 mo=17 af=0 d=42760 @(-31000,29500,r1509)]
F16956 live=1 act=1 PL(2664,-7336,rot=1024,hp=-7200) [0 t=47 st=4 ss1=0 ss2=2 ss3=0 g=40 mo=17 af=0 d=42760 @(-31000,29500,r1509)]
F16957 live=1 act=1 PL(2664,-7336,rot=1024,hp=-7200) [0 t=47 st=4 ss1=0 ss2=2 ss3=0 g=40 mo=17 af=0 d=42760 @(-31000,29500,r1509)]
F16958 live=1 act=1 PL(2664,-7336,rot=1024,hp=-7200) [0 t=47 st=4 ss1=0 ss2=2 ss3=0 g=40 mo=17 af=0 d=42760 @(-31000,29500,r1509)]
F16959 live=1 act=1 PL(2664,-7336,rot=1024,hp=-7200) [0 t=47 st=4 ss1=0 ss2=2 ss3=0 g=40 mo=17 af=0 d=42760 @(-31000,29500,r1509)]
F16960 live=1 act=1 PL(2664,-7336,rot=1024,hp=-7200) [0 t=47 st=4 ss1=0 ss2=2 ss3=0 g=40 mo=17 af=0 d=42760 @(-31000,29500,r1509)]
F16961 live=1 act=1 PL(2664,-7336,rot=1024,hp=-7200) [0 t=47 st=4 ss1=0 ss2=2 ss3=0 g=40 mo=17 af=0 d=42760 @(-31000,29500,r1509)]
F16962 live=1 act=1 PL(2664,-7336,rot=1024,hp=-7200) [0 t=47 st=4 ss1=0 ss2=2 ss3=0 g=40 mo=17 af=0 d=42760 @(-31000,29500,r1509)]
F16963 live=1 act=1 PL(2664,-7336,rot=1024,hp=-7200) [0 t=47 st=4 ss1=0 ss2=2 ss3=0 g=40 mo=17 af=0 d=42760 @(-31000,29500,r1509)]
F16964 live=1 act=1 PL(2664,-7336,rot=1024,hp=-7200) [0 t=47 st=4 ss1=0 ss2=2 ss3=0 g=40 mo=17 af=0 d=42760 @(-31000,29500,r1509)]
F16965 live=1 act=1 PL(2664,-7336,rot=1024,hp=-7200) [0 t=47 st=4 ss1=0 ss2=2 ss3=0 g=40 mo=17 af=0 d=42760 @(-31000,29500,r1509)]
F16966 live=1 act=1 PL(2664,-7336,rot=1024,hp=-7200) [0 t=47 st=4 ss1=0 ss2=2 ss3=0 g=40 mo=17 af=0 d=42760 @(-31000,29500,r1509)]
F16967 live=1 act=1 PL(2664,-7336,rot=1024,hp=-7200) [0 t=47 st=4 ss1=0 ss2=2 ss3=0 g=40 mo=17 af=0 d=42760 @(-31000,29500,r1509)]
F16968 live=1 act=1 PL(2664,-7336,rot=1024,hp=-7200) [0 t=47 st=4 ss1=0 ss2=2 ss3=0 g=40 mo=17 af=0 d=42760 @(-31000,29500,r1509)]
F16969 live=1 act=1 PL(2664,-7336,rot=1024,hp=-7200) [0 t=47 st=4 ss1=0 ss2=2 ss3=0 g=40 mo=17 af=0 d=42760 @(-31000,29500,r1509)]
F16970 live=1 act=1 PL(2664,-7336,rot=1024,hp=-7200) [0 t=47 st=4 ss1=0 ss2=2 ss3=0 g=40 mo=17 af=0 d=42760 @(-31000,29500,r1509)]
F16971 live=1 act=1 PL(2664,-7336,rot=1024,hp=-7200) [0 t=47 st=4 ss1=0 ss2=2 ss3=0 g=40 mo=17 af=0 d=42760 @(-31000,29500,r1509)]
F16972 live=1 act=1 PL(2664,-7336,rot=1024,hp=-7200) [0 t=47 st=4 ss1=0 ss2=2 ss3=0 g=40 mo=17 af=0 d=42760 @(-31000,29500,r1509)]
F16973 live=1 act=1 PL(2664,-7336,rot=1024,hp=-7200) [0 t=47 st=4 ss1=0 ss2=2 ss3=0 g=40 mo=17 af=0 d=42760 @(-31000,29500,r1509)]
F16974 live=1 act=1 PL(2664,-7336,rot=1024,hp=-7200) [0 t=47 st=4 ss1=0 ss2=2 ss3=0 g=40 mo=17 af=0 d=42760 @(-31000,29500,r1509)]
F16975 live=1 act=1 PL(2664,-7336,rot=1024,hp=-7200) [0 t=47 st=4 ss1=0 ss2=2 ss3=0 g=40 mo=17 af=0 d=42760 @(-31000,29500,r1509)]
F16976 live=1 act=1 PL(2664,-7336,rot=1024,hp=-7200) [0 t=47 st=4 ss1=0 ss2=2 ss3=0 g=40 mo=17 af=0 d=42760 @(-31000,29500,r1509)]
F16977 live=1 act=1 PL(2664,-7336,rot=1024,hp=-7200) [0 t=47 st=4 ss1=0 ss2=2 ss3=0 g=40 mo=17 af=0 d=42760 @(-31000,29500,r1509)]
F16978 live=1 act=1 PL(2664,-7336,rot=1024,hp=-7200) [0 t=47 st=4 ss1=0 ss2=2 ss3=0 g=40 mo=17 af=0 d=42760 @(-31000,29500,r1509)]
F16979 live=1 act=1 PL(2664,-7336,rot=1024,hp=-7200) [0 t=47 st=4 ss1=0 ss2=2 ss3=0 g=40 mo=17 af=0 d=42760 @(-31000,29500,r1509)]
F16980 live=1 act=1 PL(2664,-7336,rot=1024,hp=-7200) [0 t=47 st=4 ss1=0 ss2=2 ss3=0 g=40 mo=17 af=0 d=42760 @(-31000,29500,r1509)]
F16981 live=1 act=1 PL(2664,-7336,rot=1024,hp=-7200) [0 t=47 st=4 ss1=0 ss2=2 ss3=0 g=40 mo=17 af=0 d=42760 @(-31000,29500,r1509)]
F16982 live=1 act=1 PL(2664,-7336,rot=1024,hp=-7200) [0 t=47 st=4 ss1=0 ss2=2 ss3=0 g=40 mo=17 af=0 d=42760 @(-31000,29500,r1509)]
F16983 live=1 act=1 PL(2664,-7336,rot=1024,hp=-7200) [0 t=47 st=4 ss1=0 ss2=2 ss3=0 g=40 mo=17 af=0 d=42760 @(-31000,29500,r1509)]
F16984 live=1 act=1 PL(2664,-7336,rot=1024,hp=-7200) [0 t=47 st=4 ss1=0 ss2=2 ss3=0 g=40 mo=17 af=0 d=42760 @(-31000,29500,r1509)]
F16985 live=1 act=1 PL(2664,-7336,rot=1024,hp=-7200) [0 t=47 st=4 ss1=0 ss2=2 ss3=0 g=40 mo=17 af=0 d=42760 @(-31000,29500,r1509)]
F16986 live=1 act=1 PL(2664,-7336,rot=1024,hp=-7200) [0 t=47 st=4 ss1=0 ss2=2 ss3=0 g=40 mo=17 af=0 d=42760 @(-31000,29500,r1509)]
F16987 live=1 act=1 PL(2664,-7336,rot=1024,hp=-7200) [0 t=47 st=4 ss1=0 ss2=2 ss3=0 g=40 mo=17 af=0 d=42760 @(-31000,29500,r1509)]
F16988 live=1 act=1 PL(2664,-7336,rot=1024,hp=-7200) [0 t=47 st=4 ss1=0 ss2=2 ss3=0 g=40 mo=17 af=0 d=42760 @(-31000,29500,r1509)]
F16989 live=1 act=1 PL(2664,-7336,rot=1024,hp=-7200) [0 t=47 st=4 ss1=0 ss2=2 ss3=0 g=40 mo=17 af=0 d=42760 @(-31000,29500,r1509)]
F16990 live=1 act=1 PL(2664,-7336,rot=1024,hp=-7200) [0 t=47 st=4 ss1=0 ss2=2 ss3=0 g=40 mo=17 af=0 d=42760 @(-31000,29500,r1509)]
F16991 live=1 act=1 PL(2664,-7336,rot=1024,hp=-7200) [0 t=47 st=4 ss1=0 ss2=2 ss3=0 g=40 mo=17 af=0 d=42760 @(-31000,29500,r1509)]
F16992 live=1 act=1 PL(2664,-7336,rot=1024,hp=-7200) [0 t=47 st=4 ss1=0 ss2=2 ss3=0 g=40 mo=17 af=0 d=42760 @(-31000,29500,r1509)]
F16993 live=1 act=1 PL(2664,-7336,rot=1024,hp=-7200) [0 t=47 st=4 ss1=0 ss2=2 ss3=0 g=40 mo=17 af=0 d=42760 @(-31000,29500,r1509)]
F16994 live=1 act=1 PL(2664,-7336,rot=1024,hp=-7200) [0 t=47 st=4 ss1=0 ss2=2 ss3=0 g=40 mo=17 af=0 d=42760 @(-31000,29500,r1509)]
F16995 live=1 act=1 PL(2664,-7336,rot=1024,hp=-7200) [0 t=47 st=4 ss1=0 ss2=2 ss3=0 g=40 mo=17 af=0 d=42760 @(-31000,29500,r1509)]
F16996 live=1 act=1 PL(2664,-7336,rot=1024,hp=-7200) [0 t=47 st=4 ss1=0 ss2=2 ss3=0 g=40 mo=17 af=0 d=42760 @(-31000,29500,r1509)]
F16997 live=1 act=1 PL(2664,-7336,rot=1024,hp=-7200) [0 t=47 st=4 ss1=0 ss2=2 ss3=0 g=40 mo=17 af=0 d=42760 @(-31000,29500,r1509)]
F16998 live=1 act=1 PL(2664,-7336,rot=1024,hp=-7200) [0 t=47 st=4 ss1=0 ss2=2 ss3=0 g=40 mo=17 af=0 d=42760 @(-31000,29500,r1509)]
F16999 live=1 act=1 PL(2664,-7336,rot=1024,hp=-7200) [0 t=47 st=4 ss1=0 ss2=2 ss3=0 g=40 mo=17 af=0 d=42760 @(-31000,29500,r1509)]
F17000 live=1 act=1 PL(2664,-7336,rot=1024,hp=-7200) [0 t=47 st=4 ss1=0 ss2=2 ss3=0 g=40 mo=17 af=0 d=42760 @(-31000,29500,r1509)]
F17001 live=1 act=1 PL(2664,-7336,rot=1024,hp=-7200) [0 t=47 st=4 ss1=0 ss2=2 ss3=0 g=40 mo=17 af=0 d=42760 @(-31000,29500,r1509)]
F17002 live=1 act=1 PL(2664,-7336,rot=1024,hp=-7200) [0 t=47 st=4 ss1=0 ss2=2 ss3=0 g=40 mo=17 af=0 d=42760 @(-31000,29500,r1509)]
F17003 live=1 act=1 PL(2664,-7336,rot=1024,hp=-7200) [0 t=47 st=4 ss1=0 ss2=2 ss3=0 g=40 mo=17 af=0 d=42760 @(-31000,29500,r1509)]
F17004 live=1 act=1 PL(2664,-7336,rot=1024,hp=-7200) [0 t=47 st=4 ss1=0 ss2=2 ss3=0 g=40 mo=17 af=0 d=42760 @(-31000,29500,r1509)]
F17005 live=1 act=1 PL(2664,-7336,rot=1024,hp=-7200) [0 t=47 st=4 ss1=0 ss2=2 ss3=0 g=40 mo=17 af=0 d=42760 @(-31000,29500,r1509)]
F17006 live=1 act=1 PL(2664,-7336,rot=1024,hp=-7200) [0 t=47 st=4 ss1=0 ss2=2 ss3=0 g=40 mo=17 af=0 d=42760 @(-31000,29500,r1509)]
F17007 live=1 act=1 PL(2664,-7336,rot=1024,hp=-7200) [0 t=47 st=4 ss1=0 ss2=2 ss3=0 g=40 mo=17 af=0 d=42760 @(-31000,29500,r1509)]
F17008 live=1 act=1 PL(2664,-7336,rot=1024,hp=-7200) [0 t=47 st=4 ss1=0 ss2=2 ss3=0 g=40 mo=17 af=0 d=42760 @(-31000,29500,r1509)]
F17009 live=1 act=1 PL(2664,-7336,rot=1024,hp=-7200) [0 t=47 st=4 ss1=0 ss2=2 ss3=0 g=40 mo=17 af=0 d=42760 @(-31000,29500,r1509)]
F17010 live=1 act=1 PL(2664,-7336,rot=1024,hp=-7200) [0 t=47 st=4 ss1=0 ss2=2 ss3=0 g=40 mo=17 af=0 d=42760 @(-31000,29500,r1509)]
F17011 live=1 act=1 PL(2664,-7336,rot=1024,hp=-7200) [0 t=47 st=4 ss1=0 ss2=2 ss3=0 g=40 mo=17 af=0 d=42760 @(-31000,29500,r1509)]
F17012 live=1 act=1 PL(2664,-7336,rot=1024,hp=-7200) [0 t=47 st=4 ss1=0 ss2=2 ss3=0 g=40 mo=17 af=0 d=42760 @(-31000,29500,r1509)]
F17013 live=1 act=1 PL(2664,-7336,rot=1024,hp=-7200) [0 t=47 st=4 ss1=0 ss2=2 ss3=0 g=40 mo=17 af=0 d=42760 @(-31000,29500,r1509)]
F17014 live=1 act=1 PL(2664,-7336,rot=1024,hp=-7200) [0 t=47 st=4 ss1=0 ss2=2 ss3=0 g=40 mo=17 af=0 d=42760 @(-31000,29500,r1509)]
F17015 live=1 act=1 PL(2664,-7336,rot=1024,hp=-7200) [0 t=47 st=4 ss1=0 ss2=2 ss3=0 g=40 mo=17 af=0 d=42760 @(-31000,29500,r1509)]
F17016 live=1 act=1 PL(2664,-7336,rot=1024,hp=-7200) [0 t=47 st=4 ss1=0 ss2=2 ss3=0 g=40 mo=17 af=0 d=42760 @(-31000,29500,r1509)]
F17017 live=1 act=1 PL(2664,-7336,rot=1024,hp=-7200) [0 t=47 st=4 ss1=0 ss2=2 ss3=0 g=40 mo=17 af=0 d=42760 @(-31000,29500,r1509)]
F17018 live=1 act=1 PL(2664,-7336,rot=1024,hp=-7200) [0 t=47 st=4 ss1=0 ss2=2 ss3=0 g=40 mo=17 af=0 d=42760 @(-31000,29500,r1509)]
F17019 live=1 act=1 PL(2664,-7336,rot=1024,hp=-7200) [0 t=47 st=4 ss1=0 ss2=2 ss3=0 g=40 mo=17 af=0 d=42760 @(-31000,29500,r1509)]
F17020 live=1 act=1 PL(2664,-7336,rot=1024,hp=-7200) [0 t=47 st=4 ss1=0 ss2=2 ss3=0 g=40 mo=17 af=0 d=42760 @(-31000,29500,r1509)]
F17021 live=1 act=1 PL(2664,-7336,rot=1024,hp=-7200) [0 t=47 st=4 ss1=0 ss2=2 ss3=0 g=40 mo=17 af=0 d=42760 @(-31000,29500,r1509)]
F17022 live=1 act=1 PL(2664,-7336,rot=1024,hp=-7200) [0 t=47 st=4 ss1=0 ss2=2 ss3=0 g=40 mo=17 af=0 d=42760 @(-31000,29500,r1509)]
F17023 live=1 act=1 PL(2664,-7336,rot=1024,hp=-7200) [0 t=47 st=4 ss1=0 ss2=2 ss3=0 g=40 mo=17 af=0 d=42760 @(-31000,29500,r1509)]
F17024 live=1 act=1 PL(2664,-7336,rot=1024,hp=-7200) [0 t=47 st=4 ss1=0 ss2=2 ss3=0 g=40 mo=17 af=0 d=42760 @(-31000,29500,r1509)]
F17025 live=1 act=1 PL(2664,-7336,rot=1024,hp=-7200) [0 t=47 st=4 ss1=0 ss2=2 ss3=0 g=40 mo=17 af=0 d=42760 @(-31000,29500,r1509)]
F17026 live=1 act=1 PL(2664,-7336,rot=1024,hp=-7200) [0 t=47 st=4 ss1=0 ss2=2 ss3=0 g=40 mo=17 af=0 d=42760 @(-31000,29500,r1509)]
F17027 live=1 act=1 PL(2664,-7336,rot=1024,hp=-7200) [0 t=47 st=4 ss1=0 ss2=2 ss3=0 g=40 mo=17 af=0 d=42760 @(-31000,29500,r1509)]
F17028 live=1 act=1 PL(2664,-7336,rot=1024,hp=-7200) [0 t=47 st=4 ss1=0 ss2=2 ss3=0 g=40 mo=17 af=0 d=42760 @(-31000,29500,r1509)]
F17029 live=1 act=1 PL(2664,-7336,rot=1024,hp=-7200) [0 t=47 st=4 ss1=0 ss2=2 ss3=0 g=40 mo=17 af=0 d=42760 @(-31000,29500,r1509)]
F17030 live=1 act=1 PL(2664,-7336,rot=1024,hp=-7200) [0 t=47 st=4 ss1=0 ss2=2 ss3=0 g=40 mo=17 af=0 d=42760 @(-31000,29500,r1509)]
F17031 live=1 act=1 PL(2664,-7336,rot=1024,hp=-7200) [0 t=47 st=4 ss1=0 ss2=2 ss3=0 g=40 mo=17 af=0 d=42760 @(-31000,29500,r1509)]
F17032 live=1 act=1 PL(2664,-7336,rot=1024,hp=-7200) [0 t=47 st=4 ss1=0 ss2=2 ss3=0 g=40 mo=17 af=0 d=42760 @(-31000,29500,r1509)]
F17033 live=1 act=1 PL(2664,-7336,rot=1024,hp=-7200) [0 t=47 st=4 ss1=0 ss2=2 ss3=0 g=40 mo=17 af=0 d=42760 @(-31000,29500,r1509)]
F17034 live=1 act=1 PL(2664,-7336,rot=1024,hp=-7200) [0 t=47 st=4 ss1=0 ss2=2 ss3=0 g=40 mo=17 af=0 d=42760 @(-31000,29500,r1509)]
F17035 live=1 act=1 PL(2664,-7336,rot=1024,hp=-7200) [0 t=47 st=4 ss1=0 ss2=2 ss3=0 g=40 mo=17 af=0 d=42760 @(-31000,29500,r1509)]
F17036 live=1 act=1 PL(2664,-7336,rot=1024,hp=-7200) [0 t=47 st=4 ss1=0 ss2=2 ss3=0 g=40 mo=17 af=0 d=42760 @(-31000,29500,r1509)]
F17037 live=1 act=1 PL(2664,-7336,rot=1024,hp=-7200) [0 t=47 st=4 ss1=0 ss2=2 ss3=0 g=40 mo=17 af=0 d=42760 @(-31000,29500,r1509)]
F17038 live=1 act=1 PL(2664,-7336,rot=1024,hp=-7200) [0 t=47 st=4 ss1=0 ss2=2 ss3=0 g=40 mo=17 af=0 d=42760 @(-31000,29500,r1509)]
F17039 live=1 act=1 PL(2664,-7336,rot=1024,hp=-7200) [0 t=47 st=4 ss1=0 ss2=2 ss3=0 g=40 mo=17 af=0 d=42760 @(-31000,29500,r1509)]
F17040 live=1 act=1 PL(2664,-7336,rot=1024,hp=-7200) [0 t=47 st=4 ss1=0 ss2=2 ss3=0 g=40 mo=17 af=0 d=42760 @(-31000,29500,r1509)]
F17041 live=1 act=1 PL(2664,-7336,rot=1024,hp=-7200) [0 t=47 st=4 ss1=0 ss2=2 ss3=0 g=40 mo=17 af=0 d=42760 @(-31000,29500,r1509)]
F17042 live=1 act=1 PL(2664,-7336,rot=1024,hp=-7200) [0 t=47 st=4 ss1=0 ss2=2 ss3=0 g=40 mo=17 af=0 d=42760 @(-31000,29500,r1509)]
F17043 live=1 act=1 PL(2664,-7336,rot=1024,hp=-7200) [0 t=47 st=4 ss1=0 ss2=2 ss3=0 g=40 mo=17 af=0 d=42760 @(-31000,29500,r1509)]
F17044 live=1 act=1 PL(2664,-7336,rot=1024,hp=-7200) [0 t=47 st=4 ss1=0 ss2=2 ss3=0 g=40 mo=17 af=0 d=42760 @(-31000,29500,r1509)]
F17045 live=1 act=1 PL(2664,-7336,rot=1024,hp=-7200) [0 t=47 st=4 ss1=0 ss2=2 ss3=0 g=40 mo=17 af=0 d=42760 @(-31000,29500,r1509)]
F17046 live=1 act=1 PL(2664,-7336,rot=1024,hp=-7200) [0 t=47 st=4 ss1=0 ss2=2 ss3=0 g=40 mo=17 af=0 d=42760 @(-31000,29500,r1509)]
F17047 live=1 act=1 PL(2664,-7336,rot=1024,hp=-7200) [0 t=47 st=4 ss1=0 ss2=2 ss3=0 g=40 mo=17 af=0 d=42760 @(-31000,29500,r1509)]
F17048 live=1 act=1 PL(2664,-7336,rot=1024,hp=-7200) [0 t=47 st=4 ss1=0 ss2=2 ss3=0 g=40 mo=17 af=0 d=42760 @(-31000,29500,r1509)]
F17049 live=1 act=1 PL(2664,-7336,rot=1024,hp=-7200) [0 t=47 st=4 ss1=0 ss2=2 ss3=0 g=40 mo=17 af=0 d=42760 @(-31000,29500,r1509)]
F17050 live=1 act=1 PL(2664,-7336,rot=1024,hp=-7200) [0 t=47 st=4 ss1=0 ss2=2 ss3=0 g=40 mo=17 af=0 d=42760 @(-31000,29500,r1509)]
F17051 live=1 act=1 PL(2664,-7336,rot=1024,hp=-7200) [0 t=47 st=4 ss1=0 ss2=2 ss3=0 g=40 mo=17 af=0 d=42760 @(-31000,29500,r1509)]
F17052 live=1 act=1 PL(2664,-7336,rot=1024,hp=-7200) [0 t=47 st=4 ss1=0 ss2=2 ss3=0 g=40 mo=17 af=0 d=42760 @(-31000,29500,r1509)]
F17053 live=1 act=1 PL(2664,-7336,rot=1024,hp=-7200) [0 t=47 st=4 ss1=0 ss2=2 ss3=0 g=40 mo=17 af=0 d=42760 @(-31000,29500,r1509)]
F17054 live=1 act=1 PL(2664,-7336,rot=1024,hp=-7200) [0 t=47 st=4 ss1=0 ss2=2 ss3=0 g=40 mo=17 af=0 d=42760 @(-31000,29500,r1509)]
F17055 live=1 act=1 PL(2664,-7336,rot=1024,hp=-7200) [0 t=47 st=4 ss1=0 ss2=2 ss3=0 g=40 mo=17 af=0 d=42760 @(-31000,29500,r1509)]
F17056 live=1 act=1 PL(2664,-7336,rot=1024,hp=-7200) [0 t=47 st=4 ss1=0 ss2=2 ss3=0 g=40 mo=17 af=0 d=42760 @(-31000,29500,r1509)]
F17057 live=1 act=1 PL(2664,-7336,rot=1024,hp=-7200) [0 t=47 st=4 ss1=0 ss2=2 ss3=0 g=40 mo=17 af=0 d=42760 @(-31000,29500,r1509)]
F17058 live=1 act=1 PL(2664,-7336,rot=1024,hp=-7200) [0 t=47 st=4 ss1=0 ss2=2 ss3=0 g=40 mo=17 af=0 d=42760 @(-31000,29500,r1509)]
F17059 live=1 act=1 PL(2664,-7336,rot=1024,hp=-7200) [0 t=47 st=4 ss1=0 ss2=2 ss3=0 g=40 mo=17 af=0 d=42760 @(-31000,29500,r1509)]
F17060 live=1 act=1 PL(2664,-7336,rot=1024,hp=-7200) [0 t=47 st=4 ss1=0 ss2=2 ss3=0 g=40 mo=17 af=0 d=42760 @(-31000,29500,r1509)]
F17061 live=1 act=1 PL(2664,-7336,rot=1024,hp=-7200) [0 t=47 st=4 ss1=0 ss2=2 ss3=0 g=40 mo=17 af=0 d=42760 @(-31000,29500,r1509)]
F17062 live=1 act=1 PL(2664,-7336,rot=1024,hp=-7200) [0 t=47 st=4 ss1=0 ss2=2 ss3=0 g=40 mo=17 af=0 d=42760 @(-31000,29500,r1509)]
F17063 live=1 act=1 PL(2664,-7336,rot=1024,hp=-7200) [0 t=47 st=4 ss1=0 ss2=2 ss3=0 g=40 mo=17 af=0 d=42760 @(-31000,29500,r1509)]
F17064 live=1 act=1 PL(2664,-7336,rot=1024,hp=-7200) [0 t=47 st=4 ss1=0 ss2=2 ss3=0 g=40 mo=17 af=0 d=42760 @(-31000,29500,r1509)]
F17065 live=1 act=1 PL(2664,-7336,rot=1024,hp=-7200) [0 t=47 st=4 ss1=0 ss2=2 ss3=0 g=40 mo=17 af=0 d=42760 @(-31000,29500,r1509)]
F17066 live=1 act=1 PL(2664,-7336,rot=1024,hp=-7200) [0 t=47 st=4 ss1=0 ss2=2 ss3=0 g=40 mo=17 af=0 d=42760 @(-31000,29500,r1509)]
F17067 live=1 act=1 PL(2664,-7336,rot=1024,hp=-7200) [0 t=47 st=4 ss1=0 ss2=2 ss3=0 g=40 mo=17 af=0 d=42760 @(-31000,29500,r1509)]
F17068 live=1 act=1 PL(2664,-7336,rot=1024,hp=-7200) [0 t=47 st=4 ss1=0 ss2=2 ss3=0 g=40 mo=17 af=0 d=42760 @(-31000,29500,r1509)]
F17069 live=1 act=1 PL(2664,-7336,rot=1024,hp=-7200) [0 t=47 st=4 ss1=0 ss2=2 ss3=0 g=40 mo=17 af=0 d=42760 @(-31000,29500,r1509)]
F17070 live=1 act=1 PL(2664,-7336,rot=1024,hp=-7200) [0 t=47 st=4 ss1=0 ss2=2 ss3=0 g=40 mo=17 af=0 d=42760 @(-31000,29500,r1509)]
F17071 live=1 act=1 PL(2664,-7336,rot=1024,hp=-7200) [0 t=47 st=4 ss1=0 ss2=2 ss3=0 g=40 mo=17 af=0 d=42760 @(-31000,29500,r1509)]
F17072 live=1 act=1 PL(2664,-7336,rot=1024,hp=-7200) [0 t=47 st=4 ss1=0 ss2=2 ss3=0 g=40 mo=17 af=0 d=42760 @(-31000,29500,r1509)]
F17073 live=1 act=1 PL(2664,-7336,rot=1024,hp=-7200) [0 t=47 st=4 ss1=0 ss2=2 ss3=0 g=40 mo=17 af=0 d=42760 @(-31000,29500,r1509)]
F17074 live=1 act=1 PL(2664,-7336,rot=1024,hp=-7200) [0 t=47 st=4 ss1=0 ss2=2 ss3=0 g=40 mo=17 af=0 d=42760 @(-31000,29500,r1509)]
F17075 live=1 act=1 PL(2664,-7336,rot=1024,hp=-7200) [0 t=47 st=4 ss1=0 ss2=2 ss3=0 g=40 mo=17 af=0 d=42760 @(-31000,29500,r1509)]
F17076 live=1 act=1 PL(2664,-7336,rot=1024,hp=-7200) [0 t=47 st=4 ss1=0 ss2=2 ss3=0 g=40 mo=17 af=0 d=42760 @(-31000,29500,r1509)]
F17077 live=1 act=1 PL(2664,-7336,rot=1024,hp=-7200) [0 t=47 st=4 ss1=0 ss2=2 ss3=0 g=40 mo=17 af=0 d=42760 @(-31000,29500,r1509)]
F17078 live=1 act=1 PL(2664,-7336,rot=1024,hp=-7200) [0 t=47 st=4 ss1=0 ss2=2 ss3=0 g=40 mo=17 af=0 d=42760 @(-31000,29500,r1509)]
F17079 live=1 act=1 PL(2664,-7336,rot=1024,hp=-7200) [0 t=47 st=4 ss1=0 ss2=2 ss3=0 g=40 mo=17 af=0 d=42760 @(-31000,29500,r1509)]
F17080 live=1 act=1 PL(2664,-7336,rot=1024,hp=-7200) [0 t=47 st=4 ss1=0 ss2=2 ss3=0 g=40 mo=17 af=0 d=42760 @(-31000,29500,r1509)]
F17081 live=1 act=1 PL(2664,-7336,rot=1024,hp=-7200) [0 t=47 st=4 ss1=0 ss2=2 ss3=0 g=40 mo=17 af=0 d=42760 @(-31000,29500,r1509)]
F17082 live=1 act=1 PL(2664,-7336,rot=1024,hp=-7200) [0 t=47 st=4 ss1=0 ss2=2 ss3=0 g=40 mo=17 af=0 d=42760 @(-31000,29500,r1509)]
F17083 live=1 act=1 PL(2664,-7336,rot=1024,hp=-7200) [0 t=47 st=4 ss1=0 ss2=2 ss3=0 g=40 mo=17 af=0 d=42760 @(-31000,29500,r1509)]
F17084 live=1 act=1 PL(2664,-7336,rot=1024,hp=-7200) [0 t=47 st=4 ss1=0 ss2=2 ss3=0 g=40 mo=17 af=0 d=42760 @(-31000,29500,r1509)]
F17085 live=1 act=1 PL(2664,-7336,rot=1024,hp=-7200) [0 t=47 st=4 ss1=0 ss2=2 ss3=0 g=40 mo=17 af=0 d=42760 @(-31000,29500,r1509)]
F17086 live=1 act=1 PL(2664,-7336,rot=1024,hp=-7200) [0 t=47 st=4 ss1=0 ss2=2 ss3=0 g=40 mo=17 af=0 d=42760 @(-31000,29500,r1509)]
F17087 live=1 act=1 PL(2664,-7336,rot=1024,hp=-7200) [0 t=47 st=4 ss1=0 ss2=2 ss3=0 g=40 mo=17 af=0 d=42760 @(-31000,29500,r1509)]
F17088 live=1 act=1 PL(2664,-7336,rot=1024,hp=-7200) [0 t=47 st=4 ss1=0 ss2=2 ss3=0 g=40 mo=17 af=0 d=42760 @(-31000,29500,r1509)]
F17089 live=1 act=1 PL(2664,-7336,rot=1024,hp=-7200) [0 t=47 st=4 ss1=0 ss2=2 ss3=0 g=40 mo=17 af=0 d=42760 @(-31000,29500,r1509)]
F17090 live=1 act=1 PL(2664,-7336,rot=1024,hp=-7200) [0 t=47 st=4 ss1=0 ss2=2 ss3=0 g=40 mo=17 af=0 d=42760 @(-31000,29500,r1509)]
F17091 live=1 act=1 PL(2664,-7336,rot=1024,hp=-7200) [0 t=47 st=4 ss1=0 ss2=2 ss3=0 g=40 mo=17 af=0 d=42760 @(-31000,29500,r1509)]
F17092 live=1 act=1 PL(2664,-7336,rot=1024,hp=-7200) [0 t=47 st=4 ss1=0 ss2=2 ss3=0 g=40 mo=17 af=0 d=42760 @(-31000,29500,r1509)]
F17093 live=1 act=1 PL(2664,-7336,rot=1024,hp=-7200) [0 t=47 st=4 ss1=0 ss2=2 ss3=0 g=40 mo=17 af=0 d=42760 @(-31000,29500,r1509)]
F17094 live=1 act=1 PL(2664,-7336,rot=1024,hp=-7200) [0 t=47 st=4 ss1=0 ss2=2 ss3=0 g=40 mo=17 af=0 d=42760 @(-31000,29500,r1509)]
F17095 live=1 act=1 PL(2664,-7336,rot=1024,hp=-7200) [0 t=47 st=4 ss1=0 ss2=2 ss3=0 g=40 mo=17 af=0 d=42760 @(-31000,29500,r1509)]
F17096 live=1 act=1 PL(2664,-7336,rot=1024,hp=-7200) [0 t=47 st=4 ss1=0 ss2=2 ss3=0 g=40 mo=17 af=0 d=42760 @(-31000,29500,r1509)]
F17097 live=1 act=1 PL(2664,-7336,rot=1024,hp=-7200) [0 t=47 st=4 ss1=0 ss2=2 ss3=0 g=40 mo=17 af=0 d=42760 @(-31000,29500,r1509)]
F17098 live=1 act=1 PL(2664,-7336,rot=1024,hp=-7200) [0 t=47 st=4 ss1=0 ss2=2 ss3=0 g=40 mo=17 af=0 d=42760 @(-31000,29500,r1509)]
F17099 live=1 act=1 PL(2664,-7336,rot=1024,hp=-7200) [0 t=47 st=4 ss1=0 ss2=2 ss3=0 g=40 mo=17 af=0 d=42760 @(-31000,29500,r1509)]
F17100 live=1 act=1 PL(2664,-7336,rot=1024,hp=-7200) [0 t=47 st=4 ss1=0 ss2=2 ss3=0 g=40 mo=17 af=0 d=42760 @(-31000,29500,r1509)]
F17101 live=1 act=1 PL(2664,-7336,rot=1024,hp=-7200) [0 t=47 st=4 ss1=0 ss2=2 ss3=0 g=40 mo=17 af=0 d=42760 @(-31000,29500,r1509)]
F17102 live=1 act=1 PL(2664,-7336,rot=1024,hp=-7200) [0 t=47 st=4 ss1=0 ss2=2 ss3=0 g=40 mo=17 af=0 d=42760 @(-31000,29500,r1509)]
F17103 live=1 act=1 PL(2664,-7336,rot=1024,hp=-7200) [0 t=47 st=4 ss1=0 ss2=2 ss3=0 g=40 mo=17 af=0 d=42760 @(-31000,29500,r1509)]
F17104 live=1 act=1 PL(2664,-7336,rot=1024,hp=-7200) [0 t=47 st=4 ss1=0 ss2=2 ss3=0 g=40 mo=17 af=0 d=42760 @(-31000,29500,r1509)]
F17105 live=1 act=1 PL(2664,-7336,rot=1024,hp=-7200) [0 t=47 st=4 ss1=0 ss2=2 ss3=0 g=40 mo=17 af=0 d=42760 @(-31000,29500,r1509)]
F17106 live=1 act=1 PL(2664,-7336,rot=1024,hp=-7200) [0 t=47 st=4 ss1=0 ss2=2 ss3=0 g=40 mo=17 af=0 d=42760 @(-31000,29500,r1509)]
F17107 live=1 act=1 PL(2664,-7336,rot=1024,hp=-7200) [0 t=47 st=4 ss1=0 ss2=2 ss3=0 g=40 mo=17 af=0 d=42760 @(-31000,29500,r1509)]
F17108 live=1 act=1 PL(2664,-7336,rot=1024,hp=-7200) [0 t=47 st=4 ss1=0 ss2=2 ss3=0 g=40 mo=17 af=0 d=42760 @(-31000,29500,r1509)]
F17109 live=1 act=1 PL(2664,-7336,rot=1024,hp=-7200) [0 t=47 st=4 ss1=0 ss2=2 ss3=0 g=40 mo=17 af=0 d=42760 @(-31000,29500,r1509)]
F17110 live=1 act=1 PL(2664,-7336,rot=1024,hp=-7200) [0 t=47 st=4 ss1=0 ss2=2 ss3=0 g=40 mo=17 af=0 d=42760 @(-31000,29500,r1509)]
F17111 live=1 act=1 PL(2664,-7336,rot=1024,hp=-7200) [0 t=47 st=4 ss1=0 ss2=2 ss3=0 g=40 mo=17 af=0 d=42760 @(-31000,29500,r1509)]
F17112 live=1 act=1 PL(2664,-7336,rot=1024,hp=-7200) [0 t=47 st=4 ss1=0 ss2=2 ss3=0 g=40 mo=17 af=0 d=42760 @(-31000,29500,r1509)]
F17113 live=1 act=1 PL(2664,-7336,rot=1024,hp=-7200) [0 t=47 st=4 ss1=0 ss2=2 ss3=0 g=40 mo=17 af=0 d=42760 @(-31000,29500,r1509)]
F17114 live=1 act=1 PL(2664,-7336,rot=1024,hp=-7200) [0 t=47 st=4 ss1=0 ss2=2 ss3=0 g=40 mo=17 af=0 d=42760 @(-31000,29500,r1509)]
F17115 live=1 act=1 PL(2664,-7336,rot=1024,hp=-7200) [0 t=47 st=4 ss1=0 ss2=2 ss3=0 g=40 mo=17 af=0 d=42760 @(-31000,29500,r1509)]
F17116 live=1 act=1 PL(2664,-7336,rot=1024,hp=-7200) [0 t=47 st=4 ss1=0 ss2=2 ss3=0 g=40 mo=17 af=0 d=42760 @(-31000,29500,r1509)]
F17117 live=1 act=1 PL(2664,-7336,rot=1024,hp=-7200) [0 t=47 st=4 ss1=0 ss2=2 ss3=0 g=40 mo=17 af=0 d=42760 @(-31000,29500,r1509)]
F17118 live=1 act=1 PL(2664,-7336,rot=1024,hp=-7200) [0 t=47 st=4 ss1=0 ss2=2 ss3=0 g=40 mo=17 af=0 d=42760 @(-31000,29500,r1509)]
F17119 live=1 act=1 PL(2664,-7336,rot=1024,hp=-7200) [0 t=47 st=4 ss1=0 ss2=2 ss3=0 g=40 mo=17 af=0 d=42760 @(-31000,29500,r1509)]
F17120 live=1 act=1 PL(2664,-7336,rot=1024,hp=-7200) [0 t=47 st=4 ss1=0 ss2=2 ss3=0 g=40 mo=17 af=0 d=42760 @(-31000,29500,r1509)]
F17121 live=1 act=1 PL(2664,-7336,rot=1024,hp=-7200) [0 t=47 st=4 ss1=0 ss2=2 ss3=0 g=40 mo=17 af=0 d=42760 @(-31000,29500,r1509)]
F17122 live=1 act=1 PL(2664,-7336,rot=1024,hp=-7200) [0 t=47 st=4 ss1=0 ss2=2 ss3=0 g=40 mo=17 af=0 d=42760 @(-31000,29500,r1509)]
F17123 live=1 act=1 PL(2664,-7336,rot=1024,hp=-7200) [0 t=47 st=4 ss1=0 ss2=2 ss3=0 g=40 mo=17 af=0 d=42760 @(-31000,29500,r1509)]
F17124 live=1 act=1 PL(2664,-7336,rot=1024,hp=-7200) [0 t=47 st=4 ss1=0 ss2=2 ss3=0 g=40 mo=17 af=0 d=42760 @(-31000,29500,r1509)]
F17125 live=1 act=1 PL(2664,-7336,rot=1024,hp=-7200) [0 t=47 st=4 ss1=0 ss2=2 ss3=0 g=40 mo=17 af=0 d=42760 @(-31000,29500,r1509)]
F17126 live=1 act=1 PL(2664,-7336,rot=1024,hp=-7200) [0 t=47 st=4 ss1=0 ss2=2 ss3=0 g=40 mo=17 af=0 d=42760 @(-31000,29500,r1509)]
F17127 live=1 act=1 PL(2664,-7336,rot=1024,hp=-7200) [0 t=47 st=4 ss1=0 ss2=2 ss3=0 g=40 mo=17 af=0 d=42760 @(-31000,29500,r1509)]
F17128 live=1 act=1 PL(2664,-7336,rot=1024,hp=-7200) [0 t=47 st=4 ss1=0 ss2=2 ss3=0 g=40 mo=17 af=0 d=42760 @(-31000,29500,r1509)]
F17129 live=1 act=1 PL(2664,-7336,rot=1024,hp=-7200) [0 t=47 st=4 ss1=0 ss2=2 ss3=0 g=40 mo=17 af=0 d=42760 @(-31000,29500,r1509)]
F17130 live=1 act=1 PL(2664,-7336,rot=1024,hp=-7200) [0 t=47 st=4 ss1=0 ss2=2 ss3=0 g=40 mo=17 af=0 d=42760 @(-31000,29500,r1509)]
F17131 live=1 act=1 PL(2664,-7336,rot=1024,hp=-7200) [0 t=47 st=4 ss1=0 ss2=2 ss3=0 g=40 mo=17 af=0 d=42760 @(-31000,29500,r1509)]
F17132 live=1 act=1 PL(2664,-7336,rot=1024,hp=-7200) [0 t=47 st=4 ss1=0 ss2=2 ss3=0 g=40 mo=17 af=0 d=42760 @(-31000,29500,r1509)]
F17133 live=1 act=1 PL(2664,-7336,rot=1024,hp=-7200) [0 t=47 st=4 ss1=0 ss2=2 ss3=0 g=40 mo=17 af=0 d=42760 @(-31000,29500,r1509)]
F17134 live=1 act=1 PL(2664,-7336,rot=1024,hp=-7200) [0 t=47 st=4 ss1=0 ss2=2 ss3=0 g=40 mo=17 af=0 d=42760 @(-31000,29500,r1509)]
F17135 live=1 act=1 PL(2664,-7336,rot=1024,hp=-7200) [0 t=47 st=4 ss1=0 ss2=2 ss3=0 g=40 mo=17 af=0 d=42760 @(-31000,29500,r1509)]
F17136 live=1 act=1 PL(2664,-7336,rot=1024,hp=-7200) [0 t=47 st=4 ss1=0 ss2=2 ss3=0 g=40 mo=17 af=0 d=42760 @(-31000,29500,r1509)]
F17137 live=1 act=1 PL(2664,-7336,rot=1024,hp=-7200) [0 t=47 st=4 ss1=0 ss2=2 ss3=0 g=40 mo=17 af=0 d=42760 @(-31000,29500,r1509)]
F17138 live=1 act=1 PL(2664,-7336,rot=1024,hp=-7200) [0 t=47 st=4 ss1=0 ss2=2 ss3=0 g=40 mo=17 af=0 d=42760 @(-31000,29500,r1509)]
F17139 live=1 act=1 PL(2664,-7336,rot=1024,hp=-7200) [0 t=47 st=4 ss1=0 ss2=2 ss3=0 g=40 mo=17 af=0 d=42760 @(-31000,29500,r1509)]
F17140 live=1 act=1 PL(2664,-7336,rot=1024,hp=-7200) [0 t=47 st=4 ss1=0 ss2=2 ss3=0 g=40 mo=17 af=0 d=42760 @(-31000,29500,r1509)]
F17141 live=1 act=1 PL(2664,-7336,rot=1024,hp=-7200) [0 t=47 st=4 ss1=0 ss2=2 ss3=0 g=40 mo=17 af=0 d=42760 @(-31000,29500,r1509)]
F17142 live=1 act=1 PL(2664,-7336,rot=1024,hp=-7200) [0 t=47 st=4 ss1=0 ss2=2 ss3=0 g=40 mo=17 af=0 d=42760 @(-31000,29500,r1509)]
F17143 live=1 act=1 PL(2664,-7336,rot=1024,hp=-7200) [0 t=47 st=4 ss1=0 ss2=2 ss3=0 g=40 mo=17 af=0 d=42760 @(-31000,29500,r1509)]
F17144 live=1 act=1 PL(2664,-7336,rot=1024,hp=-7200) [0 t=47 st=4 ss1=0 ss2=2 ss3=0 g=40 mo=17 af=0 d=42760 @(-31000,29500,r1509)]
F17145 live=1 act=1 PL(2664,-7336,rot=1024,hp=-7200) [0 t=47 st=4 ss1=0 ss2=2 ss3=0 g=40 mo=17 af=0 d=42760 @(-31000,29500,r1509)]
F17146 live=1 act=1 PL(2664,-7336,rot=1024,hp=-7200) [0 t=47 st=4 ss1=0 ss2=2 ss3=0 g=40 mo=17 af=0 d=42760 @(-31000,29500,r1509)]
F17147 live=1 act=1 PL(2664,-7336,rot=1024,hp=-7200) [0 t=47 st=4 ss1=0 ss2=2 ss3=0 g=40 mo=17 af=0 d=42760 @(-31000,29500,r1509)]
F17148 live=1 act=1 PL(2664,-7336,rot=1024,hp=-7200) [0 t=47 st=4 ss1=0 ss2=2 ss3=0 g=40 mo=17 af=0 d=42760 @(-31000,29500,r1509)]
F17149 live=1 act=1 PL(2664,-7336,rot=1024,hp=-7200) [0 t=47 st=4 ss1=0 ss2=2 ss3=0 g=40 mo=17 af=0 d=42760 @(-31000,29500,r1509)]
F17150 live=1 act=1 PL(2664,-7336,rot=1024,hp=-7200) [0 t=47 st=4 ss1=0 ss2=2 ss3=0 g=40 mo=17 af=0 d=42760 @(-31000,29500,r1509)]
F17151 live=1 act=1 PL(2664,-7336,rot=1024,hp=-7200) [0 t=47 st=4 ss1=0 ss2=2 ss3=0 g=40 mo=17 af=0 d=42760 @(-31000,29500,r1509)]
F17152 live=1 act=1 PL(2664,-7336,rot=1024,hp=-7200) [0 t=47 st=4 ss1=0 ss2=2 ss3=0 g=40 mo=17 af=0 d=42760 @(-31000,29500,r1509)]
F17153 live=1 act=1 PL(2664,-7336,rot=1024,hp=-7200) [0 t=47 st=4 ss1=0 ss2=2 ss3=0 g=40 mo=17 af=0 d=42760 @(-31000,29500,r1509)]
F17154 live=1 act=1 PL(2664,-7336,rot=1024,hp=-7200) [0 t=47 st=4 ss1=0 ss2=2 ss3=0 g=40 mo=17 af=0 d=42760 @(-31000,29500,r1509)]
F17155 live=1 act=1 PL(2664,-7336,rot=1024,hp=-7200) [0 t=47 st=4 ss1=0 ss2=2 ss3=0 g=40 mo=17 af=0 d=42760 @(-31000,29500,r1509)]
F17156 live=1 act=1 PL(2664,-7336,rot=1024,hp=-7200) [0 t=47 st=4 ss1=0 ss2=2 ss3=0 g=40 mo=17 af=0 d=42760 @(-31000,29500,r1509)]
F17157 live=1 act=1 PL(2664,-7336,rot=1024,hp=-7200) [0 t=47 st=4 ss1=0 ss2=2 ss3=0 g=40 mo=17 af=0 d=42760 @(-31000,29500,r1509)]
F17158 live=1 act=1 PL(2664,-7336,rot=1024,hp=-7200) [0 t=47 st=4 ss1=0 ss2=2 ss3=0 g=40 mo=17 af=0 d=42760 @(-31000,29500,r1509)]
F17159 live=1 act=1 PL(2664,-7336,rot=1024,hp=-7200) [0 t=47 st=4 ss1=0 ss2=2 ss3=0 g=40 mo=17 af=0 d=42760 @(-31000,29500,r1509)]
F17160 live=1 act=1 PL(2664,-7336,rot=1024,hp=-7200) [0 t=47 st=4 ss1=0 ss2=2 ss3=0 g=40 mo=17 af=0 d=42760 @(-31000,29500,r1509)]
F17161 live=1 act=1 PL(2664,-7336,rot=1024,hp=-7200) [0 t=47 st=4 ss1=0 ss2=2 ss3=0 g=40 mo=17 af=0 d=42760 @(-31000,29500,r1509)]
F17162 live=1 act=1 PL(2664,-7336,rot=1024,hp=-7200) [0 t=47 st=4 ss1=0 ss2=2 ss3=0 g=40 mo=17 af=0 d=42760 @(-31000,29500,r1509)]
F17163 live=1 act=1 PL(2664,-7336,rot=1024,hp=-7200) [0 t=47 st=4 ss1=0 ss2=2 ss3=0 g=40 mo=17 af=0 d=42760 @(-31000,29500,r1509)]
F17164 live=1 act=1 PL(2664,-7336,rot=1024,hp=-7200) [0 t=47 st=4 ss1=0 ss2=2 ss3=0 g=40 mo=17 af=0 d=42760 @(-31000,29500,r1509)]
F17165 live=1 act=1 PL(2664,-7336,rot=1024,hp=-7200) [0 t=47 st=4 ss1=0 ss2=2 ss3=0 g=40 mo=17 af=0 d=42760 @(-31000,29500,r1509)]
F17166 live=1 act=1 PL(2664,-7336,rot=1024,hp=-7200) [0 t=47 st=4 ss1=0 ss2=2 ss3=0 g=40 mo=17 af=0 d=42760 @(-31000,29500,r1509)]
F17167 live=1 act=1 PL(2664,-7336,rot=1024,hp=-7200) [0 t=47 st=4 ss1=0 ss2=2 ss3=0 g=40 mo=17 af=0 d=42760 @(-31000,29500,r1509)]
F17168 live=1 act=1 PL(2664,-7336,rot=1024,hp=-7200) [0 t=47 st=4 ss1=0 ss2=2 ss3=0 g=40 mo=17 af=0 d=42760 @(-31000,29500,r1509)]
F17169 live=1 act=1 PL(2664,-7336,rot=1024,hp=-7200) [0 t=47 st=4 ss1=0 ss2=2 ss3=0 g=40 mo=17 af=0 d=42760 @(-31000,29500,r1509)]
F17170 live=1 act=1 PL(2664,-7336,rot=1024,hp=-7200) [0 t=47 st=4 ss1=0 ss2=2 ss3=0 g=40 mo=17 af=0 d=42760 @(-31000,29500,r1509)]
F17171 live=1 act=1 PL(2664,-7336,rot=1024,hp=-7200) [0 t=47 st=4 ss1=0 ss2=2 ss3=0 g=40 mo=17 af=0 d=42760 @(-31000,29500,r1509)]
F17172 live=1 act=1 PL(2664,-7336,rot=1024,hp=-7200) [0 t=47 st=4 ss1=0 ss2=2 ss3=0 g=40 mo=17 af=0 d=42760 @(-31000,29500,r1509)]
F17173 live=1 act=1 PL(2664,-7336,rot=1024,hp=-7200) [0 t=47 st=4 ss1=0 ss2=2 ss3=0 g=40 mo=17 af=0 d=42760 @(-31000,29500,r1509)]
F17174 live=1 act=1 PL(2664,-7336,rot=1024,hp=-7200) [0 t=47 st=4 ss1=0 ss2=2 ss3=0 g=40 mo=17 af=0 d=42760 @(-31000,29500,r1509)]
F17175 live=1 act=1 PL(2664,-7336,rot=1024,hp=-7200) [0 t=47 st=4 ss1=0 ss2=2 ss3=0 g=40 mo=17 af=0 d=42760 @(-31000,29500,r1509)]
F17176 live=1 act=1 PL(2664,-7336,rot=1024,hp=-7200) [0 t=47 st=4 ss1=0 ss2=2 ss3=0 g=40 mo=17 af=0 d=42760 @(-31000,29500,r1509)]
F17177 live=1 act=1 PL(2664,-7336,rot=1024,hp=-7200) [0 t=47 st=4 ss1=0 ss2=2 ss3=0 g=40 mo=17 af=0 d=42760 @(-31000,29500,r1509)]
F17178 live=1 act=1 PL(2664,-7336,rot=1024,hp=-7200) [0 t=47 st=4 ss1=0 ss2=2 ss3=0 g=40 mo=17 af=0 d=42760 @(-31000,29500,r1509)]
F17179 live=1 act=1 PL(2664,-7336,rot=1024,hp=-7200) [0 t=47 st=4 ss1=0 ss2=2 ss3=0 g=40 mo=17 af=0 d=42760 @(-31000,29500,r1509)]
F17180 live=1 act=1 PL(2664,-7336,rot=1024,hp=-7200) [0 t=47 st=4 ss1=0 ss2=2 ss3=0 g=40 mo=17 af=0 d=42760 @(-31000,29500,r1509)]
F17181 live=1 act=1 PL(2664,-7336,rot=1024,hp=-7200) [0 t=47 st=4 ss1=0 ss2=2 ss3=0 g=40 mo=17 af=0 d=42760 @(-31000,29500,r1509)]
F17182 live=1 act=1 PL(2664,-7336,rot=1024,hp=-7200) [0 t=47 st=4 ss1=0 ss2=2 ss3=0 g=40 mo=17 af=0 d=42760 @(-31000,29500,r1509)]
F17183 live=1 act=1 PL(2664,-7336,rot=1024,hp=-7200) [0 t=47 st=4 ss1=0 ss2=2 ss3=0 g=40 mo=17 af=0 d=42760 @(-31000,29500,r1509)]
F17184 live=1 act=1 PL(2664,-7336,rot=1024,hp=-7200) [0 t=47 st=4 ss1=0 ss2=2 ss3=0 g=40 mo=17 af=0 d=42760 @(-31000,29500,r1509)]
F17185 live=1 act=1 PL(2664,-7336,rot=1024,hp=-7200) [0 t=47 st=4 ss1=0 ss2=2 ss3=0 g=40 mo=17 af=0 d=42760 @(-31000,29500,r1509)]
F17186 live=1 act=1 PL(2664,-7336,rot=1024,hp=-7200) [0 t=47 st=4 ss1=0 ss2=2 ss3=0 g=40 mo=17 af=0 d=42760 @(-31000,29500,r1509)]
F17187 live=1 act=1 PL(2664,-7336,rot=1024,hp=-7200) [0 t=47 st=4 ss1=0 ss2=2 ss3=0 g=40 mo=17 af=0 d=42760 @(-31000,29500,r1509)]
F17188 live=1 act=1 PL(2664,-7336,rot=1024,hp=-7200) [0 t=47 st=4 ss1=0 ss2=2 ss3=0 g=40 mo=17 af=0 d=42760 @(-31000,29500,r1509)]
F17189 live=1 act=1 PL(2664,-7336,rot=1024,hp=-7200) [0 t=47 st=4 ss1=0 ss2=2 ss3=0 g=40 mo=17 af=0 d=42760 @(-31000,29500,r1509)]
F17190 live=1 act=1 PL(2664,-7336,rot=1024,hp=-7200) [0 t=47 st=4 ss1=0 ss2=2 ss3=0 g=40 mo=17 af=0 d=42760 @(-31000,29500,r1509)]
F17191 live=1 act=1 PL(2664,-7336,rot=1024,hp=-7200) [0 t=47 st=4 ss1=0 ss2=2 ss3=0 g=40 mo=17 af=0 d=42760 @(-31000,29500,r1509)]
F17192 live=1 act=1 PL(2664,-7336,rot=1024,hp=-7200) [0 t=47 st=4 ss1=0 ss2=2 ss3=0 g=40 mo=17 af=0 d=42760 @(-31000,29500,r1509)]
F17193 live=1 act=1 PL(2664,-7336,rot=1024,hp=-7200) [0 t=47 st=4 ss1=0 ss2=2 ss3=0 g=40 mo=17 af=0 d=42760 @(-31000,29500,r1509)]
F17194 live=1 act=1 PL(2664,-7336,rot=1024,hp=-7200) [0 t=47 st=4 ss1=0 ss2=2 ss3=0 g=40 mo=17 af=0 d=42760 @(-31000,29500,r1509)]
F17195 live=1 act=1 PL(2664,-7336,rot=1024,hp=-7200) [0 t=47 st=4 ss1=0 ss2=2 ss3=0 g=40 mo=17 af=0 d=42760 @(-31000,29500,r1509)]
F17196 live=1 act=1 PL(2664,-7336,rot=1024,hp=-7200) [0 t=47 st=4 ss1=0 ss2=2 ss3=0 g=40 mo=17 af=0 d=42760 @(-31000,29500,r1509)]
F17197 live=1 act=1 PL(2664,-7336,rot=1024,hp=-7200) [0 t=47 st=4 ss1=0 ss2=2 ss3=0 g=40 mo=17 af=0 d=42760 @(-31000,29500,r1509)]
F17198 live=1 act=1 PL(2664,-7336,rot=1024,hp=-7200) [0 t=47 st=4 ss1=0 ss2=2 ss3=0 g=40 mo=17 af=0 d=42760 @(-31000,29500,r1509)]
F17199 live=1 act=1 PL(2664,-7336,rot=1024,hp=-7200) [0 t=47 st=4 ss1=0 ss2=2 ss3=0 g=40 mo=17 af=0 d=42760 @(-31000,29500,r1509)]
F17200 live=1 act=1 PL(2664,-7336,rot=1024,hp=-7200) [0 t=47 st=4 ss1=0 ss2=2 ss3=0 g=40 mo=17 af=0 d=42760 @(-31000,29500,r1509)]
F17201 live=1 act=1 PL(2664,-7336,rot=1024,hp=-7200) [0 t=47 st=4 ss1=0 ss2=2 ss3=0 g=40 mo=17 af=0 d=42760 @(-31000,29500,r1509)]
F17202 live=1 act=1 PL(2664,-7336,rot=1024,hp=-7200) [0 t=47 st=4 ss1=0 ss2=2 ss3=0 g=40 mo=17 af=0 d=42760 @(-31000,29500,r1509)]
F17203 live=1 act=1 PL(2664,-7336,rot=1024,hp=-7200) [0 t=47 st=4 ss1=0 ss2=2 ss3=0 g=40 mo=17 af=0 d=42760 @(-31000,29500,r1509)]
F17204 live=1 act=1 PL(2664,-7336,rot=1024,hp=-7200) [0 t=47 st=4 ss1=0 ss2=2 ss3=0 g=40 mo=17 af=0 d=42760 @(-31000,29500,r1509)]
F17205 live=1 act=1 PL(2664,-7336,rot=1024,hp=-7200) [0 t=47 st=4 ss1=0 ss2=2 ss3=0 g=40 mo=17 af=0 d=42760 @(-31000,29500,r1509)]
F17206 live=1 act=1 PL(2664,-7336,rot=1024,hp=-7200) [0 t=47 st=4 ss1=0 ss2=2 ss3=0 g=40 mo=17 af=0 d=42760 @(-31000,29500,r1509)]
F17207 live=1 act=1 PL(2664,-7336,rot=1024,hp=-7200) [0 t=47 st=4 ss1=0 ss2=2 ss3=0 g=40 mo=17 af=0 d=42760 @(-31000,29500,r1509)]
F17208 live=1 act=1 PL(2664,-7336,rot=1024,hp=-7200) [0 t=47 st=4 ss1=0 ss2=2 ss3=0 g=40 mo=17 af=0 d=42760 @(-31000,29500,r1509)]
F17209 live=1 act=1 PL(2664,-7336,rot=1024,hp=-7200) [0 t=47 st=4 ss1=0 ss2=2 ss3=0 g=40 mo=17 af=0 d=42760 @(-31000,29500,r1509)]
F17210 live=1 act=1 PL(2664,-7336,rot=1024,hp=-7200) [0 t=47 st=4 ss1=0 ss2=2 ss3=0 g=40 mo=17 af=0 d=42760 @(-31000,29500,r1509)]
F17211 live=1 act=1 PL(2664,-7336,rot=1024,hp=-7200) [0 t=47 st=4 ss1=0 ss2=2 ss3=0 g=40 mo=17 af=0 d=42760 @(-31000,29500,r1509)]
F17212 live=1 act=1 PL(2664,-7336,rot=1024,hp=-7200) [0 t=47 st=4 ss1=0 ss2=2 ss3=0 g=40 mo=17 af=0 d=42760 @(-31000,29500,r1509)]
F17213 live=1 act=1 PL(2664,-7336,rot=1024,hp=-7200) [0 t=47 st=4 ss1=0 ss2=2 ss3=0 g=40 mo=17 af=0 d=42760 @(-31000,29500,r1509)]
F17214 live=1 act=1 PL(2664,-7336,rot=1024,hp=-7200) [0 t=47 st=4 ss1=0 ss2=2 ss3=0 g=40 mo=17 af=0 d=42760 @(-31000,29500,r1509)]
F17215 live=1 act=1 PL(2664,-7336,rot=1024,hp=-7200) [0 t=47 st=4 ss1=0 ss2=2 ss3=0 g=40 mo=17 af=0 d=42760 @(-31000,29500,r1509)]
F17216 live=1 act=1 PL(2664,-7336,rot=1024,hp=-7200) [0 t=47 st=4 ss1=0 ss2=2 ss3=0 g=40 mo=17 af=0 d=42760 @(-31000,29500,r1509)]
F17217 live=1 act=1 PL(2664,-7336,rot=1024,hp=-7200) [0 t=47 st=4 ss1=0 ss2=2 ss3=0 g=40 mo=17 af=0 d=42760 @(-31000,29500,r1509)]
F17218 live=1 act=1 PL(2664,-7336,rot=1024,hp=-7200) [0 t=47 st=4 ss1=0 ss2=2 ss3=0 g=40 mo=17 af=0 d=42760 @(-31000,29500,r1509)]
F17219 live=1 act=1 PL(2664,-7336,rot=1024,hp=-7200) [0 t=47 st=4 ss1=0 ss2=2 ss3=0 g=40 mo=17 af=0 d=42760 @(-31000,29500,r1509)]
F17220 live=1 act=1 PL(2664,-7336,rot=1024,hp=-7200) [0 t=47 st=4 ss1=0 ss2=2 ss3=0 g=40 mo=17 af=0 d=42760 @(-31000,29500,r1509)]
F17221 live=1 act=1 PL(2664,-7336,rot=1024,hp=-7200) [0 t=47 st=4 ss1=0 ss2=2 ss3=0 g=40 mo=17 af=0 d=42760 @(-31000,29500,r1509)]
F17222 live=1 act=1 PL(2664,-7336,rot=1024,hp=-7200) [0 t=47 st=4 ss1=0 ss2=2 ss3=0 g=40 mo=17 af=0 d=42760 @(-31000,29500,r1509)]
F17223 live=1 act=1 PL(2664,-7336,rot=1024,hp=-7200) [0 t=47 st=4 ss1=0 ss2=2 ss3=0 g=40 mo=17 af=0 d=42760 @(-31000,29500,r1509)]
F17224 live=1 act=1 PL(2664,-7336,rot=1024,hp=-7200) [0 t=47 st=4 ss1=0 ss2=2 ss3=0 g=40 mo=17 af=0 d=42760 @(-31000,29500,r1509)]
F17225 live=1 act=1 PL(2664,-7336,rot=1024,hp=-7200) [0 t=47 st=4 ss1=0 ss2=2 ss3=0 g=40 mo=17 af=0 d=42760 @(-31000,29500,r1509)]
F17226 live=1 act=1 PL(2664,-7336,rot=1024,hp=-7200) [0 t=47 st=4 ss1=0 ss2=2 ss3=0 g=40 mo=17 af=0 d=42760 @(-31000,29500,r1509)]
F17227 live=1 act=1 PL(2664,-7336,rot=1024,hp=-7200) [0 t=47 st=4 ss1=0 ss2=2 ss3=0 g=40 mo=17 af=0 d=42760 @(-31000,29500,r1509)]
F17228 live=1 act=1 PL(2664,-7336,rot=1024,hp=-7200) [0 t=47 st=4 ss1=0 ss2=2 ss3=0 g=40 mo=17 af=0 d=42760 @(-31000,29500,r1509)]
F17229 live=1 act=1 PL(2664,-7336,rot=1024,hp=-7200) [0 t=47 st=4 ss1=0 ss2=2 ss3=0 g=40 mo=17 af=0 d=42760 @(-31000,29500,r1509)]
F17230 live=1 act=1 PL(2664,-7336,rot=1024,hp=-7200) [0 t=47 st=4 ss1=0 ss2=2 ss3=0 g=40 mo=17 af=0 d=42760 @(-31000,29500,r1509)]
F17231 live=1 act=1 PL(2664,-7336,rot=1024,hp=-7200) [0 t=47 st=4 ss1=0 ss2=2 ss3=0 g=40 mo=17 af=0 d=42760 @(-31000,29500,r1509)]
F17232 live=1 act=1 PL(2664,-7336,rot=1024,hp=-7200) [0 t=47 st=4 ss1=0 ss2=2 ss3=0 g=40 mo=17 af=0 d=42760 @(-31000,29500,r1509)]
F17233 live=1 act=1 PL(2664,-7336,rot=1024,hp=-7200) [0 t=47 st=4 ss1=0 ss2=2 ss3=0 g=40 mo=17 af=0 d=42760 @(-31000,29500,r1509)]
F17234 live=1 act=1 PL(2664,-7336,rot=1024,hp=-7200) [0 t=47 st=4 ss1=0 ss2=2 ss3=0 g=40 mo=17 af=0 d=42760 @(-31000,29500,r1509)]
F17235 live=1 act=1 PL(2664,-7336,rot=1024,hp=-7200) [0 t=47 st=4 ss1=0 ss2=2 ss3=0 g=40 mo=17 af=0 d=42760 @(-31000,29500,r1509)]
F17236 live=1 act=1 PL(2664,-7336,rot=1024,hp=-7200) [0 t=47 st=4 ss1=0 ss2=2 ss3=0 g=40 mo=17 af=0 d=42760 @(-31000,29500,r1509)]
F17237 live=1 act=1 PL(2664,-7336,rot=1024,hp=-7200) [0 t=47 st=4 ss1=0 ss2=2 ss3=0 g=40 mo=17 af=0 d=42760 @(-31000,29500,r1509)]
F17238 live=1 act=1 PL(2664,-7336,rot=1024,hp=-7200) [0 t=47 st=4 ss1=0 ss2=2 ss3=0 g=40 mo=17 af=0 d=42760 @(-31000,29500,r1509)]
F17239 live=1 act=1 PL(2664,-7336,rot=1024,hp=-7200) [0 t=47 st=4 ss1=0 ss2=2 ss3=0 g=40 mo=17 af=0 d=42760 @(-31000,29500,r1509)]
F17240 live=1 act=1 PL(2664,-7336,rot=1024,hp=-7200) [0 t=47 st=4 ss1=0 ss2=2 ss3=0 g=40 mo=17 af=0 d=42760 @(-31000,29500,r1509)]
F17241 live=1 act=1 PL(2664,-7336,rot=1024,hp=-7200) [0 t=47 st=4 ss1=0 ss2=2 ss3=0 g=40 mo=17 af=0 d=42760 @(-31000,29500,r1509)]
F17242 live=1 act=1 PL(2664,-7336,rot=1024,hp=-7200) [0 t=47 st=4 ss1=0 ss2=2 ss3=0 g=40 mo=17 af=0 d=42760 @(-31000,29500,r1509)]
F17243 live=1 act=1 PL(2664,-7336,rot=1024,hp=-7200) [0 t=47 st=4 ss1=0 ss2=2 ss3=0 g=40 mo=17 af=0 d=42760 @(-31000,29500,r1509)]
F17244 live=1 act=1 PL(2664,-7336,rot=1024,hp=-7200) [0 t=47 st=4 ss1=0 ss2=2 ss3=0 g=40 mo=17 af=0 d=42760 @(-31000,29500,r1509)]
F17245 live=1 act=1 PL(2664,-7336,rot=1024,hp=-7200) [0 t=47 st=4 ss1=0 ss2=2 ss3=0 g=40 mo=17 af=0 d=42760 @(-31000,29500,r1509)]
F17246 live=1 act=1 PL(2664,-7336,rot=1024,hp=-7200) [0 t=47 st=4 ss1=0 ss2=2 ss3=0 g=40 mo=17 af=0 d=42760 @(-31000,29500,r1509)]
F17247 live=1 act=1 PL(2664,-7336,rot=1024,hp=-7200) [0 t=47 st=4 ss1=0 ss2=2 ss3=0 g=40 mo=17 af=0 d=42760 @(-31000,29500,r1509)]
F17248 live=1 act=1 PL(2664,-7336,rot=1024,hp=-7200) [0 t=47 st=4 ss1=0 ss2=2 ss3=0 g=40 mo=17 af=0 d=42760 @(-31000,29500,r1509)]
F17249 live=1 act=1 PL(2664,-7336,rot=1024,hp=-7200) [0 t=47 st=4 ss1=0 ss2=2 ss3=0 g=40 mo=17 af=0 d=42760 @(-31000,29500,r1509)]
F17250 live=1 act=1 PL(2664,-7336,rot=1024,hp=-7200) [0 t=47 st=4 ss1=0 ss2=2 ss3=0 g=40 mo=17 af=0 d=42760 @(-31000,29500,r1509)]
F17251 live=1 act=1 PL(2664,-7336,rot=1024,hp=-7200) [0 t=47 st=4 ss1=0 ss2=2 ss3=0 g=40 mo=17 af=0 d=42760 @(-31000,29500,r1509)]
F17252 live=1 act=1 PL(2664,-7336,rot=1024,hp=-7200) [0 t=47 st=4 ss1=0 ss2=2 ss3=0 g=40 mo=17 af=0 d=42760 @(-31000,29500,r1509)]
F17253 live=1 act=1 PL(2664,-7336,rot=1024,hp=-7200) [0 t=47 st=4 ss1=0 ss2=2 ss3=0 g=40 mo=17 af=0 d=42760 @(-31000,29500,r1509)]
F17254 live=1 act=1 PL(2664,-7336,rot=1024,hp=-7200) [0 t=47 st=4 ss1=0 ss2=2 ss3=0 g=40 mo=17 af=0 d=42760 @(-31000,29500,r1509)]
F17255 live=1 act=1 PL(2664,-7336,rot=1024,hp=-7200) [0 t=47 st=4 ss1=0 ss2=2 ss3=0 g=40 mo=17 af=0 d=42760 @(-31000,29500,r1509)]
F17256 live=1 act=1 PL(2664,-7336,rot=1024,hp=-7200) [0 t=47 st=4 ss1=0 ss2=2 ss3=0 g=40 mo=17 af=0 d=42760 @(-31000,29500,r1509)]
F17257 live=1 act=1 PL(2664,-7336,rot=1024,hp=-7200) [0 t=47 st=4 ss1=0 ss2=2 ss3=0 g=40 mo=17 af=0 d=42760 @(-31000,29500,r1509)]
F17258 live=1 act=1 PL(2664,-7336,rot=1024,hp=-7200) [0 t=47 st=4 ss1=0 ss2=2 ss3=0 g=40 mo=17 af=0 d=42760 @(-31000,29500,r1509)]
F17259 live=1 act=1 PL(2664,-7336,rot=1024,hp=-7200) [0 t=47 st=4 ss1=0 ss2=2 ss3=0 g=40 mo=17 af=0 d=42760 @(-31000,29500,r1509)]
F17260 live=1 act=1 PL(2664,-7336,rot=1024,hp=-7200) [0 t=47 st=4 ss1=0 ss2=2 ss3=0 g=40 mo=17 af=0 d=42760 @(-31000,29500,r1509)]
F17261 live=1 act=1 PL(2664,-7336,rot=1024,hp=-7200) [0 t=47 st=4 ss1=0 ss2=2 ss3=0 g=40 mo=17 af=0 d=42760 @(-31000,29500,r1509)]
F17262 live=1 act=1 PL(2664,-7336,rot=1024,hp=-7200) [0 t=47 st=4 ss1=0 ss2=2 ss3=0 g=40 mo=17 af=0 d=42760 @(-31000,29500,r1509)]
F17263 live=1 act=1 PL(2664,-7336,rot=1024,hp=-7200) [0 t=47 st=4 ss1=0 ss2=2 ss3=0 g=40 mo=17 af=0 d=42760 @(-31000,29500,r1509)]
F17264 live=1 act=1 PL(2664,-7336,rot=1024,hp=-7200) [0 t=47 st=4 ss1=0 ss2=2 ss3=0 g=40 mo=17 af=0 d=42760 @(-31000,29500,r1509)]
F17265 live=1 act=1 PL(2664,-7336,rot=1024,hp=-7200) [0 t=47 st=4 ss1=0 ss2=2 ss3=0 g=40 mo=17 af=0 d=42760 @(-31000,29500,r1509)]
F17266 live=1 act=1 PL(2664,-7336,rot=1024,hp=-7200) [0 t=47 st=4 ss1=0 ss2=2 ss3=0 g=40 mo=17 af=0 d=42760 @(-31000,29500,r1509)]
F17267 live=1 act=1 PL(2664,-7336,rot=1024,hp=-7200) [0 t=47 st=4 ss1=0 ss2=2 ss3=0 g=40 mo=17 af=0 d=42760 @(-31000,29500,r1509)]
F17268 live=1 act=1 PL(2664,-7336,rot=1024,hp=-7200) [0 t=47 st=4 ss1=0 ss2=2 ss3=0 g=40 mo=17 af=0 d=42760 @(-31000,29500,r1509)]
F17269 live=1 act=1 PL(2664,-7336,rot=1024,hp=-7200) [0 t=47 st=4 ss1=0 ss2=2 ss3=0 g=40 mo=17 af=0 d=42760 @(-31000,29500,r1509)]
F17270 live=1 act=1 PL(2664,-7336,rot=1024,hp=-7200) [0 t=47 st=4 ss1=0 ss2=2 ss3=0 g=40 mo=17 af=0 d=42760 @(-31000,29500,r1509)]
F17271 live=1 act=1 PL(2664,-7336,rot=1024,hp=-7200) [0 t=47 st=4 ss1=0 ss2=2 ss3=0 g=40 mo=17 af=0 d=42760 @(-31000,29500,r1509)]
F17272 live=1 act=1 PL(2664,-7336,rot=1024,hp=-7200) [0 t=47 st=4 ss1=0 ss2=2 ss3=0 g=40 mo=17 af=0 d=42760 @(-31000,29500,r1509)]
F17273 live=1 act=1 PL(2664,-7336,rot=1024,hp=-7200) [0 t=47 st=4 ss1=0 ss2=2 ss3=0 g=40 mo=17 af=0 d=42760 @(-31000,29500,r1509)]
F17274 live=1 act=1 PL(2664,-7336,rot=1024,hp=-7200) [0 t=47 st=4 ss1=0 ss2=2 ss3=0 g=40 mo=17 af=0 d=42760 @(-31000,29500,r1509)]
F17275 live=1 act=1 PL(2664,-7336,rot=1024,hp=-7200) [0 t=47 st=4 ss1=0 ss2=2 ss3=0 g=40 mo=17 af=0 d=42760 @(-31000,29500,r1509)]
F17276 live=1 act=1 PL(2664,-7336,rot=1024,hp=-7200) [0 t=47 st=4 ss1=0 ss2=2 ss3=0 g=40 mo=17 af=0 d=42760 @(-31000,29500,r1509)]
F17277 live=1 act=1 PL(2664,-7336,rot=1024,hp=-7200) [0 t=47 st=4 ss1=0 ss2=2 ss3=0 g=40 mo=17 af=0 d=42760 @(-31000,29500,r1509)]
F17278 live=1 act=1 PL(2664,-7336,rot=1024,hp=-7200) [0 t=47 st=4 ss1=0 ss2=2 ss3=0 g=40 mo=17 af=0 d=42760 @(-31000,29500,r1509)]
F17279 live=1 act=1 PL(2664,-7336,rot=1024,hp=-7200) [0 t=47 st=4 ss1=0 ss2=2 ss3=0 g=40 mo=17 af=0 d=42760 @(-31000,29500,r1509)]
F17280 live=1 act=1 PL(2664,-7336,rot=1024,hp=-7200) [0 t=47 st=4 ss1=0 ss2=2 ss3=0 g=40 mo=17 af=0 d=42760 @(-31000,29500,r1509)]
F17281 live=1 act=1 PL(2664,-7336,rot=1024,hp=-7200) [0 t=47 st=4 ss1=0 ss2=2 ss3=0 g=40 mo=17 af=0 d=42760 @(-31000,29500,r1509)]
F17282 live=1 act=1 PL(2664,-7336,rot=1024,hp=-7200) [0 t=47 st=4 ss1=0 ss2=2 ss3=0 g=40 mo=17 af=0 d=42760 @(-31000,29500,r1509)]
F17283 live=1 act=1 PL(2664,-7336,rot=1024,hp=-7200) [0 t=47 st=4 ss1=0 ss2=2 ss3=0 g=40 mo=17 af=0 d=42760 @(-31000,29500,r1509)]
F17284 live=1 act=1 PL(2664,-7336,rot=1024,hp=-7200) [0 t=47 st=4 ss1=0 ss2=2 ss3=0 g=40 mo=17 af=0 d=42760 @(-31000,29500,r1509)]
F17285 live=1 act=1 PL(2664,-7336,rot=1024,hp=-7200) [0 t=47 st=4 ss1=0 ss2=2 ss3=0 g=40 mo=17 af=0 d=42760 @(-31000,29500,r1509)]
F17286 live=1 act=1 PL(2664,-7336,rot=1024,hp=-7200) [0 t=47 st=4 ss1=0 ss2=2 ss3=0 g=40 mo=17 af=0 d=42760 @(-31000,29500,r1509)]
F17287 live=1 act=1 PL(2664,-7336,rot=1024,hp=-7200) [0 t=47 st=4 ss1=0 ss2=2 ss3=0 g=40 mo=17 af=0 d=42760 @(-31000,29500,r1509)]
F17288 live=1 act=1 PL(2664,-7336,rot=1024,hp=-7200) [0 t=47 st=4 ss1=0 ss2=2 ss3=0 g=40 mo=17 af=0 d=42760 @(-31000,29500,r1509)]
F17289 live=1 act=1 PL(2664,-7336,rot=1024,hp=-7200) [0 t=47 st=4 ss1=0 ss2=2 ss3=0 g=40 mo=17 af=0 d=42760 @(-31000,29500,r1509)]
F17290 live=1 act=1 PL(2664,-7336,rot=1024,hp=-7200) [0 t=47 st=4 ss1=0 ss2=2 ss3=0 g=40 mo=17 af=0 d=42760 @(-31000,29500,r1509)]
F17291 live=1 act=1 PL(2664,-7336,rot=1024,hp=-7200) [0 t=47 st=4 ss1=0 ss2=2 ss3=0 g=40 mo=17 af=0 d=42760 @(-31000,29500,r1509)]
F17292 live=1 act=1 PL(2664,-7336,rot=1024,hp=-7200) [0 t=47 st=4 ss1=0 ss2=2 ss3=0 g=40 mo=17 af=0 d=42760 @(-31000,29500,r1509)]
F17293 live=1 act=1 PL(2664,-7336,rot=1024,hp=-7200) [0 t=47 st=4 ss1=0 ss2=2 ss3=0 g=40 mo=17 af=0 d=42760 @(-31000,29500,r1509)]
F17294 live=1 act=1 PL(2664,-7336,rot=1024,hp=-7200) [0 t=47 st=4 ss1=0 ss2=2 ss3=0 g=40 mo=17 af=0 d=42760 @(-31000,29500,r1509)]
F17295 live=1 act=1 PL(2664,-7336,rot=1024,hp=-7200) [0 t=47 st=4 ss1=0 ss2=2 ss3=0 g=40 mo=17 af=0 d=42760 @(-31000,29500,r1509)]
F17296 live=1 act=1 PL(2664,-7336,rot=1024,hp=-7200) [0 t=47 st=4 ss1=0 ss2=2 ss3=0 g=40 mo=17 af=0 d=42760 @(-31000,29500,r1509)]
F17297 live=1 act=1 PL(2664,-7336,rot=1024,hp=-7200) [0 t=47 st=4 ss1=0 ss2=2 ss3=0 g=40 mo=17 af=0 d=42760 @(-31000,29500,r1509)]
F17298 live=1 act=1 PL(2664,-7336,rot=1024,hp=-7200) [0 t=47 st=4 ss1=0 ss2=2 ss3=0 g=40 mo=17 af=0 d=42760 @(-31000,29500,r1509)]
F17299 live=1 act=1 PL(2664,-7336,rot=1024,hp=-7200) [0 t=47 st=4 ss1=0 ss2=2 ss3=0 g=40 mo=17 af=0 d=42760 @(-31000,29500,r1509)]
F17300 live=1 act=1 PL(2664,-7336,rot=1024,hp=-7200) [0 t=47 st=4 ss1=0 ss2=2 ss3=0 g=40 mo=17 af=0 d=42760 @(-31000,29500,r1509)]
F17301 live=1 act=1 PL(2664,-7336,rot=1024,hp=-7200) [0 t=47 st=4 ss1=0 ss2=2 ss3=0 g=40 mo=17 af=0 d=42760 @(-31000,29500,r1509)]
F17302 live=1 act=1 PL(2664,-7336,rot=1024,hp=-7200) [0 t=47 st=4 ss1=0 ss2=2 ss3=0 g=40 mo=17 af=0 d=42760 @(-31000,29500,r1509)]
F17303 live=1 act=1 PL(2664,-7336,rot=1024,hp=-7200) [0 t=47 st=4 ss1=0 ss2=2 ss3=0 g=40 mo=17 af=0 d=42760 @(-31000,29500,r1509)]
F17304 live=1 act=1 PL(2664,-7336,rot=1024,hp=-7200) [0 t=47 st=4 ss1=0 ss2=2 ss3=0 g=40 mo=17 af=0 d=42760 @(-31000,29500,r1509)]
F17305 live=1 act=1 PL(2664,-7336,rot=1024,hp=-7200) [0 t=47 st=4 ss1=0 ss2=2 ss3=0 g=40 mo=17 af=0 d=42760 @(-31000,29500,r1509)]
F17306 live=1 act=1 PL(2664,-7336,rot=1024,hp=-7200) [0 t=47 st=4 ss1=0 ss2=2 ss3=0 g=40 mo=17 af=0 d=42760 @(-31000,29500,r1509)]
F17307 live=1 act=1 PL(2664,-7336,rot=1024,hp=-7200) [0 t=47 st=4 ss1=0 ss2=2 ss3=0 g=40 mo=17 af=0 d=42760 @(-31000,29500,r1509)]
F17308 live=1 act=1 PL(2664,-7336,rot=1024,hp=-7200) [0 t=47 st=4 ss1=0 ss2=2 ss3=0 g=40 mo=17 af=0 d=42760 @(-31000,29500,r1509)]
F17309 live=1 act=1 PL(2664,-7336,rot=1024,hp=-7200) [0 t=47 st=4 ss1=0 ss2=2 ss3=0 g=40 mo=17 af=0 d=42760 @(-31000,29500,r1509)]
F17310 live=1 act=1 PL(2664,-7336,rot=1024,hp=-7200) [0 t=47 st=4 ss1=0 ss2=2 ss3=0 g=40 mo=17 af=0 d=42760 @(-31000,29500,r1509)]
F17311 live=1 act=1 PL(2664,-7336,rot=1024,hp=-7200) [0 t=47 st=4 ss1=0 ss2=2 ss3=0 g=40 mo=17 af=0 d=42760 @(-31000,29500,r1509)]
F17312 live=1 act=1 PL(2664,-7336,rot=1024,hp=-7200) [0 t=47 st=4 ss1=0 ss2=2 ss3=0 g=40 mo=17 af=0 d=42760 @(-31000,29500,r1509)]
F17313 live=1 act=1 PL(2664,-7336,rot=1024,hp=-7200) [0 t=47 st=4 ss1=0 ss2=2 ss3=0 g=40 mo=17 af=0 d=42760 @(-31000,29500,r1509)]
F17314 live=1 act=1 PL(2664,-7336,rot=1024,hp=-7200) [0 t=47 st=4 ss1=0 ss2=2 ss3=0 g=40 mo=17 af=0 d=42760 @(-31000,29500,r1509)]
F17315 live=1 act=1 PL(2664,-7336,rot=1024,hp=-7200) [0 t=47 st=4 ss1=0 ss2=2 ss3=0 g=40 mo=17 af=0 d=42760 @(-31000,29500,r1509)]
F17316 live=1 act=1 PL(2664,-7336,rot=1024,hp=-7200) [0 t=47 st=4 ss1=0 ss2=2 ss3=0 g=40 mo=17 af=0 d=42760 @(-31000,29500,r1509)]
F17317 live=1 act=1 PL(2664,-7336,rot=1024,hp=-7200) [0 t=47 st=4 ss1=0 ss2=2 ss3=0 g=40 mo=17 af=0 d=42760 @(-31000,29500,r1509)]
F17318 live=1 act=1 PL(2664,-7336,rot=1024,hp=-7200) [0 t=47 st=4 ss1=0 ss2=2 ss3=0 g=40 mo=17 af=0 d=42760 @(-31000,29500,r1509)]
F17319 live=1 act=1 PL(2664,-7336,rot=1024,hp=-7200) [0 t=47 st=4 ss1=0 ss2=2 ss3=0 g=40 mo=17 af=0 d=42760 @(-31000,29500,r1509)]
F17320 live=1 act=1 PL(2664,-7336,rot=1024,hp=-7200) [0 t=47 st=4 ss1=0 ss2=2 ss3=0 g=40 mo=17 af=0 d=42760 @(-31000,29500,r1509)]
F17321 live=1 act=1 PL(2664,-7336,rot=1024,hp=-7200) [0 t=47 st=4 ss1=0 ss2=2 ss3=0 g=40 mo=17 af=0 d=42760 @(-31000,29500,r1509)]
F17322 live=1 act=1 PL(2664,-7336,rot=1024,hp=-7200) [0 t=47 st=4 ss1=0 ss2=2 ss3=0 g=40 mo=17 af=0 d=42760 @(-31000,29500,r1509)]
F17323 live=1 act=1 PL(2664,-7336,rot=1024,hp=-7200) [0 t=47 st=4 ss1=0 ss2=2 ss3=0 g=40 mo=17 af=0 d=42760 @(-31000,29500,r1509)]
F17324 live=1 act=1 PL(2664,-7336,rot=1024,hp=-7200) [0 t=47 st=4 ss1=0 ss2=2 ss3=0 g=40 mo=17 af=0 d=42760 @(-31000,29500,r1509)]
F17325 live=1 act=1 PL(2664,-7336,rot=1024,hp=-7200) [0 t=47 st=4 ss1=0 ss2=2 ss3=0 g=40 mo=17 af=0 d=42760 @(-31000,29500,r1509)]
F17326 live=1 act=1 PL(2664,-7336,rot=1024,hp=-7200) [0 t=47 st=4 ss1=0 ss2=2 ss3=0 g=40 mo=17 af=0 d=42760 @(-31000,29500,r1509)]
F17327 live=1 act=1 PL(2664,-7336,rot=1024,hp=-7200) [0 t=47 st=4 ss1=0 ss2=2 ss3=0 g=40 mo=17 af=0 d=42760 @(-31000,29500,r1509)]
F17328 live=1 act=1 PL(2664,-7336,rot=1024,hp=-7200) [0 t=47 st=4 ss1=0 ss2=2 ss3=0 g=40 mo=17 af=0 d=42760 @(-31000,29500,r1509)]
F17329 live=1 act=1 PL(2664,-7336,rot=1024,hp=-7200) [0 t=47 st=4 ss1=0 ss2=2 ss3=0 g=40 mo=17 af=0 d=42760 @(-31000,29500,r1509)]
F17330 live=1 act=1 PL(2664,-7336,rot=1024,hp=-7200) [0 t=47 st=4 ss1=0 ss2=2 ss3=0 g=40 mo=17 af=0 d=42760 @(-31000,29500,r1509)]
F17331 live=1 act=1 PL(2664,-7336,rot=1024,hp=-7200) [0 t=47 st=4 ss1=0 ss2=2 ss3=0 g=40 mo=17 af=0 d=42760 @(-31000,29500,r1509)]
F17332 live=1 act=1 PL(2664,-7336,rot=1024,hp=-7200) [0 t=47 st=4 ss1=0 ss2=2 ss3=0 g=40 mo=17 af=0 d=42760 @(-31000,29500,r1509)]
F17333 live=1 act=1 PL(2664,-7336,rot=1024,hp=-7200) [0 t=47 st=4 ss1=0 ss2=2 ss3=0 g=40 mo=17 af=0 d=42760 @(-31000,29500,r1509)]
F17334 live=1 act=1 PL(2664,-7336,rot=1024,hp=-7200) [0 t=47 st=4 ss1=0 ss2=2 ss3=0 g=40 mo=17 af=0 d=42760 @(-31000,29500,r1509)]
F17335 live=1 act=1 PL(2664,-7336,rot=1024,hp=-7200) [0 t=47 st=4 ss1=0 ss2=2 ss3=0 g=40 mo=17 af=0 d=42760 @(-31000,29500,r1509)]
F17336 live=1 act=1 PL(2664,-7336,rot=1024,hp=-7200) [0 t=47 st=4 ss1=0 ss2=2 ss3=0 g=40 mo=17 af=0 d=42760 @(-31000,29500,r1509)]
F17337 live=1 act=1 PL(2664,-7336,rot=1024,hp=-7200) [0 t=47 st=4 ss1=0 ss2=2 ss3=0 g=40 mo=17 af=0 d=42760 @(-31000,29500,r1509)]
F17338 live=1 act=1 PL(2664,-7336,rot=1024,hp=-7200) [0 t=47 st=4 ss1=0 ss2=2 ss3=0 g=40 mo=17 af=0 d=42760 @(-31000,29500,r1509)]
F17339 live=1 act=1 PL(2664,-7336,rot=1024,hp=-7200) [0 t=47 st=4 ss1=0 ss2=2 ss3=0 g=40 mo=17 af=0 d=42760 @(-31000,29500,r1509)]
F17340 live=1 act=1 PL(2664,-7336,rot=1024,hp=-7200) [0 t=47 st=4 ss1=0 ss2=2 ss3=0 g=40 mo=17 af=0 d=42760 @(-31000,29500,r1509)]
F17341 live=1 act=1 PL(2664,-7336,rot=1024,hp=-7200) [0 t=47 st=4 ss1=0 ss2=2 ss3=0 g=40 mo=17 af=0 d=42760 @(-31000,29500,r1509)]
F17342 live=1 act=1 PL(2664,-7336,rot=1024,hp=-7200) [0 t=47 st=4 ss1=0 ss2=2 ss3=0 g=40 mo=17 af=0 d=42760 @(-31000,29500,r1509)]
F17343 live=1 act=1 PL(2664,-7336,rot=1024,hp=-7200) [0 t=47 st=4 ss1=0 ss2=2 ss3=0 g=40 mo=17 af=0 d=42760 @(-31000,29500,r1509)]
F17344 live=1 act=1 PL(2664,-7336,rot=1024,hp=-7200) [0 t=47 st=4 ss1=0 ss2=2 ss3=0 g=40 mo=17 af=0 d=42760 @(-31000,29500,r1509)]
F17345 live=1 act=1 PL(2664,-7336,rot=1024,hp=-7200) [0 t=47 st=4 ss1=0 ss2=2 ss3=0 g=40 mo=17 af=0 d=42760 @(-31000,29500,r1509)]
F17346 live=1 act=1 PL(2664,-7336,rot=1024,hp=-7200) [0 t=47 st=4 ss1=0 ss2=2 ss3=0 g=40 mo=17 af=0 d=42760 @(-31000,29500,r1509)]
F17347 live=1 act=1 PL(2664,-7336,rot=1024,hp=-7200) [0 t=47 st=4 ss1=0 ss2=2 ss3=0 g=40 mo=17 af=0 d=42760 @(-31000,29500,r1509)]
F17348 live=1 act=1 PL(2664,-7336,rot=1024,hp=-7200) [0 t=47 st=4 ss1=0 ss2=2 ss3=0 g=40 mo=17 af=0 d=42760 @(-31000,29500,r1509)]
F17349 live=1 act=1 PL(2664,-7336,rot=1024,hp=-7200) [0 t=47 st=4 ss1=0 ss2=2 ss3=0 g=40 mo=17 af=0 d=42760 @(-31000,29500,r1509)]
F17350 live=1 act=1 PL(2664,-7336,rot=1024,hp=-7200) [0 t=47 st=4 ss1=0 ss2=2 ss3=0 g=40 mo=17 af=0 d=42760 @(-31000,29500,r1509)]
F17351 live=1 act=1 PL(2664,-7336,rot=1024,hp=-7200) [0 t=47 st=4 ss1=0 ss2=2 ss3=0 g=40 mo=17 af=0 d=42760 @(-31000,29500,r1509)]
F17352 live=1 act=1 PL(2664,-7336,rot=1024,hp=-7200) [0 t=47 st=4 ss1=0 ss2=2 ss3=0 g=40 mo=17 af=0 d=42760 @(-31000,29500,r1509)]
F17353 live=1 act=1 PL(2664,-7336,rot=1024,hp=-7200) [0 t=47 st=4 ss1=0 ss2=2 ss3=0 g=40 mo=17 af=0 d=42760 @(-31000,29500,r1509)]
F17354 live=1 act=1 PL(2664,-7336,rot=1024,hp=-7200) [0 t=47 st=4 ss1=0 ss2=2 ss3=0 g=40 mo=17 af=0 d=42760 @(-31000,29500,r1509)]
F17355 live=1 act=1 PL(2664,-7336,rot=1024,hp=-7200) [0 t=47 st=4 ss1=0 ss2=2 ss3=0 g=40 mo=17 af=0 d=42760 @(-31000,29500,r1509)]
F17356 live=1 act=1 PL(2664,-7336,rot=1024,hp=-7200) [0 t=47 st=4 ss1=0 ss2=2 ss3=0 g=40 mo=17 af=0 d=42760 @(-31000,29500,r1509)]
F17357 live=1 act=1 PL(2664,-7336,rot=1024,hp=-7200) [0 t=47 st=4 ss1=0 ss2=2 ss3=0 g=40 mo=17 af=0 d=42760 @(-31000,29500,r1509)]
F17358 live=1 act=1 PL(2664,-7336,rot=1024,hp=-7200) [0 t=47 st=4 ss1=0 ss2=2 ss3=0 g=40 mo=17 af=0 d=42760 @(-31000,29500,r1509)]
F17359 live=1 act=1 PL(2664,-7336,rot=1024,hp=-7200) [0 t=47 st=4 ss1=0 ss2=2 ss3=0 g=40 mo=17 af=0 d=42760 @(-31000,29500,r1509)]
F17360 live=1 act=1 PL(2664,-7336,rot=1024,hp=-7200) [0 t=47 st=4 ss1=0 ss2=2 ss3=0 g=40 mo=17 af=0 d=42760 @(-31000,29500,r1509)]
F17361 live=1 act=1 PL(2664,-7336,rot=1024,hp=-7200) [0 t=47 st=4 ss1=0 ss2=2 ss3=0 g=40 mo=17 af=0 d=42760 @(-31000,29500,r1509)]
F17362 live=1 act=1 PL(2664,-7336,rot=1024,hp=-7200) [0 t=47 st=4 ss1=0 ss2=2 ss3=0 g=40 mo=17 af=0 d=42760 @(-31000,29500,r1509)]
F17363 live=1 act=1 PL(2664,-7336,rot=1024,hp=-7200) [0 t=47 st=4 ss1=0 ss2=2 ss3=0 g=40 mo=17 af=0 d=42760 @(-31000,29500,r1509)]
F17364 live=1 act=1 PL(2664,-7336,rot=1024,hp=-7200) [0 t=47 st=4 ss1=0 ss2=2 ss3=0 g=40 mo=17 af=0 d=42760 @(-31000,29500,r1509)]
F17365 live=1 act=1 PL(2664,-7336,rot=1024,hp=-7200) [0 t=47 st=4 ss1=0 ss2=2 ss3=0 g=40 mo=17 af=0 d=42760 @(-31000,29500,r1509)]
F17366 live=1 act=1 PL(2664,-7336,rot=1024,hp=-7200) [0 t=47 st=4 ss1=0 ss2=2 ss3=0 g=40 mo=17 af=0 d=42760 @(-31000,29500,r1509)]
F17367 live=1 act=1 PL(2664,-7336,rot=1024,hp=-7200) [0 t=47 st=4 ss1=0 ss2=2 ss3=0 g=40 mo=17 af=0 d=42760 @(-31000,29500,r1509)]
F17368 live=1 act=1 PL(2664,-7336,rot=1024,hp=-7200) [0 t=47 st=4 ss1=0 ss2=2 ss3=0 g=40 mo=17 af=0 d=42760 @(-31000,29500,r1509)]
F17369 live=1 act=1 PL(2664,-7336,rot=1024,hp=-7200) [0 t=47 st=4 ss1=0 ss2=2 ss3=0 g=40 mo=17 af=0 d=42760 @(-31000,29500,r1509)]
F17370 live=1 act=1 PL(2664,-7336,rot=1024,hp=-7200) [0 t=47 st=4 ss1=0 ss2=2 ss3=0 g=40 mo=17 af=0 d=42760 @(-31000,29500,r1509)]
F17371 live=1 act=1 PL(2664,-7336,rot=1024,hp=-7200) [0 t=47 st=4 ss1=0 ss2=2 ss3=0 g=40 mo=17 af=0 d=42760 @(-31000,29500,r1509)]
F17372 live=1 act=1 PL(2664,-7336,rot=1024,hp=-7200) [0 t=47 st=4 ss1=0 ss2=2 ss3=0 g=40 mo=17 af=0 d=42760 @(-31000,29500,r1509)]
F17373 live=1 act=1 PL(2664,-7336,rot=1024,hp=-7200) [0 t=47 st=4 ss1=0 ss2=2 ss3=0 g=40 mo=17 af=0 d=42760 @(-31000,29500,r1509)]
F17374 live=1 act=1 PL(2664,-7336,rot=1024,hp=-7200) [0 t=47 st=4 ss1=0 ss2=2 ss3=0 g=40 mo=17 af=0 d=42760 @(-31000,29500,r1509)]
F17375 live=1 act=1 PL(2664,-7336,rot=1024,hp=-7200) [0 t=47 st=4 ss1=0 ss2=2 ss3=0 g=40 mo=17 af=0 d=42760 @(-31000,29500,r1509)]
F17376 live=1 act=1 PL(2664,-7336,rot=1024,hp=-7200) [0 t=47 st=4 ss1=0 ss2=2 ss3=0 g=40 mo=17 af=0 d=42760 @(-31000,29500,r1509)]
F17377 live=1 act=1 PL(2664,-7336,rot=1024,hp=-7200) [0 t=47 st=4 ss1=0 ss2=2 ss3=0 g=40 mo=17 af=0 d=42760 @(-31000,29500,r1509)]
F17378 live=1 act=1 PL(2664,-7336,rot=1024,hp=-7200) [0 t=47 st=4 ss1=0 ss2=2 ss3=0 g=40 mo=17 af=0 d=42760 @(-31000,29500,r1509)]
F17379 live=1 act=1 PL(2664,-7336,rot=1024,hp=-7200) [0 t=47 st=4 ss1=0 ss2=2 ss3=0 g=40 mo=17 af=0 d=42760 @(-31000,29500,r1509)]
F17380 live=1 act=1 PL(2664,-7336,rot=1024,hp=-7200) [0 t=47 st=4 ss1=0 ss2=2 ss3=0 g=40 mo=17 af=0 d=42760 @(-31000,29500,r1509)]
F17381 live=1 act=1 PL(2664,-7336,rot=1024,hp=-7200) [0 t=47 st=4 ss1=0 ss2=2 ss3=0 g=40 mo=17 af=0 d=42760 @(-31000,29500,r1509)]
F17382 live=1 act=1 PL(2664,-7336,rot=1024,hp=-7200) [0 t=47 st=4 ss1=0 ss2=2 ss3=0 g=40 mo=17 af=0 d=42760 @(-31000,29500,r1509)]
F17383 live=1 act=1 PL(2664,-7336,rot=1024,hp=-7200) [0 t=47 st=4 ss1=0 ss2=2 ss3=0 g=40 mo=17 af=0 d=42760 @(-31000,29500,r1509)]
F17384 live=1 act=1 PL(2664,-7336,rot=1024,hp=-7200) [0 t=47 st=4 ss1=0 ss2=2 ss3=0 g=40 mo=17 af=0 d=42760 @(-31000,29500,r1509)]
F17385 live=1 act=1 PL(2664,-7336,rot=1024,hp=-7200) [0 t=47 st=4 ss1=0 ss2=2 ss3=0 g=40 mo=17 af=0 d=42760 @(-31000,29500,r1509)]
F17386 live=1 act=1 PL(2664,-7336,rot=1024,hp=-7200) [0 t=47 st=4 ss1=0 ss2=2 ss3=0 g=40 mo=17 af=0 d=42760 @(-31000,29500,r1509)]
F17387 live=1 act=1 PL(2664,-7336,rot=1024,hp=-7200) [0 t=47 st=4 ss1=0 ss2=2 ss3=0 g=40 mo=17 af=0 d=42760 @(-31000,29500,r1509)]
F17388 live=1 act=1 PL(2664,-7336,rot=1024,hp=-7200) [0 t=47 st=4 ss1=0 ss2=2 ss3=0 g=40 mo=17 af=0 d=42760 @(-31000,29500,r1509)]
F17389 live=1 act=1 PL(2664,-7336,rot=1024,hp=-7200) [0 t=47 st=4 ss1=0 ss2=2 ss3=0 g=40 mo=17 af=0 d=42760 @(-31000,29500,r1509)]
F17390 live=1 act=1 PL(2664,-7336,rot=1024,hp=-7200) [0 t=47 st=4 ss1=0 ss2=2 ss3=0 g=40 mo=17 af=0 d=42760 @(-31000,29500,r1509)]
F17391 live=1 act=1 PL(2664,-7336,rot=1024,hp=-7200) [0 t=47 st=4 ss1=0 ss2=2 ss3=0 g=40 mo=17 af=0 d=42760 @(-31000,29500,r1509)]
F17392 live=1 act=1 PL(2664,-7336,rot=1024,hp=-7200) [0 t=47 st=4 ss1=0 ss2=2 ss3=0 g=40 mo=17 af=0 d=42760 @(-31000,29500,r1509)]
F17393 live=1 act=1 PL(2664,-7336,rot=1024,hp=-7200) [0 t=47 st=4 ss1=0 ss2=2 ss3=0 g=40 mo=17 af=0 d=42760 @(-31000,29500,r1509)]
F17394 live=1 act=1 PL(2664,-7336,rot=1024,hp=-7200) [0 t=47 st=4 ss1=0 ss2=2 ss3=0 g=40 mo=17 af=0 d=42760 @(-31000,29500,r1509)]
F17395 live=1 act=1 PL(2664,-7336,rot=1024,hp=-7200) [0 t=47 st=4 ss1=0 ss2=2 ss3=0 g=40 mo=17 af=0 d=42760 @(-31000,29500,r1509)]
F17396 live=1 act=1 PL(2664,-7336,rot=1024,hp=-7200) [0 t=47 st=4 ss1=0 ss2=2 ss3=0 g=40 mo=17 af=0 d=42760 @(-31000,29500,r1509)]
F17397 live=1 act=1 PL(2664,-7336,rot=1024,hp=-7200) [0 t=47 st=4 ss1=0 ss2=2 ss3=0 g=40 mo=17 af=0 d=42760 @(-31000,29500,r1509)]
F17398 live=1 act=1 PL(2664,-7336,rot=1024,hp=-7200) [0 t=47 st=4 ss1=0 ss2=2 ss3=0 g=40 mo=17 af=0 d=42760 @(-31000,29500,r1509)]
F17399 live=1 act=1 PL(2664,-7336,rot=1024,hp=-7200) [0 t=47 st=4 ss1=0 ss2=2 ss3=0 g=40 mo=17 af=0 d=42760 @(-31000,29500,r1509)]
F17400 live=1 act=1 PL(2664,-7336,rot=1024,hp=-7200) [0 t=47 st=4 ss1=0 ss2=2 ss3=0 g=40 mo=17 af=0 d=42760 @(-31000,29500,r1509)]
F17401 live=1 act=1 PL(2664,-7336,rot=1024,hp=-7200) [0 t=47 st=4 ss1=0 ss2=2 ss3=0 g=40 mo=17 af=0 d=42760 @(-31000,29500,r1509)]
F17402 live=1 act=1 PL(2664,-7336,rot=1024,hp=-7200) [0 t=47 st=4 ss1=0 ss2=2 ss3=0 g=40 mo=17 af=0 d=42760 @(-31000,29500,r1509)]
F17403 live=1 act=1 PL(2664,-7336,rot=1024,hp=-7200) [0 t=47 st=4 ss1=0 ss2=2 ss3=0 g=40 mo=17 af=0 d=42760 @(-31000,29500,r1509)]
F17404 live=1 act=1 PL(2664,-7336,rot=1024,hp=-7200) [0 t=47 st=4 ss1=0 ss2=2 ss3=0 g=40 mo=17 af=0 d=42760 @(-31000,29500,r1509)]
F17405 live=1 act=1 PL(2664,-7336,rot=1024,hp=-7200) [0 t=47 st=4 ss1=0 ss2=2 ss3=0 g=40 mo=17 af=0 d=42760 @(-31000,29500,r1509)]
F17406 live=1 act=1 PL(2664,-7336,rot=1024,hp=-7200) [0 t=47 st=4 ss1=0 ss2=2 ss3=0 g=40 mo=17 af=0 d=42760 @(-31000,29500,r1509)]
F17407 live=1 act=1 PL(2664,-7336,rot=1024,hp=-7200) [0 t=47 st=4 ss1=0 ss2=2 ss3=0 g=40 mo=17 af=0 d=42760 @(-31000,29500,r1509)]
F17408 live=1 act=1 PL(2664,-7336,rot=1024,hp=-7200) [0 t=47 st=4 ss1=0 ss2=2 ss3=0 g=40 mo=17 af=0 d=42760 @(-31000,29500,r1509)]
F17409 live=1 act=1 PL(2664,-7336,rot=1024,hp=-7200) [0 t=47 st=4 ss1=0 ss2=2 ss3=0 g=40 mo=17 af=0 d=42760 @(-31000,29500,r1509)]
F17410 live=1 act=1 PL(2664,-7336,rot=1024,hp=-7200) [0 t=47 st=4 ss1=0 ss2=2 ss3=0 g=40 mo=17 af=0 d=42760 @(-31000,29500,r1509)]
F17411 live=1 act=1 PL(2664,-7336,rot=1024,hp=-7200) [0 t=47 st=4 ss1=0 ss2=2 ss3=0 g=40 mo=17 af=0 d=42760 @(-31000,29500,r1509)]
F17412 live=1 act=1 PL(2664,-7336,rot=1024,hp=-7200) [0 t=47 st=4 ss1=0 ss2=2 ss3=0 g=40 mo=17 af=0 d=42760 @(-31000,29500,r1509)]
F17413 live=1 act=1 PL(2664,-7336,rot=1024,hp=-7200) [0 t=47 st=4 ss1=0 ss2=2 ss3=0 g=40 mo=17 af=0 d=42760 @(-31000,29500,r1509)]
F17414 live=1 act=1 PL(2664,-7336,rot=1024,hp=-7200) [0 t=47 st=4 ss1=0 ss2=2 ss3=0 g=40 mo=17 af=0 d=42760 @(-31000,29500,r1509)]
F17415 live=1 act=1 PL(2664,-7336,rot=1024,hp=-7200) [0 t=47 st=4 ss1=0 ss2=2 ss3=0 g=40 mo=17 af=0 d=42760 @(-31000,29500,r1509)]
F17416 live=1 act=1 PL(2664,-7336,rot=1024,hp=-7200) [0 t=47 st=4 ss1=0 ss2=2 ss3=0 g=40 mo=17 af=0 d=42760 @(-31000,29500,r1509)]
F17417 live=1 act=1 PL(2664,-7336,rot=1024,hp=-7200) [0 t=47 st=4 ss1=0 ss2=2 ss3=0 g=40 mo=17 af=0 d=42760 @(-31000,29500,r1509)]
F17418 live=1 act=1 PL(2664,-7336,rot=1024,hp=-7200) [0 t=47 st=4 ss1=0 ss2=2 ss3=0 g=40 mo=17 af=0 d=42760 @(-31000,29500,r1509)]
F17419 live=1 act=1 PL(2664,-7336,rot=1024,hp=-7200) [0 t=47 st=4 ss1=0 ss2=2 ss3=0 g=40 mo=17 af=0 d=42760 @(-31000,29500,r1509)]
F17420 live=1 act=1 PL(2664,-7336,rot=1024,hp=-7200) [0 t=47 st=4 ss1=0 ss2=2 ss3=0 g=40 mo=17 af=0 d=42760 @(-31000,29500,r1509)]
F17421 live=1 act=1 PL(2664,-7336,rot=1024,hp=-7200) [0 t=47 st=4 ss1=0 ss2=2 ss3=0 g=40 mo=17 af=0 d=42760 @(-31000,29500,r1509)]
F17422 live=1 act=1 PL(2664,-7336,rot=1024,hp=-7200) [0 t=47 st=4 ss1=0 ss2=2 ss3=0 g=40 mo=17 af=0 d=42760 @(-31000,29500,r1509)]
F17423 live=1 act=1 PL(2664,-7336,rot=1024,hp=-7200) [0 t=47 st=4 ss1=0 ss2=2 ss3=0 g=40 mo=17 af=0 d=42760 @(-31000,29500,r1509)]
F17424 live=1 act=1 PL(2664,-7336,rot=1024,hp=-7200) [0 t=47 st=4 ss1=0 ss2=2 ss3=0 g=40 mo=17 af=0 d=42760 @(-31000,29500,r1509)]
F17425 live=1 act=1 PL(2664,-7336,rot=1024,hp=-7200) [0 t=47 st=4 ss1=0 ss2=2 ss3=0 g=40 mo=17 af=0 d=42760 @(-31000,29500,r1509)]
F17426 live=1 act=1 PL(2664,-7336,rot=1024,hp=-7200) [0 t=47 st=4 ss1=0 ss2=2 ss3=0 g=40 mo=17 af=0 d=42760 @(-31000,29500,r1509)]
F17427 live=1 act=1 PL(2664,-7336,rot=1024,hp=-7200) [0 t=47 st=4 ss1=0 ss2=2 ss3=0 g=40 mo=17 af=0 d=42760 @(-31000,29500,r1509)]
F17428 live=1 act=1 PL(2664,-7336,rot=1024,hp=-7200) [0 t=47 st=4 ss1=0 ss2=2 ss3=0 g=40 mo=17 af=0 d=42760 @(-31000,29500,r1509)]
F17429 live=1 act=1 PL(2664,-7336,rot=1024,hp=-7200) [0 t=47 st=4 ss1=0 ss2=2 ss3=0 g=40 mo=17 af=0 d=42760 @(-31000,29500,r1509)]
F17430 live=1 act=1 PL(2664,-7336,rot=1024,hp=-7200) [0 t=47 st=4 ss1=0 ss2=2 ss3=0 g=40 mo=17 af=0 d=42760 @(-31000,29500,r1509)]
F17431 live=1 act=1 PL(2664,-7336,rot=1024,hp=-7200) [0 t=47 st=4 ss1=0 ss2=2 ss3=0 g=40 mo=17 af=0 d=42760 @(-31000,29500,r1509)]
F17432 live=1 act=1 PL(2664,-7336,rot=1024,hp=-7200) [0 t=47 st=4 ss1=0 ss2=2 ss3=0 g=40 mo=17 af=0 d=42760 @(-31000,29500,r1509)]
F17433 live=1 act=1 PL(2664,-7336,rot=1024,hp=-7200) [0 t=47 st=4 ss1=0 ss2=2 ss3=0 g=40 mo=17 af=0 d=42760 @(-31000,29500,r1509)]
F17434 live=1 act=1 PL(2664,-7336,rot=1024,hp=-7200) [0 t=47 st=4 ss1=0 ss2=2 ss3=0 g=40 mo=17 af=0 d=42760 @(-31000,29500,r1509)]
F17435 live=1 act=1 PL(2664,-7336,rot=1024,hp=-7200) [0 t=47 st=4 ss1=0 ss2=2 ss3=0 g=40 mo=17 af=0 d=42760 @(-31000,29500,r1509)]
F17436 live=1 act=1 PL(2664,-7336,rot=1024,hp=-7200) [0 t=47 st=4 ss1=0 ss2=2 ss3=0 g=40 mo=17 af=0 d=42760 @(-31000,29500,r1509)]
F17437 live=1 act=1 PL(2664,-7336,rot=1024,hp=-7200) [0 t=47 st=4 ss1=0 ss2=2 ss3=0 g=40 mo=17 af=0 d=42760 @(-31000,29500,r1509)]
F17438 live=1 act=1 PL(2664,-7336,rot=1024,hp=-7200) [0 t=47 st=4 ss1=0 ss2=2 ss3=0 g=40 mo=17 af=0 d=42760 @(-31000,29500,r1509)]
F17439 live=1 act=1 PL(2664,-7336,rot=1024,hp=-7200) [0 t=47 st=4 ss1=0 ss2=2 ss3=0 g=40 mo=17 af=0 d=42760 @(-31000,29500,r1509)]
F17440 live=1 act=1 PL(2664,-7336,rot=1024,hp=-7200) [0 t=47 st=4 ss1=0 ss2=2 ss3=0 g=40 mo=17 af=0 d=42760 @(-31000,29500,r1509)]
F17441 live=1 act=1 PL(2664,-7336,rot=1024,hp=-7200) [0 t=47 st=4 ss1=0 ss2=2 ss3=0 g=40 mo=17 af=0 d=42760 @(-31000,29500,r1509)]
F17442 live=1 act=1 PL(2664,-7336,rot=1024,hp=-7200) [0 t=47 st=4 ss1=0 ss2=2 ss3=0 g=40 mo=17 af=0 d=42760 @(-31000,29500,r1509)]
F17443 live=1 act=1 PL(2664,-7336,rot=1024,hp=-7200) [0 t=47 st=4 ss1=0 ss2=2 ss3=0 g=40 mo=17 af=0 d=42760 @(-31000,29500,r1509)]
F17444 live=1 act=1 PL(2664,-7336,rot=1024,hp=-7200) [0 t=47 st=4 ss1=0 ss2=2 ss3=0 g=40 mo=17 af=0 d=42760 @(-31000,29500,r1509)]
F17445 live=1 act=1 PL(2664,-7336,rot=1024,hp=-7200) [0 t=47 st=4 ss1=0 ss2=2 ss3=0 g=40 mo=17 af=0 d=42760 @(-31000,29500,r1509)]
F17446 live=1 act=1 PL(2664,-7336,rot=1024,hp=-7200) [0 t=47 st=4 ss1=0 ss2=2 ss3=0 g=40 mo=17 af=0 d=42760 @(-31000,29500,r1509)]
F17447 live=1 act=1 PL(2664,-7336,rot=1024,hp=-7200) [0 t=47 st=4 ss1=0 ss2=2 ss3=0 g=40 mo=17 af=0 d=42760 @(-31000,29500,r1509)]
F17448 live=1 act=1 PL(2664,-7336,rot=1024,hp=-7200) [0 t=47 st=4 ss1=0 ss2=2 ss3=0 g=40 mo=17 af=0 d=42760 @(-31000,29500,r1509)]
F17449 live=1 act=1 PL(2664,-7336,rot=1024,hp=-7200) [0 t=47 st=4 ss1=0 ss2=2 ss3=0 g=40 mo=17 af=0 d=42760 @(-31000,29500,r1509)]
F17450 live=1 act=1 PL(2664,-7336,rot=1024,hp=-7200) [0 t=47 st=4 ss1=0 ss2=2 ss3=0 g=40 mo=17 af=0 d=42760 @(-31000,29500,r1509)]
F17451 live=1 act=1 PL(2664,-7336,rot=1024,hp=-7200) [0 t=47 st=4 ss1=0 ss2=2 ss3=0 g=40 mo=17 af=0 d=42760 @(-31000,29500,r1509)]
F17452 live=1 act=1 PL(2664,-7336,rot=1024,hp=-7200) [0 t=47 st=4 ss1=0 ss2=2 ss3=0 g=40 mo=17 af=0 d=42760 @(-31000,29500,r1509)]
F17453 live=1 act=1 PL(2664,-7336,rot=1024,hp=-7200) [0 t=47 st=4 ss1=0 ss2=2 ss3=0 g=40 mo=17 af=0 d=42760 @(-31000,29500,r1509)]
F17454 live=1 act=1 PL(2664,-7336,rot=1024,hp=-7200) [0 t=47 st=4 ss1=0 ss2=2 ss3=0 g=40 mo=17 af=0 d=42760 @(-31000,29500,r1509)]
F17455 live=1 act=1 PL(2664,-7336,rot=1024,hp=-7200) [0 t=47 st=4 ss1=0 ss2=2 ss3=0 g=40 mo=17 af=0 d=42760 @(-31000,29500,r1509)]
F17456 live=1 act=1 PL(2664,-7336,rot=1024,hp=-7200) [0 t=47 st=4 ss1=0 ss2=2 ss3=0 g=40 mo=17 af=0 d=42760 @(-31000,29500,r1509)]
F17457 live=1 act=1 PL(2664,-7336,rot=1024,hp=-7200) [0 t=47 st=4 ss1=0 ss2=2 ss3=0 g=40 mo=17 af=0 d=42760 @(-31000,29500,r1509)]
F17458 live=1 act=1 PL(2664,-7336,rot=1024,hp=-7200) [0 t=47 st=4 ss1=0 ss2=2 ss3=0 g=40 mo=17 af=0 d=42760 @(-31000,29500,r1509)]
F17459 live=1 act=1 PL(2664,-7336,rot=1024,hp=-7200) [0 t=47 st=4 ss1=0 ss2=2 ss3=0 g=40 mo=17 af=0 d=42760 @(-31000,29500,r1509)]
F17460 live=1 act=1 PL(2664,-7336,rot=1024,hp=-7200) [0 t=47 st=4 ss1=0 ss2=2 ss3=0 g=40 mo=17 af=0 d=42760 @(-31000,29500,r1509)]
F17461 live=1 act=1 PL(2664,-7336,rot=1024,hp=-7200) [0 t=47 st=4 ss1=0 ss2=2 ss3=0 g=40 mo=17 af=0 d=42760 @(-31000,29500,r1509)]
F17462 live=1 act=1 PL(2664,-7336,rot=1024,hp=-7200) [0 t=47 st=4 ss1=0 ss2=2 ss3=0 g=40 mo=17 af=0 d=42760 @(-31000,29500,r1509)]
F17463 live=1 act=1 PL(2664,-7336,rot=1024,hp=-7200) [0 t=47 st=4 ss1=0 ss2=2 ss3=0 g=40 mo=17 af=0 d=42760 @(-31000,29500,r1509)]
F17464 live=1 act=1 PL(2664,-7336,rot=1024,hp=-7200) [0 t=47 st=4 ss1=0 ss2=2 ss3=0 g=40 mo=17 af=0 d=42760 @(-31000,29500,r1509)]
F17465 live=1 act=1 PL(2664,-7336,rot=1024,hp=-7200) [0 t=47 st=4 ss1=0 ss2=2 ss3=0 g=40 mo=17 af=0 d=42760 @(-31000,29500,r1509)]
F17466 live=1 act=1 PL(2664,-7336,rot=1024,hp=-7200) [0 t=47 st=4 ss1=0 ss2=2 ss3=0 g=40 mo=17 af=0 d=42760 @(-31000,29500,r1509)]
F17467 live=1 act=1 PL(2664,-7336,rot=1024,hp=-7200) [0 t=47 st=4 ss1=0 ss2=2 ss3=0 g=40 mo=17 af=0 d=42760 @(-31000,29500,r1509)]
F17468 live=1 act=1 PL(2664,-7336,rot=1024,hp=-7200) [0 t=47 st=4 ss1=0 ss2=2 ss3=0 g=40 mo=17 af=0 d=42760 @(-31000,29500,r1509)]
F17469 live=1 act=1 PL(2664,-7336,rot=1024,hp=-7200) [0 t=47 st=4 ss1=0 ss2=2 ss3=0 g=40 mo=17 af=0 d=42760 @(-31000,29500,r1509)]
F17470 live=1 act=1 PL(2664,-7336,rot=1024,hp=-7200) [0 t=47 st=4 ss1=0 ss2=2 ss3=0 g=40 mo=17 af=0 d=42760 @(-31000,29500,r1509)]
F17471 live=1 act=1 PL(2664,-7336,rot=1024,hp=-7200) [0 t=47 st=4 ss1=0 ss2=2 ss3=0 g=40 mo=17 af=0 d=42760 @(-31000,29500,r1509)]
F17472 live=1 act=1 PL(2664,-7336,rot=1024,hp=-7200) [0 t=47 st=4 ss1=0 ss2=2 ss3=0 g=40 mo=17 af=0 d=42760 @(-31000,29500,r1509)]
F17473 live=1 act=1 PL(2664,-7336,rot=1024,hp=-7200) [0 t=47 st=4 ss1=0 ss2=2 ss3=0 g=40 mo=17 af=0 d=42760 @(-31000,29500,r1509)]
F17474 live=1 act=1 PL(2664,-7336,rot=1024,hp=-7200) [0 t=47 st=4 ss1=0 ss2=2 ss3=0 g=40 mo=17 af=0 d=42760 @(-31000,29500,r1509)]
F17475 live=1 act=1 PL(2664,-7336,rot=1024,hp=-7200) [0 t=47 st=4 ss1=0 ss2=2 ss3=0 g=40 mo=17 af=0 d=42760 @(-31000,29500,r1509)]
F17476 live=1 act=1 PL(2664,-7336,rot=1024,hp=-7200) [0 t=47 st=4 ss1=0 ss2=2 ss3=0 g=40 mo=17 af=0 d=42760 @(-31000,29500,r1509)]
F17477 live=1 act=1 PL(2664,-7336,rot=1024,hp=-7200) [0 t=47 st=4 ss1=0 ss2=2 ss3=0 g=40 mo=17 af=0 d=42760 @(-31000,29500,r1509)]
F17478 live=1 act=1 PL(2664,-7336,rot=1024,hp=-7200) [0 t=47 st=4 ss1=0 ss2=2 ss3=0 g=40 mo=17 af=0 d=42760 @(-31000,29500,r1509)]
F17479 live=1 act=1 PL(2664,-7336,rot=1024,hp=-7200) [0 t=47 st=4 ss1=0 ss2=2 ss3=0 g=40 mo=17 af=0 d=42760 @(-31000,29500,r1509)]
F17480 live=1 act=1 PL(2664,-7336,rot=1024,hp=-7200) [0 t=47 st=4 ss1=0 ss2=2 ss3=0 g=40 mo=17 af=0 d=42760 @(-31000,29500,r1509)]
F17481 live=1 act=1 PL(2664,-7336,rot=1024,hp=-7200) [0 t=47 st=4 ss1=0 ss2=2 ss3=0 g=40 mo=17 af=0 d=42760 @(-31000,29500,r1509)]
F17482 live=1 act=1 PL(2664,-7336,rot=1024,hp=-7200) [0 t=47 st=4 ss1=0 ss2=2 ss3=0 g=40 mo=17 af=0 d=42760 @(-31000,29500,r1509)]
F17483 live=1 act=1 PL(2664,-7336,rot=1024,hp=-7200) [0 t=47 st=4 ss1=0 ss2=2 ss3=0 g=40 mo=17 af=0 d=42760 @(-31000,29500,r1509)]
F17484 live=1 act=1 PL(2664,-7336,rot=1024,hp=-7200) [0 t=47 st=4 ss1=0 ss2=2 ss3=0 g=40 mo=17 af=0 d=42760 @(-31000,29500,r1509)]
F17485 live=1 act=1 PL(2664,-7336,rot=1024,hp=-7200) [0 t=47 st=4 ss1=0 ss2=2 ss3=0 g=40 mo=17 af=0 d=42760 @(-31000,29500,r1509)]
F17486 live=1 act=1 PL(2664,-7336,rot=1024,hp=-7200) [0 t=47 st=4 ss1=0 ss2=2 ss3=0 g=40 mo=17 af=0 d=42760 @(-31000,29500,r1509)]
F17487 live=1 act=1 PL(2664,-7336,rot=1024,hp=-7200) [0 t=47 st=4 ss1=0 ss2=2 ss3=0 g=40 mo=17 af=0 d=42760 @(-31000,29500,r1509)]
F17488 live=1 act=1 PL(2664,-7336,rot=1024,hp=-7200) [0 t=47 st=4 ss1=0 ss2=2 ss3=0 g=40 mo=17 af=0 d=42760 @(-31000,29500,r1509)]
F17489 live=1 act=1 PL(2664,-7336,rot=1024,hp=-7200) [0 t=47 st=4 ss1=0 ss2=2 ss3=0 g=40 mo=17 af=0 d=42760 @(-31000,29500,r1509)]
F17490 live=1 act=1 PL(2664,-7336,rot=1024,hp=-7200) [0 t=47 st=4 ss1=0 ss2=2 ss3=0 g=40 mo=17 af=0 d=42760 @(-31000,29500,r1509)]
F17491 live=1 act=1 PL(2664,-7336,rot=1024,hp=-7200) [0 t=47 st=4 ss1=0 ss2=2 ss3=0 g=40 mo=17 af=0 d=42760 @(-31000,29500,r1509)]
F17492 live=1 act=1 PL(2664,-7336,rot=1024,hp=-7200) [0 t=47 st=4 ss1=0 ss2=2 ss3=0 g=40 mo=17 af=0 d=42760 @(-31000,29500,r1509)]
F17493 live=1 act=1 PL(2664,-7336,rot=1024,hp=-7200) [0 t=47 st=4 ss1=0 ss2=2 ss3=0 g=40 mo=17 af=0 d=42760 @(-31000,29500,r1509)]
F17494 live=1 act=1 PL(2664,-7336,rot=1024,hp=-7200) [0 t=47 st=4 ss1=0 ss2=2 ss3=0 g=40 mo=17 af=0 d=42760 @(-31000,29500,r1509)]
F17495 live=1 act=1 PL(2664,-7336,rot=1024,hp=-7200) [0 t=47 st=4 ss1=0 ss2=2 ss3=0 g=40 mo=17 af=0 d=42760 @(-31000,29500,r1509)]
F17496 live=1 act=1 PL(2664,-7336,rot=1024,hp=-7200) [0 t=47 st=4 ss1=0 ss2=2 ss3=0 g=40 mo=17 af=0 d=42760 @(-31000,29500,r1509)]
F17497 live=1 act=1 PL(2664,-7336,rot=1024,hp=-7200) [0 t=47 st=4 ss1=0 ss2=2 ss3=0 g=40 mo=17 af=0 d=42760 @(-31000,29500,r1509)]
F17498 live=1 act=1 PL(2664,-7336,rot=1024,hp=-7200) [0 t=47 st=4 ss1=0 ss2=2 ss3=0 g=40 mo=17 af=0 d=42760 @(-31000,29500,r1509)]
F17499 live=1 act=1 PL(2664,-7336,rot=1024,hp=-7200) [0 t=47 st=4 ss1=0 ss2=2 ss3=0 g=40 mo=17 af=0 d=42760 @(-31000,29500,r1509)]
F17500 live=1 act=1 PL(2664,-7336,rot=1024,hp=-7200) [0 t=47 st=4 ss1=0 ss2=2 ss3=0 g=40 mo=17 af=0 d=42760 @(-31000,29500,r1509)]
F17501 live=1 act=1 PL(2664,-7336,rot=1024,hp=-7200) [0 t=47 st=4 ss1=0 ss2=2 ss3=0 g=40 mo=17 af=0 d=42760 @(-31000,29500,r1509)]
F17502 live=1 act=1 PL(2664,-7336,rot=1024,hp=-7200) [0 t=47 st=4 ss1=0 ss2=2 ss3=0 g=40 mo=17 af=0 d=42760 @(-31000,29500,r1509)]
F17503 live=1 act=1 PL(2664,-7336,rot=1024,hp=-7200) [0 t=47 st=4 ss1=0 ss2=2 ss3=0 g=40 mo=17 af=0 d=42760 @(-31000,29500,r1509)]
F17504 live=1 act=1 PL(2664,-7336,rot=1024,hp=-7200) [0 t=47 st=4 ss1=0 ss2=2 ss3=0 g=40 mo=17 af=0 d=42760 @(-31000,29500,r1509)]
F17505 live=1 act=1 PL(2664,-7336,rot=1024,hp=-7200) [0 t=47 st=4 ss1=0 ss2=2 ss3=0 g=40 mo=17 af=0 d=42760 @(-31000,29500,r1509)]
F17506 live=1 act=1 PL(2664,-7336,rot=1024,hp=-7200) [0 t=47 st=4 ss1=0 ss2=2 ss3=0 g=40 mo=17 af=0 d=42760 @(-31000,29500,r1509)]
F17507 live=1 act=1 PL(2664,-7336,rot=1024,hp=-7200) [0 t=47 st=4 ss1=0 ss2=2 ss3=0 g=40 mo=17 af=0 d=42760 @(-31000,29500,r1509)]
F17508 live=1 act=1 PL(2664,-7336,rot=1024,hp=-7200) [0 t=47 st=4 ss1=0 ss2=2 ss3=0 g=40 mo=17 af=0 d=42760 @(-31000,29500,r1509)]
F17509 live=1 act=1 PL(2664,-7336,rot=1024,hp=-7200) [0 t=47 st=4 ss1=0 ss2=2 ss3=0 g=40 mo=17 af=0 d=42760 @(-31000,29500,r1509)]
F17510 live=1 act=1 PL(2664,-7336,rot=1024,hp=-7200) [0 t=47 st=4 ss1=0 ss2=2 ss3=0 g=40 mo=17 af=0 d=42760 @(-31000,29500,r1509)]
F17511 live=1 act=1 PL(2664,-7336,rot=1024,hp=-7200) [0 t=47 st=4 ss1=0 ss2=2 ss3=0 g=40 mo=17 af=0 d=42760 @(-31000,29500,r1509)]
F17512 live=1 act=1 PL(2664,-7336,rot=1024,hp=-7200) [0 t=47 st=4 ss1=0 ss2=2 ss3=0 g=40 mo=17 af=0 d=42760 @(-31000,29500,r1509)]
F17513 live=1 act=1 PL(2664,-7336,rot=1024,hp=-7200) [0 t=47 st=4 ss1=0 ss2=2 ss3=0 g=40 mo=17 af=0 d=42760 @(-31000,29500,r1509)]
F17514 live=1 act=1 PL(2664,-7336,rot=1024,hp=-7200) [0 t=47 st=4 ss1=0 ss2=2 ss3=0 g=40 mo=17 af=0 d=42760 @(-31000,29500,r1509)]
F17515 live=1 act=1 PL(2664,-7336,rot=1024,hp=-7200) [0 t=47 st=4 ss1=0 ss2=2 ss3=0 g=40 mo=17 af=0 d=42760 @(-31000,29500,r1509)]
F17516 live=1 act=1 PL(2664,-7336,rot=1024,hp=-7200) [0 t=47 st=4 ss1=0 ss2=2 ss3=0 g=40 mo=17 af=0 d=42760 @(-31000,29500,r1509)]
F17517 live=1 act=1 PL(2664,-7336,rot=1024,hp=-7200) [0 t=47 st=4 ss1=0 ss2=2 ss3=0 g=40 mo=17 af=0 d=42760 @(-31000,29500,r1509)]
F17518 live=1 act=1 PL(2664,-7336,rot=1024,hp=-7200) [0 t=47 st=4 ss1=0 ss2=2 ss3=0 g=40 mo=17 af=0 d=42760 @(-31000,29500,r1509)]
F17519 live=1 act=1 PL(2664,-7336,rot=1024,hp=-7200) [0 t=47 st=4 ss1=0 ss2=2 ss3=0 g=40 mo=17 af=0 d=42760 @(-31000,29500,r1509)]
F17520 live=1 act=1 PL(2664,-7336,rot=1024,hp=-7200) [0 t=47 st=4 ss1=0 ss2=2 ss3=0 g=40 mo=17 af=0 d=42760 @(-31000,29500,r1509)]
F17521 live=1 act=1 PL(2664,-7336,rot=1024,hp=-7200) [0 t=47 st=4 ss1=0 ss2=2 ss3=0 g=40 mo=17 af=0 d=42760 @(-31000,29500,r1509)]
F17522 live=1 act=1 PL(2664,-7336,rot=1024,hp=-7200) [0 t=47 st=4 ss1=0 ss2=2 ss3=0 g=40 mo=17 af=0 d=42760 @(-31000,29500,r1509)]
F17523 live=1 act=1 PL(2664,-7336,rot=1024,hp=-7200) [0 t=47 st=4 ss1=0 ss2=2 ss3=0 g=40 mo=17 af=0 d=42760 @(-31000,29500,r1509)]
F17524 live=1 act=1 PL(2664,-7336,rot=1024,hp=-7200) [0 t=47 st=4 ss1=0 ss2=2 ss3=0 g=40 mo=17 af=0 d=42760 @(-31000,29500,r1509)]
F17525 live=1 act=1 PL(2664,-7336,rot=1024,hp=-7200) [0 t=47 st=4 ss1=0 ss2=2 ss3=0 g=40 mo=17 af=0 d=42760 @(-31000,29500,r1509)]
F17526 live=1 act=1 PL(2664,-7336,rot=1024,hp=-7200) [0 t=47 st=4 ss1=0 ss2=2 ss3=0 g=40 mo=17 af=0 d=42760 @(-31000,29500,r1509)]
F17527 live=1 act=1 PL(2664,-7336,rot=1024,hp=-7200) [0 t=47 st=4 ss1=0 ss2=2 ss3=0 g=40 mo=17 af=0 d=42760 @(-31000,29500,r1509)]
F17528 live=1 act=1 PL(2664,-7336,rot=1024,hp=-7200) [0 t=47 st=4 ss1=0 ss2=2 ss3=0 g=40 mo=17 af=0 d=42760 @(-31000,29500,r1509)]
F17529 live=1 act=1 PL(2664,-7336,rot=1024,hp=-7200) [0 t=47 st=4 ss1=0 ss2=2 ss3=0 g=40 mo=17 af=0 d=42760 @(-31000,29500,r1509)]
F17530 live=1 act=1 PL(2664,-7336,rot=1024,hp=-7200) [0 t=47 st=4 ss1=0 ss2=2 ss3=0 g=40 mo=17 af=0 d=42760 @(-31000,29500,r1509)]
F17531 live=1 act=1 PL(2664,-7336,rot=1024,hp=-7200) [0 t=47 st=4 ss1=0 ss2=2 ss3=0 g=40 mo=17 af=0 d=42760 @(-31000,29500,r1509)]
F17532 live=1 act=1 PL(2664,-7336,rot=1024,hp=-7200) [0 t=47 st=4 ss1=0 ss2=2 ss3=0 g=40 mo=17 af=0 d=42760 @(-31000,29500,r1509)]
F17533 live=1 act=1 PL(2664,-7336,rot=1024,hp=-7200) [0 t=47 st=4 ss1=0 ss2=2 ss3=0 g=40 mo=17 af=0 d=42760 @(-31000,29500,r1509)]
F17534 live=1 act=1 PL(2664,-7336,rot=1024,hp=-7200) [0 t=47 st=4 ss1=0 ss2=2 ss3=0 g=40 mo=17 af=0 d=42760 @(-31000,29500,r1509)]
F17535 live=1 act=1 PL(2664,-7336,rot=1024,hp=-7200) [0 t=47 st=4 ss1=0 ss2=2 ss3=0 g=40 mo=17 af=0 d=42760 @(-31000,29500,r1509)]
F17536 live=1 act=1 PL(2664,-7336,rot=1024,hp=-7200) [0 t=47 st=4 ss1=0 ss2=2 ss3=0 g=40 mo=17 af=0 d=42760 @(-31000,29500,r1509)]
F17537 live=1 act=1 PL(2664,-7336,rot=1024,hp=-7200) [0 t=47 st=4 ss1=0 ss2=2 ss3=0 g=40 mo=17 af=0 d=42760 @(-31000,29500,r1509)]
F17538 live=1 act=1 PL(2664,-7336,rot=1024,hp=-7200) [0 t=47 st=4 ss1=0 ss2=2 ss3=0 g=40 mo=17 af=0 d=42760 @(-31000,29500,r1509)]
F17539 live=1 act=1 PL(2664,-7336,rot=1024,hp=-7200) [0 t=47 st=4 ss1=0 ss2=2 ss3=0 g=40 mo=17 af=0 d=42760 @(-31000,29500,r1509)]
F17540 live=1 act=1 PL(2664,-7336,rot=1024,hp=-7200) [0 t=47 st=4 ss1=0 ss2=2 ss3=0 g=40 mo=17 af=0 d=42760 @(-31000,29500,r1509)]
F17541 live=1 act=1 PL(2664,-7336,rot=1024,hp=-7200) [0 t=47 st=4 ss1=0 ss2=2 ss3=0 g=40 mo=17 af=0 d=42760 @(-31000,29500,r1509)]
F17542 live=1 act=1 PL(2664,-7336,rot=1024,hp=-7200) [0 t=47 st=4 ss1=0 ss2=2 ss3=0 g=40 mo=17 af=0 d=42760 @(-31000,29500,r1509)]
F17543 live=1 act=1 PL(2664,-7336,rot=1024,hp=-7200) [0 t=47 st=4 ss1=0 ss2=2 ss3=0 g=40 mo=17 af=0 d=42760 @(-31000,29500,r1509)]
F17544 live=1 act=1 PL(2664,-7336,rot=1024,hp=-7200) [0 t=47 st=4 ss1=0 ss2=2 ss3=0 g=40 mo=17 af=0 d=42760 @(-31000,29500,r1509)]
F17545 live=1 act=1 PL(2664,-7336,rot=1024,hp=-7200) [0 t=47 st=4 ss1=0 ss2=2 ss3=0 g=40 mo=17 af=0 d=42760 @(-31000,29500,r1509)]
F17546 live=1 act=1 PL(2664,-7336,rot=1024,hp=-7200) [0 t=47 st=4 ss1=0 ss2=2 ss3=0 g=40 mo=17 af=0 d=42760 @(-31000,29500,r1509)]
F17547 live=1 act=1 PL(2664,-7336,rot=1024,hp=-7200) [0 t=47 st=4 ss1=0 ss2=2 ss3=0 g=40 mo=17 af=0 d=42760 @(-31000,29500,r1509)]
F17548 live=1 act=1 PL(2664,-7336,rot=1024,hp=-7200) [0 t=47 st=4 ss1=0 ss2=2 ss3=0 g=40 mo=17 af=0 d=42760 @(-31000,29500,r1509)]
F17549 live=1 act=1 PL(2664,-7336,rot=1024,hp=-7200) [0 t=47 st=4 ss1=0 ss2=2 ss3=0 g=40 mo=17 af=0 d=42760 @(-31000,29500,r1509)]
F17550 live=1 act=1 PL(2664,-7336,rot=1024,hp=-7200) [0 t=47 st=4 ss1=0 ss2=2 ss3=0 g=40 mo=17 af=0 d=42760 @(-31000,29500,r1509)]
F17551 live=1 act=1 PL(2664,-7336,rot=1024,hp=-7200) [0 t=47 st=4 ss1=0 ss2=2 ss3=0 g=40 mo=17 af=0 d=42760 @(-31000,29500,r1509)]
F17552 live=1 act=1 PL(2664,-7336,rot=1024,hp=-7200) [0 t=47 st=4 ss1=0 ss2=2 ss3=0 g=40 mo=17 af=0 d=42760 @(-31000,29500,r1509)]
F17553 live=1 act=1 PL(2664,-7336,rot=1024,hp=-7200) [0 t=47 st=4 ss1=0 ss2=2 ss3=0 g=40 mo=17 af=0 d=42760 @(-31000,29500,r1509)]
F17554 live=1 act=1 PL(2664,-7336,rot=1024,hp=-7200) [0 t=47 st=4 ss1=0 ss2=2 ss3=0 g=40 mo=17 af=0 d=42760 @(-31000,29500,r1509)]
F17555 live=1 act=1 PL(2664,-7336,rot=1024,hp=-7200) [0 t=47 st=4 ss1=0 ss2=2 ss3=0 g=40 mo=17 af=0 d=42760 @(-31000,29500,r1509)]
F17556 live=1 act=1 PL(2664,-7336,rot=1024,hp=-7200) [0 t=47 st=4 ss1=0 ss2=2 ss3=0 g=40 mo=17 af=0 d=42760 @(-31000,29500,r1509)]
F17557 live=1 act=1 PL(2664,-7336,rot=1024,hp=-7200) [0 t=47 st=4 ss1=0 ss2=2 ss3=0 g=40 mo=17 af=0 d=42760 @(-31000,29500,r1509)]
F17558 live=1 act=1 PL(2664,-7336,rot=1024,hp=-7200) [0 t=47 st=4 ss1=0 ss2=2 ss3=0 g=40 mo=17 af=0 d=42760 @(-31000,29500,r1509)]
F17559 live=1 act=1 PL(2664,-7336,rot=1024,hp=-7200) [0 t=47 st=4 ss1=0 ss2=2 ss3=0 g=40 mo=17 af=0 d=42760 @(-31000,29500,r1509)]
F17560 live=1 act=1 PL(2664,-7336,rot=1024,hp=-7200) [0 t=47 st=4 ss1=0 ss2=2 ss3=0 g=40 mo=17 af=0 d=42760 @(-31000,29500,r1509)]
F17561 live=1 act=1 PL(2664,-7336,rot=1024,hp=-7200) [0 t=47 st=4 ss1=0 ss2=2 ss3=0 g=40 mo=17 af=0 d=42760 @(-31000,29500,r1509)]
F17562 live=1 act=1 PL(2664,-7336,rot=1024,hp=-7200) [0 t=47 st=4 ss1=0 ss2=2 ss3=0 g=40 mo=17 af=0 d=42760 @(-31000,29500,r1509)]
F17563 live=1 act=1 PL(2664,-7336,rot=1024,hp=-7200) [0 t=47 st=4 ss1=0 ss2=2 ss3=0 g=40 mo=17 af=0 d=42760 @(-31000,29500,r1509)]
F17564 live=1 act=1 PL(2664,-7336,rot=1024,hp=-7200) [0 t=47 st=4 ss1=0 ss2=2 ss3=0 g=40 mo=17 af=0 d=42760 @(-31000,29500,r1509)]
F17565 live=1 act=1 PL(2664,-7336,rot=1024,hp=-7200) [0 t=47 st=4 ss1=0 ss2=2 ss3=0 g=40 mo=17 af=0 d=42760 @(-31000,29500,r1509)]
F17566 live=1 act=1 PL(2664,-7336,rot=1024,hp=-7200) [0 t=47 st=4 ss1=0 ss2=2 ss3=0 g=40 mo=17 af=0 d=42760 @(-31000,29500,r1509)]
