/* GENERIERT von re15_port/tools/r34n_e/dokumente_engine_export.py — NICHT HAND-EDITIEREN.
 *
 * Weltmodelle der vier Dokumente (Runde 34 Nacht, Spur E), UNVERAENDERT aus RE2
 * (info/re2leon/PL0/RDT). Dossier: analysis/befunde_runde34_nacht/E_dokumente.md.
 *
 *   re15_dokument1_md1   ROOM1150.RDT @0x029F34 (372 B, md5 0541704ee41d6445b718ee0b1b8abb3b)
 *   re15_dokument1_tim   ROOM1150.RDT @0x04C3F0 (34848 B, md5 6e6f32cb59ddb4b83b27c921a2dbfd90)
 *   re15_dokument2_md1   ROOM10E0.RDT @0x002320 (372 B, md5 cf9f316dd6ba0ecf599bea18a83c36d1)
 *   re15_dokument2_tim   ROOM10E0.RDT @0x015224 (17440 B, md5 63bd93f2be1cc97066aa09afd3c67e4d)
 *   re15_dokument3_md1   ROOM2020.RDT @0x003254 (404 B, md5 ae2d0a30a18ed9cb9f089c21839ca61e)
 *   re15_dokument3_tim   ROOM2020.RDT @0x01A160 (34848 B, md5 6b864a6f02ffd6c0720be1efa654c3cf)
 *   re15_dokument4_md1   ROOM60A0.RDT @0x002F08 (404 B, md5 cab7b32d230a19728221ffb6b1d75104)
 *   re15_dokument4_tim   ROOM60A0.RDT @0x03B924 (34848 B, md5 73fa3595c568578eace3379747390ff6)
 */

static const unsigned char re15_dokument1_md1[372] = {
    0x14,0x01,0x00,0x00,0x00,0x00,0x00,0x00,0x02,0x00,0x00,0x00,0x38,0x00,0x00,0x00,
    0x08,0x00,0x00,0x00,0x78,0x00,0x00,0x00,0x06,0x00,0x00,0x00,0xa8,0x00,0x00,0x00,
    0x00,0x00,0x00,0x00,0x08,0x01,0x00,0x00,0x38,0x00,0x00,0x00,0x08,0x00,0x00,0x00,
    0x78,0x00,0x00,0x00,0x06,0x00,0x00,0x00,0xa8,0x00,0x00,0x00,0x06,0x00,0x00,0x00,
    0x08,0x01,0x00,0x00,0x77,0xff,0x0d,0x00,0xbd,0x00,0x00,0x00,0x77,0xff,0x0d,0x00,
    0x43,0xff,0x00,0x00,0x77,0xff,0xf3,0xff,0xbd,0x00,0x00,0x00,0x77,0xff,0xf3,0xff,
    0x43,0xff,0x00,0x00,0x89,0x00,0x0d,0x00,0xbd,0x00,0x00,0x00,0x89,0x00,0x0d,0x00,
    0x43,0xff,0x00,0x00,0x89,0x00,0xf3,0xff,0xbd,0x00,0x00,0x00,0x89,0x00,0xf3,0xff,
    0x43,0xff,0x00,0x00,0x00,0xf0,0x00,0x00,0x00,0x00,0x00,0x00,0x00,0x00,0x00,0x00,
    0x00,0xf0,0x00,0x00,0x00,0x10,0x00,0x00,0x00,0x00,0x00,0x00,0x00,0x00,0x00,0x00,
    0x00,0x10,0x00,0x00,0x00,0x00,0x00,0x10,0x00,0x00,0x00,0x00,0x00,0x00,0x00,0xf0,
    0x00,0x00,0x00,0x00,0x00,0x00,0x02,0x00,0x00,0x00,0x03,0x00,0x00,0x00,0x00,0x00,
    0x00,0x00,0x01,0x00,0x01,0x00,0x03,0x00,0x01,0x00,0x07,0x00,0x01,0x00,0x01,0x00,
    0x01,0x00,0x05,0x00,0x02,0x00,0x07,0x00,0x02,0x00,0x06,0x00,0x02,0x00,0x05,0x00,
    0x02,0x00,0x04,0x00,0x03,0x00,0x06,0x00,0x03,0x00,0x02,0x00,0x03,0x00,0x04,0x00,
    0x03,0x00,0x00,0x00,0x04,0x00,0x00,0x00,0x04,0x00,0x01,0x00,0x04,0x00,0x04,0x00,
    0x04,0x00,0x05,0x00,0x05,0x00,0x06,0x00,0x05,0x00,0x07,0x00,0x05,0x00,0x02,0x00,
    0x05,0x00,0x03,0x00,0x09,0x80,0x80,0x78,0x09,0xb9,0x80,0x00,0x09,0x80,0x00,0x00,
    0x09,0xb9,0x00,0x00,0x03,0xb8,0x80,0x78,0x38,0xb8,0x80,0x00,0x03,0xbf,0x00,0x00,
    0x38,0xbf,0x00,0x00,0x3b,0xb9,0x80,0x78,0x3b,0x80,0x80,0x00,0x4c,0xb9,0x00,0x00,
    0x4c,0x80,0x00,0x00,0x03,0xb8,0x80,0x78,0x38,0xb8,0x80,0x00,0x03,0xbf,0x00,0x00,
    0x38,0xbf,0x00,0x00,0x7e,0x80,0x80,0x78,0x7e,0xb9,0x80,0x00,0x49,0x80,0x00,0x00,
    0x49,0xb9,0x00,0x00,0x3e,0x80,0x80,0x78,0x3e,0xb9,0x80,0x00,0x09,0x80,0x00,0x00,
    0x09,0xb9,0x00,0x00,
};

static const unsigned char re15_dokument1_tim[34848] = {
    0x10,0x00,0x00,0x00,0x09,0x00,0x00,0x00,0x0c,0x08,0x00,0x00,0x00,0x00,0xe0,0x01,
    0x00,0x01,0x04,0x00,0x00,0x00,0x8c,0x31,0x6b,0x2d,0x4a,0x29,0x29,0x25,0x29,0x25,
    0x08,0x21,0x08,0x21,0x08,0x21,0x08,0x21,0x08,0x21,0x08,0x21,0x08,0x21,0x08,0x21,
    0x08,0x21,0x08,0x21,0x08,0x21,0x08,0x21,0xe7,0x1c,0xe7,0x1c,0xe7,0x1c,0xe7,0x1c,
    0xe7,0x1c,0xe7,0x1c,0xe7,0x1c,0xe7,0x1c,0xe7,0x1c,0xe7,0x1c,0xe7,0x1c,0xe7,0x1c,
    0xe7,0x1c,0xe7,0x1c,0xe7,0x1c,0xe7,0x1c,0xe7,0x1c,0xe7,0x1c,0xe7,0x1c,0xe7,0x1c,
    0xe7,0x18,0xe6,0x1c,0xe6,0x18,0xc6,0x1c,0xc6,0x18,0xc6,0x18,0xc6,0x18,0xc6,0x18,
    0xc6,0x18,0xc6,0x18,0xc6,0x18,0xc6,0x18,0xc6,0x18,0xc6,0x18,0xc6,0x18,0xc6,0x18,
    0xc6,0x18,0xc6,0x18,0xc6,0x18,0xc6,0x18,0xc6,0x18,0xc6,0x18,0xc6,0x18,0xc6,0x18,
    0xc6,0x14,0xa6,0x18,0xc5,0x18,0xa5,0x18,0xa5,0x14,0xa5,0x14,0xa5,0x14,0xa5,0x14,
    0xa5,0x14,0xa5,0x14,0xa5,0x14,0xa5,0x14,0xa5,0x14,0xa5,0x14,0xa5,0x14,0xa5,0x14,
    0xa5,0x14,0xa5,0x14,0xa5,0x14,0xa5,0x14,0xa5,0x14,0xa5,0x14,0xa5,0x14,0xa5,0x14,
    0xa5,0x14,0xa5,0x14,0xa5,0x14,0xa5,0x14,0xa5,0x14,0xa5,0x14,0xa5,0x14,0xa5,0x14,
    0xa5,0x14,0xa5,0x14,0xa5,0x14,0xa5,0x10,0x85,0x14,0x84,0x14,0x84,0x10,0x84,0x10,
    0x84,0x10,0x84,0x10,0x84,0x10,0x84,0x10,0x84,0x10,0x84,0x10,0x84,0x10,0x84,0x10,
    0x84,0x10,0x84,0x10,0x84,0x10,0x84,0x10,0x84,0x10,0x84,0x10,0x84,0x10,0x84,0x10,
    0x84,0x10,0x84,0x10,0x84,0x10,0x84,0x10,0x84,0x10,0x84,0x10,0x84,0x10,0x84,0x10,
    0x84,0x10,0x84,0x10,0x84,0x10,0x84,0x10,0x84,0x10,0x84,0x10,0x84,0x10,0x84,0x10,
    0x84,0x0c,0x64,0x10,0x64,0x0c,0x63,0x10,0x63,0x0c,0x63,0x0c,0x63,0x0c,0x63,0x0c,
    0x63,0x0c,0x63,0x0c,0x63,0x0c,0x63,0x0c,0x63,0x0c,0x63,0x0c,0x63,0x0c,0x63,0x0c,
    0x63,0x0c,0x63,0x0c,0x63,0x0c,0x63,0x0c,0x63,0x0c,0x63,0x0c,0x63,0x0c,0x63,0x0c,
    0x63,0x0c,0x63,0x0c,0x63,0x0c,0x63,0x0c,0x63,0x0c,0x63,0x0c,0x63,0x0c,0x63,0x0c,
    0x63,0x0c,0x63,0x0c,0x63,0x0c,0x63,0x0c,0x63,0x0c,0x63,0x0c,0x63,0x0c,0x63,0x0c,
    0x63,0x08,0x43,0x0c,0x42,0x0c,0x42,0x08,0x42,0x08,0x42,0x08,0x42,0x08,0x42,0x08,
    0x42,0x08,0x42,0x08,0x42,0x08,0x42,0x08,0x42,0x08,0x42,0x08,0x42,0x08,0x42,0x08,
    0x42,0x08,0x42,0x08,0x42,0x08,0x42,0x08,0x42,0x08,0x42,0x08,0x42,0x08,0x42,0x08,
    0x42,0x08,0x42,0x08,0x42,0x08,0x42,0x08,0x42,0x08,0x42,0x08,0x00,0x00,0x00,0x00,
    0x00,0x00,0x00,0x00,0x00,0x00,0x00,0x00,0x00,0x00,0x00,0x00,0x00,0x00,0x00,0x00,
    0x00,0x00,0x00,0x00,0x00,0x00,0x00,0x00,0x00,0x00,0x00,0x00,0x00,0x00,0x00,0x00,
    0x00,0x00,0x00,0x00,0x00,0x00,0x00,0x00,0x00,0x00,0x00,0x00,0x00,0x00,0x00,0x00,
    0x00,0x00,0x00,0x00,0x00,0x00,0x00,0x00,0x00,0x00,0x00,0x00,0x00,0x00,0x00,0x00,
    0x00,0x00,0x00,0x00,0x00,0x00,0x00,0x00,0x00,0x00,0x00,0x00,0x00,0x00,0x00,0x00,
    0x00,0x00,0x00,0x00,0x00,0x00,0x00,0x00,0x00,0x00,0x00,0x00,0x00,0x00,0x00,0x00,
    0x00,0x00,0x00,0x00,0x00,0x00,0x7b,0x6f,0x5a,0x6b,0x39,0x67,0x18,0x63,0xf7,0x5e,
    0xd6,0x5a,0xb5,0x56,0x94,0x52,0x73,0x4e,0x52,0x4a,0x31,0x46,0x10,0x42,0xef,0x3d,
    0xce,0x39,0xad,0x35,0x8c,0x31,0x6b,0x2d,0x4a,0x29,0x29,0x25,0x08,0x21,0xe7,0x1c,
    0xc6,0x18,0xa5,0x14,0x84,0x10,0x63,0x0c,0x42,0x08,0xd7,0x5a,0x32,0x46,0x11,0x42,
    0xcf,0x39,0xae,0x35,0x85,0x10,0x64,0x0c,0x87,0x0c,0xeb,0x14,0xca,0x10,0xaf,0x31,
    0xa7,0x10,0x0c,0x19,0x12,0x3e,0x0a,0x1d,0x86,0x0c,0xea,0x14,0xc9,0x10,0x6f,0x21,
    0xeb,0x10,0xa8,0x0c,0xd2,0x2d,0xb1,0x29,0x90,0x25,0x4e,0x1d,0x2d,0x19,0x0c,0x15,
    0x2e,0x15,0xf0,0x39,0x6c,0x29,0xd0,0x31,0x6d,0x25,0x6e,0x21,0xc8,0x10,0xea,0x10,
    0xcf,0x35,0xae,0x31,0x4b,0x25,0xaf,0x2d,0xd1,0x2d,0x4d,0x1d,0x90,0x21,0x6f,0x1d,
    0x0b,0x15,0x4e,0x19,0xa7,0x0c,0x2d,0x15,0xc9,0x0c,0x2e,0x11,0xa8,0x08,0x11,0x3e,
    0x85,0x0c,0x6f,0x19,0x4e,0x15,0x0c,0x0d,0xb0,0x25,0x6e,0x1d,0x4d,0x19,0xe9,0x10,
    0x2c,0x15,0x0b,0x11,0xc8,0x0c,0x8e,0x25,0x2b,0x19,0xe8,0x14,0x09,0x19,0xa6,0x0c,
    0x85,0x08,0x73,0x4a,0x52,0x46,0x31,0x42,0x10,0x3e,0xce,0x35,0xad,0x31,0x6b,0x29,
    0x4a,0x25,0x08,0x1d,0xc6,0x14,0x84,0x0c,0xe7,0x14,0xc6,0x10,0x84,0x08,0x28,0x1d,
    0xee,0x35,0xcd,0x31,0x6a,0x25,0xe6,0x14,0xc5,0x10,0x93,0x4e,0x72,0x4a,0x51,0x46,
    0x30,0x42,0xee,0x39,0x0f,0x3e,0xcd,0x35,0xac,0x31,0x6a,0x29,0x8b,0x2d,0x49,0x25,
    0x28,0x21,0x0e,0x3a,0xed,0x35,0x07,0x1d,0xe6,0x18,0xab,0x2d,0xc5,0x14,0x8a,0x29,
    0xa4,0x10,0x27,0x1d,0x06,0x19,0x83,0x0c,0x68,0x25,0x0e,0x3e,0x06,0x1d,0xcc,0x35,
    0x69,0x29,0x48,0x25,0xe5,0x18,0xc4,0x14,0x2f,0x42,0xab,0x31,0x27,0x21,0xa3,0x10,
    0x68,0x29,0x7a,0x6f,0x38,0x67,0xf6,0x5e,0xd5,0x5a,0xb4,0x56,0x93,0x52,0x72,0x4e,
    0x51,0x4a,0x30,0x46,0xee,0x3d,0x0f,0x42,0xcd,0x39,0xac,0x35,0x6a,0x2d,0x8b,0x31,
    0x49,0x29,0x28,0x25,0x0e,0x42,0xed,0x3d,0x07,0x21,0xe6,0x1c,0xab,0x35,0xc5,0x18,
    0x8a,0x31,0x48,0x29,0xa4,0x14,0x83,0x10,0x62,0x0c,0xa3,0x14,0xab,0x39,0xcc,0x3d,
    0x17,0x67,0x93,0x56,0x0f,0x46,0x8b,0x35,0x07,0x25,0x83,0x14,0xd5,0x5e,0x51,0x4e,
    0x30,0x4a,0xcd,0x3d,0xac,0x39,0x71,0x56,0xc5,0x1c,0xa4,0x18,0xf6,0x62,0x72,0x52,
    0xee,0x41,0x6a,0x31,0x62,0x10,0x0f,0x4a,0x8b,0x39,0x07,0x29,0xa4,0x1c,0x51,0x52,
    0xcd,0x41,0xe6,0x24,0xc5,0x20,0x62,0x14,0xa4,0x20,0x5a,0x6f,0x39,0x6b,0x18,0x67,
    0xd6,0x5e,0xf7,0x62,0xb5,0x5a,0x94,0x56,0x73,0x52,0x52,0x4e,0x31,0x4a,0xce,0x3d,
    0xad,0x39,0xf7,0x66,0xb5,0x5e,0x4a,0x2d,0x6b,0x31,0x29,0x29,0x08,0x25,0xe7,0x20,
    0xc6,0x1c,0xa5,0x18,0x84,0x14,0xe7,0x24,0xc6,0x20,0x63,0x10,0xa5,0x1c,0x84,0x18,
    0x42,0x0c,0xa5,0x20,0x63,0x14,0x84,0x1c,0x63,0x18,0x42,0x10,0x63,0x1c,0x42,0x14,
    0x42,0x18,0x42,0x1c,0x64,0x14,0xd7,0x5e,0x95,0x56,0x53,0x4e,0x00,0x1c,0x43,0x0c,
    0x65,0x14,0x00,0x00,0x00,0x00,0x73,0x4e,0x52,0x4a,0x31,0x46,0x10,0x42,0xef,0x3d,
    0x29,0x25,0xad,0x35,0x08,0x21,0xe6,0x1c,0xc5,0x14,0x29,0x25,0x08,0x21,0xe6,0x14,
    0xc5,0x18,0x84,0x10,0x63,0x0c,0x42,0x08,0x21,0x04,0xcf,0x39,0xae,0x35,0x2a,0x25,
    0xa6,0x14,0x85,0x10,0x64,0x0c,0x43,0x08,0xc8,0x14,0xea,0x14,0x6f,0x21,0xf5,0x29,
    0x91,0x21,0x6e,0x21,0xe9,0x14,0xa6,0x10,0x2b,0x1d,0x0a,0x19,0x4d,0x1d,0xb1,0x25,
    0x79,0x36,0x58,0x32,0xf4,0x29,0x90,0x21,0x2c,0x19,0x85,0x0c,0x36,0x2e,0xf3,0x29,
    0x9a,0x36,0x36,0x2e,0xd2,0x25,0x6d,0x21,0xb0,0x25,0x8f,0x21,0x99,0x36,0x2b,0x19,
    0xfc,0x3e,0xba,0x36,0x97,0x3e,0x1d,0x3f,0x33,0x36,0x09,0x19,0xfa,0x42,0x3d,0x43,
    0x1c,0x3f,0x5d,0x4b,0xfa,0x3e,0x97,0x36,0xd9,0x3a,0x54,0x32,0x1b,0x43,0x5d,0x47,
    0x5d,0x43,0xf9,0x3e,0x3b,0x47,0x7d,0x47,0x7c,0x4b,0x9d,0x4b,0x52,0x46,0xef,0x39,
    0xce,0x35,0x6c,0x29,0x4a,0x25,0xc6,0x14,0xbd,0x63,0xa5,0x10,0x94,0x42,0x9c,0x5b,
    0x84,0x0c,0xbd,0x57,0xbd,0x53,0x9c,0x4f,0xbd,0x4f,0xf7,0x3e,0xbc,0x57,0x7a,0x57,
    0x38,0x4f,0x9b,0x5f,0xac,0x2d,0x37,0x57,0x6a,0x25,0x8b,0x29,0xb2,0x42,0x15,0x53,
    0x72,0x4a,0xce,0x39,0xee,0x39,0xcd,0x35,0x48,0x25,0x8b,0x2d,0x15,0x57,0x07,0x1d,
    0xe6,0x18,0xc5,0x14,0x69,0x25,0xa4,0x10,0x20,0x00,0xd2,0x4e,0x6f,0x42,0x8a,0x2d,
    0x90,0x4a,0x48,0x25,0xc4,0x14,0x40,0x04,0xca,0x31,0x27,0x21,0x8d,0x46,0x2a,0x3a,
    0x0b,0x3a,0x4a,0x3e,0x48,0x29,0x05,0x1d,0x81,0x0c,0x8e,0x4a,0x2b,0x3e,0x05,0x1d,
    0xcb,0x35,0x6d,0x46,0x4c,0x42,0x26,0x21,0xc3,0x14,0x0b,0x36,0x2a,0x3e,0xea,0x2d,
    0x88,0x2d,0x2d,0x42,0xeb,0x39,0xca,0x35,0xe6,0x1c,0x26,0x25,0xb0,0x52,0x6e,0x4a,
    0x4d,0x46,0x2c,0x42,0xea,0x39,0xc9,0x35,0xd0,0x56,0xaf,0x52,0x11,0x5f,0x6d,0x4a,
    0x2b,0x42,0xf0,0x5a,0x52,0x67,0xae,0x52,0xcd,0x39,0x6a,0x2d,0x8b,0x31,0x28,0x25,
    0xed,0x3d,0x07,0x21,0xc5,0x18,0x2e,0x46,0xec,0x3d,0x48,0x29,0xa4,0x14,0x90,0x52,
    0xcb,0x39,0xaa,0x35,0xb0,0x56,0x2d,0x46,0x12,0x63,0x0c,0x42,0x8f,0x52,0x06,0x21,
    0x6e,0x4e,0x68,0x2d,0xd0,0x5a,0x83,0x10,0x4d,0x4a,0xe5,0x1c,0x32,0x67,0xca,0x39,
    0x2c,0x46,0xf0,0x5e,0x8e,0x52,0xa9,0x35,0x47,0x29,0x6d,0x4e,0x0b,0x42,0x31,0x67,
    0xcf,0x5a,0x4c,0x4a,0x10,0x63,0xae,0x56,0xea,0x3d,0x88,0x31,0x62,0x0c,0x26,0x25,
    0xef,0x5e,0x8d,0x52,0x2b,0x46,0xc9,0x39,0xce,0x5a,0x6c,0x4e,0x46,0x25,0x0a,0x42,
    0x05,0x21,0x41,0x08,0x82,0x10,0x20,0x04,0xae,0x5a,0x4c,0x4e,0x0c,0x46,0xe5,0x20,
    0x21,0x08,0x00,0x00,0x68,0xad,0x88,0x2d,0xa9,0x31,0x49,0x29,0x49,0x2d,0x69,0x2d,
    0x6a,0x2d,0x8a,0x31,0xab,0x35,0x00,0x80,0x08,0x21,0x06,0x1d,0x00,0x00,0x00,0x80,
    0x00,0x80,0x00,0x80,0x00,0x80,0x00,0x80,0x00,0x80,0x00,0x80,0x00,0x80,0x00,0x80,
    0x00,0x80,0x00,0x80,0x00,0x80,0x00,0x80,0x00,0x80,0x00,0x80,0x00,0x80,0x00,0x80,
    0x00,0x80,0x00,0x80,0x00,0x00,0x5c,0x2a,0x9b,0x01,0xac,0x00,0xce,0x35,0x6b,0x29,
    0x4b,0x29,0x29,0x21,0x09,0x21,0xe7,0x1c,0x08,0x1d,0xe8,0x1c,0xc6,0x18,0xe7,0x18,
    0xa6,0x14,0xa5,0x14,0xc6,0x14,0x84,0x10,0xbf,0x10,0x00,0x80,0x00,0x80,0x00,0x80,
    0x00,0x80,0x00,0x80,0x00,0x80,0x00,0x80,0x00,0x80,0x00,0x80,0x00,0x80,0x00,0x80,
    0x00,0x80,0x00,0x80,0x08,0x1d,0x07,0x1d,0xe7,0x18,0xc6,0x18,0xc5,0x14,0xc6,0x14,
    0xa5,0x14,0xa5,0x14,0xa4,0x14,0x84,0x10,0x84,0x10,0x00,0x80,0x00,0x80,0x00,0x80,
    0x00,0x80,0x00,0x80,0xe7,0x18,0xe7,0x18,0xe7,0x18,0xe7,0x18,0x08,0x1d,0x08,0x1d,
    0x28,0x1d,0x29,0x21,0x29,0x21,0x29,0x21,0x4a,0x25,0x4a,0x25,0x4a,0x25,0x6b,0x29,
    0x00,0x80,0x00,0x80,0x00,0x80,0x00,0x80,0x00,0x80,0x00,0x80,0x00,0x80,0x00,0x80,
    0x00,0x80,0x00,0x80,0x00,0x80,0x00,0x80,0x00,0x80,0x00,0x80,0x00,0x80,0x00,0x80,
    0x00,0x80,0x00,0x80,0x00,0x80,0x00,0x80,0x00,0x80,0x00,0x80,0x00,0x80,0x00,0x80,
    0x00,0x80,0x00,0x80,0x00,0x80,0x00,0x80,0x00,0x80,0x00,0x80,0x00,0x80,0x00,0x80,
    0x00,0x80,0x00,0x80,0x00,0x80,0x00,0x80,0x00,0x80,0x00,0x80,0x00,0x80,0x00,0x80,
    0x00,0x80,0x00,0x80,0x00,0x80,0x00,0x80,0x00,0x80,0x00,0x80,0x00,0x80,0x00,0x80,
    0x00,0x80,0x00,0x80,0x00,0x80,0x00,0x80,0x00,0x80,0x00,0x80,0x00,0x80,0x00,0x80,
    0x00,0x80,0x00,0x80,0x00,0x80,0x00,0x80,0x00,0x80,0x00,0x80,0x00,0x80,0x00,0x80,
    0x00,0x80,0x00,0x80,0x00,0x80,0x00,0x80,0x00,0x80,0x00,0x80,0x00,0x80,0x00,0x80,
    0x00,0x80,0x00,0x80,0x00,0x80,0x00,0x80,0x00,0x80,0x00,0x80,0x00,0x80,0x00,0x80,
    0x00,0x80,0x00,0x80,0x00,0x80,0x00,0x80,0x00,0x80,0x00,0x80,0x00,0x80,0x00,0x80,
    0x00,0x80,0x00,0x80,0x00,0x80,0x00,0x80,0x00,0x80,0x00,0x80,0x00,0x80,0x00,0x80,
    0x00,0x80,0x00,0x80,0x00,0x80,0x00,0x80,0x00,0x80,0x00,0x80,0x00,0x80,0x00,0x80,
    0x00,0x80,0x00,0x80,0x00,0x80,0x00,0x80,0x00,0x80,0x00,0x80,0x00,0x80,0x00,0x80,
    0x00,0x80,0x00,0x80,0x00,0x80,0x00,0x80,0x00,0x80,0x00,0x80,0x00,0x80,0x00,0x80,
    0x00,0x80,0x00,0x80,0x00,0x80,0x00,0x80,0x00,0x80,0x00,0x80,0x00,0x80,0x00,0x80,
    0x00,0x80,0x00,0x80,0x00,0x80,0x00,0x80,0x00,0x80,0x00,0x80,0x00,0x80,0x00,0x80,
    0x00,0x80,0x00,0x80,0x00,0x80,0x00,0x80,0x00,0x80,0x00,0x80,0x00,0x80,0x00,0x80,
    0x00,0x80,0x00,0x80,0x00,0x80,0x00,0x80,0x00,0x80,0x00,0x80,0x00,0x80,0x00,0x80,
    0x00,0x80,0x00,0x80,0x00,0x80,0x00,0x80,0x00,0x80,0x00,0x80,0x00,0x80,0x00,0x80,
    0x00,0x80,0x00,0x80,0x00,0x80,0x00,0x80,0x00,0x80,0x00,0x80,0x00,0x80,0x00,0x80,
    0x00,0x80,0x00,0x80,0x00,0x80,0x00,0x80,0x00,0x80,0x00,0x80,0x00,0x80,0x00,0x80,
    0x00,0x80,0x00,0x80,0x00,0x80,0x00,0x80,0x00,0x80,0x00,0x80,0x00,0x80,0x00,0x80,
    0x00,0x80,0x00,0x80,0x00,0x80,0x00,0x80,0x00,0x80,0x00,0x80,0x00,0x80,0x00,0x80,
    0x00,0x80,0x00,0x80,0x0c,0x80,0x00,0x00,0x00,0x00,0x00,0x00,0x40,0x00,0x00,0x01,
    0xa5,0xa5,0xa5,0xa5,0xa5,0xa5,0xa5,0xa5,0xcb,0xcb,0xcb,0xcb,0xcb,0xcb,0xcb,0xcb,
    0xcb,0xcb,0xa5,0xa5,0xa5,0xa5,0xa5,0xa5,0xa5,0xa5,0xa5,0xa5,0xa5,0xa5,0xa5,0xa5,
    0xa5,0xa5,0xa5,0xa5,0xa5,0xa5,0xa5,0xa5,0xa5,0xa5,0xa5,0xa5,0xa5,0xa5,0xa5,0xa5,
    0xa5,0xa5,0xa5,0xa5,0xa5,0xa5,0xa5,0xa5,0xa5,0xa5,0xa5,0xa5,0xa5,0xa5,0xa5,0xa5,
    0xa5,0xa5,0xa5,0xa5,0xa5,0xa5,0xc6,0xa5,0xa5,0xa5,0xa5,0xa5,0xa5,0xa5,0xa5,0xa5,
    0xa5,0xa5,0xa5,0xa5,0xa5,0xa5,0xa5,0xa5,0xa5,0xa5,0xa5,0xa5,0xa5,0xa5,0xa5,0xa5,
    0xa5,0xa5,0xa5,0xa5,0xa5,0xa5,0xa5,0xa5,0xa5,0xa5,0xa5,0xa5,0xa5,0xa5,0xa5,0xa5,
    0xa5,0xcb,0xcb,0xcb,0xcb,0xcb,0xcb,0xcb,0xcb,0xcb,0xcb,0xcb,0xcb,0xcb,0xcb,0xcb,
    0xa5,0xa5,0xa5,0xa5,0xa5,0xa5,0xa5,0xa5,0xa5,0xa5,0xa5,0xa5,0xa5,0xa5,0xa5,0xa5,
    0xa5,0xc6,0xa5,0xa5,0xa5,0xa5,0xa5,0xa5,0xa5,0xa5,0xa5,0xa5,0xa5,0xa5,0xa5,0xa5,
    0xa5,0xa5,0xa5,0xa5,0xa5,0xa5,0xa5,0xa5,0xa5,0xa5,0xa5,0xa5,0xa5,0xa5,0xa5,0xa5,
    0xa5,0xa5,0xa5,0xa5,0xa5,0xa5,0xa5,0xa5,0xa5,0xa5,0xa5,0xa5,0xa5,0xa5,0xa5,0xa5,
    0xa5,0xa5,0xa5,0xa5,0xa5,0xa5,0xc6,0xa5,0xa5,0xa5,0xa5,0xa5,0xa5,0xa5,0xa5,0xa5,
    0xa5,0xa5,0xa5,0xa5,0xa5,0xa5,0xa5,0xa5,0xa5,0xa5,0xa5,0xa5,0xa5,0xa5,0xa5,0xa5,
    0xa5,0xa5,0xa5,0xa5,0xa5,0xa5,0xa5,0xa5,0xa5,0xa5,0xa5,0xa5,0xa5,0xa5,0xa5,0xa5,
    0xa5,0xc6,0xc6,0xc6,0xc6,0xc6,0xc6,0xc6,0xc6,0xc6,0xc6,0xc6,0xc6,0xc6,0xc6,0xc6,
    0xa5,0xa5,0xa5,0xa5,0xa5,0xa5,0xa5,0xa5,0xa5,0xa5,0xa5,0xa5,0xa5,0xa5,0xa5,0xa5,
    0xa5,0xc6,0xa5,0xa5,0xa5,0xa5,0xa5,0xa5,0xa5,0xa5,0xa5,0xa5,0xa5,0xa5,0xa5,0xa5,
    0xa5,0xa5,0xa5,0xa5,0xa5,0xa5,0xa5,0xa5,0xa5,0xa5,0xa5,0xa5,0xa5,0xa5,0xa5,0xa5,
    0xa5,0xa5,0xa5,0xa5,0xa5,0xa5,0xa5,0xa5,0xa5,0xa5,0xa5,0xa5,0xa5,0xa5,0xa5,0xa5,
    0xa5,0xa5,0xa5,0xa5,0xa5,0xa5,0xc6,0xa5,0xa5,0xa5,0xa5,0xa5,0xa5,0xa5,0xa5,0xa5,
    0xa5,0xa5,0xa5,0xa5,0xa5,0xa5,0xa5,0xa5,0xa5,0xa5,0xa5,0xa5,0xa5,0xa5,0xa5,0xa5,
    0xa5,0xa5,0xa5,0xa5,0xa5,0xa5,0xa5,0xa5,0xa5,0xa5,0xa5,0xa5,0xa5,0xa5,0xa5,0xa5,
    0xa5,0xc6,0xc6,0xc6,0xc6,0xc6,0xc6,0xc6,0xc6,0xc6,0xc6,0xc6,0xc6,0xc6,0xc6,0xc6,
    0x79,0x79,0x79,0x79,0x79,0x79,0x79,0x79,0x79,0x79,0x79,0x79,0x79,0x79,0x79,0x79,
    0x79,0xa5,0x79,0x79,0x79,0x79,0x79,0x79,0x79,0x79,0x79,0x79,0x79,0x79,0x79,0x79,
    0x79,0x79,0x79,0x79,0x79,0x79,0x79,0x79,0x79,0x79,0x79,0x79,0x79,0x79,0x79,0x79,
    0x79,0x79,0x79,0x79,0x79,0x79,0x79,0x79,0x79,0x79,0x79,0x79,0x79,0x79,0x79,0x79,
    0x79,0x79,0x79,0x79,0x79,0x79,0xa5,0x79,0x79,0x79,0x79,0x79,0x79,0x79,0x79,0x79,
    0x79,0x79,0x79,0x79,0x79,0x79,0x79,0x79,0x79,0x79,0x79,0x79,0x79,0x79,0x79,0x79,
    0x79,0x79,0x79,0x79,0x79,0x79,0x79,0x79,0x79,0x79,0x79,0x79,0x79,0x79,0x79,0x79,
    0x79,0xc6,0xc6,0xc6,0xc6,0xc6,0xc6,0xc6,0xc6,0xc6,0xc6,0xc6,0xc6,0xc6,0xc6,0xc6,
    0x79,0x79,0x79,0x79,0x79,0x79,0x79,0x79,0x79,0x79,0x79,0x79,0x79,0x79,0x79,0x79,
    0x79,0xa5,0x79,0x79,0x79,0x79,0x79,0x79,0x79,0x79,0x79,0x79,0x79,0x79,0x79,0x79,
    0x79,0x79,0x79,0x79,0x79,0x79,0x79,0x79,0x79,0x79,0x79,0x79,0x79,0x79,0x79,0x79,
    0x79,0x79,0x79,0x79,0x79,0x79,0x79,0x79,0x79,0x79,0x79,0x79,0x79,0x79,0x79,0x79,
    0x79,0x79,0x79,0x79,0x79,0x79,0xa5,0x79,0x79,0x79,0x79,0x79,0x79,0x79,0x79,0x79,
    0x79,0x79,0x79,0x79,0x79,0x79,0x79,0x79,0x79,0x79,0x79,0x79,0x79,0x79,0x79,0x79,
    0x79,0x79,0x79,0x79,0x79,0x79,0x79,0x79,0x79,0x79,0x79,0x79,0x79,0x79,0x79,0x79,
    0x79,0xc6,0xc6,0xc6,0xc6,0xc6,0xc6,0xc6,0xc6,0xc6,0xc6,0xc6,0xc6,0xc6,0xc6,0xc6,
    0x79,0x79,0x79,0x79,0x79,0x79,0x79,0x79,0x79,0x79,0x79,0x79,0x79,0x79,0x79,0x79,
    0x79,0xa5,0x79,0x79,0x79,0x79,0x79,0x79,0x79,0x79,0x79,0x79,0x79,0x79,0x79,0x79,
    0x79,0x79,0x79,0x79,0x79,0x79,0x79,0x79,0x79,0x79,0x79,0x79,0x79,0x79,0x79,0x79,
    0x79,0x79,0x79,0x79,0x79,0x79,0x79,0x79,0x79,0x79,0x79,0x79,0x79,0x79,0x79,0x79,
    0x79,0x79,0x79,0x79,0x79,0x79,0xa5,0x79,0x79,0x79,0x79,0x79,0x79,0x79,0x79,0x79,
    0x79,0x79,0x79,0x79,0x79,0x79,0x79,0x79,0x79,0x79,0x79,0x79,0x79,0x79,0x79,0x79,
    0x79,0x79,0x79,0x79,0x79,0x79,0x79,0x79,0x79,0x79,0x79,0x79,0x79,0x79,0x79,0x79,
    0x79,0xc6,0xc6,0xc6,0xc6,0xc6,0xc6,0xc6,0xc6,0xc6,0xc6,0xc6,0xc6,0xc6,0xc6,0xc6,
    0x5b,0x5b,0x5b,0x5b,0x5b,0x5b,0x5b,0x5b,0x5b,0x5b,0x5b,0x5b,0x5b,0x5b,0x5b,0x5b,
    0x5b,0x79,0x5b,0x5b,0x5b,0x5b,0x5b,0x5b,0x5b,0x5b,0x5b,0x5b,0x5b,0x5b,0x5b,0x5b,
    0x5b,0x5b,0x5b,0x5b,0x5b,0x5b,0x5b,0x5b,0x5b,0x5b,0x5b,0x5b,0x5b,0x5b,0x5b,0x5b,
    0x5b,0x5b,0x5b,0x5b,0x5b,0x5b,0x5b,0x5b,0x5b,0x5b,0x5b,0x5b,0x5b,0x5b,0x5b,0x5b,
    0x5b,0x5b,0x5b,0x5b,0x5b,0x5b,0x79,0x5b,0x5b,0x5b,0x5b,0x5b,0x5b,0x5b,0x5b,0x5b,
    0x5b,0x5b,0x5b,0x5b,0x5b,0x5b,0x5b,0x5b,0x5b,0x5b,0x5b,0x5b,0x5b,0x5b,0x5b,0x5b,
    0x5b,0x5b,0x5b,0x5b,0x5b,0x5b,0x5b,0x5b,0x5b,0x5b,0x5b,0x5b,0x5b,0x5b,0x5b,0x5b,
    0x5b,0xc6,0xc6,0xc6,0xc6,0xc6,0xc6,0xc6,0xc6,0xc6,0xc6,0xc6,0xc6,0xc6,0xc6,0xc6,
    0x5b,0x5b,0x5b,0x5b,0x5b,0x5b,0x5b,0x5b,0x5b,0x5b,0x5b,0x5b,0x5b,0x5b,0x5b,0x5b,
    0x5b,0x79,0x5b,0x5b,0x5b,0x5b,0x5b,0x5b,0x5b,0x5b,0x5b,0x5b,0x5b,0x5b,0x5b,0x5b,
    0x5b,0x5b,0x5b,0x5b,0x5b,0x5b,0x5b,0x5b,0x5b,0x5b,0x5b,0x5b,0x5b,0x5b,0x5b,0x5b,
    0x5b,0x5b,0x5b,0x5b,0x5b,0x5b,0x5b,0x5b,0x5b,0x5b,0x5b,0x5b,0x5b,0x5b,0x5b,0x5b,
    0x5b,0x5b,0x5b,0x5b,0x5b,0x5b,0x79,0x5b,0x5b,0x5b,0x5b,0x5b,0x5b,0x5b,0x5b,0x5b,
    0x5b,0x5b,0x5b,0x5b,0x5b,0x5b,0x5b,0x5b,0x5b,0x5b,0x5b,0x5b,0x5b,0x5b,0x5b,0x5b,
    0x5b,0x5b,0x5b,0x5b,0x5b,0x5b,0x5b,0x5b,0x5b,0x5b,0x5b,0x5b,0x5b,0x5b,0x5b,0x5b,
    0x5b,0xc6,0xc6,0xc6,0xc6,0xc6,0xc6,0xc6,0xc6,0xc6,0xc6,0xc6,0xc6,0xc6,0xc6,0xc6,
    0x5b,0x5b,0x5b,0x5b,0x5b,0x5b,0x5b,0x5b,0x5b,0x5b,0x5b,0x5b,0x5b,0x5b,0x5b,0x5b,
    0x5b,0x79,0x5b,0x5b,0x5b,0x5b,0x5b,0x5b,0x5b,0x5b,0x5b,0x5b,0x5b,0x5b,0x5b,0x5b,
    0x5b,0x5b,0x5b,0x5b,0x5b,0x5b,0x5b,0x5b,0x5b,0x5b,0x5b,0x5b,0x5b,0x5b,0x5b,0x5b,
    0x5b,0x5b,0x5b,0x5b,0x5b,0x5b,0x5b,0x5b,0x5b,0x5b,0x5b,0x5b,0x5b,0x5b,0x5b,0x5b,
    0x5b,0x5b,0x5b,0x5b,0x5b,0x5b,0x79,0x5b,0x5b,0x5b,0x5b,0x5b,0x5b,0x5b,0x5b,0x5b,
    0x5b,0x5b,0x5b,0x5b,0x5b,0x5b,0x5b,0x5b,0x5b,0x5b,0x5b,0x5b,0x5b,0x5b,0x5b,0x5b,
    0x5b,0x5b,0x5b,0x5b,0x5b,0x5b,0x5b,0x5b,0x5b,0x5b,0x5b,0x5b,0x5b,0x5b,0x5b,0x5b,
    0x5b,0xc6,0xc6,0xc6,0xc6,0xc6,0xc6,0xc6,0xc6,0xc6,0xc6,0xc6,0xc6,0xc6,0xc6,0xc6,
    0x3c,0x3c,0x3c,0x3c,0x3c,0x3c,0x3c,0x3c,0x3c,0x3c,0x3c,0x3c,0x3c,0x3c,0x3c,0x3c,
    0x3c,0x5b,0x3c,0x3c,0x3c,0x3c,0x3c,0x3c,0x3c,0x3c,0x3c,0x3c,0x3c,0x3c,0x3c,0x3c,
    0x3c,0x3c,0x3c,0x3c,0x3c,0x3c,0x3c,0x3c,0x3c,0x3c,0x3c,0x3c,0x3c,0x3c,0x3c,0x3c,
    0x3c,0x3c,0x3c,0x3c,0x3c,0x3c,0x3c,0x3c,0x3c,0x3c,0x3c,0x3c,0x3c,0x3c,0x3c,0x3c,
    0x3c,0x3c,0x3c,0x3c,0x3c,0x3c,0x5b,0x3c,0x3c,0x3c,0x3c,0x3c,0x3c,0x3c,0x3c,0x3c,
    0x3c,0x3c,0x3c,0x3c,0x3c,0x3c,0x3c,0x3c,0x3c,0x3c,0x3c,0x3c,0x3c,0x3c,0x3c,0x3c,
    0x3c,0x3c,0x3c,0x3c,0x3c,0x3c,0x3c,0x3c,0x3c,0x3c,0x3c,0x3c,0x3c,0x3c,0x3c,0x3c,
    0x3c,0xc6,0xc6,0xc6,0xc6,0xc6,0xc6,0xc6,0xc6,0xc6,0xc6,0xc6,0xc6,0xc6,0xc6,0xc6,
    0x3c,0x3c,0x3c,0x3c,0x3c,0x3c,0x3c,0x3c,0x3c,0x3c,0x3c,0x3c,0x3c,0x3c,0x3c,0x3c,
    0x3c,0x5b,0x3c,0x3c,0x3c,0x3c,0x3c,0x3c,0x3c,0x3c,0x3c,0x3c,0x3c,0x3c,0x3c,0x3c,
    0x3c,0x3c,0x3c,0x3c,0x3c,0x3c,0x3c,0x3c,0x3c,0x3c,0x3c,0x3c,0x3c,0x3c,0x3c,0x3c,
    0x3c,0x3c,0x3c,0x3c,0x3c,0x3c,0x3c,0x3c,0x3c,0x3c,0x3c,0x3c,0x3c,0x3c,0x3c,0x3c,
    0x3c,0x3c,0x3c,0x3c,0x3c,0x3c,0x5b,0x3c,0x3c,0x3c,0x3c,0x3c,0x3c,0x3c,0x3c,0x3c,
    0x3c,0x3c,0x3c,0x3c,0x3c,0x3c,0x3c,0x3c,0x3c,0x3c,0x3c,0x3c,0x3c,0x3c,0x3c,0x3c,
    0x3c,0x3c,0x3c,0x3c,0x3c,0x3c,0x3c,0x3c,0x3c,0x3c,0x3c,0x3c,0x3c,0x3c,0x3c,0x3c,
    0x3c,0xc6,0xc6,0xc6,0xc6,0xc6,0xc6,0xc6,0xc6,0xc6,0xc6,0xc6,0xc6,0xc6,0xc6,0xc6,
    0x3c,0x3c,0x3c,0x3c,0x3c,0x3c,0x3c,0x3c,0x3c,0x3c,0x3c,0x3c,0x3c,0x3c,0x3c,0x3c,
    0x3c,0x5b,0x3c,0x3c,0x3c,0x3c,0x3c,0x3c,0x3c,0x3c,0x3c,0x3c,0x3c,0x3c,0x3c,0x3c,
    0x3c,0x3c,0x3c,0x3c,0x3c,0x3c,0x3c,0x3c,0x3c,0x3c,0x3c,0x3c,0x3c,0x3c,0x3c,0x3c,
    0x3c,0x3c,0x3c,0x3c,0x3c,0x3c,0x3c,0x3c,0x3c,0x3c,0x3c,0x3c,0x3c,0x3c,0x3c,0x3c,
    0x3c,0x3c,0x3c,0x3c,0x3c,0x3c,0x5b,0x3c,0x3c,0x3c,0x3c,0x3c,0x3c,0x3c,0x3c,0x3c,
    0x3c,0x3c,0x3c,0x3c,0x3c,0x3c,0x3c,0x3c,0x3c,0x3c,0x3c,0x3c,0x3c,0x3c,0x3c,0x3c,
    0x3c,0x3c,0x3c,0x3c,0x3c,0x3c,0x3c,0x3c,0x3c,0x3c,0x3c,0x3c,0x3c,0x3c,0x3c,0x3c,
    0x3c,0xc6,0xc6,0xc6,0xc6,0xc6,0xc6,0xc6,0xc6,0xc6,0xc6,0xc6,0xc6,0xc6,0xc6,0xc6,
    0xc6,0xc6,0xc6,0xc6,0xc6,0xc6,0xc6,0xc6,0xc6,0xc6,0xc6,0xc6,0xc6,0xc6,0xc6,0xc6,
    0xc6,0xc6,0xc6,0xc6,0xc6,0xc6,0xc6,0xc6,0xc6,0xc6,0xc6,0xc6,0xc6,0xc6,0xc6,0xc6,
    0xc6,0xc6,0xc6,0xc6,0xc6,0xc6,0xc6,0xc6,0xc6,0xc6,0xc6,0xc6,0xc6,0xc6,0xc6,0xc6,
    0xc6,0xc6,0xc6,0xc6,0xc6,0xc6,0xc6,0xc6,0xc6,0xc6,0xc6,0xc6,0xc6,0xc6,0xc6,0xc6,
    0xc6,0xc6,0xc6,0xc6,0xc6,0xc6,0x66,0x3c,0x3c,0x3c,0x3c,0x3c,0x3c,0x3c,0x3c,0x3c,
    0x3c,0x3c,0x3c,0x3c,0x3c,0x3c,0x3c,0x3c,0x3c,0x3c,0x3c,0x3c,0x3c,0x3c,0x3c,0x3c,
    0x3c,0x3c,0x3c,0x3c,0x3c,0x3c,0x3c,0x3c,0x3c,0x3c,0x3c,0x3c,0x3c,0x3c,0x3c,0x3c,
    0x3c,0xc6,0xc6,0xc6,0xc6,0xc6,0xc6,0xc6,0xc6,0xc6,0xc6,0xc6,0xc6,0xc6,0xc6,0xc6,
    0xc6,0xc6,0xc6,0xc6,0xc6,0xc6,0xc6,0xc6,0xc6,0xc6,0xc6,0xc6,0xc6,0xc6,0xc6,0xc6,
    0xc6,0xc6,0xc6,0xc6,0xc6,0xc6,0xc6,0xc6,0xc6,0xc6,0xc6,0xc6,0xc6,0xc6,0xc6,0xc6,
    0xc6,0xc6,0xc6,0xc6,0xc6,0xc6,0xc6,0xc6,0xc6,0xc6,0xc6,0xc6,0xc6,0xc6,0xc6,0xc6,
    0xc6,0xc6,0xcb,0xc6,0xc6,0xc6,0xc6,0xc6,0xc6,0xc6,0xc6,0xc6,0xc6,0xc6,0xc6,0xc6,
    0xc6,0xc6,0xc6,0xc6,0xc6,0xc6,0xc6,0xc6,0xc6,0xc6,0xc6,0xc6,0xc6,0xc6,0xc6,0xc6,
    0xc6,0xc6,0xc6,0xc6,0xc6,0xc6,0xc6,0xc6,0xc6,0xc6,0xc6,0xc6,0xc6,0xc6,0xc6,0xc6,
    0xc6,0xc6,0xc6,0xc6,0xc6,0xc6,0xc6,0xc6,0xc6,0xc6,0xc6,0xc6,0xc6,0xc6,0xc6,0xc6,
    0xc6,0xc6,0xc6,0xc6,0xc6,0xc6,0xc6,0xc6,0xc6,0xc6,0xc6,0xc6,0xc6,0xc6,0xc6,0xc6,
    0xc6,0xc6,0xc6,0xc6,0xc6,0xc6,0xc6,0xc6,0xc6,0xc6,0xc6,0xc6,0xc6,0xc6,0xc6,0xc6,
    0xc6,0xc6,0xc6,0xc6,0x3c,0x3c,0x33,0x33,0x33,0x33,0x33,0x3c,0x3c,0x3c,0x33,0x33,
    0x33,0x33,0x33,0x33,0x33,0x40,0x40,0x40,0x40,0x40,0x40,0x40,0x40,0x40,0x40,0x40,
    0x55,0x5a,0x5a,0x55,0x5f,0x5f,0x5f,0x5f,0x4a,0x80,0x80,0x80,0x73,0x80,0x77,0x73,
    0x77,0x80,0x89,0x95,0xb1,0xbc,0xc3,0x33,0x33,0x33,0x33,0x33,0x33,0x33,0x33,0x33,
    0x33,0x33,0x33,0x33,0x33,0x33,0x33,0x33,0x33,0x33,0x33,0x33,0x33,0x33,0x33,0x33,
    0x33,0x33,0x33,0x33,0x33,0x33,0x33,0x33,0x33,0x33,0x33,0x33,0x33,0x5f,0x5f,0x5f,
    0x6d,0xc6,0xc6,0xc6,0xc6,0xc6,0xc6,0xc6,0xc6,0xc6,0xc6,0xc6,0xc6,0xc6,0xc6,0xc6,
    0xc6,0xc6,0xc6,0xc6,0xc6,0xc6,0xc6,0xc6,0xc6,0xc6,0xc6,0xc6,0xc6,0xc6,0xc6,0xc6,
    0xc6,0xc6,0xc6,0xc6,0x3c,0x4e,0xa9,0xb6,0xb6,0xb6,0xb6,0xa5,0x46,0x68,0xb6,0xb6,
    0xb6,0xb6,0xb6,0x99,0x39,0x68,0xb6,0xb6,0xb6,0xb6,0xb6,0xb6,0x89,0x41,0x68,0xa5,
    0xb6,0xb6,0xb6,0xb6,0xb6,0xa1,0x45,0x4e,0x8d,0xb6,0xb6,0xb6,0xb6,0xb6,0x77,0x98,
    0x8d,0x8d,0x93,0x8d,0x8d,0x8d,0x73,0x02,0x02,0x02,0x02,0x02,0x02,0x02,0x02,0x02,
    0x02,0x02,0x02,0x02,0x02,0x02,0x02,0x02,0x02,0x02,0x02,0x02,0x02,0x02,0x03,0x03,
    0x03,0x03,0x03,0x03,0x03,0x03,0x03,0x03,0x03,0x05,0x05,0x07,0x07,0x21,0x39,0x39,
    0x5f,0x5f,0x5f,0xc6,0xc6,0xc6,0xc6,0xc6,0xc6,0xc6,0xc6,0xc6,0xc6,0xc6,0xc6,0xc6,
    0xc6,0xc6,0xc6,0xc6,0xc6,0xc6,0xc6,0xc6,0xc6,0xc6,0xc6,0xc6,0xc6,0xc6,0xc6,0xc6,
    0xc6,0xc6,0xc6,0xc6,0x4e,0x4e,0x80,0x52,0x39,0x39,0x39,0x39,0x39,0x39,0x39,0x39,
    0x39,0x39,0x39,0x39,0x39,0x39,0x39,0x39,0x39,0x39,0x39,0x39,0x39,0x39,0x39,0x39,
    0x39,0x39,0x39,0x39,0x39,0x24,0x24,0x24,0x24,0x24,0x07,0x07,0x07,0x07,0x07,0x07,
    0x05,0x05,0x05,0x05,0x05,0x05,0x73,0x02,0x02,0x03,0x03,0x03,0x03,0x03,0x03,0x03,
    0x03,0x03,0x03,0x03,0x03,0x03,0x03,0x03,0x03,0x03,0x03,0x03,0x03,0x03,0x03,0x03,
    0x05,0x05,0x05,0x05,0x05,0x05,0x05,0x05,0x05,0x05,0x07,0x07,0x07,0x07,0x07,0x07,
    0x07,0x07,0x21,0x5f,0x6d,0x6d,0xc6,0xc6,0xc6,0xc6,0xc6,0xc6,0xc6,0xc6,0xc6,0xc6,
    0xc6,0xc6,0xc6,0xc6,0xc6,0xc6,0xc6,0x85,0x85,0x85,0x85,0xc6,0xc6,0xc6,0xc6,0xc6,
    0xc6,0xc6,0xc6,0xc6,0x68,0x68,0x39,0x07,0x05,0x05,0x03,0x02,0x02,0x02,0x02,0x02,
    0x02,0x02,0x02,0x02,0x02,0x02,0x02,0x02,0x02,0x02,0x02,0x02,0x02,0x02,0x02,0x02,
    0x02,0x02,0x02,0x02,0x02,0x02,0x02,0x02,0x02,0x02,0x02,0x01,0x01,0x01,0x01,0x01,
    0x01,0x01,0x01,0x01,0x01,0x01,0x57,0x03,0x03,0x03,0x03,0x03,0x03,0x03,0x03,0x03,
    0x05,0x05,0x05,0x05,0x05,0x05,0x05,0x05,0x05,0x05,0x05,0x05,0x05,0x05,0x05,0x05,
    0x05,0x05,0x05,0x05,0x07,0x07,0x07,0x07,0x07,0x07,0x07,0x07,0x07,0x21,0x21,0x21,
    0x21,0x21,0x21,0x5b,0x3c,0x60,0x6d,0x6d,0xc6,0xc6,0xc6,0xc6,0xc6,0xc6,0xc6,0xc6,
    0xc6,0xc6,0xc6,0xc6,0xc6,0xc6,0xc6,0xae,0xae,0xae,0xae,0xc6,0xc6,0xc6,0xc6,0xc6,
    0xc6,0xc6,0xc6,0xc6,0xa9,0x94,0x49,0x39,0x39,0x39,0x39,0x39,0x39,0x39,0x39,0x45,
    0x45,0x45,0x45,0x45,0x45,0x45,0x45,0x45,0x45,0x45,0x45,0x45,0x45,0x45,0x5a,0x5a,
    0x39,0x39,0x39,0x39,0x39,0x24,0x24,0x24,0x24,0x24,0x07,0x07,0x07,0x07,0x07,0x07,
    0x05,0x05,0x05,0x05,0x05,0x05,0x57,0x03,0x05,0x05,0x05,0x05,0x05,0x05,0x05,0x05,
    0x05,0x05,0x05,0x05,0x05,0x05,0x05,0x05,0x05,0x05,0x07,0x07,0x07,0x07,0x07,0x07,
    0x07,0x07,0x07,0x07,0x07,0x07,0x07,0x07,0x07,0x07,0x21,0x21,0x21,0x21,0x21,0x21,
    0x21,0x21,0x5b,0x3c,0x60,0x5b,0x5b,0x60,0x6d,0xc6,0xc6,0xc6,0xc6,0xc6,0xc6,0xc6,
    0xc6,0xc6,0xc6,0xc6,0xc6,0xc6,0xc6,0xae,0xae,0xae,0xae,0xc6,0xc6,0xc6,0xc6,0xc6,
    0xc6,0xc6,0xc6,0xc6,0x4f,0x7e,0x7e,0x7e,0x7e,0x7e,0x7e,0x76,0x75,0x77,0x8e,0x8e,
    0xb6,0xb6,0xb6,0xb6,0xb6,0xb6,0xb6,0xb6,0xb6,0xb6,0xb6,0xb6,0xb6,0xb6,0xb6,0x8e,
    0x65,0x65,0x63,0x5a,0x5a,0x5a,0x5a,0x5a,0x5a,0x5a,0x5a,0x5a,0x5a,0x5a,0x5a,0x5a,
    0x41,0x41,0x45,0x51,0x49,0x55,0x73,0x03,0x05,0x05,0x05,0x05,0x07,0x07,0x07,0x07,
    0x07,0x07,0x07,0x07,0x07,0x07,0x07,0x07,0x07,0x07,0x07,0x07,0x07,0x07,0x07,0x07,
    0x07,0x07,0x07,0x07,0x07,0x21,0x21,0x21,0x21,0x21,0x21,0x21,0x21,0x21,0x21,0x21,
    0x21,0x5b,0x6d,0x3c,0x5b,0x5b,0x60,0x60,0x60,0xc6,0xc6,0xc6,0xc6,0xc6,0xc6,0xc6,
    0xc6,0xc6,0xc6,0xc6,0xc6,0xc6,0xc6,0xae,0xae,0xae,0xae,0xc6,0xc6,0xc6,0xc6,0xc6,
    0xc6,0xc6,0xc6,0xc6,0xc6,0x3d,0x6b,0x94,0x80,0x93,0xa8,0xc6,0xc4,0xa6,0x6d,0x49,
    0x2f,0x49,0x2c,0x49,0x2d,0x49,0x2c,0x49,0x2d,0x49,0x30,0x49,0x31,0x49,0x30,0x49,
    0x9a,0x8e,0x8d,0x8d,0x8d,0x8d,0x8d,0x8d,0x8d,0x8d,0x8d,0x93,0x94,0x92,0x98,0x89,
    0x8e,0x89,0x8e,0x8e,0x98,0x93,0x73,0x05,0x07,0x07,0x07,0x07,0x07,0x07,0x07,0x07,
    0x07,0x07,0x07,0x07,0x07,0x07,0x07,0x07,0x07,0x07,0x07,0x21,0x21,0x21,0x21,0x21,
    0x21,0x21,0x21,0x21,0x21,0x21,0x21,0x21,0x21,0x21,0x3c,0x3c,0x3c,0x3c,0x3c,0x3c,
    0x3c,0x6d,0x3c,0x5b,0x6b,0x6b,0x5b,0x5b,0x5b,0x6d,0xc6,0xc6,0xc6,0xc6,0xc6,0xc6,
    0xc6,0xc6,0xc6,0xc6,0xc6,0xc6,0xc6,0xae,0xae,0xae,0xae,0xc6,0xc6,0xc6,0xc6,0xc6,
    0xc6,0xc6,0xc6,0xc6,0xc6,0xc6,0xc6,0xc6,0xa9,0xbf,0xa9,0x57,0x57,0x77,0x46,0x07,
    0x36,0x07,0x36,0x07,0x36,0x07,0x36,0x07,0x36,0x07,0x36,0x07,0x36,0x07,0x36,0x07,
    0x57,0x8e,0x52,0x57,0x57,0x57,0x57,0x52,0x57,0x57,0x57,0x52,0x52,0x52,0x57,0x57,
    0x57,0x4e,0x4e,0x4e,0x4e,0x64,0x73,0x05,0x07,0x07,0x07,0x07,0x07,0x21,0x21,0x21,
    0x21,0x21,0x21,0x21,0x21,0x21,0x21,0x21,0x21,0x21,0x21,0x21,0x21,0x21,0x21,0x21,
    0x21,0x21,0x21,0x21,0x21,0x21,0x3c,0x3c,0x3c,0x3c,0x3c,0x3c,0x3c,0x3c,0x3c,0x3c,
    0x8a,0x3c,0x5b,0x6b,0x63,0x6b,0x6b,0x60,0x60,0x99,0xc6,0xc6,0xc6,0xc6,0xc6,0xc6,
    0xc6,0xc6,0xc6,0xc6,0xc6,0xc6,0xc6,0xa0,0xa0,0xa0,0xa0,0xc6,0xc6,0xc6,0xc6,0xc6,
    0xc6,0xc6,0xc6,0xc6,0xc6,0xc6,0xc6,0xa9,0xa9,0x76,0x57,0x39,0x39,0x89,0x4b,0x12,
    0x51,0x12,0x51,0x12,0x51,0x12,0x51,0x12,0x51,0x12,0x51,0x12,0x51,0x12,0x51,0x12,
    0x57,0x07,0x03,0x02,0x02,0x02,0x02,0x02,0x02,0x02,0x02,0x02,0x02,0x02,0x02,0x02,
    0x02,0x02,0x02,0x03,0x05,0x07,0x8a,0x05,0x21,0x21,0x21,0x21,0x21,0x21,0x21,0x21,
    0x21,0x21,0x21,0x21,0x21,0x21,0x21,0x21,0x21,0x21,0x21,0x21,0x21,0x21,0x21,0x21,
    0x21,0x3c,0x3c,0x3c,0x3c,0x3c,0x3c,0x3c,0x3c,0x3c,0x3c,0x3c,0x3c,0x3c,0x3c,0x5b,
    0x6d,0x60,0x63,0x6b,0x6b,0x6b,0x6b,0x76,0x81,0x98,0xc4,0xc6,0xc6,0xc6,0xc6,0xc6,
    0xc6,0xc6,0xc6,0xc6,0xc6,0xc6,0x9b,0xae,0xa0,0xa0,0xa0,0xae,0xc6,0xc6,0xc6,0xc6,
    0xc6,0xc6,0xc6,0xc6,0xc6,0xc6,0xc6,0xbd,0xc7,0x7e,0x39,0x24,0x24,0x8e,0x6b,0x2f,
    0x7c,0x2f,0x7c,0x2f,0x7c,0x2f,0x7c,0x2f,0x7c,0x2f,0x70,0x2f,0x70,0x2f,0x70,0x2f,
    0x52,0x57,0x2b,0x24,0x24,0x24,0x24,0x24,0x24,0x24,0x24,0x24,0x24,0x24,0x24,0x24,
    0x24,0x24,0x24,0x24,0x2b,0x2b,0x85,0x05,0x21,0x21,0x21,0x21,0x21,0x21,0x21,0x21,
    0x21,0x21,0x21,0x3c,0x3c,0x3c,0x3c,0x3c,0x3c,0x3c,0x3c,0x3c,0x3c,0x3c,0x3c,0x3c,
    0x3c,0x3c,0x3c,0x3c,0x3c,0x3c,0x5b,0x5b,0x5b,0x5b,0x5b,0x5b,0x5b,0x5b,0x5b,0x8a,
    0x3c,0x5b,0x76,0x6b,0x76,0x73,0x76,0x76,0x7b,0x8d,0xc6,0xc6,0xc6,0xc6,0xc6,0xc6,
    0xc6,0xc6,0xc6,0xc6,0xc6,0x87,0x60,0x85,0x85,0x4f,0x59,0x73,0x85,0x9b,0xc6,0xc6,
    0xc6,0xc6,0xc6,0xc6,0xc6,0xc6,0xc6,0xad,0xad,0x90,0x57,0x39,0x39,0xa9,0x81,0x49,
    0x81,0x49,0x84,0x49,0x77,0x49,0x77,0x49,0x77,0x49,0x85,0x49,0x85,0x49,0x85,0x49,
    0x9a,0x7b,0x57,0x57,0x57,0x57,0x57,0x57,0x57,0x57,0x57,0x57,0x57,0x57,0x57,0x57,
    0x57,0x57,0x57,0x57,0x57,0x64,0x73,0x21,0x21,0x21,0x21,0x21,0x21,0x21,0x21,0x21,
    0x3c,0x3c,0x3c,0x3c,0x3c,0x3c,0x3c,0x3c,0x3c,0x3c,0x3c,0x3c,0x3c,0x3c,0x3c,0x8a,
    0x07,0x5b,0x5b,0x5b,0x5b,0x5b,0x5b,0x5b,0x5b,0x5b,0x5b,0x8a,0x07,0x5b,0x5b,0x6d,
    0x60,0x63,0x64,0x76,0x76,0x73,0x99,0x76,0x99,0x8d,0xc6,0xc6,0xc6,0xc6,0xc6,0xc6,
    0xc6,0xc6,0xc6,0xc6,0x87,0x31,0x73,0x75,0x4f,0x4f,0x26,0x03,0x27,0xa0,0x87,0xaf,
    0xc6,0xc6,0xc6,0xc6,0xc6,0xc6,0xc6,0xa9,0xaf,0x75,0x65,0x57,0x39,0x87,0x75,0x81,
    0x89,0x81,0x89,0x81,0x89,0x81,0x89,0x81,0x89,0x81,0x89,0x81,0x89,0x81,0x89,0x81,
    0x9a,0xc4,0xbe,0xbe,0xbb,0xbe,0x9a,0xc4,0xbe,0xbe,0xbb,0xbe,0xbe,0xbe,0xc4,0xc4,
    0xc4,0xbe,0xbe,0xbe,0xbe,0xb7,0x73,0x21,0x34,0x21,0x3c,0x3c,0x3c,0x3c,0x3c,0x3c,
    0x3c,0x3c,0x3c,0x3c,0x3c,0x3c,0x3c,0x3c,0x3c,0x3c,0x3c,0x5b,0x5b,0x5b,0x5b,0x21,
    0x3c,0x5b,0x5b,0x5b,0x5b,0x5b,0x5b,0x5b,0x5b,0x5b,0x5b,0x21,0x3c,0x3c,0x8a,0x3c,
    0x5b,0x76,0x73,0x99,0x76,0x99,0x8e,0xac,0xad,0xa0,0xc6,0xc6,0xc6,0xc6,0xc6,0xc6,
    0xc6,0xc6,0xc6,0xae,0x27,0x87,0x4f,0xaf,0xaf,0xaf,0xaf,0xaf,0x04,0x3d,0x60,0x85,
    0xc6,0xc6,0xc6,0xc6,0xc6,0xc6,0xc6,0xc6,0xc6,0xbf,0xa9,0x7e,0x80,0x89,0x75,0x89,
    0x89,0x89,0x89,0x89,0x89,0x89,0x89,0x89,0x89,0x89,0x89,0x89,0x89,0x89,0x89,0x89,
    0xb1,0xb7,0xb7,0xb7,0xb7,0xb7,0xb1,0xb7,0xb7,0xb7,0xb7,0xb7,0xb7,0xb7,0xb7,0xb7,
    0xb7,0xb7,0xb7,0xb7,0xb7,0xb7,0x73,0x21,0x3c,0x3c,0x3c,0x3c,0x3c,0x3c,0x3c,0x3c,
    0x3c,0x3c,0x3c,0x3c,0x3c,0x3c,0x3c,0x3c,0x3c,0x3c,0x3c,0x3c,0x6b,0x69,0x69,0x6b,
    0x6b,0x6b,0x6b,0x6b,0x6b,0x6b,0x6b,0x6b,0x6b,0x6b,0x6b,0x6b,0x7c,0x8a,0x6d,0x60,
    0x85,0x94,0x8d,0x99,0xb1,0xb6,0xb8,0xad,0xb1,0xa6,0xc6,0xc6,0xc6,0xc6,0xc6,0xc6,
    0xc6,0xc6,0xc6,0x4f,0x18,0x87,0xaf,0xaf,0xaf,0xaf,0xaf,0xaf,0xaf,0x04,0x15,0x87,
    0xc6,0xc6,0xc6,0xc6,0xc6,0xc6,0xc6,0xc6,0xc6,0xb8,0xc7,0xc6,0xc6,0xc6,0x93,0x8d,
    0x8d,0x8d,0x8d,0x8d,0x8d,0x8d,0x8d,0x8d,0x8d,0x8d,0x8d,0x8d,0x8d,0x8d,0x8d,0x8d,
    0xb1,0xc4,0xbe,0xbe,0xbb,0xbe,0xb1,0xc4,0xbe,0xbe,0xbb,0xbe,0xbe,0xbe,0xc4,0xc4,
    0xc4,0xbe,0xbe,0xbe,0xbe,0xb7,0x68,0x30,0x57,0x57,0x57,0x57,0x57,0x57,0x57,0x57,
    0x57,0x57,0x57,0x57,0x57,0x57,0x57,0x57,0x57,0x57,0x57,0x57,0x73,0x8a,0x8a,0x8a,
    0x8a,0x8a,0x8a,0x8a,0x8a,0x8a,0x8a,0x8a,0x8a,0x8a,0x8a,0x8a,0x8a,0x73,0x8d,0x8d,
    0x8d,0xbb,0xb2,0xb6,0xb7,0xb2,0xa4,0x99,0xad,0xc6,0xc6,0xc6,0xc6,0xc6,0xc6,0xc6,
    0xc6,0xc6,0xc6,0x0e,0x60,0xaf,0xaf,0xaf,0xaf,0xaf,0xaf,0xaf,0xaf,0x75,0x04,0x73,
    0xc6,0xc6,0xc6,0xc6,0xc6,0xc6,0xc6,0xc6,0x80,0xc6,0xb9,0xc6,0xc6,0xc6,0xc6,0xc6,
    0xc6,0xc6,0xc6,0xc6,0xc6,0xc6,0xc6,0xc6,0xc6,0xc6,0xc6,0xc6,0xc6,0xc6,0xc6,0xc6,
    0xc6,0xc6,0xc6,0xc6,0xc6,0xc4,0xc6,0xc6,0xc6,0xc6,0xc6,0xc4,0xc6,0xc6,0xc6,0xc6,
    0xc6,0xc4,0xc6,0xc6,0xc6,0xc4,0xae,0x73,0x73,0x73,0x73,0x73,0x73,0x73,0x73,0x73,
    0x73,0x73,0x73,0x73,0x73,0x73,0x73,0x73,0x73,0x73,0x73,0x73,0x73,0x8a,0x3c,0x3c,
    0x73,0xaa,0xad,0xaa,0xad,0xbe,0xbe,0xc4,0x73,0x73,0xa0,0x52,0x52,0xba,0xb2,0xad,
    0xb1,0xad,0xa9,0x9f,0xa0,0x94,0x9f,0xb0,0xc6,0xc6,0xc6,0xc6,0xc6,0xc6,0xc6,0xc6,
    0xc6,0xc6,0xc6,0x0a,0x87,0xaf,0xaf,0xaf,0xaf,0xaf,0xaf,0xaf,0xaf,0xae,0x15,0x4f,
    0xc6,0xc6,0xc6,0xc6,0xc6,0xc6,0xc6,0xc6,0xcb,0xad,0xc6,0xc6,0xc6,0xc6,0xc6,0xc6,
    0xc6,0xc6,0xc6,0xc6,0xc6,0xc6,0xc6,0xc6,0xc6,0xc6,0xc6,0xc6,0xc6,0xc6,0xc6,0xc6,
    0xc6,0xc6,0xc6,0xc6,0xc6,0xc6,0xc6,0xc6,0xc6,0xc6,0xc6,0xc6,0xc6,0xc6,0xc6,0xc6,
    0xc6,0xc6,0xc6,0xc6,0xc6,0xc6,0xc6,0xc4,0xc4,0xc4,0xc6,0xc6,0xc6,0xc6,0xc6,0xc6,
    0xc6,0xc6,0xc6,0xc6,0xc6,0xc6,0xc6,0xc6,0xc6,0xc6,0xc6,0xc6,0x99,0x73,0x49,0x3c,
    0x3c,0x52,0x99,0x99,0xc6,0xc6,0xc6,0xc6,0x73,0x73,0x99,0x52,0x81,0xb2,0x8d,0xa0,
    0x94,0x8a,0x80,0x84,0x60,0x79,0x84,0x8e,0xc6,0xc6,0xc6,0xc6,0xc6,0xc6,0xc6,0xc6,
    0xc6,0xc6,0xc6,0x18,0x75,0xaf,0xaf,0xaf,0xaf,0xaf,0xaf,0xaf,0xaf,0x9b,0x0e,0x59,
    0xc6,0xc6,0xc6,0xc6,0xc6,0xc6,0xc6,0xc6,0xc6,0x93,0xc8,0xc6,0xc6,0xc6,0xc6,0xc6,
    0xc6,0xc6,0xc6,0xc6,0xc6,0xc6,0xc6,0xc6,0xc6,0xc6,0xc6,0xc6,0xc6,0xc6,0xc6,0xc6,
    0xc6,0xc6,0xc6,0xc6,0xc6,0xc6,0xc6,0xc6,0xc6,0xc6,0xc6,0xc6,0xc6,0xc6,0xc6,0xc6,
    0xc6,0xc6,0xc6,0xc6,0xc6,0xc6,0xc6,0xc6,0xc6,0xc6,0xc6,0xc6,0xc6,0xc6,0xc6,0xc6,
    0xc6,0xc6,0xc6,0xc6,0xc6,0xc6,0xc6,0xc6,0xc6,0xc6,0xc6,0xc6,0xc6,0xc6,0xae,0x73,
    0x3c,0x3c,0x3c,0x99,0xc6,0xc6,0xbe,0x73,0x73,0x99,0x3c,0x52,0x81,0x8d,0x63,0x6d,
    0x60,0x6d,0x60,0x60,0x85,0x60,0x7b,0x93,0xc4,0xc6,0xc6,0xc6,0xc6,0xc6,0xc6,0xc6,
    0xc6,0xc6,0xc6,0x03,0x59,0xbe,0xaf,0xaf,0xaf,0xaf,0xaf,0xaf,0xaf,0x62,0x28,0x62,
    0xc6,0xc6,0xc6,0xc6,0xc6,0xc6,0xc6,0xc6,0xc6,0xc6,0xc6,0xc6,0xc6,0xc6,0xc6,0xc6,
    0xc6,0xc6,0xc6,0xc6,0xc6,0xc6,0xc6,0xc6,0xc6,0xc6,0xc6,0xc6,0xc6,0xc6,0xc6,0xc6,
    0xc6,0xc6,0xc6,0xc6,0xc6,0xc6,0xc6,0xc6,0xc6,0xc6,0xc6,0xc6,0xc6,0xc6,0xc6,0xc6,
    0xc6,0xc6,0xc6,0xc6,0xc6,0xc6,0xc6,0xc6,0xc6,0xc6,0xc6,0xc6,0xc6,0xc6,0xc6,0xc6,
    0xc6,0xc6,0xc6,0xc6,0xc6,0xc6,0xc6,0xc6,0xc6,0xc6,0xc6,0xc6,0xc6,0xc6,0xc6,0xc6,
    0xae,0x49,0x3c,0x49,0x86,0x86,0x86,0x86,0x73,0x3c,0x3c,0x52,0xaa,0x81,0x6d,0x60,
    0x6d,0x60,0x60,0x60,0x60,0x60,0x60,0x81,0x99,0xc6,0xc6,0xc6,0xc6,0xc6,0xc6,0xc6,
    0xc6,0xc6,0xc6,0x02,0x4f,0xa0,0xaf,0xaf,0xaf,0xaf,0xaf,0xaf,0xaf,0x28,0x4f,0x85,
    0xc6,0xc6,0xc6,0xc6,0xc6,0xc6,0xc6,0xc6,0xc6,0xc6,0xc6,0xc6,0xc6,0xc6,0xc6,0xc6,
    0xc6,0xc6,0xc6,0xc6,0xc6,0xc6,0xc6,0xc6,0xc6,0xc6,0xc6,0xc6,0xc6,0xc6,0xc6,0xc6,
    0xc6,0xc6,0xc6,0xc6,0xc6,0xc6,0xc6,0xc6,0xc6,0xc6,0xc6,0xc6,0xc6,0xc6,0xc6,0xc6,
    0xc6,0xc6,0xc6,0xc6,0xc6,0xc6,0xc6,0xc6,0xc6,0xc6,0xc6,0xc6,0xc6,0xc6,0xc6,0xc6,
    0xc6,0xc6,0xc6,0xc6,0xc6,0xc6,0xc6,0xc6,0xc6,0xc6,0xc6,0xc6,0xc6,0xc6,0xc6,0xc6,
    0xc6,0xc6,0x86,0x49,0x3c,0x3c,0x3c,0x3c,0x3c,0x3c,0x3c,0x52,0x77,0xaa,0x69,0x73,
    0x5b,0x60,0x60,0x60,0x60,0x60,0x60,0x77,0x8e,0xbe,0xc6,0xc6,0xc6,0xc6,0xc6,0xc6,
    0xc6,0xc6,0xc6,0x03,0x32,0x73,0xbe,0xaf,0xaf,0xaf,0xaf,0xaf,0x3d,0x73,0x60,0x85,
    0xc6,0xc6,0xc6,0xc6,0xc6,0xc6,0xc6,0xc6,0xc6,0xc6,0xc6,0xc6,0xc6,0xc6,0xc6,0xc6,
    0xc6,0xc6,0xc6,0xc6,0xc6,0xc6,0xc6,0xc6,0xc6,0xc6,0xc6,0xc6,0xc6,0xc6,0xc6,0xc6,
    0xc6,0xc6,0xc6,0xc6,0xc6,0xc6,0xc6,0xc6,0xc6,0xc6,0xc6,0xc6,0xc6,0xc6,0xc6,0xc6,
    0xc6,0xc6,0xc6,0xc6,0xc6,0xc6,0xc6,0xc6,0xc6,0xc6,0xc6,0xc6,0xc6,0xc6,0xc6,0xc6,
    0xc6,0xc6,0xc6,0xc6,0xc6,0xc6,0xc6,0xc6,0xc6,0xc6,0xc6,0xc6,0xc6,0xc6,0xc6,0xc6,
    0xc6,0xc6,0xc6,0xc6,0xc4,0xbb,0xb6,0xc4,0xbe,0xc4,0xc4,0xc5,0xc6,0xc6,0x94,0x73,
    0x5b,0x6d,0x60,0x60,0x60,0x60,0x60,0x60,0x84,0x8a,0xc4,0xc6,0xc6,0xc6,0xc6,0xc6,
    0xc6,0xc6,0xc6,0x75,0x01,0x3d,0x73,0xa0,0xae,0xaf,0xae,0x85,0x62,0x4f,0x73,0x87,
    0xc6,0xc6,0xc6,0xc6,0xc6,0xc6,0xc6,0xc6,0xc6,0xc6,0xc6,0xc6,0xc6,0xc6,0xc6,0xc6,
    0xc6,0xc6,0xc6,0xc6,0xc6,0xc6,0xc6,0xc6,0xc6,0xc6,0xc6,0xc6,0xc6,0xc6,0xc6,0xc6,
    0xc6,0xc6,0xc6,0xc6,0xc6,0xc6,0xc6,0xc6,0xc6,0xc6,0xc6,0xc6,0xc6,0xc6,0xc6,0xc6,
    0xc6,0xc6,0xc6,0xc6,0xc6,0xc6,0xc6,0xc6,0xc6,0xc6,0xc6,0xc6,0xc6,0xc6,0xc6,0xc6,
    0xc6,0xc6,0xc6,0xc6,0xc6,0xc6,0xc6,0xc6,0xc6,0xc6,0xc6,0xc6,0xc6,0xc6,0xc6,0xc6,
    0xc6,0xc6,0xc6,0xc6,0xc6,0x99,0xa9,0x69,0x69,0x69,0x5b,0x5b,0x69,0xc6,0xc6,0xa9,
    0x94,0x81,0x6d,0x60,0x60,0x60,0x6d,0x60,0x7b,0x8d,0xb6,0xc6,0xc6,0xc6,0xc6,0xc6,
    0xc6,0xc6,0xc6,0xc6,0x3d,0x02,0x0e,0x38,0x4f,0x60,0x4f,0x3d,0x3d,0x85,0x85,0xc6,
    0xc6,0xc6,0xc6,0xc6,0xc6,0xc6,0xc6,0xc6,0xc6,0xc6,0xc6,0xc6,0xc6,0xc6,0xc6,0xc6,
    0xc6,0xc6,0xc6,0xc6,0xc6,0xc6,0xc6,0xc6,0xc6,0xc6,0xc6,0xc6,0xc6,0xc6,0xc6,0xc6,
    0xc6,0xc6,0xc6,0xc6,0xc6,0xc6,0xc6,0xc6,0xc6,0xc6,0xc6,0xc6,0xc6,0xc6,0xc6,0xc6,
    0xc6,0xc6,0xc6,0xc6,0xc6,0xc6,0xc6,0xc6,0xc6,0xc6,0xc6,0xc6,0xc6,0xc6,0xc6,0xc6,
    0xc6,0xc6,0xc6,0xc6,0xc6,0xc6,0xc6,0xc6,0xc6,0xc6,0xc6,0xc6,0xc6,0xc6,0xc6,0xc6,
    0xc6,0xc6,0xc6,0xc6,0xc6,0xc6,0xa9,0x94,0x94,0x94,0x69,0x69,0x69,0xc6,0xc6,0xb1,
    0x94,0xab,0x8e,0x81,0x60,0x60,0x60,0x60,0x60,0x8a,0x9f,0xc9,0xc6,0xc6,0xc6,0xc6,
    0xc6,0xc6,0xc6,0xc6,0xc6,0xa0,0x28,0x25,0x31,0x31,0x60,0x9b,0x87,0xc6,0xc6,0xc6,
    0xc6,0xc6,0xc6,0xc6,0xc6,0xc6,0xc6,0xc6,0xc6,0xc6,0xc6,0xc6,0xc6,0xc6,0xc6,0xc6,
    0xc6,0xc6,0xc6,0xc6,0xc6,0xc6,0xc6,0xc6,0xc6,0xc6,0xc6,0xc6,0xc6,0xc6,0xc6,0xc6,
    0xc6,0xc6,0xc6,0xc6,0xc6,0xc6,0xc6,0xc6,0xc6,0xc6,0xc6,0xc6,0xc6,0xc6,0xc6,0xc6,
    0xc6,0xc6,0xc6,0xc6,0xc6,0xc6,0xc6,0xc6,0xc6,0xc6,0xc6,0xc6,0xc6,0xc6,0xc6,0xc6,
    0xc6,0xc6,0xc6,0xc6,0xc6,0xc6,0xc6,0xc6,0xc6,0xc6,0xc6,0xc6,0xc6,0xc6,0xc6,0xc6,
    0xc6,0xc6,0xc6,0xc6,0xc6,0xc6,0xc6,0xc6,0xc6,0x94,0x94,0x94,0x94,0xc6,0xc6,0xc6,
    0xba,0xbe,0xa9,0x69,0x6d,0x60,0x60,0x60,0x60,0x85,0x8a,0x94,0xc6,0xc6,0xc6,0xc6,
    0xc6,0xc6,0xc6,0xc6,0xc6,0xc6,0xc6,0xc6,0xc6,0xc6,0xc6,0xc6,0xc6,0xc6,0xc6,0xc6,
    0xc6,0xc6,0xc6,0xc6,0xc6,0xc6,0xc6,0xc6,0xc6,0xc6,0xc6,0xc6,0xc6,0xc6,0xc6,0xc6,
    0xc6,0xc6,0xc6,0xc6,0xc6,0xc6,0xc6,0xc6,0xc6,0xc6,0xc6,0xc6,0xc6,0xc6,0xc6,0xc6,
    0xc6,0xc6,0xc6,0xc6,0xc6,0xc6,0xc6,0xc6,0xc6,0xc6,0xc6,0xc6,0xc6,0xc6,0xc6,0xc6,
    0xc6,0xc6,0xc6,0xc6,0xc6,0xc6,0xc6,0xc6,0xc6,0xc6,0xc6,0xc6,0xc6,0xc6,0xc6,0xc6,
    0xc6,0xc6,0xc6,0xc6,0xc6,0xc6,0xc6,0xc6,0xc6,0xc6,0xc6,0xc6,0xc6,0xc6,0xc6,0xc6,
    0xc6,0xc6,0xc6,0xc6,0xc6,0xc6,0xc6,0xc6,0xc6,0xc6,0xc6,0xc6,0xc6,0xc6,0xc6,0xc6,
    0xca,0xbe,0xad,0x6d,0x60,0x60,0x60,0x60,0x85,0x85,0x85,0x9f,0x94,0xc6,0xc6,0xc6,
    0xc6,0xc6,0xc6,0xc6,0xc6,0xc8,0xa0,0xa0,0x85,0x85,0x85,0xa0,0xa0,0xc6,0xc6,0xc6,
    0xc6,0xc6,0xc6,0xc6,0xc6,0xc6,0xc6,0xc6,0xc6,0xc6,0xc6,0xc6,0xc6,0xc6,0xc6,0xc6,
    0xc6,0xc6,0xc6,0xc6,0xc6,0xc6,0xc6,0xc6,0xc6,0xc6,0xc6,0xc6,0xc6,0xc6,0xc6,0xc6,
    0xc6,0xc6,0xc6,0xc6,0xc6,0xc6,0xc6,0xc6,0xc6,0xc6,0xc6,0xc6,0xc6,0xc6,0xc6,0xc6,
    0xc6,0xc6,0xc6,0xc6,0xc6,0xc6,0xc6,0xc6,0xc6,0xc6,0xc6,0xc6,0xc6,0xc6,0xc6,0xc6,
    0xc6,0xc6,0xc6,0xc6,0xc6,0xc6,0xc6,0xc6,0xc6,0xc6,0xc6,0xc6,0xc6,0xc6,0xc6,0xc6,
    0xc6,0xc6,0xc6,0xc6,0xc6,0xc6,0xc6,0xc6,0xc6,0xc6,0xc6,0xc6,0xc6,0xc6,0xc6,0xc6,
    0xc6,0xb6,0xb7,0xad,0x69,0x6d,0x60,0x60,0x60,0x60,0x85,0x85,0x8e,0xc9,0xc6,0xc6,
    0xc6,0xc6,0xc6,0xc6,0xc8,0xa0,0x85,0x85,0xae,0xae,0x4f,0x4f,0x85,0xa0,0xc6,0xc6,
    0xc6,0xc6,0xc6,0xc6,0xc6,0xc6,0xc6,0xc6,0xc6,0xc6,0xc6,0xc6,0xc6,0xc6,0xc6,0xc6,
    0xc6,0xc6,0xc6,0xc6,0xc6,0xc6,0xc6,0xc6,0xc6,0xc6,0xc6,0xc6,0xc6,0xc6,0xc6,0xc6,
    0xc6,0xc6,0xc6,0xc6,0xc6,0xc6,0xc6,0xc6,0xc6,0xc6,0xc6,0xc6,0xc6,0xc6,0xc6,0xc6,
    0xc6,0xc6,0xc6,0xc6,0xc6,0xc6,0xc6,0xc6,0xc6,0xc6,0xc6,0xc6,0xc6,0xc6,0xc6,0xc6,
    0xc6,0xc6,0xc6,0xc6,0xc6,0xc6,0xc6,0xc6,0xc6,0xc6,0xc6,0xc6,0xc6,0xc6,0xc6,0xc6,
    0xc6,0xc6,0xc6,0xc6,0xc6,0xc6,0xc6,0xc6,0xc6,0xc6,0xc6,0xc6,0xc6,0xc6,0xc6,0xc6,
    0xc6,0xb6,0xbd,0x99,0x85,0x60,0x60,0x60,0x60,0x60,0x60,0x77,0x8a,0xa5,0xc6,0xc6,
    0xc6,0xc6,0xc6,0xc6,0xa0,0x85,0x4f,0x4f,0xae,0xae,0x31,0x31,0x4f,0x85,0xa0,0xc6,
    0xc6,0xc6,0xc6,0xc6,0xc6,0xc6,0xc6,0x64,0x64,0x64,0x64,0x64,0x64,0x64,0x64,0x64,
    0x64,0x64,0x64,0x64,0x64,0x64,0x64,0x64,0x64,0x64,0x64,0x64,0x64,0x64,0x64,0x64,
    0x64,0x64,0x64,0x64,0x68,0x60,0x60,0x3c,0x3c,0x3c,0x3c,0x3c,0x3c,0x3c,0x3c,0x3c,
    0x3c,0x3c,0x3c,0x3c,0x3c,0x3c,0x5b,0x5b,0x68,0x68,0x68,0x68,0x68,0x68,0x68,0x68,
    0x68,0x68,0x68,0x68,0x68,0x68,0x68,0x68,0x68,0x68,0x68,0x69,0x6d,0x6d,0x6d,0x6e,
    0x6e,0x6e,0x6e,0xc6,0xc6,0xc6,0xc6,0xc6,0xc6,0xc6,0xc6,0xc6,0xc6,0xc6,0xc6,0xc6,
    0xc6,0xc0,0xab,0x9a,0x77,0x6d,0x60,0x60,0x60,0x60,0x6d,0x73,0x89,0x93,0xc6,0xc6,
    0xc6,0xc6,0xc6,0xa0,0x85,0x4f,0x31,0x31,0xae,0xae,0x31,0x31,0x4f,0x4f,0x85,0xa0,
    0xc6,0xc6,0xc6,0xc6,0xc6,0xc6,0xc6,0x3c,0x3c,0x3c,0x3c,0x3c,0x3c,0x3c,0x3c,0x3c,
    0x3c,0x3c,0x3c,0x3c,0x3c,0x3c,0x3c,0x3c,0x3c,0x3c,0x3c,0x3c,0x3c,0x3c,0x3c,0x3c,
    0x3c,0x3c,0x3c,0x3c,0x3c,0x60,0x60,0x3c,0x3c,0x3c,0x3c,0x3c,0x3c,0x3c,0x3c,0x3c,
    0x3c,0x3c,0x3c,0x3c,0x3c,0x3c,0x5b,0x5b,0x3c,0x3c,0x3c,0x3c,0x3c,0x3c,0x3c,0x3c,
    0x3c,0x3c,0x3c,0x3c,0x3c,0x3c,0x3c,0x3c,0x3c,0x3c,0x3c,0x3c,0x3c,0x3c,0x3c,0x3c,
    0x3c,0x3c,0x3c,0xc6,0xc6,0xc6,0xc6,0xc6,0xc6,0xc6,0xc6,0xc6,0xc6,0xc6,0xc6,0xc6,
    0xc6,0xae,0xa6,0x85,0x6e,0x69,0x60,0x60,0x60,0x60,0x60,0x77,0x81,0xa8,0xc6,0xc6,
    0xc6,0xc6,0xc6,0xa0,0x4f,0x4f,0x31,0x0e,0xae,0xae,0x0e,0x31,0x31,0x4f,0x4f,0x85,
    0xc6,0xc6,0xc6,0xc6,0xc6,0xc6,0xc6,0x3c,0x3c,0x3c,0x3c,0x3c,0x3c,0x3c,0x3c,0x3c,
    0x3c,0x3c,0x3c,0x3c,0x3c,0x3c,0x3c,0x3c,0x3c,0x3c,0x3c,0x3c,0x3c,0x3c,0x3c,0x3c,
    0x3c,0x3c,0x3c,0x3c,0x3c,0x60,0x60,0x3c,0x3c,0x3c,0x3c,0x3c,0x3c,0x3c,0x3c,0x3c,
    0x3c,0x3c,0x3c,0x3c,0x3c,0x3c,0x5b,0x5b,0x3c,0x3c,0x3c,0x3c,0x3c,0x3c,0x3c,0x3c,
    0x3c,0x3c,0x3c,0x3c,0x3c,0x3c,0x3c,0x3c,0x3c,0x3c,0x3c,0x3c,0x3c,0x3c,0x3c,0x3c,
    0x3c,0x3c,0x3c,0xc6,0xc6,0xc6,0xc6,0xc6,0xc6,0xc6,0xc6,0xc6,0xc6,0xc6,0xc6,0xc6,
    0xc6,0xc6,0xbe,0xa9,0x8e,0x76,0x7c,0x60,0x60,0x60,0x60,0x60,0x77,0xa8,0xc6,0xc6,
    0xc6,0xc6,0xc6,0x85,0x4f,0x31,0x0e,0x0e,0xae,0xae,0x0e,0x0e,0x31,0x4f,0x4f,0x85,
    0xa0,0xc6,0xc6,0xc6,0xc6,0xc6,0xc6,0x3c,0x3c,0x3c,0x3c,0x3c,0x3c,0x3c,0x3c,0x3c,
    0x3c,0x3c,0x3c,0x3c,0x3c,0x3c,0x3c,0x3c,0x3c,0x3c,0x3c,0x3c,0x3c,0x3c,0x3c,0x3c,
    0x3c,0x3c,0x3c,0x3c,0x3c,0x60,0x60,0x3c,0x3c,0x3c,0x3c,0x3c,0x3c,0x3c,0x3c,0x3c,
    0x3c,0x3c,0x3c,0x3c,0x3c,0x3c,0x5b,0x5b,0x3c,0x3c,0x3c,0x3c,0x3c,0x3c,0x3c,0x3c,
    0x3c,0x3c,0x3c,0x3c,0x3c,0x3c,0x3c,0x3c,0x3c,0x3c,0x3c,0x3c,0x3c,0x3c,0x3c,0x3c,
    0x3c,0x3c,0x3c,0xc6,0xc6,0xc6,0xc6,0xc6,0xc6,0xc6,0xc6,0xc6,0xc6,0xc6,0xc6,0xc6,
    0xc6,0xc6,0xc4,0xc3,0xa1,0xa5,0x76,0x6d,0x60,0x60,0x6d,0x60,0x77,0xa8,0xc6,0xc6,
    0xc6,0xc6,0xc6,0xae,0xae,0xae,0xae,0xae,0xae,0xae,0xae,0xae,0xae,0xae,0xae,0xae,
    0xa0,0xc6,0xc6,0xc6,0xc6,0xc6,0xc6,0x3c,0x3c,0x3c,0x3c,0x3c,0x3c,0x3c,0x3c,0x3c,
    0x3c,0x3c,0x3c,0x3c,0x3c,0x3c,0x3c,0x3c,0x3c,0x3c,0x3c,0x3c,0x3c,0x3c,0x3c,0x3c,
    0x3c,0x3c,0x3c,0x3c,0x3c,0x60,0x60,0x3c,0x3c,0x3c,0x3c,0x3c,0x3c,0x3c,0x3c,0x3c,
    0x3c,0x3c,0x3c,0x3c,0x3c,0x3c,0x5b,0x5b,0x3c,0x3c,0x3c,0x3c,0x3c,0x3c,0x3c,0x3c,
    0x3c,0x3c,0x3c,0x3c,0x3c,0x3c,0x3c,0x3c,0x3c,0x3c,0x3c,0x3c,0x3c,0x3c,0x3c,0x3c,
    0x3c,0x3c,0x3c,0xc6,0xc6,0xc6,0xc6,0xc6,0xc6,0xc6,0x94,0x94,0x94,0x94,0xc6,0xc6,
    0xc6,0xc6,0xc6,0xc6,0xbd,0x9a,0x9a,0x76,0x60,0x60,0x70,0x7c,0xa8,0xa8,0xc6,0xc6,
    0xc6,0xc6,0xc6,0xae,0xae,0xae,0xae,0xae,0xae,0xae,0xae,0xae,0xae,0xae,0xae,0xae,
    0xa0,0xc6,0xc6,0xc6,0xc6,0xc6,0xc6,0x60,0x60,0x60,0x60,0x60,0x60,0x60,0x60,0x60,
    0x60,0x60,0x60,0x60,0x60,0x60,0x60,0x60,0x60,0x60,0x60,0x60,0x60,0x60,0x60,0x60,
    0x60,0x60,0x60,0x60,0x60,0x69,0x69,0x5b,0x5b,0x5b,0x5b,0x5b,0x5b,0x5b,0x5b,0x5b,
    0x5b,0x5b,0x5b,0x5b,0x5b,0x5b,0x64,0x69,0x5b,0x5b,0x5b,0x5b,0x5b,0x5b,0x5b,0x5b,
    0x5b,0x5b,0x5b,0x5b,0x5b,0x5b,0x5b,0x5b,0x5b,0x5b,0x5b,0x5b,0x5b,0x5b,0x5b,0x5b,
    0x5b,0x5b,0x5b,0xc6,0xc6,0xc6,0xc6,0xc6,0x94,0x94,0x94,0x94,0x94,0x94,0xc6,0xc6,
    0xc6,0xc6,0xc6,0xc6,0xb7,0x9a,0x9a,0x76,0x76,0x7b,0x84,0xa8,0xa8,0xc6,0xc6,0xc6,
    0xc6,0xc6,0xc6,0x85,0x4f,0x4f,0x0e,0x0e,0xae,0xae,0x0e,0x0e,0x31,0x4f,0x4f,0x85,
    0xa0,0xc6,0xc6,0xc6,0xc6,0xc6,0xc6,0x60,0x60,0x60,0x60,0x60,0x60,0x60,0x60,0x60,
    0x60,0x60,0x60,0x60,0x60,0x60,0x60,0x60,0x60,0x60,0x60,0x60,0x60,0x60,0x60,0x60,
    0x60,0x60,0x60,0x60,0x60,0x64,0x64,0x60,0x60,0x60,0x60,0x60,0x60,0x60,0x60,0x60,
    0x60,0x60,0x60,0x60,0x60,0x60,0x69,0x6a,0x5b,0x5b,0x5b,0x5b,0x5b,0x5b,0x64,0x69,
    0x64,0x69,0x64,0x69,0x69,0x64,0x64,0x64,0x69,0x69,0x64,0x64,0x69,0x5b,0x5b,0x5b,
    0x5b,0x5b,0x5b,0xc6,0xc6,0xc6,0xc6,0x94,0x94,0x69,0x69,0x69,0x69,0x69,0xc6,0xc6,
    0xc6,0xc6,0xc6,0xc6,0xb7,0x9a,0x9a,0x9a,0x88,0x89,0xa8,0xa8,0xc6,0xc6,0xc6,0xc6,
    0xc6,0xc6,0xc6,0x85,0x4f,0x4f,0x31,0x0e,0xae,0xae,0x0e,0x31,0x4f,0x4f,0x4f,0x85,
    0xc6,0xc6,0xc6,0xc6,0xc6,0xc6,0xc6,0x60,0x60,0x60,0x60,0x60,0x60,0x60,0x60,0x60,
    0x60,0x60,0x60,0x60,0x60,0x60,0x60,0x60,0x60,0x60,0x60,0x60,0x60,0x60,0x60,0x60,
    0x60,0x60,0x60,0x60,0x60,0x69,0x69,0x5b,0x5b,0x5b,0x5b,0x5b,0x5b,0x5b,0x5b,0x5b,
    0x5b,0x5b,0x5b,0x5b,0x5b,0x5b,0x6e,0x6a,0x5b,0x5b,0x5b,0x5b,0x5b,0x42,0x05,0x05,
    0x05,0x05,0x05,0x05,0x05,0x05,0x05,0x05,0x05,0x05,0x05,0x05,0x05,0x5b,0x5b,0x5b,
    0x5b,0x5b,0x5b,0xc6,0xc6,0xc6,0xc6,0x94,0x94,0x94,0x69,0x69,0x69,0x69,0xc6,0xc6,
    0xc6,0xc6,0xc6,0xc6,0x9a,0x94,0x9a,0x89,0xa8,0xc6,0xca,0xc6,0xc6,0xc6,0xc6,0xc6,
    0xc6,0xc6,0xc6,0xa0,0x85,0x4f,0x31,0x31,0xae,0xae,0x31,0x4f,0x4f,0x85,0x85,0xa0,
    0xc6,0xc6,0xc6,0xc6,0xc6,0xc6,0xc6,0x60,0x60,0x60,0x60,0x60,0x60,0x60,0x60,0x60,
    0x60,0x60,0x60,0x60,0x60,0x60,0x60,0x60,0x60,0x60,0x60,0x60,0x60,0x60,0x60,0x60,
    0x60,0x60,0x60,0x60,0x60,0x73,0x69,0x5b,0x5b,0x5b,0x5b,0x5b,0x5b,0x5b,0x5b,0x5b,
    0x5b,0x5b,0x5b,0x5b,0x5b,0x5b,0x6e,0x73,0x5b,0x5b,0x5b,0x5b,0x5b,0x05,0x05,0x06,
    0x06,0x06,0x06,0x06,0x06,0x06,0x06,0x06,0x06,0x06,0x06,0x06,0x06,0x5b,0x5b,0x5b,
    0x5b,0x5b,0x5b,0xc6,0xc6,0xc6,0xc6,0xc6,0x94,0x94,0x94,0x94,0x94,0x94,0xc6,0xc6,
    0xc6,0xc6,0xc6,0xc6,0xc6,0xc6,0xc6,0xc6,0xc6,0xc6,0xc6,0xc6,0xc6,0xc6,0xc6,0xc6,
    0xc6,0xc6,0xc6,0xa0,0x85,0x85,0x4f,0x4f,0xae,0xae,0x4f,0x4f,0x4f,0x85,0xa0,0xc6,
    0xc6,0xc6,0xc6,0xc6,0xc6,0xc6,0xc6,0x7d,0x7d,0x7d,0x7d,0x7d,0x7d,0x7d,0x7d,0x7d,
    0x7d,0x7d,0x7d,0x7d,0x7d,0x7d,0x7d,0x7d,0x7d,0x7d,0x7d,0x7d,0x7d,0x7d,0x7d,0x7d,
    0x7d,0x7d,0x7d,0x7d,0x7d,0x77,0x69,0x6e,0x6e,0x6e,0x6e,0x6e,0x6e,0x6e,0x6e,0x6e,
    0x6e,0x6e,0x6e,0x6e,0x6e,0x6e,0x78,0x73,0x7c,0x7c,0x7c,0x7c,0x7c,0x05,0x07,0x07,
    0x07,0x07,0x07,0x07,0x07,0x07,0x07,0x07,0x07,0x07,0x07,0x07,0x07,0x73,0x77,0x73,
    0x76,0x77,0x78,0xc6,0xc6,0xc6,0xc6,0xc6,0xc6,0xc6,0xc6,0xc6,0xc6,0xc6,0xc6,0xc6,
    0xc6,0xc6,0xc6,0xc6,0xc6,0xc6,0xc6,0xc6,0xc6,0xc6,0xc6,0xc6,0xc6,0xc6,0xc6,0xc6,
    0xc6,0xc6,0xc6,0xc6,0xa0,0x85,0x85,0x85,0xae,0xae,0x85,0x85,0x85,0xa0,0xc8,0xc6,
    0xc6,0xc6,0xc6,0xc6,0xc6,0xc6,0xc6,0x7c,0x7c,0x7c,0x7c,0x7c,0x7c,0x7c,0x7c,0x7c,
    0x7c,0x7c,0x7c,0x77,0x7c,0x7c,0x7c,0x7b,0x7b,0x7c,0x81,0x7c,0x7c,0x7c,0x7c,0x7c,
    0x81,0x81,0x7c,0x7d,0x7c,0x81,0x81,0x75,0x73,0x73,0x73,0x73,0x73,0x74,0x73,0x76,
    0x73,0x73,0x73,0x77,0x73,0x73,0x7c,0x81,0x7c,0x7c,0x7c,0x7c,0x7c,0x09,0x09,0x08,
    0x09,0x09,0x09,0x09,0x09,0x09,0x09,0x09,0x09,0x09,0x09,0x09,0x09,0x7c,0x7c,0x80,
    0x81,0x81,0x81,0xc6,0xc6,0xc6,0xc6,0xc6,0xc6,0xc6,0xc6,0xc6,0xc6,0xc6,0xc6,0xc6,
    0xc6,0xc6,0xc6,0xc6,0xc6,0xc6,0xc6,0xc6,0xc6,0xc6,0xc6,0xc6,0xc6,0xc6,0xc6,0xc6,
    0xc6,0xc6,0xc6,0xc6,0xc6,0xc6,0xa0,0xa0,0xae,0xae,0xa0,0xa0,0xc6,0xc6,0xc6,0xc6,
    0xc6,0xc6,0xc6,0xc6,0xc6,0xc6,0xc6,0x81,0x81,0x81,0x81,0x81,0x81,0x81,0x7c,0x81,
    0x85,0x85,0x81,0x85,0x86,0x81,0x81,0x81,0x81,0x81,0x81,0x81,0x81,0x81,0x81,0x81,
    0x81,0x81,0x85,0x7d,0x85,0x8a,0x8a,0x79,0x79,0x7c,0x7c,0x7c,0x7c,0x7c,0x79,0x7c,
    0x7c,0x79,0x79,0x7c,0x7c,0x7c,0x8a,0x8a,0x81,0x7c,0x85,0x85,0x7c,0x0d,0x0d,0x0d,
    0x0d,0x0c,0x0d,0x0d,0x0d,0x0b,0x0b,0x0d,0x0d,0x0d,0x0d,0x0d,0x0d,0x85,0x85,0x8a,
    0x85,0x85,0x85,0xc6,0xc6,0xc6,0xc6,0xc6,0xc6,0xc6,0xc6,0xc6,0xc6,0xc6,0xc6,0xc6,
    0xc6,0xc6,0xc6,0xc6,0xc6,0xc6,0xc6,0xc6,0xc6,0xc6,0xc6,0xc6,0xc6,0xc6,0xc6,0xc6,
    0xc6,0xc6,0xc6,0xc6,0xc6,0xc6,0xc6,0xc6,0xc6,0xc6,0xc6,0xc6,0xc6,0xc6,0xc6,0xc6,
    0xc6,0xc6,0xc6,0xc6,0xc6,0xc6,0xc6,0x7d,0x7d,0x7d,0x7d,0x7d,0x7d,0x7d,0x7d,0x7d,
    0x7d,0x7d,0x7d,0x7d,0x7d,0x7d,0x7d,0x7d,0x7d,0x7d,0x7d,0x7d,0x7d,0x7d,0x7d,0x7d,
    0x7d,0x7d,0x7d,0x7d,0x7d,0x94,0x95,0x7d,0x81,0x81,0x81,0x81,0x81,0x81,0x81,0x81,
    0x81,0x81,0x81,0x81,0x81,0x81,0x94,0x94,0x8b,0x8e,0x8e,0x8e,0x94,0x16,0x10,0x10,
    0x0e,0x10,0x10,0x10,0x10,0x0f,0x0f,0x0f,0x0e,0x0f,0x0e,0x0f,0x10,0x8e,0x8b,0x8b,
    0x8e,0x8f,0x94,0xc6,0xc6,0xc6,0xc6,0xc6,0xc6,0xc6,0xc6,0xc6,0xc6,0xc6,0xc6,0xc6,
    0xc6,0xc6,0xc6,0xc6,0xc6,0xc6,0xc6,0xc6,0xc6,0xc6,0xc6,0xc6,0xc6,0xc6,0xc6,0xc6,
    0xc6,0xc6,0xc6,0xc6,0xc6,0xc6,0xc6,0xc6,0xc6,0xc6,0xc6,0xc6,0xc6,0xc6,0xc6,0xc6,
    0xc6,0xc6,0xc6,0xc6,0xc6,0xc6,0xc6,0x94,0x94,0x94,0x94,0x94,0x94,0x94,0x94,0x94,
    0x94,0x94,0x94,0x94,0x94,0x94,0x94,0x94,0x94,0x94,0x94,0x94,0x94,0x94,0x94,0x94,
    0x94,0x95,0x94,0x95,0x95,0xa0,0xa0,0x8a,0x8a,0x8a,0x8a,0x8a,0x8a,0x8a,0x8a,0x8a,
    0x8a,0x8a,0x88,0x88,0x88,0x87,0xa0,0xa0,0x94,0x95,0x94,0x94,0x95,0x64,0x36,0x16,
    0x11,0x11,0x11,0x11,0x11,0x11,0x11,0x11,0x11,0x11,0x11,0x11,0x11,0x98,0x94,0x99,
    0x99,0x99,0x99,0xc6,0xc6,0xc6,0xc6,0xc6,0xc6,0xc6,0xc6,0xc6,0xc6,0xc6,0xc6,0xc6,
    0xc6,0xc6,0xc6,0xc6,0xc6,0xc6,0xc6,0xc6,0xc6,0xc6,0xc6,0xc6,0xc6,0xc6,0xc6,0xc6,
    0xc6,0xc6,0xc6,0xc6,0xc6,0xc6,0xc6,0xc6,0xc6,0xc6,0xc6,0xc6,0xc6,0xc6,0xc6,0xc6,
    0xc6,0xc6,0xc6,0xc6,0xc6,0xc6,0xc6,0xa0,0xa0,0xa0,0xa0,0xa0,0xa0,0xa0,0xa0,0xa0,
    0xa0,0xa0,0xa0,0xa0,0xa0,0xa0,0xa0,0xa0,0xa0,0xa0,0xa0,0xa0,0xa0,0xa0,0xa0,0xa0,
    0xa0,0xa0,0xa0,0xa0,0xa0,0xa9,0xa9,0x90,0x91,0x91,0x91,0x91,0x94,0x94,0x91,0x93,
    0x93,0x94,0x8e,0x91,0x91,0x8e,0xa6,0xa6,0xa0,0xa0,0xa0,0xa0,0xa0,0x94,0x94,0xa0,
    0xa0,0xa0,0xa0,0xa0,0xa0,0xa0,0xa0,0xa0,0xa0,0xa0,0xa0,0xa5,0xa5,0xa5,0xa5,0xa5,
    0xa5,0xa5,0xa5,0xc6,0xc6,0xc6,0xc6,0xc6,0xc6,0xc6,0xc6,0xc6,0xc6,0xc6,0xc6,0xc6,
    0xc6,0xc6,0xc6,0xc6,0xc6,0xc6,0xc6,0xc6,0xc6,0xc6,0xc6,0xc6,0xc6,0xc6,0xc6,0xc6,
    0xc6,0xc6,0xc6,0xc6,0xc6,0xc6,0xc6,0xc6,0xc6,0xc6,0xc6,0xc6,0xc6,0xc6,0xc6,0xc6,
    0xc6,0xc6,0xc6,0xc6,0xc6,0xc6,0xc6,0xa8,0xa6,0xa9,0xa6,0xa5,0xa5,0xa9,0xa9,0xa6,
    0xa6,0xa6,0xa9,0xa9,0xa9,0xa5,0xa6,0xa6,0xa5,0xa5,0xa8,0xa5,0xa9,0xa8,0xa5,0xa8,
    0xa5,0xa9,0xa9,0xa9,0xa9,0xae,0xad,0x99,0x9c,0x9b,0x99,0x9c,0x99,0x99,0x9c,0x99,
    0x99,0x99,0x99,0x99,0x95,0x97,0xad,0xad,0xa5,0xa5,0xa5,0xa5,0xa5,0xa0,0xa5,0xa5,
    0xa5,0xa5,0xa5,0xa5,0xa5,0xa5,0xa5,0xa6,0xa9,0xa5,0xa5,0xa5,0xa5,0xa9,0xa9,0xa9,
    0xa9,0xac,0xac,0xc6,0xc6,0xc6,0xc6,0xc6,0xc6,0xc6,0xc6,0xc6,0xc6,0xc6,0xc6,0xc6,
    0xc6,0xc6,0xc6,0xc6,0xc6,0xc6,0xc6,0xc6,0xc6,0xc6,0xc6,0xc6,0xc6,0xc6,0xc6,0xc6,
    0xc6,0xc6,0xc6,0xc6,0xc6,0xc6,0xc6,0xc6,0xc6,0xc6,0xc6,0xc6,0xc6,0xc6,0xc6,0xc6,
    0xc6,0xc6,0xc6,0xc6,0xc6,0xc6,0xc6,0xad,0xad,0xad,0xad,0xad,0xad,0xad,0xad,0xad,
    0xad,0xad,0xad,0xad,0xad,0xad,0xad,0xad,0xad,0xad,0xad,0xad,0xad,0xad,0xad,0xad,
    0xae,0xad,0xad,0xad,0xae,0xb6,0xb6,0xa5,0xa6,0xa5,0xa7,0xa7,0xa7,0xa7,0xa7,0xa7,
    0xa6,0xa5,0xa5,0xa5,0xa5,0xa3,0xb1,0xb1,0xad,0xad,0xad,0xad,0xad,0xad,0xad,0xad,
    0xad,0xad,0xad,0xad,0xad,0xad,0xad,0xad,0xad,0xad,0xad,0xad,0xad,0xaa,0xad,0xb1,
    0xb1,0xb1,0xb1,0xc6,0xc6,0xc6,0xc6,0xc6,0xc6,0xc6,0xc6,0xc6,0xc6,0xc6,0xc6,0xc6,
    0xc6,0xc6,0xc6,0xc6,0xc6,0xc6,0xc6,0xc6,0xc6,0xc6,0xc6,0xc6,0xc6,0xc6,0xc6,0xc6,
    0xc6,0xc6,0xc6,0xc6,0xc6,0xc6,0xc6,0xc6,0xc6,0xc6,0xc6,0xc6,0xc6,0xc6,0xc6,0xc6,
    0xc6,0xc6,0xc6,0xc6,0xc6,0xc6,0xc6,0xb1,0xb1,0xb1,0xb1,0xb1,0xb1,0xb1,0xb1,0xb1,
    0xb1,0xb1,0xb1,0xb1,0xb2,0xb1,0xb1,0xb1,0xb2,0xb1,0xb1,0xb1,0xb1,0xb1,0xb1,0xb1,
    0xb1,0xb1,0xb1,0xb1,0xb2,0xba,0xba,0xad,0xad,0xae,0xad,0xad,0xad,0xad,0xad,0xad,
    0xad,0xad,0xaa,0xa9,0xa9,0xaa,0xb7,0xb6,0xb1,0xb1,0xb1,0xb1,0xb1,0xb1,0xae,0xb1,
    0xb1,0xb1,0xb1,0xb1,0xb1,0xb1,0xb1,0xb1,0xb1,0xb1,0xb1,0xb1,0xb1,0xb1,0xb1,0xb2,
    0xb2,0xb2,0xb2,0xc6,0xc6,0xc6,0xc6,0xc6,0xc6,0xc6,0xc6,0xc6,0xc6,0xc6,0xc6,0xc6,
    0xc6,0xc6,0xc6,0xc6,0xc6,0xc6,0xc6,0xc6,0xc6,0xc6,0xc6,0xc6,0xc6,0xc6,0xc6,0xc6,
    0xc6,0xc6,0xc6,0xc6,0xc6,0xc6,0xc6,0xc6,0xc6,0xc6,0xc6,0xc6,0xc6,0xc6,0xc6,0xc6,
    0xc6,0xc6,0xc6,0xc6,0xc6,0xc6,0xc6,0xb6,0xb6,0xb6,0xb6,0xb6,0xba,0xb6,0xba,0xba,
    0xba,0xba,0xba,0xba,0xba,0xba,0xba,0xba,0xba,0xba,0xba,0xba,0xba,0xba,0xba,0xba,
    0xba,0xba,0xba,0xba,0xba,0xbb,0xbb,0xb2,0xb3,0xb3,0xb3,0xb3,0xb3,0xb3,0xb2,0xb1,
    0xb1,0xb1,0xb1,0xb1,0xb1,0xae,0xba,0xba,0xb7,0xb7,0xb7,0xb7,0xb7,0xb7,0xb7,0xb7,
    0xb7,0xb6,0xb6,0xb6,0xb6,0xb6,0xb6,0xb6,0xb6,0xb6,0xb6,0xb6,0xb7,0xb7,0xb7,0xb7,
    0xb7,0xb7,0xba,0xc6,0xc6,0xc6,0xc6,0xc6,0xc6,0xc6,0xc6,0xc6,0xc6,0xc6,0xc6,0xc6,
    0xc6,0xc6,0xc6,0xc6,0xc6,0xc6,0xc6,0xc6,0xc6,0xc6,0xc6,0xc6,0xc6,0xc6,0xc6,0xc6,
    0xc6,0xc6,0xc6,0xc6,0xc6,0xc6,0xc6,0xc6,0xc6,0xc6,0xc6,0xc6,0xc6,0xc6,0xc6,0xc6,
    0xc6,0xc6,0xc6,0xc6,0xc6,0xc6,0xc6,0xbb,0xbb,0xbb,0xbb,0xbb,0xbb,0xbb,0xbb,0xbb,
    0xbb,0xbb,0xbb,0xbb,0xbb,0xbb,0xbb,0xbb,0xbb,0xbb,0xbb,0xbb,0xbb,0xbb,0xbb,0xbb,
    0xbb,0xbb,0xbb,0xbb,0xbd,0xbe,0xbe,0xb7,0xb7,0xb7,0xb7,0xb7,0xb7,0xb7,0xb7,0xb7,
    0xb6,0xb6,0xb6,0xb6,0xb2,0xb1,0xbd,0xbd,0xba,0xba,0xba,0xba,0xba,0xba,0xba,0xba,
    0xba,0xba,0xba,0xba,0xba,0xba,0xba,0xba,0xba,0xba,0xba,0xba,0xba,0xba,0xba,0xba,
    0xba,0xba,0xba,0xc6,0xc6,0xc6,0xc6,0xc6,0xc6,0xc6,0xc6,0xc6,0xc6,0xc6,0xc6,0xc6,
    0xc6,0xc6,0xc6,0xc6,0xc6,0xc6,0xc6,0xc6,0xc6,0xc6,0xc6,0xc6,0xc6,0xc6,0xc6,0xc6,
    0xc6,0xc6,0xc6,0xc6,0xc6,0xc6,0xc6,0xc6,0xc6,0xc6,0xc6,0xc6,0xc6,0xc6,0xc6,0xc6,
    0xc6,0xc6,0xc6,0xc6,0xc6,0xc6,0xc6,0xc6,0xc6,0xc6,0xc6,0xc6,0xc6,0xc6,0xc6,0xc6,
    0xc6,0xc6,0xc6,0xc6,0xc6,0xc6,0xc6,0xc6,0xc6,0xc6,0xc6,0xc6,0xc6,0xc6,0xc6,0xc6,
    0xc6,0xc6,0xc6,0xc6,0xc6,0xc6,0xc6,0xc6,0xc6,0xc6,0xc6,0xc6,0xc6,0xc6,0xc6,0xc6,
    0xc6,0xc6,0xc6,0xc6,0xc6,0xc6,0xc6,0xc6,0xc6,0xc6,0xc6,0xc6,0xc6,0xc6,0xc6,0xc6,
    0xc6,0xc6,0xc6,0xc6,0xc6,0xc6,0xc6,0xc6,0xc6,0xc6,0xc6,0xc6,0xc6,0xc6,0xc6,0xc6,
    0xc6,0xc6,0xc6,0xc6,0xc6,0xc6,0xc6,0xc6,0xc6,0xc6,0xc6,0xc6,0xc6,0xc6,0xc6,0xc6,
    0xc6,0xc6,0xc6,0xc6,0xc6,0xc6,0xc6,0xc6,0xc6,0xc6,0xc6,0xc6,0xc6,0xc6,0xc6,0xc6,
    0xc6,0xc6,0xc6,0xc6,0xc6,0xc6,0xc6,0xc6,0xc6,0xc6,0xc6,0xc6,0xc6,0xc6,0xc6,0xc6,
    0xc6,0xc6,0xc6,0xc6,0xc6,0xc6,0xc6,0xc6,0xc6,0xc6,0xc6,0xc6,0xc6,0xc6,0xc6,0xc6,
    0xc6,0xc6,0xc6,0xc6,0xc6,0xc6,0xc6,0xc6,0xc6,0xc6,0xc6,0xc6,0xc6,0xc6,0xc6,0xc6,
    0xc6,0xc6,0xc6,0xc6,0xc6,0xc6,0xc6,0xc6,0xc6,0xc6,0xc6,0xc6,0xc6,0xc6,0xc6,0xc6,
    0xc6,0xc6,0xc6,0xc6,0xc6,0xc6,0xc6,0xc6,0xc6,0xc6,0xc6,0xc6,0xc6,0xc6,0xc6,0xc6,
    0xc6,0xc6,0xc6,0xc6,0xc6,0xc6,0xc6,0xc6,0xc6,0xc6,0xc6,0xc6,0xc6,0xc6,0xc6,0xc6,
    0xc6,0xc6,0xc6,0xc6,0xc6,0xc6,0xc6,0xc6,0xc6,0xc6,0xc6,0xc6,0xc6,0xc6,0xc6,0xc6,
    0xc6,0xc6,0xc6,0xc6,0xc6,0xc6,0xc6,0xc6,0xc6,0xc6,0xc6,0xc6,0xc6,0xc6,0xc6,0xc6,
    0xcb,0xcb,0xcb,0xcb,0xcb,0xcb,0xcb,0xcb,0xcb,0xcb,0xcb,0xcb,0xcb,0xcb,0xcb,0xcb,
    0xcb,0xcb,0xcb,0xcb,0xcb,0xcb,0xcb,0xcb,0xcb,0xcb,0xcb,0xcb,0xcb,0xcb,0xcb,0xcb,
    0xcb,0xcb,0xcb,0xcb,0xcb,0xcb,0xcb,0xcb,0xcb,0xcb,0xcb,0xcb,0xcb,0xcb,0xcb,0xcb,
    0xcb,0xcb,0xcb,0xcb,0xcb,0xcb,0xcb,0xcb,0xcb,0xcb,0xcb,0xcb,0xcb,0xcb,0xcb,0xcb,
    0xcb,0xcb,0xcb,0xcb,0xcb,0xcb,0xcb,0xcb,0xcb,0xcb,0xcb,0xcb,0xcb,0xcb,0xcb,0xcb,
    0xcb,0xcb,0xcb,0xcb,0xcb,0xcb,0xcb,0xcb,0xcb,0xcb,0xcb,0xcb,0xcb,0xcb,0xcb,0xcb,
    0xcb,0xcb,0xcb,0xcb,0xcb,0xcb,0xcb,0xcb,0xcb,0xcb,0xcb,0xcb,0xcb,0xcb,0xcb,0xcb,
    0xcb,0xcb,0xcb,0xcb,0xcb,0xcb,0xcb,0xcb,0xcb,0xcb,0xcb,0xcb,0xcb,0xcb,0xcb,0xcb,
    0xcb,0xcb,0xcb,0xcb,0xcb,0xcb,0xcb,0xcb,0xcb,0xcb,0xcb,0xcb,0xcb,0xcb,0xcb,0xcb,
    0xcb,0xcb,0xcb,0xcb,0xcb,0xcb,0xcb,0xcb,0xcb,0xcb,0xcb,0xcb,0xcb,0xcb,0xcb,0xcb,
    0xcb,0xcb,0xcb,0xcb,0xcb,0xcb,0xcb,0xcb,0xcb,0xcb,0xcb,0xcb,0xcb,0xcb,0xcb,0xcb,
    0xcb,0xcb,0xcb,0xcb,0xcb,0xcb,0xcb,0xcb,0xcb,0xcb,0xcb,0xcb,0xcb,0xcb,0xcb,0xcb,
    0xcb,0xcb,0xcb,0xcb,0xcb,0xcb,0xcb,0xcb,0xcb,0xcb,0xcb,0xcb,0xcb,0xcb,0xcb,0xcb,
    0xcb,0xcb,0xcb,0xcb,0xcb,0xcb,0xcb,0xcb,0xcb,0xcb,0xcb,0xcb,0xcb,0xcb,0xcb,0xcb,
    0xcb,0xcb,0xcb,0xcb,0xcb,0xcb,0xcb,0xcb,0xcb,0xcb,0xcb,0xcb,0xcb,0xcb,0xcb,0xcb,
    0xcb,0xcb,0xcb,0xcb,0xcb,0xcb,0xcb,0xcb,0xcb,0xcb,0xcb,0xcb,0xcb,0xcb,0xcb,0xcb,
    0x19,0x19,0x19,0xab,0xab,0xab,0xab,0xab,0xab,0xab,0xab,0xab,0xab,0xab,0xab,0xab,
    0xab,0xab,0xab,0xab,0xab,0xab,0xab,0xab,0xab,0xab,0xab,0xab,0xab,0xab,0xab,0xab,
    0xab,0xab,0xab,0xab,0xab,0xab,0xab,0xab,0xab,0xab,0xab,0xab,0xab,0xab,0xab,0x15,
    0xab,0xab,0xab,0xab,0xab,0xab,0xab,0xab,0xab,0xab,0xab,0x17,0x18,0xab,0xab,0xab,
    0xab,0xab,0xab,0xab,0xab,0xab,0xab,0xab,0xab,0xab,0xab,0xab,0xab,0x7e,0x7d,0x13,
    0x7b,0x7a,0x0f,0x7a,0xa6,0x17,0x16,0xab,0xab,0x19,0x19,0x19,0x19,0x19,0x19,0x19,
    0x19,0x19,0x19,0x19,0x19,0x19,0x19,0x19,0x19,0x19,0x19,0x19,0x19,0x19,0x19,0x19,
    0x19,0x19,0x19,0x19,0x19,0x19,0x19,0x19,0x19,0x19,0x19,0x19,0x19,0x19,0x19,0x19,
    0x19,0x19,0x19,0xab,0xab,0xab,0xab,0xab,0xab,0xab,0xab,0xab,0x15,0x81,0x81,0xaa,
    0xaa,0xaa,0xaa,0xaa,0xaa,0xaa,0x81,0x15,0x81,0x81,0x81,0x81,0x81,0x81,0x81,0x81,
    0x81,0x81,0x81,0x81,0x81,0x81,0x81,0x81,0x81,0x81,0x81,0x81,0x81,0x81,0x81,0x81,
    0x15,0x15,0xab,0xab,0xab,0xab,0x15,0x15,0x15,0xab,0xab,0xb0,0x18,0xab,0xab,0xab,
    0xab,0xab,0xab,0xab,0xab,0xab,0xab,0xab,0xab,0xab,0xab,0x15,0xa6,0x7b,0x7b,0x12,
    0x11,0x79,0x79,0x79,0x7d,0x17,0x16,0xab,0xab,0x19,0x19,0x19,0x19,0x19,0x19,0x19,
    0x19,0x19,0x19,0x19,0x19,0x19,0x19,0x19,0x19,0x19,0x19,0x19,0x19,0x19,0x19,0x19,
    0x19,0x19,0x19,0x19,0x19,0x19,0x19,0x19,0x19,0x19,0x19,0x19,0x19,0x19,0x19,0x19,
    0x19,0x19,0x19,0xab,0xab,0x18,0xb0,0x17,0x17,0x17,0x18,0x18,0xa7,0x7b,0x7b,0x12,
    0x7d,0xa6,0x7d,0xa6,0xa6,0xa6,0x12,0x12,0x12,0x12,0x7b,0x12,0x12,0x12,0x7b,0xa4,
    0x7b,0x7b,0x7b,0x7b,0x7b,0x7b,0x7b,0x7b,0xa4,0xa4,0xa4,0xa4,0xa4,0xa4,0xa6,0x14,
    0xaa,0x81,0x15,0xab,0xab,0xab,0xab,0x15,0x81,0x15,0xab,0x17,0x18,0x15,0x15,0x15,
    0x15,0x15,0x15,0x15,0x15,0x15,0x15,0x15,0x15,0x15,0x81,0x12,0x12,0xa6,0x12,0xa6,
    0x7c,0x79,0x79,0x79,0xa6,0x17,0x16,0xab,0xab,0x19,0x19,0x19,0x19,0x19,0x19,0x19,
    0x19,0x19,0x19,0x19,0x19,0x19,0x7a,0x79,0x79,0x79,0x79,0x79,0x79,0x79,0x79,0x79,
    0x79,0x79,0x79,0x79,0x7a,0x19,0x19,0x19,0x19,0x19,0x19,0x19,0x19,0x19,0x19,0x19,
    0x19,0x19,0x19,0xaa,0xaa,0xab,0x9d,0xd6,0x07,0xd9,0xde,0xab,0x7d,0x7b,0xa4,0xa4,
    0x7b,0x7b,0x7b,0x7b,0x7b,0x7b,0xa4,0xa4,0xa4,0xa4,0xa4,0xa4,0xa4,0x7b,0x7b,0xa4,
    0xa4,0xa4,0xa4,0xa4,0xa4,0xa4,0xa4,0xa4,0xa4,0xa4,0x7b,0xa4,0xa4,0x7b,0xa4,0x7d,
    0x81,0xaa,0xaa,0x15,0xab,0xab,0x15,0xab,0x15,0x81,0x15,0x17,0x18,0x81,0x81,0x81,
    0x81,0x81,0x81,0x81,0x81,0x81,0xaa,0xaa,0xaa,0xaa,0xaa,0xa6,0xa6,0x12,0x12,0xa6,
    0x10,0x79,0x79,0x79,0xa4,0x17,0x82,0x81,0x81,0x19,0x19,0x19,0x19,0x19,0x19,0x19,
    0x19,0x19,0x19,0x19,0x19,0x19,0x79,0x79,0x79,0x79,0x79,0x79,0x79,0x79,0x79,0x79,
    0x79,0x79,0x79,0x79,0xa3,0x19,0x19,0x19,0x19,0x19,0x19,0x19,0x19,0x19,0x19,0x19,
    0x19,0x19,0x19,0x7d,0x7e,0x15,0xdb,0xd9,0xda,0xdc,0xde,0x7e,0x7b,0x7b,0x7b,0x7b,
    0x7b,0x7b,0x7b,0x7b,0x7b,0x7b,0xa4,0xa4,0xa4,0x7b,0x7b,0x7b,0xa4,0x7b,0x7b,0x7b,
    0x7b,0xa4,0xa4,0xa4,0xa4,0xa4,0xa4,0xa4,0xa4,0xa4,0xa4,0xa4,0xa4,0xa4,0x7b,0xa6,
    0x81,0xaa,0x13,0xa7,0xa7,0xaa,0xaa,0xaa,0x14,0x7e,0xaa,0x84,0xb0,0xaa,0x81,0xaa,
    0xaa,0xaa,0x81,0x81,0x81,0xaa,0xaa,0x14,0xaa,0x81,0xaa,0x7d,0xa6,0xa6,0x12,0xa6,
    0x10,0x79,0x79,0x79,0x7b,0x17,0x15,0xaa,0xaa,0x19,0x19,0x19,0x19,0x19,0x19,0x19,
    0x19,0x19,0x19,0x19,0x19,0x19,0x7a,0x79,0x79,0x79,0x79,0x79,0x79,0x79,0x79,0x0f,
    0x79,0x7a,0x79,0x79,0x7a,0x19,0x19,0x19,0x19,0x19,0x19,0x19,0x19,0x19,0x19,0x19,
    0x19,0x19,0x19,0x11,0x7b,0x13,0x7d,0xa6,0xa6,0x12,0xa6,0x13,0x7b,0xa4,0xa4,0xa4,
    0xa4,0xa4,0xa4,0xa4,0xa4,0xa4,0xa4,0xa4,0xa4,0xa4,0xa4,0xa4,0xa4,0xa4,0x11,0xa4,
    0xa4,0xa4,0xa4,0xa4,0xa4,0xa4,0xa4,0xa4,0xa4,0xa4,0xa4,0xa4,0xa4,0xa4,0x7b,0xa7,
    0x7d,0xa4,0xa4,0xa4,0xa4,0xa4,0x7b,0x12,0x7b,0x7b,0xa4,0x82,0x17,0x13,0x7e,0xaa,
    0xaa,0xaa,0xaa,0xaa,0xaa,0xaa,0xaa,0xaa,0xaa,0xaa,0xaa,0x14,0xa6,0xa6,0xa6,0xa6,
    0x10,0x79,0x79,0x0f,0x7b,0x17,0xab,0xaa,0xa7,0x19,0x19,0x19,0x19,0x19,0x19,0x19,
    0x19,0x19,0x19,0x19,0x19,0x19,0x79,0x79,0x79,0x79,0x0f,0x79,0x7a,0x7a,0x7a,0x7a,
    0x79,0x79,0x79,0x79,0x7a,0x19,0x19,0x19,0x19,0x19,0x19,0x19,0x19,0x19,0x19,0x19,
    0x19,0x19,0x19,0xa4,0xa4,0xa4,0xa4,0xa4,0xa4,0xa4,0xa4,0xa4,0xa4,0xa4,0xa4,0xa4,
    0xa4,0xa4,0xa4,0xa4,0xa4,0xa4,0xa4,0xa4,0xa4,0xa4,0xa4,0xa4,0xa4,0xa4,0xa4,0xa4,
    0xa4,0xa4,0xa4,0xa4,0xa4,0xa4,0xa4,0xa4,0xa4,0xa4,0xa4,0xa4,0xa4,0xa4,0x7d,0x7d,
    0x7d,0xa4,0xa4,0xa4,0xa4,0xa4,0xa4,0xa4,0xa4,0xa4,0xa4,0x14,0x16,0x7d,0x13,0x7d,
    0x7d,0x7d,0x7d,0x7d,0x7d,0x7d,0x7d,0x7d,0x7d,0x7d,0x7d,0x13,0x13,0xa6,0xa6,0x13,
    0xa5,0x79,0x79,0x7a,0xa4,0x84,0x15,0x12,0x7b,0x19,0x19,0x19,0x19,0x19,0x19,0x19,
    0x19,0x19,0x19,0x19,0x19,0x19,0x7a,0x7a,0xa3,0x0f,0x79,0x7c,0xa7,0x13,0x7e,0x7b,
    0x7c,0x79,0x79,0x7a,0x79,0x19,0x19,0x19,0x19,0x19,0x19,0x19,0x19,0x19,0x19,0x19,
    0x19,0x19,0x19,0xa4,0xa4,0xa4,0xa4,0xa4,0xa4,0xa4,0xa4,0xa4,0xa4,0xa4,0xa4,0xa4,
    0xa4,0xa4,0xa4,0xa4,0xa4,0xa4,0xa4,0xa4,0xa4,0xa4,0xa4,0xa4,0xa4,0xa4,0xa4,0xa4,
    0xa4,0xa4,0xa4,0xa4,0xa4,0xa4,0xa4,0xa4,0xa4,0xa4,0xa4,0xa4,0x7d,0x7d,0x7d,0xa4,
    0xa4,0xa4,0xa4,0xa4,0xa4,0xa4,0xa4,0xa4,0xa4,0xa4,0xa4,0x14,0x16,0x79,0xa3,0x7a,
    0x7a,0x7a,0x7a,0xa3,0xa3,0xa3,0xa3,0xa3,0x7a,0x10,0xa5,0x7a,0x7a,0x79,0x0f,0x79,
    0x79,0x0f,0x79,0x0f,0x0f,0x7c,0x0f,0x0e,0x0e,0x19,0x19,0x19,0x19,0x19,0x19,0x19,
    0x19,0x19,0x19,0x19,0x19,0x19,0xa4,0x7a,0x7a,0x0f,0x7c,0x17,0x18,0x18,0x18,0x17,
    0x7d,0x7a,0x7a,0x7a,0x10,0x19,0x19,0x19,0x19,0x19,0x19,0x19,0x19,0x19,0x19,0x19,
    0x19,0x19,0x19,0x19,0x19,0x19,0x19,0x19,0x19,0x19,0x19,0x19,0x19,0x19,0x19,0x19,
    0x19,0x19,0x19,0x19,0x19,0x19,0x19,0x19,0x19,0x19,0x19,0x19,0x19,0x19,0x19,0x19,
    0x19,0x19,0x19,0x19,0x19,0x19,0x19,0x19,0x19,0x19,0x19,0x19,0x19,0x19,0x19,0x19,
    0x19,0x19,0x19,0x19,0x19,0x19,0x19,0x19,0x19,0x19,0x19,0x19,0x19,0x19,0x19,0x19,
    0x19,0x19,0x19,0x19,0x19,0x19,0x19,0x19,0x19,0x19,0x19,0x19,0x19,0x19,0x19,0x19,
    0xeb,0xab,0xeb,0xe8,0xe7,0x18,0x19,0x19,0x19,0x19,0x19,0x19,0x19,0x19,0x19,0x19,
    0x19,0x19,0x19,0x19,0x19,0x19,0x12,0x10,0x7a,0x7a,0x15,0x18,0x17,0xb0,0x17,0x17,
    0x16,0x7c,0x79,0x7a,0x7b,0x19,0x19,0x19,0x19,0x19,0x19,0x19,0x19,0x19,0x19,0x19,
    0x19,0xab,0xab,0xab,0xab,0xab,0xab,0xab,0xab,0xab,0xab,0xab,0xab,0xab,0xab,0xab,
    0xab,0xab,0xab,0xab,0xab,0xab,0xab,0xab,0xab,0xab,0xab,0xab,0xab,0xab,0xab,0xab,
    0xab,0xab,0xab,0xab,0xab,0xab,0xab,0xab,0xab,0xab,0xab,0xab,0xab,0xab,0xab,0xab,
    0xab,0xab,0xab,0xab,0xab,0xab,0xab,0xab,0xab,0xab,0xab,0xab,0xab,0xab,0xab,0xab,
    0xab,0xab,0xab,0xab,0xab,0xab,0xab,0xab,0xab,0xab,0xab,0xab,0xab,0xab,0xab,0xab,
    0xab,0xe8,0x13,0x7a,0x10,0x84,0x86,0x19,0x19,0x19,0x19,0x19,0x19,0x19,0x19,0x19,
    0x19,0x19,0x19,0x19,0x19,0x19,0x12,0x7b,0x7a,0x7a,0x16,0x18,0x18,0x18,0x18,0x17,
    0xb0,0x13,0x7a,0x12,0x12,0x19,0x19,0x19,0x19,0x19,0x19,0x19,0x19,0x19,0x19,0x19,
    0x19,0xad,0xad,0xab,0xab,0xab,0xa4,0xa4,0xa4,0xa4,0xa4,0xa7,0xa7,0xa7,0xa7,0xa7,
    0xa7,0xa7,0xa7,0xa7,0xa7,0xa7,0xa7,0xa7,0xa7,0xa7,0xa7,0xa7,0xa7,0xa7,0xa7,0xa7,
    0xa7,0xa7,0xa7,0xa7,0xa7,0xa7,0xa7,0xa7,0xa7,0xa7,0xa7,0xa7,0xa7,0xa7,0xa7,0xa7,
    0xa7,0xa7,0xa7,0xa7,0xa7,0xa7,0xa7,0xa7,0xa7,0xa7,0xa7,0xa7,0x77,0x99,0x99,0x99,
    0x99,0x99,0x99,0x99,0x99,0x99,0x99,0x99,0x74,0x74,0x74,0xa5,0xa5,0xa5,0xa5,0xa5,
    0xa5,0xa5,0xa5,0xa5,0xa3,0x7d,0x18,0xeb,0x19,0x19,0x19,0x19,0x19,0x19,0x19,0x19,
    0x19,0x19,0x19,0x19,0x19,0x19,0x12,0x12,0x12,0xa4,0x16,0x11,0x7a,0x7a,0x10,0x7b,
    0x18,0x16,0x12,0x12,0x12,0x19,0x19,0x19,0x19,0x19,0x19,0x19,0x19,0x19,0x19,0x19,
    0x19,0xa4,0xa4,0xa4,0xa6,0xa4,0x6e,0x76,0x9f,0x76,0x7a,0xa4,0xa4,0xa4,0xa4,0xa4,
    0xa4,0xa4,0xa4,0xa4,0xa4,0xa4,0xa4,0xa4,0xa4,0xa4,0xa4,0xa4,0xa4,0xa4,0xa4,0xa4,
    0xa4,0xa4,0xa4,0xa4,0xa4,0xa4,0xa4,0xa4,0xa4,0xa4,0xa4,0xa4,0xa4,0xa4,0xa4,0xa4,
    0xa4,0xa4,0xa4,0xa4,0xa4,0xa4,0xa4,0xa4,0xa4,0xa4,0xa4,0xa4,0x77,0x99,0x04,0x03,
    0x03,0x03,0x03,0x04,0x03,0x03,0x04,0x74,0x06,0x75,0xd8,0x9b,0x9c,0x9c,0x9b,0x05,
    0x5f,0x9f,0xbe,0xbd,0xd6,0xd7,0x0d,0x82,0xeb,0x19,0x19,0x19,0x19,0x19,0x19,0x19,
    0x19,0x19,0x19,0x19,0x19,0x19,0x12,0x12,0x12,0x12,0x16,0x10,0x79,0x79,0x7a,0x7a,
    0x17,0xab,0x12,0x12,0x12,0x19,0x19,0x19,0x19,0x19,0x19,0x19,0x19,0x19,0x19,0x19,
    0x19,0xa4,0xa4,0xa4,0x64,0x75,0x77,0x0e,0x0d,0x0b,0x0b,0x75,0x61,0x62,0x62,0x61,
    0x75,0x76,0x76,0x76,0x76,0x76,0x75,0x75,0x60,0x74,0x60,0x0a,0x60,0x0a,0x74,0x0b,
    0x75,0x75,0x0b,0x75,0x75,0x75,0x75,0x75,0x75,0x75,0x75,0x75,0x75,0x62,0x0e,0x92,
    0x0e,0x0e,0x80,0x79,0x79,0x7f,0x7f,0x7f,0x7f,0x7f,0x8b,0x76,0x9d,0xd4,0xd3,0xd3,
    0x01,0x02,0xd4,0xd4,0xd4,0xd5,0xd5,0xda,0xd6,0xd8,0x73,0x0b,0x75,0x61,0x76,0x76,
    0xa5,0xa0,0xa1,0x0d,0xb7,0xd5,0x03,0x6f,0xbb,0x19,0x19,0x19,0x19,0x19,0x19,0xeb,
    0x19,0x19,0x19,0x19,0x19,0x19,0x12,0x12,0x12,0x12,0x16,0x7c,0x79,0x7a,0x7a,0xa5,
    0x17,0xab,0x12,0x12,0x12,0x19,0x19,0x19,0x19,0x19,0x19,0x19,0x19,0x19,0x19,0x19,
    0x19,0xa4,0xa4,0xa4,0xa5,0xa5,0x93,0xa5,0x93,0x93,0x93,0x93,0x93,0x93,0x93,0x93,
    0x93,0x93,0x93,0x93,0x93,0x93,0x93,0x93,0x93,0xa3,0xa3,0xa3,0xa3,0xa3,0xa3,0xa3,
    0xa3,0xa3,0xa3,0xa3,0xa3,0xa3,0xa3,0xa3,0xa3,0xa3,0xa3,0xa3,0xa3,0xa3,0xb5,0xc1,
    0xd8,0x9a,0x9a,0xd6,0xd6,0xd6,0xd6,0xd6,0xd6,0xd6,0x9a,0x9d,0x9b,0xd4,0xd4,0xd4,
    0xd5,0xd5,0xd5,0xd5,0xd7,0xd7,0xd7,0xd6,0xb7,0x05,0x4d,0x7d,0x7a,0x0e,0x77,0x12,
    0x82,0xa6,0xa4,0xa4,0xa3,0xb7,0xd5,0x5f,0x87,0xbb,0xeb,0xe8,0xe8,0xe8,0xad,0xed,
    0xeb,0x19,0x19,0x19,0x19,0x19,0x12,0xa6,0x14,0x7e,0x16,0x15,0x15,0x15,0x15,0x15,
    0x16,0xab,0x12,0xa6,0x12,0x19,0x19,0x19,0x19,0x19,0x19,0x19,0x19,0x19,0x19,0x19,
    0x19,0xa4,0xa4,0xa4,0xa1,0x0d,0xa1,0x0d,0xa1,0xa1,0xa1,0xa1,0x0d,0x0d,0x0d,0x0d,
    0x0d,0x0d,0x0d,0x0d,0x0d,0x0d,0x0d,0x0d,0x0d,0xa0,0xa0,0xa0,0xa0,0xa0,0xa0,0xa0,
    0xa0,0xa0,0xa0,0xa0,0xa0,0xa0,0xa0,0xa0,0xa0,0xa0,0xa0,0xa1,0x8b,0xa9,0xbe,0xbc,
    0x04,0xd4,0xd4,0xd4,0xd4,0xd4,0xd4,0xd4,0xd4,0xd4,0xd6,0x9d,0xd7,0xd4,0x98,0xd5,
    0xd5,0xd5,0xb6,0xd7,0xd7,0xd7,0xd7,0xd7,0x9c,0x05,0x75,0x7e,0x15,0x15,0xa6,0x15,
    0xab,0x8e,0xa4,0xa5,0x93,0xa8,0xdf,0x1b,0x77,0x8a,0x7d,0x83,0x7a,0x79,0x0f,0x6b,
    0x19,0x19,0x19,0x19,0x19,0x19,0x12,0x16,0x18,0x16,0x16,0x15,0x16,0x16,0x16,0x16,
    0x16,0x17,0x17,0x17,0xa6,0x19,0x19,0x19,0x19,0x19,0x19,0x19,0x19,0x19,0x19,0x19,
    0x19,0xa4,0xa4,0xa4,0x76,0x9f,0x76,0x9f,0x9f,0x9f,0x9f,0x9f,0x76,0x0b,0x0b,0x0b,
    0x9e,0x75,0x0b,0x0b,0x0b,0x0b,0x0b,0x9e,0x0b,0x0b,0x0b,0x0b,0x9e,0x9e,0x0b,0x9e,
    0x9e,0x0b,0x9e,0x9e,0x9e,0x9e,0x9e,0x9e,0x9e,0x9e,0x9e,0x9e,0x9e,0xc5,0xe0,0xd6,
    0xd6,0xd7,0xb6,0xd7,0xb6,0xd7,0xd7,0xd7,0xc4,0xc4,0x9b,0x9c,0xd7,0xb6,0xb6,0xd7,
    0xd7,0xd7,0xd7,0xd7,0xd7,0xd7,0xd7,0xd7,0xd9,0xd8,0xd9,0x9c,0x9e,0x7c,0x7e,0x82,
    0x94,0x7c,0xa4,0x7a,0xe4,0xc0,0xd7,0xd7,0x76,0xc7,0x8e,0xa5,0x7a,0x79,0x67,0x19,
    0x19,0x19,0x19,0x19,0x19,0x19,0x12,0x17,0xb0,0x14,0x15,0x7e,0x14,0x14,0xaa,0xaa,
    0x84,0x81,0x16,0x17,0x12,0x19,0x19,0x19,0x19,0x19,0x19,0x19,0x19,0x19,0x19,0x19,
    0x19,0xa4,0xa4,0xa4,0x9f,0x9f,0x9f,0x0b,0x0b,0x0b,0x0b,0x9e,0x0d,0x08,0xd8,0xfa,
    0xd8,0xd8,0xd8,0xd8,0xd8,0xd8,0xd8,0xd8,0xd8,0xd8,0xd8,0xd8,0xd8,0xd8,0xd8,0xd8,
    0xd8,0xd8,0xd8,0xd8,0x9b,0x9b,0x9b,0x9b,0x9b,0x9b,0x9b,0x9b,0xd8,0xd8,0xd8,0xd8,
    0xd8,0xd8,0xd8,0xd8,0xd8,0xd8,0xd8,0xd8,0xd8,0x9c,0x9e,0x9c,0xb6,0xdf,0xdf,0xd7,
    0xd7,0xd7,0xd7,0xd7,0xd7,0xd7,0xd7,0xdf,0xd6,0x9c,0xd8,0xd9,0xd6,0xd7,0xfa,0x9e,
    0x12,0x7e,0x6d,0x12,0xa5,0xbc,0xd7,0xd7,0x0a,0xac,0x8f,0x7c,0x7a,0x70,0x89,0x19,
    0x19,0x19,0x19,0x19,0x19,0x19,0x12,0x16,0x16,0x7e,0x15,0x13,0x13,0x13,0x13,0xa7,
    0x16,0xaa,0x16,0x17,0x12,0x19,0x19,0x19,0x19,0x19,0x19,0x19,0x19,0x19,0x19,0x19,
    0x19,0xa4,0xa4,0xa4,0xa1,0xa1,0xa1,0x76,0x76,0x76,0x76,0x9f,0x77,0xa1,0x76,0x76,
    0x76,0x76,0x76,0x76,0x9f,0x76,0x9f,0x9f,0x76,0x76,0x76,0x76,0x9f,0x9f,0x9f,0x76,
    0x76,0xa1,0x76,0x9e,0x9e,0x9e,0x0a,0x9e,0x9e,0x9e,0x9e,0x9e,0x9d,0x9e,0x9e,0x9e,
    0x0a,0x0a,0x0a,0x9e,0x9e,0x9d,0x0a,0x0a,0x9e,0x9f,0xbe,0xd7,0xd6,0xd8,0xd4,0xb7,
    0xd4,0x9b,0xd6,0xd5,0xd9,0xbc,0x98,0xc5,0xc4,0x9c,0xd8,0xd8,0xd9,0xd7,0xc5,0xd7,
    0xd6,0x9b,0x9f,0xa3,0xd8,0x9e,0xd7,0xdf,0x9c,0xa3,0xaf,0xa4,0x83,0x68,0x19,0x19,
    0x19,0x19,0x19,0x19,0x19,0x19,0x12,0x16,0x16,0x7e,0x15,0x12,0x12,0x12,0x12,0x12,
    0x16,0x81,0x16,0x17,0x12,0x19,0x19,0x19,0x19,0x19,0x19,0x19,0x19,0x19,0x19,0x19,
    0x19,0xa4,0xa4,0xa4,0x08,0xfa,0x9b,0x9b,0x9b,0xfa,0xfa,0xfa,0x77,0x9b,0x9b,0x9b,
    0xfa,0xfa,0x9b,0xfa,0xfa,0x9a,0x9b,0x9b,0x9b,0x9b,0x08,0x9c,0xfa,0xd9,0xd9,0x9b,
    0xd9,0x9b,0x9b,0x9b,0x9b,0x9b,0x9b,0xd8,0x9b,0xd8,0xd8,0xd8,0xd8,0xd8,0xfa,0xfa,
    0xd8,0xd8,0xd8,0xd8,0xd8,0xd8,0x9a,0xbc,0xd8,0xd8,0xd6,0xd7,0x9a,0x9c,0xd5,0x9d,
    0xd6,0x9b,0x9d,0xd7,0xda,0xc5,0xd7,0x9d,0xd6,0xb7,0xd8,0xd6,0xb7,0xd6,0x9d,0xbc,
    0xd8,0x9d,0xd7,0x9d,0xd6,0x9d,0xd6,0xd7,0xd8,0x7a,0xab,0x94,0x12,0x19,0x19,0x19,
    0x19,0x19,0x19,0x19,0x19,0x19,0x12,0xab,0x84,0x14,0x15,0x12,0x12,0x12,0x12,0x12,
    0x16,0x81,0x16,0xad,0x12,0x19,0x19,0x19,0x19,0x19,0x19,0x19,0x19,0x19,0x19,0x19,
    0x19,0xa4,0xa4,0xa4,0xd4,0x01,0x01,0xd3,0xd4,0x03,0xd4,0x04,0x76,0xd5,0x02,0xd3,
    0xd3,0x97,0xd3,0xd3,0x02,0xd4,0xd4,0xd4,0xd5,0xd5,0xd7,0xd5,0xd5,0xd7,0xc4,0xc4,
    0xd6,0xd6,0xd6,0xd6,0xc4,0xd7,0xd7,0xd7,0xd6,0xd7,0xd7,0xc4,0xd6,0xd6,0x9a,0xd6,
    0xd6,0xc4,0xc4,0xd6,0xd6,0xd6,0xd6,0xd7,0xd7,0xd7,0xd7,0xd7,0xd6,0x9c,0xd6,0xd9,
    0x9c,0xd6,0x9e,0xd6,0xbc,0x9e,0xc4,0xd8,0xd8,0xd8,0xd9,0xc4,0x9b,0x9b,0xd8,0x9c,
    0x9a,0xd9,0xd8,0xd8,0x9b,0xd8,0xd9,0xd7,0xd6,0x77,0x82,0xad,0x7d,0x19,0x19,0x19,
    0x19,0x19,0x19,0x19,0x19,0x19,0x12,0x15,0x16,0x14,0x15,0xa6,0x12,0x12,0x12,0x12,
    0x16,0x15,0x16,0x16,0x12,0x19,0x19,0x19,0x19,0x19,0x19,0x19,0x19,0x19,0x19,0x19,
    0x19,0xa4,0xa4,0xa4,0x03,0xd3,0x02,0x03,0xd4,0x98,0xd5,0x05,0x9f,0x03,0x02,0x02,
    0xd3,0x02,0x02,0xd4,0xd4,0xd4,0xd4,0xd5,0x04,0xd7,0xd6,0xc4,0xd6,0xd6,0xd6,0xd6,
    0xd6,0xd6,0xd6,0x9a,0x9a,0xd6,0xd6,0xd6,0xd6,0xd6,0xc4,0xd6,0xd6,0xd6,0x9a,0xd6,
    0xd6,0xd6,0xd6,0xd6,0xd6,0xd6,0xd6,0xd7,0xd7,0xd7,0xd7,0xd6,0xd6,0xb7,0xd8,0xd6,
    0x9d,0xd7,0x9d,0x9c,0xc4,0x9e,0xd8,0xd6,0xda,0xd6,0x9c,0xbc,0x9a,0xc5,0xd6,0xd9,
    0xd8,0xbc,0x9c,0xf9,0xda,0xd6,0xc5,0xc4,0xd7,0x75,0x66,0x17,0x7e,0x19,0xeb,0x19,
    0x19,0x19,0x19,0x19,0x19,0x19,0x12,0x15,0x16,0x14,0x15,0x13,0x12,0x12,0x12,0x12,
    0x16,0x15,0x16,0x16,0x12,0x19,0x19,0x19,0x19,0x19,0x19,0x19,0x19,0x19,0x19,0x19,
    0x19,0xa4,0xa4,0xa4,0x03,0x03,0x03,0xd5,0xd5,0xd5,0xd5,0x05,0x0a,0x05,0xd4,0xd4,
    0x98,0x03,0x03,0xd5,0xd5,0xd5,0xd7,0xd7,0xd7,0xc4,0xd7,0xc4,0xc4,0xd6,0xd6,0xd6,
    0xd6,0xd6,0xd6,0x9a,0xd6,0xd6,0xd6,0xd6,0xd6,0xd6,0xd6,0xc4,0x9a,0x9a,0xd6,0xd6,
    0xd6,0x9a,0xd6,0xd7,0xdf,0xd7,0xd7,0xd7,0xd7,0xd7,0xc4,0x05,0xc4,0xd8,0x9b,0xd7,
    0x9d,0x9a,0xd6,0x9e,0xd7,0xd9,0x9d,0xd6,0xb7,0xbc,0x9b,0xd8,0xc4,0xd9,0xd8,0xd6,
    0x9c,0xd7,0xda,0xd6,0xd9,0xd8,0x9c,0xbc,0xd7,0x73,0x83,0x88,0x8c,0x89,0xeb,0x19,
    0x19,0x19,0x19,0x19,0x19,0x19,0x12,0x14,0x16,0xa7,0x15,0x7d,0x12,0x12,0x12,0x12,
    0x16,0x15,0xab,0x17,0xa6,0x19,0x19,0x19,0x19,0x19,0x19,0x19,0x19,0x19,0x19,0x19,
    0x19,0xa4,0xa4,0xa4,0x9f,0x9f,0x9f,0x76,0x9f,0x9f,0x9f,0x9e,0xa1,0x08,0xf9,0xf9,
    0x05,0xd6,0xd6,0xf9,0xd6,0x05,0xd6,0xd6,0xd6,0xd6,0xd6,0xd6,0x9a,0xd6,0xd6,0x9a,
    0x9a,0x9a,0xd8,0x9a,0xd8,0xd6,0xd6,0xd6,0xd6,0x9a,0xd8,0x9a,0x63,0xce,0xa1,0xa1,
    0xa8,0xa8,0xc5,0xfa,0xd9,0x9a,0x9a,0x9a,0x9a,0x9a,0xd8,0xd8,0xd8,0x9b,0xda,0x9a,
    0x08,0x9c,0x9a,0x9f,0x08,0xd8,0xa1,0x9d,0xd9,0x73,0xda,0x75,0xd8,0xd8,0xda,0xd8,
    0xda,0xda,0xda,0xda,0x9c,0xbd,0x08,0x9d,0x9a,0x73,0xa5,0x82,0x17,0x18,0x19,0xeb,
    0x19,0x19,0x19,0x19,0x19,0x19,0x19,0x19,0x19,0x19,0x19,0x19,0x19,0x19,0x19,0x19,
    0x19,0x19,0x19,0x19,0x19,0x19,0x19,0x19,0x19,0x19,0x19,0x19,0x19,0x19,0x19,0x19,
    0x19,0xad,0xad,0xad,0x7d,0x7d,0x7d,0x7d,0x7d,0x8f,0x8f,0x8f,0x7e,0xa4,0x93,0xa5,
    0xa5,0xa5,0xa5,0xa5,0x7c,0xa5,0xa5,0xa5,0xa5,0xa5,0xa5,0x7a,0xa3,0xa3,0x7a,0x7a,
    0x7a,0x7a,0x93,0x93,0x93,0x7a,0x93,0x7a,0x93,0x7a,0xa3,0xa3,0x93,0xa3,0xa2,0xa3,
    0xa2,0x70,0x94,0x94,0x94,0x8e,0xa4,0xa4,0xa5,0xa5,0x93,0x93,0x93,0x7c,0xa6,0x15,
    0x82,0x68,0x17,0x17,0x68,0x82,0x82,0x82,0x12,0xa4,0xa4,0x8e,0x82,0x4a,0x4a,0x4a,
    0x4a,0x4a,0x4a,0x4a,0x4a,0x7a,0x7a,0x7a,0x7a,0xa2,0xa3,0xb8,0x79,0xa4,0x14,0x84,
    0xb0,0xeb,0x19,0x19,0x19,0x19,0x19,0x19,0x19,0x19,0x19,0x19,0x19,0x19,0x19,0x19,
    0x19,0x19,0x19,0x19,0x19,0x19,0x19,0x19,0x19,0x19,0x19,0x19,0x19,0x19,0x19,0x19,
    0x19,0xad,0xad,0xad,0x7d,0x7d,0x7d,0xa3,0xa3,0xa3,0x79,0x79,0xa2,0xa2,0x77,0x0e,
    0x77,0x77,0xa2,0xa2,0xa2,0xa2,0xa2,0xbf,0xa2,0xa2,0xa2,0xa2,0xa2,0x77,0x0e,0x0e,
    0xa0,0x77,0x77,0x0e,0xa2,0xa2,0xa0,0x0d,0x76,0x9e,0xb7,0xd8,0xd6,0xbc,0xd6,0x60,
    0x83,0x8f,0xa6,0xa4,0xbd,0x9d,0xc5,0x9c,0xb7,0xd9,0xb7,0x9c,0xd9,0x75,0xa3,0x11,
    0x15,0x15,0x15,0x82,0x82,0x7e,0x7e,0x82,0x93,0xa3,0xa3,0x82,0x4a,0x4a,0x4a,0x4b,
    0x4b,0x4b,0x4b,0x4b,0x51,0x4a,0x4a,0x26,0x9c,0x9c,0xd8,0xd7,0xd7,0xd7,0xd8,0x9e,
    0x12,0x15,0xe8,0xeb,0x19,0x19,0x19,0x19,0x19,0x19,0x19,0x19,0x19,0x19,0x19,0x19,
    0x19,0x19,0x19,0x19,0x19,0x19,0x19,0x19,0x19,0x19,0x19,0x19,0x19,0x19,0x19,0x19,
    0x19,0x19,0x19,0x19,0xf0,0xe7,0x84,0x90,0x16,0x90,0xad,0x84,0x91,0xb0,0x18,0xb0,
    0x17,0xad,0xad,0xad,0xad,0xad,0xad,0x84,0x17,0xb0,0xb0,0xb0,0xad,0x84,0xad,0x84,
    0xad,0xad,0xad,0xad,0xad,0xad,0x17,0xb0,0x18,0x95,0x91,0xa4,0xbe,0xd6,0xd7,0xd7,
    0x75,0x93,0xb8,0xd6,0xd5,0xd7,0xd6,0xd6,0xd6,0xd6,0xd6,0xd6,0xdf,0x08,0x83,0x8f,
    0x93,0x7d,0x8f,0xa4,0xa4,0x7c,0xa5,0xa5,0x93,0x8f,0x82,0x82,0x4a,0x4b,0x4b,0x47,
    0x47,0x47,0x47,0x47,0x51,0x51,0x51,0x4a,0x9c,0xd9,0x76,0x9f,0xa0,0xa3,0xdd,0xa2,
    0x0d,0xa0,0x12,0xaa,0xf0,0x19,0x19,0x19,0x19,0x19,0x19,0x19,0x19,0x19,0x19,0x19,
    0x19,0x19,0x19,0x19,0x19,0x19,0x19,0x19,0x19,0x19,0x19,0x19,0x19,0x19,0x19,0x19,
    0x19,0x19,0x19,0x19,0x19,0xee,0xee,0xee,0xee,0xee,0xee,0xee,0xeb,0xeb,0xeb,0xeb,
    0xeb,0xeb,0xf0,0xf0,0xf0,0xeb,0xeb,0xeb,0xeb,0xeb,0xeb,0xeb,0xeb,0xeb,0xeb,0x19,
    0x19,0x19,0xeb,0xeb,0xeb,0xeb,0xeb,0xf0,0xbb,0xbb,0xb1,0x89,0xb0,0xa8,0xd7,0x9a,
    0x4d,0x7a,0x9f,0xc4,0x08,0x9f,0x77,0x79,0x79,0x79,0x79,0xa2,0x9e,0xd8,0x61,0xa4,
    0xa4,0x13,0x7e,0x3d,0x5e,0x5e,0x5e,0x5e,0x5e,0x5e,0x4a,0x4a,0x4a,0x4c,0x2a,0x2a,
    0x2a,0x2a,0x4c,0x4a,0x51,0x51,0x4a,0x4a,0x76,0xad,0x82,0x8c,0x8c,0x88,0x90,0x90,
    0xad,0x84,0xab,0xaa,0x17,0xeb,0x19,0x19,0x19,0xa2,0x79,0x7a,0xa5,0xa5,0x7c,0xa4,
    0x7b,0xa6,0x7d,0xa6,0x7d,0xa7,0xa7,0x14,0x14,0x14,0x14,0x19,0x19,0x19,0x19,0x19,
    0x19,0x19,0x19,0x19,0x19,0x19,0x19,0x19,0x19,0xee,0x19,0x19,0x19,0x19,0x19,0x19,
    0x19,0x19,0x19,0x19,0x19,0x19,0x19,0x19,0x19,0x19,0x19,0x19,0x19,0x19,0x19,0x19,
    0x19,0x19,0x19,0x19,0x19,0x19,0x19,0xee,0xee,0xee,0xee,0xee,0xf3,0xb1,0xa8,0x08,
    0x76,0xac,0xa2,0x0d,0x14,0xaf,0xac,0xac,0x96,0x8c,0x8c,0x88,0x90,0xaf,0xa4,0x11,
    0xe0,0xc1,0x9f,0x3d,0x4b,0x4b,0x4b,0x4b,0x4b,0x4b,0x4b,0x4b,0x4a,0x2a,0x2a,0x2a,
    0x2a,0x2a,0x2a,0x2a,0x4c,0x4a,0x4a,0x5e,0x17,0x8c,0xaa,0xab,0xe8,0xe8,0xeb,0xf0,
    0xeb,0xeb,0xeb,0xf0,0xeb,0xeb,0x19,0xeb,0x19,0xa2,0xa3,0xa3,0x7a,0x10,0xa5,0xa4,
    0xa4,0x12,0xa6,0xa6,0xa6,0xa7,0x7e,0x7e,0x14,0x14,0x14,0x19,0x19,0x19,0x19,0x19,
    0x19,0x19,0x19,0x19,0x19,0x19,0xab,0xab,0xab,0xab,0xab,0xab,0xab,0xab,0xab,0xab,
    0xab,0xab,0xab,0x16,0x16,0x82,0xad,0x19,0x19,0x19,0x19,0x19,0x19,0x19,0x19,0x19,
    0x19,0x19,0x19,0x19,0x19,0x19,0x19,0x19,0x19,0x19,0x19,0x19,0xee,0xf3,0xc2,0x0b,
    0x9c,0xa1,0xa2,0x82,0xb2,0xe6,0xbf,0xa0,0xa7,0xad,0xe8,0xe8,0xb1,0xb2,0x18,0x8c,
    0xc1,0xc1,0xd9,0x4c,0x2a,0x2a,0x2a,0x2a,0x2a,0x2a,0x2a,0x2a,0x2a,0x4c,0x4c,0x4c,
    0x4c,0x4c,0x4c,0x4c,0x2a,0x5e,0x5e,0x26,0x8c,0x8c,0x18,0xeb,0x19,0x19,0x19,0x19,
    0x19,0x19,0x19,0x19,0x19,0x19,0x19,0x19,0x19,0xa2,0x79,0x7a,0xa5,0xa5,0x7c,0xa4,
    0x7b,0xa6,0x7d,0xa6,0x7d,0xa7,0xa7,0x14,0x14,0x14,0x14,0x19,0x19,0x19,0x19,0x19,
    0x19,0x19,0x19,0x19,0x19,0xab,0xab,0xab,0xab,0xab,0xab,0xab,0xab,0xab,0xab,0xab,
    0xab,0x81,0xaa,0x81,0x81,0xaa,0xaa,0x84,0x19,0x19,0x19,0x19,0x19,0x19,0x19,0x19,
    0x19,0x19,0x19,0x19,0x19,0x19,0x19,0x19,0x19,0x19,0x19,0x19,0x19,0xf3,0xf0,0x13,
    0x0d,0xa3,0x94,0xcb,0x8e,0x8c,0x82,0xb0,0xf5,0xee,0x1a,0xee,0xf3,0xf3,0xbb,0xae,
    0xbe,0xc5,0xbc,0x4c,0x4c,0x4c,0x4c,0x4c,0x4c,0x4c,0x4c,0x4c,0x4c,0x4c,0x4c,0x4c,
    0x4c,0x4c,0x4c,0x4c,0x4c,0x26,0x5e,0x17,0x8c,0xed,0x19,0x19,0x19,0x19,0x19,0x19,
    0x19,0x19,0x19,0x19,0x19,0x19,0x19,0x19,0x19,0xa2,0xa3,0xa3,0x7a,0x10,0xa5,0xa4,
    0xa4,0x12,0xa6,0xa6,0xa6,0xa7,0x7e,0x7e,0x14,0x14,0x14,0x19,0x19,0x19,0x19,0x19,
    0x19,0x19,0x19,0x19,0x19,0xab,0xab,0x7b,0x14,0xab,0xaa,0x7c,0x7a,0x7c,0x7b,0xaa,
    0x81,0x81,0x81,0x15,0x15,0x81,0xaa,0x81,0x19,0x19,0x19,0x19,0x19,0x19,0x19,0x19,
    0x19,0x19,0x19,0x19,0x19,0x19,0x19,0x19,0x19,0x19,0x19,0x19,0x19,0x19,0xf5,0xcc,
    0xa2,0xa0,0x82,0xd0,0xc7,0xa7,0x6c,0xee,0x19,0x19,0x19,0x19,0xee,0xee,0xf3,0xa4,
    0xb4,0xcd,0xbc,0x4a,0x4a,0x4a,0x4a,0x4a,0x4a,0x4a,0x4a,0x4a,0x4a,0x4a,0x4a,0x4a,
    0x4a,0x4a,0x4a,0x4c,0x4c,0x26,0x5e,0x88,0xad,0xf0,0x19,0x19,0x19,0x19,0x19,0x19,
    0x19,0x19,0x19,0x19,0x19,0x19,0x19,0x19,0x19,0xa2,0xa3,0xa3,0xa3,0x7a,0xa5,0x11,
    0xa4,0x7b,0xa6,0xa6,0xa6,0xa7,0x7e,0x14,0x14,0x14,0xaa,0x19,0x19,0x19,0x19,0x19,
    0x19,0x19,0x19,0x19,0x19,0xab,0x7b,0xa5,0xa5,0xa5,0xa5,0x7c,0xa5,0xa3,0x7a,0x7b,
    0xaa,0x15,0x15,0x15,0x15,0x81,0xaa,0xaa,0x19,0x19,0x19,0x19,0x19,0x19,0x19,0x19,
    0x19,0x19,0x19,0x19,0x19,0x19,0x19,0x19,0x19,0x19,0x19,0x19,0x19,0x19,0xf3,0xf0,
    0xa0,0x08,0x6d,0xb2,0x19,0x19,0x1a,0x19,0x19,0x19,0x19,0x19,0x19,0xee,0xc8,0x12,
    0xbf,0xb7,0xdf,0x4a,0x4a,0x4a,0x4a,0x4a,0x4a,0x4a,0x4a,0x4a,0x4a,0x4a,0x4a,0x4a,
    0x4a,0x4a,0x4a,0x4a,0x4a,0x4c,0x5e,0x71,0xb0,0xeb,0x19,0x19,0x19,0x19,0x19,0x19,
    0x19,0x19,0x19,0x19,0x19,0x19,0x19,0x19,0x19,0xa2,0xa3,0xa3,0xa3,0x7a,0xa5,0x7c,
    0xa4,0x7b,0xa6,0xa6,0xa6,0x7e,0x14,0x14,0x14,0xaa,0xaa,0x19,0x19,0x19,0x19,0x19,
    0x19,0x19,0x19,0x19,0x19,0xab,0x7b,0xa5,0xa5,0xa6,0x15,0xad,0x14,0x7c,0xa3,0xa5,
    0x7d,0x81,0x15,0x15,0x15,0x81,0x81,0xaa,0x19,0x19,0x19,0x19,0x19,0x19,0x19,0x19,
    0x19,0x19,0x19,0x19,0x19,0x19,0x19,0x19,0x19,0x19,0x19,0x19,0x19,0x19,0x19,0xf7,
    0xbf,0x5f,0x6d,0x19,0x19,0x19,0x19,0x19,0x19,0x19,0x19,0x19,0x19,0xee,0xb1,0xa5,
    0x9d,0xd8,0xbc,0xab,0x4a,0x4a,0x4a,0x4a,0x4a,0x4a,0x4a,0x4a,0x4c,0x4c,0x4c,0x4c,
    0x4c,0x4c,0x4a,0x4a,0x4a,0x4c,0x5e,0x17,0xbb,0x19,0x19,0x19,0x19,0x19,0x19,0x19,
    0x19,0x19,0x19,0x19,0x19,0x19,0x19,0x19,0x19,0xa2,0xa3,0xa3,0xa3,0x7a,0xa5,0x7c,
    0xa4,0x7b,0xa6,0xa6,0xa6,0x7e,0x14,0x14,0xaa,0xaa,0x14,0x19,0x19,0x19,0x19,0x19,
    0x19,0x19,0x19,0x19,0x19,0x16,0xa5,0xa5,0x7b,0x16,0x19,0x19,0x19,0x14,0x7a,0x7a,
    0xa4,0x81,0x15,0x15,0x15,0x81,0x81,0x81,0x19,0x19,0x19,0x19,0x19,0x19,0x19,0x19,
    0x19,0x19,0x19,0x19,0x19,0x19,0x19,0x19,0x19,0x19,0x19,0x19,0x19,0x19,0x19,0xf0,
    0xdd,0x60,0x6a,0xb2,0xb2,0x19,0x19,0x19,0x19,0x19,0x19,0x19,0x19,0xee,0xe7,0xa1,
    0x9d,0xa1,0xd8,0x28,0xab,0x4c,0x51,0x4b,0x4b,0x4b,0x4b,0x4b,0x4b,0x4b,0x4b,0x4b,
    0x51,0x4a,0x4c,0x4c,0x4a,0x4c,0x5e,0x84,0xf0,0x19,0x19,0x19,0x19,0x19,0x19,0x19,
    0x19,0x19,0x19,0x19,0x19,0x19,0x19,0x19,0x19,0xa2,0xa3,0xa3,0xa3,0x7a,0xa5,0x7c,
    0xa4,0x7b,0xa6,0xa6,0xa6,0x7e,0x14,0x14,0xaa,0xaa,0x14,0x19,0x19,0x19,0x19,0x19,
    0x19,0x19,0x19,0x19,0x19,0x15,0xa5,0xa5,0xa6,0x86,0x19,0x19,0x19,0x16,0xa5,0xa3,
    0xa4,0xaa,0x15,0x15,0x15,0x81,0x81,0x81,0x19,0x19,0x19,0x19,0x19,0x19,0x19,0x19,
    0x19,0x19,0x19,0x19,0x19,0x19,0x19,0x19,0x19,0x19,0x19,0x19,0x19,0x19,0x19,0xf2,
    0x0c,0x60,0x71,0x95,0xeb,0x1a,0x19,0x19,0x19,0x19,0x19,0x19,0x19,0xee,0xab,0x9d,
    0x8e,0xa3,0xa1,0x25,0x4c,0x4c,0x4c,0x4c,0x51,0x4b,0x4b,0x4b,0x4b,0x4b,0x4b,0x4b,
    0x4b,0x4b,0x51,0x3d,0x4c,0x4a,0x4c,0x5e,0x5e,0x19,0x19,0x19,0x19,0x19,0x19,0x19,
    0x19,0x19,0x19,0x19,0x19,0x19,0x19,0x19,0x19,0xa2,0xa2,0xa3,0x7a,0x10,0xa5,0x11,
    0xa4,0xa4,0xa6,0xa6,0xa6,0xa7,0x14,0x14,0xaa,0xaa,0xaa,0x19,0x19,0x19,0x19,0x19,
    0x19,0x19,0x19,0x19,0x19,0x16,0xa5,0xa5,0xa6,0x18,0x19,0x19,0x19,0xaa,0x7a,0x7a,
    0xa6,0x81,0x15,0x15,0x15,0x81,0x81,0x81,0x19,0x19,0x19,0x19,0x19,0x19,0x19,0x19,
    0x19,0x19,0x19,0x19,0x19,0x19,0x19,0x19,0x19,0x19,0x19,0x19,0x19,0x19,0xee,0xec,
    0x08,0x5f,0x71,0x17,0xc3,0xf3,0x1a,0xee,0x19,0xee,0xf3,0xf5,0xed,0xf1,0xad,0x8b,
    0x79,0x7d,0x9d,0x1e,0x4c,0x4c,0x5e,0x4c,0x4c,0x4c,0x51,0x4b,0x4b,0x4b,0x4b,0x4b,
    0x4b,0x4b,0x51,0x3d,0x3d,0x4c,0x4c,0x4c,0x5e,0x19,0x19,0x19,0x19,0x19,0x19,0x19,
    0x19,0x19,0x19,0x19,0x19,0x19,0x5e,0x5e,0x19,0xa2,0xa2,0xa3,0x7a,0x10,0xa5,0x11,
    0xa4,0xa4,0xa6,0xa6,0xa6,0xa7,0x14,0x14,0xaa,0xaa,0xaa,0x19,0x19,0x19,0x19,0x19,
    0x19,0x19,0x19,0x19,0x19,0xab,0xa5,0xa5,0x7c,0x14,0x17,0x18,0x15,0xa5,0xa3,0xa5,
    0xa7,0x15,0x15,0x15,0x15,0xaa,0x81,0x81,0x19,0x19,0x19,0x19,0x19,0x19,0x19,0x19,
    0x19,0x19,0x19,0x19,0x19,0x19,0x19,0x19,0x19,0x19,0x19,0x19,0x19,0x19,0xf3,0xe3,
    0x05,0x05,0x73,0x0c,0x9e,0xa0,0xe2,0xe4,0xe4,0x13,0xa4,0x7a,0xa3,0xa3,0x79,0xa0,
    0x8d,0xc5,0xb7,0xc5,0x4c,0x3d,0x4a,0x5e,0x4c,0x4a,0x4c,0x4c,0x4c,0x4c,0x4c,0x4c,
    0x4c,0x51,0x4b,0x51,0x3d,0x3d,0x4a,0x4c,0x4a,0xeb,0x19,0x19,0x19,0x19,0x19,0x19,
    0x19,0x19,0x19,0x19,0x19,0x19,0x5e,0x4c,0x4c,0x4a,0x4a,0x4a,0x4a,0x4c,0x4c,0x4c,
    0x4c,0x5e,0x5e,0x5e,0x5e,0x5e,0x5e,0x5e,0x5e,0x5e,0x5e,0x5e,0x5e,0x5e,0x19,0x19,
    0x19,0x19,0x19,0x19,0x19,0xab,0xa7,0xa5,0xa5,0xa5,0x11,0xa5,0x7a,0x7a,0x7a,0x7c,
    0x7e,0x15,0x15,0x15,0x81,0xaa,0xaa,0xaa,0x19,0x19,0x19,0x19,0x19,0x19,0x19,0x19,
    0x19,0x19,0x19,0x19,0x19,0x19,0x19,0x19,0x19,0x19,0x19,0x19,0x19,0x19,0xf3,0xe7,
    0x66,0x0e,0x0a,0x78,0x9f,0x75,0x0a,0x78,0x78,0x77,0xa0,0x78,0x78,0x78,0xa0,0x11,
    0xab,0xab,0xa0,0xd8,0x61,0x4a,0x3d,0x5e,0x4c,0x3d,0x4a,0x4c,0x49,0x52,0x52,0x49,
    0x4c,0x4c,0x51,0x51,0x51,0x3d,0x3d,0x4c,0x4a,0x5e,0x19,0x19,0x19,0x19,0x19,0x19,
    0x19,0x19,0x19,0x19,0x19,0x19,0x5e,0x4c,0x4c,0x4a,0x4a,0x4a,0x4a,0x4a,0x4c,0x4c,
    0x4c,0x4c,0x4c,0x4c,0x2a,0x2a,0x2a,0x2a,0x2a,0x2a,0x2a,0x5e,0x5e,0x5e,0x19,0x19,
    0x19,0x19,0x19,0x19,0x19,0xab,0xab,0xa5,0x7c,0xa4,0xa5,0xa5,0xa5,0xa5,0x11,0xa7,
    0x81,0x15,0x15,0x81,0x81,0xaa,0xaa,0x81,0x19,0x19,0x19,0x19,0x19,0x19,0x19,0x19,
    0x19,0x19,0x19,0x19,0x19,0x19,0x19,0x19,0x19,0x19,0x19,0x19,0x19,0x19,0xf3,0xf6,
    0xd1,0x95,0xb3,0xb3,0xb3,0xb3,0xb3,0xb3,0xb3,0xad,0x16,0xb3,0xb0,0xb1,0xb1,0xb1,
    0xf0,0xeb,0xf1,0xc9,0xfa,0x4c,0x51,0x5e,0x4c,0x3d,0x4c,0x49,0x52,0x52,0x52,0x52,
    0x49,0x4c,0x4c,0x51,0x51,0x51,0x3d,0x3d,0x4a,0x4a,0x5e,0x19,0x19,0x19,0x19,0x19,
    0x19,0x19,0x19,0x19,0x19,0x19,0x5e,0x4c,0x4c,0x4a,0x4a,0x4a,0x4a,0x4a,0x4c,0x4c,
    0x4c,0x4c,0x4c,0x4c,0x2a,0x2a,0x2a,0x2a,0x2a,0x2a,0x2a,0x5e,0x5e,0x5e,0x19,0x19,
    0x19,0x19,0x19,0x19,0x19,0xab,0xab,0xa7,0xab,0xab,0xab,0xaa,0xab,0xab,0xaa,0x81,
    0x15,0x81,0x81,0xaa,0x81,0x81,0xaa,0x16,0x19,0x19,0x19,0x19,0x19,0x19,0x19,0x19,
    0x19,0x19,0x19,0x19,0x19,0x19,0x19,0x19,0x19,0x19,0x19,0x19,0x19,0x19,0x19,0x19,
    0xf3,0xf3,0xfd,0x19,0x19,0x19,0x19,0xee,0xee,0xee,0xf3,0xee,0xee,0xee,0xee,0xee,
    0x19,0x19,0xeb,0xca,0x9a,0x4c,0x4b,0x5e,0x4c,0x3d,0x4c,0x52,0x52,0x52,0x52,0x52,
    0x52,0x4c,0x4c,0x51,0x51,0x51,0x3d,0x3d,0x4a,0x4a,0x5e,0xeb,0x19,0x19,0x19,0x19,
    0x19,0x19,0x19,0x19,0x19,0x19,0x5e,0x4c,0x4c,0x4a,0x4a,0x4a,0x4a,0x4a,0x4c,0x4c,
    0x4c,0x4c,0x4c,0x4c,0x2a,0x2a,0x2a,0x2a,0x2a,0x2a,0x2a,0x5e,0x5e,0x5e,0x19,0x19,
    0x19,0x19,0x19,0x19,0x19,0xab,0xab,0xab,0xab,0xab,0xab,0xab,0xab,0xab,0xab,0xab,
    0xab,0xab,0xab,0x16,0x16,0x82,0xab,0xb0,0x19,0x19,0x19,0x19,0x19,0x19,0x19,0x19,
    0x19,0x19,0x19,0x19,0x19,0x19,0x19,0x19,0x19,0x19,0x19,0x19,0x19,0x19,0x19,0x19,
    0x19,0x19,0x19,0x19,0x19,0x19,0x19,0x19,0x19,0x19,0x19,0x19,0x19,0x19,0x19,0x19,
    0x19,0x19,0x19,0xcf,0xd8,0x4c,0x4b,0x51,0x4c,0x3d,0x4c,0x52,0x52,0x52,0x52,0x52,
    0x52,0x4c,0x4c,0x51,0x51,0x51,0x3d,0x3d,0x3d,0x4a,0x4a,0x5e,0x19,0x19,0x19,0x19,
    0x19,0x19,0x19,0x19,0x19,0x19,0x5e,0x4c,0x4c,0x4a,0x4a,0x4a,0x4a,0x4a,0x4c,0x4c,
    0x4c,0x4c,0x4c,0x4c,0x2a,0x2a,0x2a,0x2a,0x2a,0x2a,0x2a,0x5e,0x5e,0x5e,0x19,0x19,
    0x19,0x19,0x19,0x19,0x19,0xab,0xab,0xab,0xab,0xab,0xab,0xab,0xab,0xab,0xab,0xab,
    0xab,0xab,0xab,0xab,0xab,0xab,0x19,0x19,0x19,0x19,0x19,0x19,0x19,0x19,0x19,0x19,
    0x19,0x19,0x19,0x19,0x19,0x19,0x19,0x19,0x19,0x19,0x19,0x19,0x19,0x19,0x19,0x19,
    0x19,0x19,0x19,0x19,0x19,0x19,0x19,0x19,0x19,0x19,0x19,0x19,0x19,0x19,0x19,0x19,
    0x19,0x19,0x19,0xed,0xd9,0x59,0x51,0x51,0x5e,0x3d,0x4c,0x52,0x52,0x52,0x52,0x52,
    0x52,0x4c,0x4c,0x4b,0x51,0x51,0x51,0x3d,0x3d,0x4a,0x4a,0x4a,0xeb,0x19,0x19,0x19,
    0x19,0x19,0x19,0x19,0x19,0x19,0x5e,0x4c,0x4c,0x4a,0x4a,0x4a,0x4a,0x4a,0x4c,0x4c,
    0x4c,0x4c,0x4c,0x4c,0x2a,0x2a,0x2a,0x2a,0x2a,0x2a,0x2a,0x5e,0x5e,0x5e,0x19,0x19,
    0x19,0x19,0x19,0xa3,0xa3,0xa3,0xa3,0xa3,0x0f,0xa3,0xa3,0x14,0x14,0xa3,0x7a,0xa5,
    0xa5,0xa5,0xa5,0xa5,0xa5,0x7a,0x7a,0x7a,0x7a,0x7a,0xa5,0x7a,0x7a,0xa3,0x7a,0x10,
    0x7a,0x7a,0x7a,0xa5,0xa5,0xa5,0xa5,0xa5,0xa5,0xa5,0xa5,0xa5,0xa5,0xa5,0xa5,0x78,
    0x76,0x9f,0x9f,0x9f,0x9f,0x0c,0x76,0x76,0x76,0x9f,0x9f,0x9f,0x76,0x76,0x76,0x78,
    0xa0,0x77,0x19,0xeb,0x09,0x25,0x3d,0x51,0x5e,0x4c,0x4c,0x49,0x52,0x52,0x52,0x52,
    0x49,0x4c,0x4c,0x4b,0x51,0x51,0x51,0x3d,0x3d,0x3d,0x4a,0x4a,0x19,0x19,0x19,0x19,
    0x19,0x19,0x19,0x19,0x19,0x19,0x5e,0x4c,0x4c,0x4a,0x4a,0x4a,0x4a,0x4a,0x4c,0x4c,
    0x4c,0x4c,0x4c,0x4c,0x2a,0x2a,0x2a,0x2a,0x2a,0x2a,0x2a,0x5e,0x5e,0x5e,0x19,0x19,
    0x19,0x19,0x19,0xa3,0xa3,0x15,0xab,0x14,0x14,0x14,0xaa,0x15,0x15,0xaa,0xaa,0xaa,
    0xaa,0xaa,0x14,0x7e,0xaa,0xa7,0x7e,0x14,0xa7,0xaa,0x15,0x15,0x15,0x15,0x15,0x15,
    0x15,0x15,0x15,0x15,0xaa,0xaa,0xaa,0xaa,0xaa,0xaa,0xaa,0x81,0xaa,0xaa,0x14,0xa5,
    0x0e,0x77,0x77,0x77,0x77,0x0e,0x0e,0x0e,0x0e,0x0e,0x0e,0x0e,0x0e,0x77,0xa0,0x77,
    0xa2,0x77,0x19,0xeb,0x9f,0x37,0x4c,0x51,0x5e,0x4c,0x3d,0x4c,0x49,0x49,0x49,0x49,
    0x4c,0x4c,0x51,0x4b,0x51,0x51,0x51,0x3d,0x3d,0x3d,0x4a,0x4a,0x21,0xeb,0x19,0x19,
    0x19,0x19,0x19,0x19,0x19,0x19,0x5e,0x4c,0x4c,0x4a,0x4a,0x4a,0x4a,0x4a,0x4c,0x4c,
    0x4c,0x4c,0x4c,0x4c,0x2a,0x2a,0x2a,0x2a,0x2a,0x2a,0x2a,0x5e,0x5e,0x5e,0x19,0x19,
    0x19,0x19,0x19,0xa3,0xa3,0x16,0x12,0xa3,0xa3,0xa3,0xa3,0xa3,0x10,0x10,0xa5,0xa5,
    0xa5,0xa5,0xa5,0xa5,0xa5,0x7a,0x7a,0x7a,0xa5,0xa5,0xa5,0xa5,0xa5,0xa5,0xa5,0xa5,
    0xa5,0xa5,0xa5,0xa5,0xa5,0xa5,0xa5,0xa5,0xa5,0xa5,0xa5,0xa5,0xa5,0xa5,0x7a,0xa3,
    0xa3,0xa3,0xa3,0xa3,0xa3,0xa3,0x0f,0xa3,0xa3,0xa3,0xa3,0xa3,0xa3,0xa3,0xa3,0xa3,
    0xa3,0xa3,0x19,0x19,0xa2,0x1c,0x4c,0x51,0x4c,0x4c,0x3d,0x3d,0x4c,0x4a,0x4c,0x4c,
    0x4c,0x51,0x4b,0x4b,0x51,0x51,0x51,0x3d,0x3d,0x3d,0x4a,0x4a,0x69,0xfc,0x19,0x19,
    0x19,0x19,0x19,0x19,0x19,0x19,0x5e,0x4c,0x4c,0x4a,0x4a,0x4a,0x4a,0x4a,0x4c,0x4c,
    0x4c,0x4c,0x4c,0x4c,0x2a,0x2a,0x2a,0x2a,0x2a,0x2a,0x2a,0x5e,0x5e,0x5e,0x19,0x19,
    0x19,0x19,0x19,0xa3,0xa5,0x16,0xa4,0xa3,0xa3,0xa3,0xa3,0xa3,0xa3,0x7a,0xa5,0xa5,
    0xa5,0xa5,0xa5,0xa5,0xa5,0xa5,0xa5,0xa5,0xa5,0xa5,0xa5,0xa5,0xa5,0xa5,0xa5,0xa5,
    0xa5,0xa5,0xa5,0xa5,0xa5,0xa5,0xa5,0xa5,0xa5,0xa5,0xa5,0xa5,0xa5,0xa5,0xa5,0xa5,
    0xa5,0xa5,0xa5,0xa5,0xa5,0xa5,0xa5,0xa5,0xa5,0xa5,0xa5,0xa5,0xa5,0xa5,0xa5,0xa5,
    0xa5,0x7c,0x19,0x19,0xa4,0x08,0x4c,0x51,0x3d,0x4c,0x3d,0x3d,0x3d,0x4c,0x51,0x51,
    0x4b,0x4b,0x4b,0x4b,0x51,0x51,0x51,0x3d,0x3d,0x3d,0x4a,0x4a,0x5e,0x21,0xeb,0x19,
    0x19,0x19,0x19,0x19,0x19,0x19,0x5e,0x4c,0x4c,0x4a,0x4a,0x4a,0x4a,0x4a,0x4c,0x4c,
    0x4c,0x4c,0x4c,0x4c,0x2a,0x2a,0x2a,0x2a,0x2a,0x2a,0x2a,0x5e,0x5e,0x5e,0x5e,0x19,
    0x19,0x19,0x19,0xa5,0xa4,0x17,0xa4,0xa5,0xa5,0xa5,0xa5,0xa5,0xa5,0xa5,0xa5,0x7c,
    0x7c,0x7c,0x7c,0x7c,0x7c,0xa4,0xa4,0xa4,0xa4,0xa4,0xa4,0xa4,0xa4,0xa4,0xa4,0xa4,
    0xa4,0xa4,0xa4,0xa4,0xa4,0xa4,0xa4,0xa4,0xa4,0xa4,0xa4,0xa4,0xa4,0xa4,0xa4,0x7c,
    0xa4,0x7c,0x7c,0x7c,0x7c,0x7c,0x7c,0x11,0x7c,0x7c,0x11,0xa4,0xa4,0xa4,0xa4,0xa4,
    0xa4,0xa4,0x19,0x19,0xe9,0xd9,0x3d,0x3d,0x3d,0x5e,0x4a,0x3d,0x3d,0x4c,0x51,0x4b,
    0x4b,0x4b,0x4b,0x4b,0x51,0x51,0x51,0x3d,0x3d,0x3d,0x4a,0x4a,0x5e,0x4e,0xf0,0x19,
    0x19,0x19,0x19,0x19,0x19,0x19,0x5e,0x4c,0x4c,0x4a,0x4a,0x4a,0x4a,0x4a,0x4c,0x4c,
    0x4c,0x4c,0x4c,0x4c,0x2a,0x2a,0x2a,0x2a,0x2a,0x2a,0x2a,0x5e,0x5e,0x5e,0x5e,0x19,
    0x19,0x19,0x19,0x7b,0xa6,0x17,0xa6,0xa4,0xa4,0xa4,0xa4,0xa4,0xa4,0xa4,0xa4,0xa4,
    0xa4,0x7b,0xa4,0x7b,0x7b,0x7b,0x7b,0x7b,0x7b,0xa6,0xa6,0xa6,0xa6,0xa6,0xa6,0xa6,
    0xa6,0xa6,0xa6,0xa6,0xa6,0xa6,0xa6,0xa6,0xa6,0xa6,0xa6,0xa6,0xa6,0xa6,0x7b,0x7b,
    0x7b,0x7b,0x7b,0x7b,0x7b,0x7b,0x7b,0x7b,0x7b,0x7b,0x12,0x12,0xa6,0xa6,0xa6,0xa6,
    0xa6,0xa6,0x19,0x19,0xe6,0xb7,0x59,0x4a,0x51,0x5e,0x4a,0x3d,0x3d,0x4c,0x51,0x4b,
    0x4b,0x4b,0x4b,0x4b,0x51,0x51,0x51,0x3d,0x3d,0x3d,0x4a,0x4a,0x5e,0x5e,0xfc,0xeb,
    0x19,0x19,0x19,0x19,0x19,0x19,0x5e,0x4c,0x4c,0x4a,0x4a,0x4a,0x4a,0x4a,0x4c,0x4c,
    0x4c,0x4c,0x4c,0x4c,0x2a,0x2a,0x2a,0x2a,0x2a,0x2a,0x2a,0x5e,0x5e,0x5e,0x5e,0x19,
    0x19,0x19,0x19,0xa7,0x7e,0x86,0xa7,0x7d,0x7d,0xa6,0xa6,0xa6,0xa6,0xa6,0xa6,0xa6,
    0xa6,0xa6,0xa6,0x7d,0xa6,0x7d,0x7d,0x7d,0x7d,0x7d,0x7d,0x7d,0xa7,0xa7,0xa7,0xa7,
    0xa7,0xa7,0xa7,0xa7,0xa7,0xa7,0xa7,0xa7,0xa7,0xa7,0xa7,0xa7,0xa7,0x7d,0x7d,0x7d,
    0x7d,0x7d,0x7d,0x7d,0x7d,0x7d,0x7d,0x7d,0x7d,0x7d,0x7d,0x13,0xa7,0xa7,0xa7,0xa7,
    0xa7,0xa7,0x19,0x19,0xed,0xb7,0x41,0x4a,0x51,0x5e,0x4c,0x3d,0x3d,0x4c,0x4b,0x4b,
    0x4b,0x4b,0x4b,0x4b,0x51,0x51,0x51,0x3d,0x3d,0x3d,0x4a,0x4a,0x4a,0x5e,0x18,0xf0,
    0x19,0x19,0x19,0x19,0x19,0x19,0x5e,0x4c,0x4c,0x4a,0x4a,0x4a,0x4a,0x4a,0x4c,0x4c,
    0x4c,0x4c,0x4c,0x4c,0x2a,0x2a,0x2a,0x2a,0x2a,0x2a,0x2a,0x5e,0x5e,0x5e,0x5e,0x19,
    0x19,0x19,0x19,0xaa,0xaa,0x18,0xaa,0xa7,0xa7,0xa7,0xa7,0xa7,0xa7,0xa7,0xa7,0xa7,
    0xa7,0xa7,0xa7,0xa7,0xa7,0xa7,0xa7,0xa7,0xa7,0xa7,0xa7,0xa7,0xa7,0xa7,0xa7,0xa7,
    0xa7,0xa7,0x7e,0xa7,0x7e,0xa7,0x7e,0x7e,0x7e,0x7e,0x7e,0x7e,0x7e,0xa7,0xa7,0xa7,
    0xa7,0xa7,0xa7,0xa7,0xa7,0xa7,0xa7,0xa7,0xa7,0xa7,0xa7,0x7e,0xa7,0xa7,0xa7,0x7e,
    0x7e,0x7e,0x19,0x19,0xf0,0xdb,0x3e,0x4c,0x51,0x5e,0x4c,0x3d,0x4a,0x4c,0x4b,0x4b,
    0x4b,0x4b,0x4b,0x4b,0x51,0x51,0x51,0x3d,0x3d,0x3d,0x4a,0x4a,0x4a,0x5e,0x2a,0xf2,
    0x19,0x19,0x19,0x19,0x19,0x19,0x5e,0x4c,0x4c,0x4a,0x4a,0x4a,0x4a,0x4a,0x4c,0x4c,
    0x4c,0x4c,0x4c,0x4c,0x2a,0x2a,0x2a,0x2a,0x2a,0x2a,0x2a,0x5e,0x5e,0x5e,0x5e,0x19,
    0x19,0x19,0x19,0x81,0x15,0x19,0x89,0x86,0x86,0x86,0x86,0x18,0x18,0x86,0x86,0x86,
    0x86,0x86,0x86,0x86,0x86,0x86,0x86,0x18,0x18,0x86,0x18,0x18,0x18,0x18,0x18,0x18,
    0x18,0x18,0x86,0x18,0x86,0x18,0x18,0x18,0x86,0x18,0x18,0x18,0x18,0x18,0x18,0x18,
    0x18,0x18,0x18,0x18,0x18,0x18,0x18,0x18,0x18,0x18,0x18,0x18,0x18,0x18,0x18,0x18,
    0x18,0x86,0x19,0x19,0xeb,0xc6,0x4d,0x4c,0x51,0x5e,0x4c,0x4a,0x4c,0x51,0x4b,0x4b,
    0x4b,0x4b,0x4b,0x4b,0x51,0x51,0x51,0x3d,0x3d,0x3d,0x4a,0x4a,0x4a,0x4a,0x5e,0xf2,
    0xeb,0x19,0x19,0x19,0x19,0x19,0x5e,0x4c,0x4c,0x4a,0x4a,0x4a,0x4a,0x4a,0x4c,0x4c,
    0x4c,0x4c,0x4c,0x4c,0x2a,0x2a,0x2a,0x2a,0x2a,0x2a,0x2a,0x5e,0x5e,0x5e,0x5e,0x19,
    0x19,0x19,0x19,0xab,0x15,0x15,0x82,0x82,0xab,0xab,0xab,0x19,0x17,0xab,0xab,0xab,
    0x82,0x82,0x82,0x82,0x82,0xab,0x82,0xab,0x82,0x82,0x82,0x82,0x16,0x82,0x82,0x82,
    0xab,0xab,0xab,0xab,0xab,0xab,0xab,0xab,0x82,0x84,0x17,0xb0,0x18,0x19,0x19,0x19,
    0x89,0x19,0x19,0xb1,0x19,0x19,0x19,0x18,0x19,0x19,0x19,0x19,0x19,0x19,0x19,0x19,
    0x19,0x19,0x19,0x19,0xeb,0xe2,0x1d,0x4c,0x51,0x4c,0x5e,0x4c,0x4c,0x4b,0x4b,0x4b,
    0x4b,0x4b,0x4b,0x51,0x51,0x51,0x51,0x3d,0x3d,0x3d,0x4a,0x4a,0x4a,0x4a,0x5e,0xf8,
    0xeb,0x19,0x19,0x19,0x19,0x19,0x5e,0x4c,0x4c,0x4a,0x4a,0x4a,0x4a,0x4a,0x4c,0x4c,
    0x4c,0x4c,0x4c,0x4c,0x2a,0x2a,0x2a,0x2a,0x2a,0x2a,0x2a,0x5e,0x5e,0x5e,0x5e,0x19,
    0x19,0x19,0x19,0x19,0x19,0x19,0x19,0x19,0x19,0x19,0x19,0x19,0x19,0x19,0x19,0x19,
    0x19,0x19,0x19,0x19,0x19,0x19,0x19,0x19,0x19,0x19,0x19,0x19,0x19,0x19,0x19,0x19,
    0x19,0x19,0x19,0x19,0x19,0x19,0x19,0x19,0x19,0x19,0x19,0x19,0x19,0x19,0x19,0x19,
    0x19,0x19,0x19,0x19,0x19,0x19,0x19,0x19,0x19,0x19,0x19,0x19,0x19,0x19,0x19,0x19,
    0x19,0x19,0x19,0x19,0x19,0xba,0x74,0x4c,0x3d,0x4a,0x5e,0x4c,0x4c,0x4b,0x4b,0x4b,
    0x4b,0x4b,0x4b,0x51,0x51,0x51,0x3d,0x3d,0x3d,0x3d,0x4a,0x4a,0x4a,0x4a,0x5e,0xeb,
    0xeb,0x19,0x19,0x19,0x19,0x19,0x5e,0x4c,0x4c,0x4a,0x4a,0x4a,0x4a,0x4a,0x4c,0x4c,
    0x4c,0x4c,0x4c,0x4c,0x2a,0x2a,0x2a,0x2a,0x2a,0x2a,0x2a,0x5e,0x5e,0x5e,0x5e,0x19,
    0x19,0x19,0x19,0x19,0x19,0x19,0x19,0x19,0x19,0x19,0x19,0x19,0x19,0x19,0x19,0x19,
    0x19,0x19,0x19,0x19,0x19,0x19,0x19,0x19,0x19,0x19,0x19,0x19,0x19,0x19,0x19,0x19,
    0x19,0x19,0x19,0x19,0x19,0x19,0x19,0x19,0x19,0x19,0x19,0x19,0x19,0x19,0x19,0x19,
    0x19,0x19,0x19,0x19,0x19,0x19,0x19,0x19,0x19,0x19,0x19,0x19,0x19,0x19,0x19,0x19,
    0x19,0x19,0x19,0x19,0x19,0xea,0x75,0x3d,0x3d,0x4a,0x5e,0x4c,0x51,0x4b,0x4b,0x4b,
    0x4b,0x4b,0x51,0x51,0x51,0x3d,0x3d,0x3d,0x3d,0x3d,0x4a,0x4a,0x4a,0x4a,0x5e,0x21,
    0xeb,0x19,0x19,0x19,0x19,0x19,0x5e,0x4c,0x4c,0x4a,0x4a,0x4a,0x4a,0x4a,0x4c,0x4c,
    0x4c,0x4c,0x4c,0x4c,0x2a,0x2a,0x2a,0x2a,0x2a,0x2a,0x2a,0x5e,0x5e,0x5e,0x5e,0x19,
    0x19,0x19,0x19,0x19,0x19,0x19,0x19,0x19,0x19,0x19,0x19,0x19,0x19,0x19,0x19,0x19,
    0x19,0x19,0x19,0x19,0x19,0x19,0x19,0x19,0x19,0x19,0x19,0x19,0x19,0x19,0x19,0x19,
    0x19,0x19,0x19,0x19,0x19,0x19,0x19,0x19,0x19,0x19,0x19,0x19,0x19,0x19,0x19,0x19,
    0x19,0x19,0x19,0x19,0x19,0x19,0x19,0x19,0x19,0x19,0x19,0x19,0x19,0x19,0x19,0x19,
    0x19,0x19,0x19,0x19,0xeb,0xec,0x75,0x59,0x4c,0x4a,0x5e,0x3d,0x4b,0x4b,0x4b,0x4b,
    0x4b,0x51,0x51,0x51,0x51,0x3d,0x3d,0x3d,0x3d,0x4a,0x4a,0x4a,0x4a,0x4a,0x5e,0x19,
    0xeb,0x19,0x19,0x19,0x19,0x19,0x5e,0x4c,0x4c,0x4a,0x4a,0x4a,0x4a,0x4a,0x4c,0x4c,
    0x4c,0x4c,0x4c,0x4c,0x2a,0x2a,0x2a,0x2a,0x2a,0x2a,0x2a,0x5e,0x5e,0x5e,0x5e,0x19,
    0x19,0x19,0x19,0x19,0x19,0x19,0x19,0x19,0x19,0x19,0x19,0x19,0x19,0x19,0x19,0x19,
    0x19,0x19,0x19,0x19,0x19,0x19,0x19,0x19,0x19,0x19,0x19,0x19,0x19,0x19,0x19,0x19,
    0x19,0x19,0x19,0x19,0x19,0x19,0x19,0x19,0x19,0x19,0x19,0x19,0x19,0x19,0x19,0x19,
    0x19,0x19,0x19,0x19,0x19,0x19,0x19,0x19,0x19,0x19,0x19,0x19,0x19,0x19,0x19,0x19,
    0x19,0x19,0x19,0x19,0xeb,0xf2,0xa1,0x41,0x4c,0x4c,0x3d,0x4b,0x4b,0x4b,0x4b,0x51,
    0x51,0x51,0x51,0x3d,0x3d,0x3d,0x3d,0x3d,0x4a,0x4a,0x4a,0x4a,0x4a,0x4a,0x5e,0x5e,
    0x19,0x19,0x19,0x19,0x19,0x19,0x5e,0x4c,0x4c,0x4a,0x4a,0x4a,0x4a,0x4a,0x4c,0x4c,
    0x4c,0x4c,0x4c,0x4c,0x2a,0x2a,0x2a,0x2a,0x2a,0x2a,0x2a,0x5e,0x5e,0x5e,0x5e,0x19,
    0x19,0x19,0x19,0x19,0x19,0x19,0x19,0x19,0x19,0x19,0x19,0x19,0x19,0x19,0x19,0x19,
    0x19,0x19,0x19,0x19,0x19,0x19,0x19,0x19,0x19,0x19,0x19,0x19,0x19,0x19,0x19,0x19,
    0x19,0x19,0x19,0x19,0x19,0x19,0x19,0x19,0x19,0x19,0x19,0x19,0x19,0x19,0x19,0x19,
    0x19,0x19,0x19,0x19,0x19,0x19,0x19,0x19,0x19,0x19,0x19,0x19,0x19,0x19,0x19,0x19,
    0x19,0x19,0x19,0x19,0xeb,0xec,0xbd,0x37,0x4c,0x3d,0x51,0x51,0x51,0x51,0x51,0x51,
    0x51,0x3d,0x3d,0x3d,0x3d,0x3d,0x3d,0x3d,0x4a,0x4a,0x4a,0x4a,0x4a,0x84,0x5e,0x5e,
    0xeb,0x19,0x19,0x19,0x19,0x19,0x5e,0x4c,0x4c,0x4a,0x4a,0x4a,0x4a,0x4a,0x4c,0x4c,
    0x4c,0x4c,0x4c,0x4c,0x2a,0x2a,0x2a,0x2a,0x2a,0x2a,0x2a,0x5e,0x5e,0x5e,0x5e,0x19,
    0x19,0x19,0x19,0x19,0x19,0x19,0x19,0x19,0x19,0x19,0x19,0x19,0x19,0x19,0x19,0x19,
    0x19,0x19,0x19,0x19,0x19,0x19,0x19,0x19,0x19,0x19,0x19,0x19,0x19,0x19,0x19,0x19,
    0x19,0x19,0x19,0x19,0x19,0x19,0x19,0x19,0x19,0x19,0x19,0x19,0x19,0x19,0x19,0x19,
    0x19,0x19,0x19,0x19,0x19,0x19,0x19,0x19,0x19,0x19,0x19,0x19,0x19,0x19,0x19,0x19,
    0x19,0x19,0x19,0xeb,0xf0,0xe1,0xbc,0x08,0x76,0x76,0x0d,0x1e,0x1e,0x1e,0x1e,0x1e,
    0x1e,0x1e,0x3e,0x3e,0x3e,0x3f,0x3f,0x3f,0x7c,0x38,0x40,0x5a,0x43,0x29,0x5c,0xfe,
    0xf0,0x19,0x19,0x19,0x19,0x19,0x5e,0x4c,0x4c,0x4a,0x4a,0x4a,0x4a,0x4a,0x4c,0x4c,
    0x4c,0x4c,0x4c,0x4c,0x2a,0x2a,0x2a,0x2a,0x2a,0x2a,0x2a,0x5e,0x5e,0x5e,0x5e,0x19,
    0x19,0x19,0x19,0x19,0x19,0x19,0x19,0x19,0x19,0x19,0x19,0x19,0x19,0x19,0x19,0x19,
    0x19,0x19,0x19,0x19,0x19,0x19,0x19,0x19,0x19,0x19,0x19,0x19,0x19,0x19,0x19,0x19,
    0x19,0x19,0x19,0x19,0x19,0x19,0x19,0x19,0x19,0x19,0x19,0x19,0x19,0x19,0x19,0x19,
    0x19,0x19,0x19,0x19,0x19,0x19,0x19,0x19,0x19,0x19,0x19,0x19,0x19,0x19,0x19,0x19,
    0x19,0x19,0x19,0x19,0xe8,0xcd,0xd5,0xb6,0xd5,0xb6,0xdf,0xdf,0xb6,0xb6,0xdf,0xd7,
    0xd7,0xd7,0xd7,0xd7,0xc4,0xc4,0xd6,0xd7,0xd7,0x05,0x04,0x9c,0x76,0x0e,0x70,0xad,
    0xf0,0x19,0x19,0x19,0x19,0x19,0x5e,0x4c,0x4c,0x4a,0x4a,0x4a,0x4a,0x4a,0x4c,0x4c,
    0x4c,0x4c,0x4c,0x4c,0x2a,0x2a,0x2a,0x2a,0x2a,0x2a,0x2a,0x5e,0x5e,0x5e,0x5e,0x19,
    0x19,0x19,0x19,0x19,0x19,0x19,0x19,0x19,0x19,0x19,0x19,0x19,0x19,0x19,0x19,0x19,
    0x19,0x19,0x19,0x19,0x19,0x19,0x19,0x19,0x19,0x19,0x19,0x19,0x19,0x19,0x19,0x19,
    0x19,0x19,0x19,0x19,0x19,0x19,0x19,0x19,0x19,0x19,0x19,0x19,0x19,0x19,0x19,0x19,
    0x19,0x19,0x19,0x19,0x19,0x19,0x19,0x19,0x19,0x19,0x19,0x19,0x19,0x19,0x19,0x19,
    0x19,0x19,0x19,0x19,0xe5,0x9b,0x73,0xda,0xda,0x9c,0xd9,0xd8,0xd8,0xfa,0xd8,0xd9,
    0xd9,0xd8,0xd8,0xd8,0xfa,0xd9,0xd9,0xd9,0xd9,0x9b,0xd8,0x0a,0x0d,0x7a,0x6a,0x86,
    0xeb,0x19,0x19,0x19,0x19,0x19,0x5e,0x4c,0x4c,0x4a,0x4a,0x4a,0x4a,0x4c,0x4c,0x4c,
    0x4c,0x5e,0x5e,0x5e,0x5e,0x5e,0x5e,0x5e,0x5e,0x5e,0x5e,0x5e,0x5e,0x5e,0x19,0x19,
    0x19,0x19,0x19,0x19,0x19,0x19,0x19,0x19,0x19,0x19,0x19,0x19,0x19,0x19,0x19,0x19,
    0x19,0x19,0x19,0x19,0x19,0x19,0x19,0x19,0x19,0x19,0x19,0x19,0x19,0x19,0x19,0x19,
    0x19,0x19,0x19,0x19,0x19,0x19,0x19,0x19,0x19,0x19,0x19,0x19,0x19,0x19,0x19,0x19,
    0x19,0x19,0x19,0x19,0x19,0x19,0x19,0x19,0x19,0x19,0x19,0x19,0x19,0x19,0x19,0x19,
    0x19,0x19,0x19,0xf0,0xe7,0x7e,0x15,0x15,0x15,0x15,0x15,0x15,0xe4,0xa4,0x12,0x12,
    0x12,0x14,0xe4,0x13,0x7d,0x7d,0x13,0x15,0x7d,0x13,0x14,0x13,0x14,0x15,0x16,0xbb,
    0xeb,0x19,0x19,0x19,0x19,0x19,0x19,0x19,0x19,0xa2,0x79,0x7a,0xa5,0xa5,0x7c,0xa4,
    0x7b,0xa6,0x7d,0xa6,0x7d,0xa7,0xa7,0x14,0x14,0x14,0x14,0x19,0x19,0x19,0x19,0x19,
    0x19,0x19,0x19,0x19,0x19,0x19,0x19,0x19,0x19,0x19,0x19,0x19,0x19,0x19,0x19,0x19,
    0x19,0x19,0x19,0x19,0x19,0x19,0x19,0x19,0x19,0x19,0x19,0x19,0x19,0x19,0x19,0x19,
    0x19,0x19,0x19,0x19,0x19,0x19,0x19,0x19,0x19,0x19,0x19,0x19,0x19,0x19,0x19,0x19,
    0x19,0x19,0x19,0x19,0x19,0x19,0x19,0x19,0x19,0x19,0x19,0x19,0x19,0x19,0x19,0x19,
    0x19,0x19,0x19,0xf0,0xa4,0x7a,0x11,0x12,0x12,0x12,0x12,0xa6,0xa6,0xa6,0xa6,0x12,
    0x12,0x12,0x12,0x7c,0x7c,0x10,0x11,0x11,0x13,0xe7,0xe8,0xeb,0xeb,0xeb,0xeb,0xeb,
    0xf0,0x19,0x19,0x19,0x19,0x19,0x19,0x19,0x19,0xa2,0xa3,0xa3,0x7a,0x10,0xa5,0xa4,
    0xa4,0x12,0xa6,0xa6,0xa6,0xa7,0x7e,0x7e,0x14,0x14,0x14,0x19,0x19,0x19,0x19,0x19,
    0x19,0x19,0x19,0x19,0x19,0x19,0x19,0x19,0x19,0x19,0x19,0x19,0x19,0x19,0x19,0x19,
    0x19,0x19,0x19,0x19,0x19,0x19,0x19,0x19,0x19,0x19,0x19,0x19,0x19,0x19,0x19,0x19,
    0x19,0x19,0x19,0x19,0x19,0x19,0x19,0x19,0x19,0x19,0x19,0x19,0x19,0x19,0x19,0x19,
    0x19,0x19,0x19,0x19,0x19,0x19,0x19,0x19,0x19,0x19,0x19,0x19,0x19,0x19,0x19,0x19,
    0x19,0x19,0xeb,0xf0,0x16,0xe6,0xe6,0xab,0xab,0x15,0xab,0xab,0xe6,0xe6,0x82,0x17,
    0x18,0x18,0x18,0xcc,0xcc,0xd2,0xcc,0xe7,0xe8,0xb1,0x19,0x19,0x19,0x19,0x19,0x19,
    0x19,0x19,0x19,0x19,0x19,0x19,0x19,0x19,0x19,0xa2,0x79,0x7a,0xa5,0xa5,0x7c,0xa4,
    0x7b,0xa6,0x7d,0xa6,0x7d,0xa7,0xa7,0x14,0x14,0x14,0x14,0x19,0x19,0x19,0x19,0x19,
    0x19,0x19,0x19,0x19,0x19,0x19,0x19,0x19,0x19,0x19,0x19,0x19,0x19,0x19,0x19,0x19,
    0x19,0x19,0x19,0x19,0x19,0x19,0x19,0x19,0x19,0x19,0x19,0x19,0x19,0x19,0x19,0x19,
    0x19,0x19,0x19,0x19,0x19,0x19,0x19,0x19,0x19,0x19,0x19,0x19,0x19,0x19,0x19,0x19,
    0x19,0x19,0x19,0x19,0x19,0x19,0x19,0x19,0x19,0x19,0x19,0x19,0x19,0x19,0x19,0x19,
    0x19,0x19,0x19,0x19,0x19,0x19,0x19,0x19,0x19,0x19,0x19,0x19,0x19,0x19,0x19,0x19,
    0x19,0x19,0x19,0x19,0x19,0x19,0x19,0x19,0x19,0x19,0x19,0x19,0x19,0x19,0x19,0x19,
    0x19,0x19,0x19,0x19,0x19,0x19,0x19,0x19,0x19,0x19,0x19,0x19,0x19,0x19,0x19,0x19,
    0x19,0x19,0x19,0x19,0x19,0x19,0x19,0x19,0x19,0x19,0x19,0x19,0x19,0x19,0x19,0x19,
    0x85,0x85,0x85,0x85,0x85,0x85,0x85,0x85,0x85,0x85,0x85,0x85,0x85,0x85,0x85,0x92,
    0x93,0x93,0x93,0x93,0x93,0x93,0x93,0x93,0x93,0x93,0x93,0x93,0x93,0x93,0x93,0x93,
    0x93,0x93,0x93,0x93,0x93,0x93,0x93,0x93,0x93,0x93,0x93,0x93,0x93,0x93,0x93,0x93,
    0x93,0x93,0x93,0x93,0x93,0x93,0x93,0x93,0x93,0x93,0x93,0x93,0x93,0x85,0x0a,0x09,
    0x09,0x08,0x08,0x06,0x06,0x06,0x06,0x08,0x09,0x85,0x92,0x92,0x92,0x92,0x92,0x92,
    0x92,0x92,0x92,0x92,0x92,0x92,0x92,0x92,0x92,0x92,0x92,0x92,0x92,0x92,0x92,0x92,
    0x92,0x92,0x92,0x92,0x92,0x92,0x92,0x92,0x92,0x92,0x92,0x92,0x92,0x92,0x92,0x92,
    0x92,0x92,0x92,0x92,0x92,0x92,0x92,0x92,0x92,0x92,0x92,0x0e,0x92,0x92,0x85,0x92,
    0x7b,0x7b,0xcd,0xcd,0x93,0x93,0xd4,0xd4,0x80,0x80,0xe2,0x8d,0x8b,0x7a,0x85,0x92,
    0x93,0x77,0xe2,0xe2,0xe2,0xe2,0xe2,0xe2,0xe2,0xe1,0xe1,0xe1,0xe1,0xe1,0xe1,0xe1,
    0xe1,0xe1,0xe1,0xe1,0xe1,0xe1,0xe1,0xe1,0xe1,0xe1,0xe1,0xe1,0xe1,0xe1,0xe1,0xe1,
    0xe1,0xe1,0xe1,0xe1,0xe1,0xe1,0xe1,0xe1,0xe1,0xe1,0xe1,0xe1,0x93,0x85,0x0a,0x09,
    0x09,0x08,0x08,0x06,0x06,0x06,0x06,0x08,0x09,0x85,0x92,0xeb,0xeb,0xeb,0xeb,0xeb,
    0xeb,0xeb,0xeb,0xeb,0xeb,0xeb,0xeb,0xeb,0xeb,0xeb,0xeb,0xeb,0xeb,0xeb,0xeb,0xeb,
    0xeb,0xeb,0xeb,0xeb,0xeb,0xeb,0xeb,0xeb,0xeb,0xeb,0xeb,0xeb,0xeb,0xeb,0xeb,0xeb,
    0xeb,0xeb,0xeb,0xeb,0xeb,0xeb,0xeb,0xeb,0xeb,0xeb,0x92,0x0e,0x92,0xeb,0x85,0x92,
    0x7b,0x7b,0xcd,0xcd,0x93,0x93,0xd4,0xd4,0x80,0x80,0xe2,0x8d,0x8b,0x7a,0x85,0x92,
    0x93,0x77,0x7a,0xe0,0xe0,0xe0,0xe0,0xe0,0xe0,0xe0,0xe0,0xe0,0xe0,0xe0,0xe0,0xe0,
    0xe0,0xe0,0xe0,0xe0,0xe0,0xe0,0xe0,0xe0,0xe0,0xe0,0xe0,0xe0,0xe0,0xe0,0xe0,0xe0,
    0xe0,0xe0,0xe0,0xe0,0xe0,0xe0,0xe0,0xe0,0xe0,0xe0,0xe0,0xe1,0x93,0x85,0x0a,0x09,
    0x09,0x08,0x08,0x06,0x06,0x06,0x06,0x08,0x09,0x85,0x92,0xeb,0x0e,0x0e,0x0e,0x0e,
    0x0e,0x0e,0x0e,0x0d,0x0d,0x0d,0x0d,0x0d,0x0d,0x0d,0x0d,0x0d,0x0d,0x0d,0x0d,0x0d,
    0x0d,0x0d,0x0d,0x0d,0x0d,0x0d,0x0d,0x0d,0x0d,0x0d,0x0d,0x0d,0x0d,0x0d,0x0d,0x0d,
    0x0d,0x0d,0x0d,0x0d,0x0d,0x0d,0x0d,0x0e,0x0e,0xeb,0x92,0x0e,0x92,0xeb,0x85,0x92,
    0x7b,0x7b,0xcd,0xcd,0x93,0x93,0xd4,0xd4,0x80,0x80,0xe2,0x8d,0x8b,0x7a,0x85,0x92,
    0x93,0x77,0x7a,0xe0,0xe0,0xe1,0xe1,0xe1,0xe1,0xe1,0xe1,0xe1,0xe1,0xe1,0xe1,0xe1,
    0xe1,0xe1,0xe1,0xe1,0xe1,0xe1,0xe1,0xe0,0xe0,0xe0,0xe0,0xe0,0xe0,0xe0,0xe0,0xe0,
    0xe0,0xe0,0xe0,0xe0,0xe0,0xe0,0xe0,0xe0,0xe0,0xe0,0xe0,0xe1,0x93,0x85,0x0a,0x09,
    0x09,0x08,0x08,0x06,0x06,0x06,0x06,0x08,0x09,0x85,0x92,0xeb,0x0e,0x0e,0x0e,0x0d,
    0x0d,0x0d,0x0d,0x0d,0x0d,0x0d,0x0d,0x0d,0x0d,0x0d,0x0d,0x0d,0x0d,0x92,0x92,0x92,
    0x92,0x92,0x92,0x92,0x92,0x92,0x92,0x92,0x92,0x92,0x92,0x92,0x92,0x92,0x92,0x92,
    0x92,0x92,0x92,0x0d,0x0e,0x0e,0x0e,0x0e,0x0e,0xeb,0x92,0x0e,0x92,0xeb,0x85,0x92,
    0x7b,0x7b,0xcd,0xcd,0x93,0x93,0xd4,0xd4,0x80,0x80,0xe2,0x8d,0x8b,0x7a,0x85,0x92,
    0x93,0x77,0x7a,0xe0,0xe1,0xe1,0xe1,0xe1,0xe1,0xe1,0xe1,0xe1,0xe1,0xe1,0xe1,0xe1,
    0xe1,0xe1,0xe1,0xe1,0xe1,0xe1,0xe1,0xe1,0xe1,0xe1,0xe1,0xe0,0xe0,0xe0,0xe0,0xe0,
    0xe0,0xe0,0xe0,0xe0,0xe0,0xe0,0xe0,0xe0,0xe0,0xe0,0xe0,0xe1,0x93,0x85,0x0a,0x09,
    0x09,0x08,0x08,0x06,0x06,0x06,0x06,0x08,0x09,0x85,0x92,0xeb,0x0d,0x0d,0x0d,0x0d,
    0x0d,0x0d,0x0d,0x0d,0x0d,0x0d,0x0d,0x0d,0x0d,0x92,0x92,0x92,0x92,0x92,0x92,0x92,
    0x92,0x92,0x92,0x92,0x92,0x92,0x92,0x92,0x92,0x92,0x92,0x92,0x92,0x92,0x92,0x92,
    0x92,0x92,0x0d,0x0d,0x0d,0x0d,0x0d,0x0d,0x0d,0xeb,0x92,0x0e,0x92,0xeb,0x85,0x92,
    0x7b,0x7b,0x0c,0x0c,0x0c,0x0b,0x6b,0x6b,0x6b,0x80,0xe2,0x8d,0x8b,0x7a,0x85,0x92,
    0x93,0x77,0x8d,0xe0,0xe1,0xe1,0xe2,0xe2,0xe2,0xe2,0xe2,0xe1,0xe1,0xe1,0xe1,0xe1,
    0xe1,0xe1,0xe1,0xe1,0xe1,0xe1,0xe1,0xe1,0xe1,0xe1,0xe1,0xe1,0xe1,0xe1,0xe1,0xe1,
    0xe1,0xe1,0xe0,0xe0,0xe0,0xe0,0xe0,0xe0,0xe0,0xe0,0xe0,0xe1,0x93,0x85,0x0a,0x09,
    0x09,0x08,0x08,0x06,0x06,0x06,0x06,0x08,0x09,0x85,0x92,0xeb,0x0d,0x0d,0x0d,0x0d,
    0x0d,0x92,0x92,0x92,0x92,0x92,0x92,0x92,0x92,0x92,0x92,0x92,0x92,0x92,0x92,0x92,
    0x92,0x92,0x92,0x92,0x92,0x92,0x92,0x92,0x92,0x92,0x92,0x92,0x92,0x92,0x92,0x92,
    0x92,0x92,0x92,0x92,0x92,0x92,0x92,0x0d,0x0d,0xeb,0x92,0x0e,0x92,0xeb,0x85,0x92,
    0x7b,0x7b,0x0c,0x6a,0x6b,0x69,0x68,0x68,0x69,0x80,0xe2,0x8d,0x8b,0x7a,0x85,0x92,
    0x93,0x77,0x8d,0xe0,0xe1,0xe1,0xe1,0xe1,0xe1,0xe1,0x6a,0x6a,0x6a,0x6a,0x6a,0x6a,
    0x6a,0x6a,0x6a,0x6a,0x6a,0x6a,0x6a,0x6a,0x6a,0x6a,0x6a,0x6a,0x6a,0x6a,0x6a,0x6a,
    0x6a,0x6a,0x6a,0xe0,0xe0,0xe0,0xe0,0xe0,0xe0,0xe0,0xe0,0xe1,0x93,0x85,0x0a,0x09,
    0x09,0x08,0x08,0x06,0x06,0x06,0x06,0x08,0x09,0x85,0x92,0xeb,0x0e,0x0e,0x0e,0x0e,
    0x0d,0x0d,0x0d,0x0d,0x92,0x92,0x92,0x92,0x92,0x92,0x92,0x92,0x92,0x92,0x92,0x92,
    0x92,0x92,0x92,0x92,0x92,0x92,0x92,0x92,0x92,0x92,0x92,0x92,0x92,0x92,0x92,0x92,
    0x92,0x92,0x92,0x92,0x92,0x92,0x92,0x0d,0x0d,0xeb,0x92,0x0e,0x92,0xeb,0x85,0x92,
    0x7b,0x7b,0x0c,0x6a,0x6b,0x69,0x68,0x68,0x69,0x80,0xe2,0x8d,0x8b,0x7a,0x85,0x92,
    0x93,0x77,0x8d,0xe0,0xe1,0xe1,0xe2,0xe2,0xe2,0xe1,0x04,0x04,0x04,0x04,0x04,0x04,
    0x04,0x04,0x04,0x04,0x05,0x05,0x05,0x05,0x05,0x05,0x05,0x05,0x67,0x67,0x07,0x07,
    0x07,0x07,0x6a,0xe1,0xe1,0xe1,0xe1,0xe0,0xe0,0xe0,0xe0,0xe1,0x93,0x85,0x0a,0x09,
    0x09,0x08,0x08,0x06,0x06,0x06,0x06,0x08,0x09,0x85,0x92,0xeb,0x0e,0x0e,0x0d,0x0d,
    0x0d,0x92,0x92,0x92,0x92,0x92,0x92,0x92,0x92,0x92,0x92,0x92,0x92,0x92,0x92,0x92,
    0x92,0x92,0x92,0x92,0x92,0x92,0x92,0x92,0x92,0x92,0x92,0x92,0x92,0x92,0x92,0x92,
    0x0d,0x0d,0x0d,0x0d,0x0d,0x0d,0x0e,0x0e,0x0e,0xeb,0x92,0x0e,0x92,0xeb,0x85,0x92,
    0x7b,0x7b,0x0c,0x6a,0x6b,0x69,0x68,0x68,0x69,0x80,0xe2,0x8d,0x8b,0x7a,0x85,0x92,
    0x93,0x77,0x8d,0xe0,0xe1,0xe2,0xe2,0xe2,0xe1,0xe1,0x04,0x05,0x6a,0x07,0x07,0x6a,
    0x67,0x07,0x05,0x05,0x05,0x05,0x4f,0x4f,0x07,0x67,0x67,0x67,0x67,0x67,0x67,0x07,
    0x07,0x07,0x6a,0xe1,0xe1,0xe0,0xe0,0xe0,0xe0,0xe0,0xe0,0xe1,0x93,0x85,0x0a,0x09,
    0x09,0x08,0x08,0x06,0x06,0x06,0x06,0x08,0x09,0x85,0x92,0xeb,0x0d,0x0d,0x92,0x92,
    0x92,0x92,0x92,0x92,0x92,0x92,0x92,0x92,0x92,0x92,0x92,0x92,0x92,0x92,0x92,0x92,
    0x92,0x92,0x92,0x92,0x92,0x92,0x92,0x92,0x92,0x92,0x92,0x92,0x92,0x92,0x92,0x92,
    0x92,0x92,0x92,0x92,0x0d,0x0d,0x0d,0x0e,0x0e,0xeb,0x92,0x0e,0x92,0xeb,0x85,0x92,
    0x7b,0x7b,0x0c,0x6a,0x6b,0x69,0x68,0x68,0x69,0x80,0xe2,0x8d,0x8b,0x7a,0x85,0x92,
    0x93,0x77,0x8d,0xe0,0xe0,0xe1,0xe1,0xe1,0xe1,0xe1,0x03,0x04,0x6a,0x6a,0x07,0x4f,
    0x67,0x6a,0x67,0x67,0x6a,0x05,0x6a,0x6a,0x6a,0x67,0x07,0x4f,0x6a,0x6a,0x6a,0x4f,
    0x67,0x07,0x6a,0xe1,0xe1,0xe1,0xe1,0xe1,0xe1,0xe0,0xe0,0xe1,0x93,0x85,0x0a,0x09,
    0x09,0x08,0x08,0x06,0x06,0x06,0x06,0x08,0x09,0x85,0x92,0xeb,0x0d,0x0d,0x92,0x92,
    0x92,0x92,0x92,0x92,0x92,0x92,0x92,0x92,0x92,0x92,0x92,0x92,0x92,0x92,0x92,0x92,
    0x92,0x92,0x92,0x92,0x92,0x92,0x92,0x92,0x92,0x92,0x92,0x92,0x92,0x92,0x92,0x92,
    0x92,0x92,0x92,0x92,0x92,0x92,0x92,0x0d,0x0d,0xeb,0x92,0x0e,0x92,0xeb,0x85,0x92,
    0x7b,0x7b,0x0c,0x6a,0x6b,0x69,0x68,0x68,0x69,0x80,0xe2,0x8d,0x8b,0x7a,0x85,0x92,
    0x93,0x77,0x8d,0xe0,0xe1,0xe1,0xe2,0xe2,0xe2,0xe1,0x03,0x04,0x6a,0x6a,0x4f,0x6a,
    0x4f,0x6a,0x6a,0x4f,0x67,0x05,0xea,0xea,0x6a,0x6a,0xea,0x6a,0xea,0x6a,0xea,0x07,
    0x67,0x07,0x6a,0xe1,0xe1,0xe1,0xe1,0xe0,0xe0,0xe0,0xe0,0xe1,0x93,0x85,0x0a,0x09,
    0x09,0x08,0x08,0x06,0x06,0x06,0x06,0x08,0x09,0x85,0x92,0xeb,0x0d,0x0d,0x92,0x92,
    0x92,0x92,0x92,0x92,0x92,0x92,0x92,0x92,0x92,0x92,0x92,0x92,0x92,0x92,0x92,0x92,
    0x92,0x92,0x92,0x92,0x92,0x92,0x92,0x92,0x92,0x92,0x92,0x92,0x92,0x92,0x92,0x92,
    0x92,0x92,0x92,0x92,0x92,0x92,0x92,0x0d,0x0d,0xeb,0x92,0x0e,0x92,0xeb,0x85,0x92,
    0x7b,0x7b,0x0c,0x6a,0x6b,0x69,0x68,0x68,0x69,0x80,0xe2,0x8d,0x8b,0x7a,0x85,0x92,
    0x93,0x77,0x8d,0xe0,0xe1,0xe2,0xe2,0xe2,0xe2,0xe1,0x03,0x04,0x6a,0x6a,0xea,0x6a,
    0x4f,0x6a,0x6a,0x4f,0x67,0x05,0xea,0xea,0x6a,0x6a,0xea,0xea,0x4f,0x6a,0x6a,0x07,
    0x67,0x67,0x6a,0xe1,0xe0,0xe0,0xe0,0xe0,0xe0,0xe0,0xe0,0xe2,0x93,0x85,0x0a,0x09,
    0x09,0x08,0x08,0x06,0x06,0x06,0x06,0x08,0x09,0x85,0x92,0xeb,0x0d,0x0d,0x92,0x92,
    0x92,0x92,0x92,0x92,0x92,0x92,0x92,0x92,0x92,0x92,0x92,0x92,0x92,0x92,0x92,0x92,
    0x92,0x92,0x92,0x92,0x92,0x92,0x92,0x92,0x92,0x92,0x92,0x92,0x92,0x92,0x92,0x92,
    0x92,0x92,0x92,0x92,0x92,0x92,0x92,0x0d,0x0d,0xeb,0x92,0x0e,0x92,0xeb,0x85,0x92,
    0x7b,0x7b,0x0c,0x6a,0x6b,0x69,0x68,0x68,0x69,0x80,0xe2,0x8d,0x8b,0x7a,0x85,0x92,
    0x93,0x77,0x8d,0xe0,0xe1,0xe2,0xe2,0xe2,0xe2,0xe1,0x03,0x03,0x04,0x03,0x03,0x05,
    0x05,0x67,0x67,0x6a,0x67,0x04,0x05,0x07,0x07,0x6a,0x07,0x07,0x67,0x67,0x67,0x67,
    0x67,0x67,0xe0,0xe1,0xe1,0xe1,0xe1,0xe1,0xe1,0xe1,0xe0,0xe2,0x93,0x85,0x0a,0x09,
    0x09,0x08,0x08,0x06,0x06,0x06,0x06,0x08,0x09,0x85,0x92,0xeb,0x0d,0x0d,0x0d,0x92,
    0x92,0x92,0x92,0x92,0x92,0x92,0x92,0x92,0x92,0x92,0x92,0x92,0x92,0x92,0x92,0x92,
    0x92,0x92,0x92,0x92,0x92,0x92,0x92,0x92,0x92,0x92,0x92,0x92,0x92,0x92,0x92,0x92,
    0x92,0x92,0x92,0x92,0x92,0x92,0x92,0x0d,0x0d,0xeb,0x92,0x0e,0x92,0xeb,0x85,0x92,
    0x7b,0x7b,0x0c,0x6a,0x6b,0x69,0x68,0x68,0x69,0x80,0xe2,0x8d,0x8b,0x7a,0x85,0x92,
    0x93,0x77,0x8d,0xe0,0xe1,0xe2,0xe2,0xe2,0xe2,0xe1,0x02,0x03,0x03,0x03,0x03,0x03,
    0x03,0x03,0x03,0x03,0x03,0x03,0x03,0x04,0x05,0x05,0x05,0x05,0x05,0x05,0x05,0x05,
    0x05,0x05,0xe0,0xe1,0xe2,0xe1,0xe1,0xe1,0xe0,0xe0,0xe0,0xe2,0x93,0x85,0x0a,0x09,
    0x09,0x08,0x08,0x06,0x06,0x06,0x06,0x08,0x09,0x85,0x92,0xeb,0x0e,0x0e,0x0d,0x92,
    0x92,0x92,0x92,0x92,0x92,0x92,0x92,0x92,0x92,0x92,0x92,0x92,0x92,0x92,0x92,0x92,
    0x92,0x92,0x92,0x92,0x92,0x92,0x92,0x92,0x92,0x92,0x92,0x92,0x92,0x92,0x92,0x92,
    0x92,0x92,0x92,0x92,0x92,0x92,0x92,0x92,0x0d,0xeb,0x92,0x0e,0x92,0xeb,0x85,0x92,
    0x7b,0x7b,0x0c,0x6a,0x6b,0x69,0x68,0x68,0x69,0x80,0xe2,0x8d,0x8b,0x7a,0x85,0x92,
    0x93,0x77,0x8d,0xe1,0xe1,0xe1,0xe1,0xe1,0xe2,0xe1,0x02,0x03,0x05,0x6a,0x4f,0x07,
    0x67,0x6a,0x4f,0x67,0x03,0x4f,0x4f,0x07,0x4f,0x67,0x67,0x4f,0x6a,0x07,0x05,0x05,
    0x05,0x05,0xe0,0xe1,0xe2,0xe1,0xe1,0xe1,0xe1,0xe0,0xe0,0xe2,0x93,0x85,0x0a,0x09,
    0x09,0x08,0x08,0x06,0x06,0x06,0x06,0x08,0x09,0x85,0x92,0xeb,0x0e,0x0e,0x0d,0x0d,
    0x0d,0x0d,0x92,0x92,0x92,0x92,0x92,0x92,0x92,0x92,0x92,0x92,0x92,0x92,0x92,0x92,
    0x92,0x92,0x92,0x92,0x92,0x92,0x92,0x92,0x92,0x92,0x92,0x92,0x92,0x92,0x92,0x92,
    0x92,0x92,0x92,0x92,0x92,0x92,0x92,0x92,0x0d,0xeb,0x92,0x0e,0x92,0xeb,0x85,0x92,
    0x7b,0x7b,0x0c,0x6a,0x6b,0x69,0x68,0x68,0x69,0x80,0xe2,0x8d,0x8b,0x7a,0x85,0x92,
    0x93,0x77,0x8d,0xe1,0xe2,0xe2,0xe2,0xe2,0xe2,0xe1,0x02,0x03,0x04,0xea,0xea,0x6a,
    0xea,0xea,0x6a,0x4f,0x03,0x6a,0x6a,0x6a,0x6a,0x6a,0x6a,0x6a,0x4f,0x07,0x67,0x05,
    0x05,0x05,0xe0,0xe2,0xe1,0xe1,0xe1,0xe1,0xe1,0xe1,0xe1,0x7a,0x93,0x85,0x0a,0x09,
    0x09,0x08,0x08,0x06,0x06,0x06,0x06,0x08,0x09,0x85,0x92,0xeb,0x0d,0x0d,0x0d,0x0d,
    0x0d,0x0d,0x0d,0x0d,0x0d,0x92,0x92,0x92,0x0d,0x0d,0x0d,0x92,0x92,0x92,0x92,0x92,
    0x92,0x92,0x92,0x92,0x92,0x92,0x92,0x92,0x92,0x92,0x92,0x92,0x92,0x92,0x92,0x92,
    0x92,0x92,0x92,0x92,0x92,0x92,0x92,0x0d,0x0d,0xeb,0x92,0x0e,0x92,0xeb,0x85,0x92,
    0x7b,0x7b,0x0c,0x6a,0x6b,0x69,0x68,0x68,0x69,0x80,0xe2,0x8d,0x8b,0x7a,0x85,0x92,
    0x93,0x77,0x8d,0xe1,0xe2,0x7a,0x7a,0x7a,0x7a,0xe2,0x02,0x02,0x03,0x04,0x67,0x67,
    0x67,0x67,0x05,0x03,0x03,0x4f,0x07,0x67,0x05,0x05,0x05,0x4f,0x67,0x67,0x05,0x04,
    0x04,0x04,0xe0,0xe1,0xe1,0xe1,0xe1,0xe1,0xe1,0xe1,0xe1,0x7a,0x93,0x85,0x0a,0x09,
    0x09,0x08,0x08,0x06,0x06,0x06,0x06,0x08,0x09,0x85,0x92,0xeb,0x0d,0x0d,0x0d,0x0d,
    0x0d,0x92,0x92,0x92,0x92,0x92,0x92,0x92,0x92,0x92,0x92,0x92,0x92,0x92,0x92,0x92,
    0x92,0x92,0x92,0x92,0x92,0x92,0x92,0x92,0x92,0x92,0x92,0x92,0x92,0x92,0x0d,0x92,
    0x92,0x92,0x0d,0x0d,0x0d,0x0d,0x0d,0x0d,0x0d,0xeb,0x92,0x0e,0x92,0xeb,0x85,0x92,
    0x7b,0x7b,0x0c,0x6a,0x6b,0x69,0x68,0x68,0x69,0x80,0xe2,0x8d,0x8b,0x7a,0x85,0x92,
    0x93,0x77,0x8d,0xe1,0xe2,0xe2,0x7a,0x7a,0x7a,0xe2,0x02,0x02,0x02,0x03,0x03,0x03,
    0x03,0x03,0x03,0x03,0x03,0x03,0x03,0x03,0x03,0x03,0x03,0x03,0x03,0x03,0x03,0x03,
    0x03,0x03,0xe0,0xe2,0xe2,0xe1,0xe1,0xe1,0xe1,0xe1,0xe1,0x7a,0x93,0x85,0x0a,0x09,
    0x09,0x08,0x08,0x06,0x06,0x06,0x06,0x08,0x09,0x85,0x92,0xeb,0x0d,0x0d,0x0d,0x0d,
    0x92,0x92,0x92,0x92,0x92,0x92,0x92,0x92,0x92,0x92,0x92,0x92,0x92,0x92,0x92,0x92,
    0x92,0x92,0x92,0x92,0x92,0x92,0x92,0x92,0x92,0x92,0x92,0x92,0x92,0x92,0x92,0x92,
    0x92,0x92,0x92,0x92,0x92,0x92,0x0d,0x0d,0x0e,0xeb,0x92,0x0e,0x92,0xeb,0x85,0x92,
    0x7b,0x7b,0x0c,0x6a,0x6b,0x69,0x68,0x68,0x69,0x80,0xe2,0x8d,0x8b,0x7a,0x85,0x92,
    0x93,0x77,0x8d,0xe1,0xe2,0x7a,0x7a,0x7a,0x7a,0xe2,0xe2,0xe2,0xe2,0xe2,0xe2,0xe2,
    0xe2,0xe2,0xe2,0xe2,0xe2,0xe2,0xe2,0xe2,0xe1,0xe1,0xe1,0xe1,0xe1,0xe1,0xe1,0xe1,
    0xe1,0xe1,0xe1,0xe2,0xe2,0xe2,0xe2,0xe2,0xe1,0xe1,0xe1,0x7a,0x93,0x85,0x0a,0x09,
    0x09,0x08,0x08,0x06,0x06,0x06,0x06,0x08,0x09,0x85,0x92,0xeb,0x0d,0x0d,0x0d,0x92,
    0x92,0x92,0x92,0x92,0x92,0x92,0x92,0x92,0x92,0x92,0x92,0x92,0x92,0x92,0x92,0x92,
    0x92,0x92,0x92,0x92,0x92,0x92,0x92,0x92,0x92,0x92,0x92,0x92,0x92,0x92,0x92,0x92,
    0x92,0x92,0x92,0x92,0x92,0x92,0x0d,0x0e,0x0e,0xeb,0x92,0x0e,0x92,0xeb,0x85,0x92,
    0x7b,0x7b,0x0c,0x6a,0x6b,0x69,0x68,0x68,0x69,0x80,0xe2,0x8d,0x8b,0x7a,0x85,0x92,
    0x93,0x77,0x8d,0xe1,0x7a,0x7a,0x7a,0x7a,0x7a,0x7a,0x7a,0x7a,0x7a,0x7a,0x7a,0x7a,
    0x7a,0x7a,0x7a,0x7a,0x7a,0x7a,0x7a,0x7a,0xe2,0xe2,0xe2,0xe2,0xe2,0xe2,0xe2,0xe2,
    0xe2,0xe2,0xe2,0xe2,0xe2,0xe2,0xe2,0xe2,0xe2,0xe1,0xe1,0x7a,0x93,0x85,0x0a,0x09,
    0x09,0x08,0x08,0x06,0x06,0x06,0x06,0x08,0x09,0x85,0x92,0xeb,0x0d,0x0d,0x0d,0x0d,
    0x0d,0x0d,0x92,0x92,0x92,0x92,0x92,0x92,0x92,0x92,0x92,0x92,0x92,0x92,0x92,0x92,
    0x92,0x92,0x92,0x92,0x92,0x92,0x92,0x92,0x92,0x92,0x92,0x92,0x92,0x92,0x92,0x92,
    0x92,0x92,0x92,0x92,0x92,0x92,0x92,0x0d,0x0e,0xeb,0x92,0x0e,0x92,0xeb,0x85,0x92,
    0x7b,0x7b,0x0c,0x6a,0x6b,0x69,0x68,0x68,0x69,0x80,0xe2,0x8d,0x8b,0x7a,0x85,0x92,
    0x93,0x77,0x8d,0xe1,0x7a,0x7a,0x7a,0x7a,0x7a,0x7a,0x7a,0x7a,0x7a,0x7a,0x7a,0x7a,
    0x7a,0x7a,0x7a,0x7a,0x7a,0x7a,0x7a,0x7a,0x7a,0x7a,0x7a,0x7a,0xe2,0xe2,0xe2,0xe2,
    0xe2,0xe2,0xe2,0xe1,0xe1,0xe1,0xe1,0xe1,0xe1,0xe1,0xe1,0x7a,0x93,0x85,0x0a,0x09,
    0x09,0x08,0x08,0x06,0x06,0x06,0x06,0x08,0x09,0x85,0x92,0xeb,0x0e,0x0d,0x92,0x92,
    0x92,0x92,0x92,0x92,0x92,0x92,0x92,0x92,0x92,0x92,0x92,0x92,0x92,0x92,0x92,0x92,
    0x92,0x92,0x92,0x92,0x92,0x92,0x92,0x92,0x92,0x92,0x92,0x92,0x92,0x92,0x92,0x92,
    0x92,0x92,0x92,0x0d,0x0d,0x0d,0x0d,0x0d,0x0d,0xeb,0x92,0x0e,0x92,0xeb,0x85,0x92,
    0x7b,0x7b,0x0c,0x6a,0x6b,0x69,0x68,0x68,0x69,0x80,0xe2,0x8d,0x8b,0x7a,0x85,0x92,
    0x93,0x77,0x8d,0xe1,0xe2,0xe2,0x7a,0x7a,0x7a,0x7a,0x7a,0x7a,0x7a,0x7a,0x7a,0x7a,
    0x7a,0x7a,0x7a,0x7a,0x7a,0x7a,0x7a,0x7a,0x7a,0x7a,0x7a,0x7a,0x7a,0x7a,0xe2,0xe2,
    0xe2,0xe2,0xe2,0xe2,0xe2,0xe2,0xe2,0xe2,0xe0,0xe0,0xe0,0x7a,0x93,0x85,0x0a,0x09,
    0x09,0x08,0x08,0x06,0x06,0x06,0x06,0x08,0x09,0x85,0x92,0xeb,0x0e,0x0e,0x0e,0x0d,
    0x92,0x92,0x92,0x92,0x92,0x92,0x92,0x92,0x92,0x92,0x92,0x92,0x92,0x92,0x92,0x92,
    0x92,0x92,0x92,0x92,0x92,0x92,0x92,0x92,0x92,0x92,0x92,0x92,0x92,0x92,0x92,0x92,
    0x92,0x92,0x0d,0x0d,0x0d,0x0d,0x0d,0x0e,0x0e,0xeb,0x92,0x0e,0x92,0xeb,0x85,0x92,
    0x7b,0x7b,0x0c,0x0b,0x0b,0x0b,0x6a,0x6b,0x6b,0x80,0xe2,0x8d,0x8b,0x7a,0x85,0x92,
    0x93,0x77,0x8d,0xe1,0x7a,0x7a,0x7a,0x7a,0x7a,0x7a,0x7a,0x7a,0x7a,0x7a,0x7a,0x7a,
    0x7a,0x7a,0x7a,0x7a,0x7a,0x7a,0x7a,0x7a,0x7a,0x7a,0x7a,0x7a,0x7a,0x7a,0x7a,0x7a,
    0x7a,0xe2,0xe2,0xe2,0xe2,0xe2,0xe2,0xe2,0xe2,0xe1,0xe0,0x8d,0x93,0x85,0x0a,0x09,
    0x09,0x08,0x08,0x06,0x06,0x06,0x06,0x08,0x09,0x85,0x92,0xeb,0x0d,0x0d,0x92,0x92,
    0x92,0x92,0x92,0x92,0x92,0x92,0x92,0x92,0x92,0x92,0x92,0x92,0x92,0x92,0x92,0x92,
    0x92,0x92,0x92,0x92,0x92,0x92,0x92,0x92,0x92,0x92,0x92,0x92,0x92,0x92,0x92,0x0d,
    0x0d,0x0d,0x0d,0x0d,0x0e,0x0e,0x0e,0x0e,0x0e,0xeb,0x92,0x0e,0x92,0xeb,0x85,0x92,
    0x7b,0x7b,0xcd,0xcd,0x93,0x93,0xd4,0xd4,0x80,0x80,0xe2,0x8d,0x8b,0x7a,0x85,0x92,
    0x93,0x77,0x8d,0xe1,0x7a,0x7a,0x7a,0x7a,0x7a,0x7a,0x7a,0x7a,0x7a,0x7a,0x7a,0x7a,
    0x7a,0x7a,0x7a,0x7a,0x7a,0x7a,0x7a,0x7a,0x7a,0x7a,0x7a,0x7a,0x7a,0x7a,0xe2,0xe2,
    0xe2,0xe2,0xe2,0xe1,0xe0,0xe0,0xe0,0xe0,0xe0,0xe0,0xe0,0x8d,0x93,0x85,0x0a,0x09,
    0x09,0x08,0x08,0x06,0x06,0x06,0x06,0x08,0x09,0x85,0x92,0xeb,0x0d,0x0d,0x0d,0x0d,
    0x92,0x92,0x92,0x92,0x92,0x92,0x92,0x92,0x92,0x92,0x92,0x92,0x92,0x92,0x92,0x92,
    0x92,0x92,0x92,0x92,0x92,0x92,0x92,0x92,0x92,0x92,0x92,0x92,0x92,0x92,0x92,0x92,
    0x92,0x92,0x92,0x92,0x92,0x0d,0x0d,0x0d,0x0d,0xeb,0x92,0x0e,0x92,0xeb,0x85,0x92,
    0x7b,0x7b,0xcd,0xcd,0x93,0x93,0xd4,0xd4,0x80,0x80,0xe2,0x8d,0x8b,0x7a,0x85,0x92,
    0x93,0x77,0x8d,0xe1,0xe2,0x7a,0x7a,0x7a,0x7a,0x7a,0x7a,0x7a,0x7a,0x7a,0x7a,0x7a,
    0x7a,0x7a,0x7a,0x7a,0x7a,0x7a,0x7a,0x7a,0x7a,0x7a,0x7a,0x7a,0x7a,0x7a,0x7a,0xe2,
    0xe2,0xe2,0xe1,0xe1,0xe1,0xe1,0xe1,0xe1,0xe1,0xe1,0xe1,0x8d,0x93,0x85,0x0a,0x09,
    0x09,0x09,0x09,0x09,0x09,0x09,0x09,0x09,0x09,0x85,0x92,0xeb,0x0d,0x92,0x92,0x92,
    0x92,0x92,0x92,0x92,0x92,0x92,0x92,0x92,0x92,0x92,0x92,0x92,0x92,0x92,0x92,0x92,
    0x92,0x92,0x92,0x92,0x92,0x92,0x92,0x92,0x92,0x92,0x92,0x92,0x92,0x92,0x92,0x92,
    0x92,0x92,0x92,0x92,0x92,0x92,0x0d,0x0d,0x0d,0xeb,0x92,0x0e,0x92,0xeb,0x85,0x92,
    0x7b,0x7b,0xcd,0xcd,0x93,0x93,0xd4,0xd4,0x80,0x80,0xe2,0x8d,0x8b,0x7a,0x85,0x92,
    0x93,0x77,0x8d,0xe1,0x7a,0x7a,0x7a,0x7a,0x7a,0x7a,0x7a,0x7a,0x7a,0x7a,0x7a,0x7a,
    0x7a,0x7a,0x7a,0x7a,0x7a,0x7a,0x7a,0x7a,0x7a,0x7a,0x7a,0x7a,0x7a,0x7a,0x7a,0x7a,
    0xe2,0xe0,0x2a,0x2a,0x2a,0x2a,0x2a,0x1c,0x1c,0x93,0x93,0x93,0x93,0x85,0x0a,0x0a,
    0x0a,0x0a,0x0a,0x0a,0x0a,0x0a,0x0a,0x0a,0x0a,0x0a,0x0d,0x0d,0x0d,0x0d,0x0d,0x0d,
    0x0d,0x0d,0x0d,0x0d,0x92,0x92,0x92,0x92,0x92,0x92,0x92,0x92,0x92,0x92,0x92,0x92,
    0x92,0x92,0x92,0x92,0x92,0x92,0x92,0x92,0x92,0x92,0x92,0x92,0x92,0x92,0x92,0x92,
    0x92,0x92,0x92,0x92,0x92,0x92,0x0d,0x0d,0x0d,0xeb,0x92,0x0e,0x92,0xeb,0x85,0x92,
    0x7b,0x7b,0xcd,0xcd,0x93,0x93,0xd4,0xd4,0x80,0x80,0xe2,0x8d,0x8b,0x7a,0x85,0x92,
    0x93,0x77,0x8d,0xe1,0x7a,0x7a,0x7a,0x7a,0x7a,0x7a,0x7a,0x7a,0x7a,0x7a,0x7a,0x7a,
    0x7a,0x7a,0x7a,0x7a,0x7a,0x7a,0x7a,0x7a,0x7a,0x7a,0x7a,0x7a,0x7a,0x7a,0x7a,0x7a,
    0xe2,0x2a,0x2c,0x2c,0x2c,0x2c,0x2c,0x2d,0x1c,0x85,0x85,0x85,0x85,0x85,0x0c,0x0c,
    0x0c,0x0c,0x0c,0x0c,0x0c,0x0c,0x0c,0x0c,0x0c,0x0a,0x0a,0x0a,0x0a,0x0a,0x0a,0x0a,
    0x0a,0x0a,0x0a,0x0a,0x0a,0x0a,0x92,0x92,0x92,0x92,0x92,0x92,0x92,0x92,0x92,0x92,
    0x92,0x92,0x92,0x92,0x92,0x92,0x92,0x92,0x92,0x92,0x92,0x92,0x92,0x92,0x92,0x92,
    0x92,0x92,0x92,0x92,0x92,0x92,0x0d,0x0d,0x0d,0xeb,0x92,0x0e,0x92,0xeb,0x85,0x92,
    0x7b,0x7b,0xcd,0xcd,0x93,0x93,0xd4,0xd4,0x80,0x80,0xe2,0x8d,0x8b,0x7a,0x85,0x92,
    0x93,0x77,0x8d,0xe1,0xe1,0x7a,0x7a,0x7a,0x7a,0x7a,0x7a,0x7a,0x7a,0x7a,0x7a,0x7a,
    0x7a,0x7a,0x7a,0x7a,0x7a,0x7a,0x7a,0x7a,0x7a,0x7a,0x7a,0x7a,0x7a,0x7a,0x7a,0x7a,
    0xe2,0x2a,0x2d,0x1c,0x1c,0x1c,0x2d,0x2c,0x1c,0x7e,0x7e,0x7e,0x7e,0x7e,0x98,0xe0,
    0xe0,0xe0,0xe0,0xe0,0xe0,0xe0,0xe0,0xe0,0xe0,0x93,0x93,0x93,0x93,0x93,0x93,0x93,
    0x93,0x93,0x93,0x93,0x93,0x0a,0x92,0x92,0x92,0x92,0x92,0x92,0x92,0x92,0x92,0x92,
    0x92,0x92,0x92,0x92,0x92,0x92,0x92,0x92,0x92,0x92,0x92,0x92,0x92,0x92,0x92,0x92,
    0x92,0x92,0x92,0x92,0x92,0x92,0x0d,0x0d,0x0d,0xeb,0x92,0x0e,0x92,0xeb,0x85,0x92,
    0x7b,0x7b,0xcd,0xcd,0x93,0x93,0xd4,0xd4,0x80,0x80,0xe2,0x8d,0x8b,0x7a,0x85,0x92,
    0x93,0x77,0x8d,0xe0,0xe1,0xe2,0xe2,0xe2,0xe2,0xe2,0x7a,0x7a,0x7a,0x7a,0x7a,0x7a,
    0x7a,0x7a,0x7a,0x7a,0x7a,0x7a,0x7a,0x7a,0x7a,0x7a,0x7a,0x7a,0x7a,0x7a,0x7a,0x7a,
    0xe2,0x2a,0x1c,0x2e,0x2c,0x2c,0x1c,0x2c,0x1c,0x7e,0xe8,0xe8,0xe8,0xe8,0x98,0xe0,
    0xe0,0xe0,0xe0,0xe0,0xe0,0xe0,0xe0,0xe0,0xe0,0x93,0x93,0x93,0x93,0xe1,0x92,0x93,
    0x93,0x93,0xe1,0x92,0x93,0x0a,0x92,0x92,0x92,0x92,0x92,0x92,0x92,0x92,0x92,0x92,
    0x92,0x92,0x92,0x92,0x92,0x92,0x92,0x92,0x92,0x92,0x92,0x92,0x92,0x92,0x92,0x92,
    0x92,0x92,0x92,0x92,0x92,0x92,0x92,0x0d,0x0d,0xeb,0x92,0x0e,0x92,0xeb,0x85,0x92,
    0x7b,0x7b,0xcd,0xcd,0x93,0x93,0xd4,0xd4,0x80,0x80,0xe2,0x8d,0x8b,0x7a,0x85,0x92,
    0x93,0x77,0x8d,0xe0,0xe1,0xe1,0xe1,0xe2,0xe2,0x7a,0x7a,0x7a,0x7a,0x7a,0x7a,0x7a,
    0x7a,0x7a,0x7a,0x7a,0x7a,0x7a,0x7a,0x7a,0x7a,0x7a,0x7a,0x7a,0x7a,0x7a,0x7a,0x7a,
    0xe2,0x2a,0x1c,0x2e,0x2e,0x2e,0x1c,0x2c,0x1c,0x7e,0xe8,0xe8,0xe8,0xe8,0x98,0xe0,
    0xe0,0xe0,0xe0,0xe0,0xe0,0xe0,0xe0,0xe0,0xe0,0x93,0x93,0x93,0x93,0x92,0x92,0x93,
    0x93,0x93,0x92,0x92,0x93,0x0a,0x92,0x92,0x92,0x92,0x92,0x92,0x92,0x92,0x92,0x92,
    0x92,0x92,0x92,0x92,0x92,0x92,0x92,0x92,0x92,0x92,0x92,0x92,0x92,0x92,0x92,0x92,
    0x92,0x92,0x92,0x92,0x92,0x92,0x92,0x0d,0x0d,0xeb,0x92,0x0e,0x92,0xeb,0x85,0x92,
    0x7b,0x7b,0xcd,0xcd,0x93,0x93,0xd4,0xd4,0x80,0x80,0xe2,0x8d,0x8b,0x7a,0x85,0x92,
    0x93,0x77,0x8d,0xe1,0xe1,0xe2,0xe2,0xe2,0xe2,0xe2,0xe2,0xe2,0xe2,0xe2,0x7a,0x7a,
    0x7a,0x7a,0x7a,0x7a,0x7a,0x7a,0x7a,0x7a,0x7a,0x7a,0x7a,0x7a,0x7a,0x7a,0x7a,0x7a,
    0xe2,0x2a,0x2d,0x1c,0x1c,0x1c,0x2d,0x2c,0x1c,0x7e,0x7e,0x7e,0x7e,0x7e,0x98,0xe0,
    0xe0,0xe0,0xe0,0xe0,0xe0,0xe0,0xe0,0xe0,0xe0,0x93,0x93,0x93,0x93,0x93,0x93,0x93,
    0x93,0x93,0x93,0x93,0x93,0x0a,0x92,0x92,0x92,0x92,0x92,0x92,0x92,0x92,0x92,0x92,
    0x92,0x92,0x92,0x92,0x92,0x92,0x92,0x92,0x92,0x92,0x92,0x92,0x92,0x92,0x92,0x92,
    0x92,0x92,0x92,0x92,0x92,0x92,0x92,0x0d,0x0d,0xeb,0x92,0x0e,0x92,0xeb,0x85,0x92,
    0x7b,0x7b,0xcd,0xcd,0x93,0x93,0xd4,0xd4,0x80,0x80,0xe2,0x8d,0x8b,0x7a,0x85,0x92,
    0x93,0x77,0x8d,0xe1,0xe1,0xe2,0xe2,0xe2,0xe2,0xe2,0xe2,0xe2,0x7a,0x7a,0x7a,0x7a,
    0x7a,0x7a,0x7a,0x7a,0x7a,0x7a,0x7a,0x7a,0x7a,0x7a,0x7a,0x7a,0x7a,0x7a,0x7a,0x7a,
    0xe2,0x2a,0x2c,0x2c,0x2c,0x2c,0x2c,0x2d,0x1c,0x85,0x85,0x85,0x85,0x85,0x0c,0x0c,
    0x0c,0x0c,0x0c,0x0c,0x0c,0x0c,0x0c,0x0c,0x0c,0x0a,0x0a,0x0a,0x0e,0x0a,0x0a,0x0a,
    0x0a,0x0a,0x0a,0x0a,0x0a,0x0a,0x92,0x92,0x92,0x92,0x92,0x92,0x92,0x92,0x92,0x92,
    0x92,0x92,0x92,0x92,0x92,0x92,0x92,0x92,0x92,0x92,0x92,0x92,0x92,0x92,0x92,0x92,
    0x92,0x92,0x92,0x92,0x92,0x92,0x92,0x0d,0x0d,0xeb,0x92,0x0e,0x92,0xeb,0x85,0x92,
    0x7b,0x7b,0xcd,0xcd,0x93,0x93,0xd4,0xd4,0x80,0x80,0xe2,0x8d,0x8b,0x7a,0x85,0x92,
    0x93,0x77,0x8d,0xe0,0xe1,0xe1,0xe2,0xe2,0xe2,0xe2,0xe2,0xe2,0xe2,0xe2,0xe2,0xe2,
    0xe2,0xe2,0x7a,0x7a,0x7a,0x7a,0x7a,0x7a,0x7a,0x7a,0x7a,0x7a,0x7a,0x7a,0x7a,0x7a,
    0xe2,0x93,0x2a,0x2a,0x2a,0x2a,0x2a,0x1c,0x1c,0x93,0x93,0x93,0x93,0x85,0x0a,0x0a,
    0x0a,0x0a,0x0a,0x0a,0x0a,0x0a,0x0a,0x0a,0x0a,0x85,0x92,0x92,0x0e,0x0e,0x0d,0x0d,
    0x0d,0x0d,0x0d,0x0d,0x92,0x92,0x92,0x92,0x92,0x92,0x92,0x92,0x92,0x92,0x92,0x92,
    0x92,0x92,0x92,0x92,0x92,0x92,0x92,0x92,0x92,0x92,0x92,0x92,0x92,0x92,0x92,0x92,
    0x92,0x92,0x92,0x92,0x92,0x92,0x0d,0x0d,0x0d,0xeb,0x92,0x0e,0x92,0xeb,0x85,0x92,
    0x7b,0x7b,0xcd,0xcd,0x93,0x93,0xd4,0xd4,0x80,0x80,0xe2,0x8d,0x8b,0x7a,0x85,0x92,
    0x93,0x77,0x8d,0xe0,0xe0,0xe0,0xe0,0xe0,0xe1,0xe1,0xe1,0xe2,0xe2,0xe2,0xe2,0x7a,
    0x7a,0x7a,0x7a,0x7a,0x7a,0x7a,0x7a,0x7a,0x7a,0x7a,0x7a,0x7a,0x7a,0x7a,0x7a,0x7a,
    0xe2,0xe2,0x92,0x92,0x92,0x92,0x92,0x92,0x92,0x93,0x93,0x8d,0x93,0x85,0x0a,0x09,
    0x09,0x09,0x09,0x09,0x09,0x09,0x09,0x09,0x09,0x85,0x92,0xeb,0x0e,0x0d,0x0d,0x92,
    0x92,0x92,0x92,0x92,0x92,0x92,0x92,0x92,0x92,0x92,0x92,0x92,0x92,0x92,0x92,0x92,
    0x92,0x92,0x92,0x92,0x92,0x92,0x92,0x92,0x92,0x92,0x92,0x92,0x92,0x92,0x92,0x92,
    0x92,0x92,0x92,0x92,0x92,0x92,0x0d,0x0d,0x0e,0xeb,0x92,0x0e,0x92,0xeb,0x85,0x92,
    0x7b,0x7b,0xcd,0xcd,0x93,0x93,0xd4,0xd4,0x80,0x80,0xe2,0x8d,0x8b,0x7a,0x85,0x92,
    0x93,0x77,0x8d,0xe0,0xe1,0xe1,0xe2,0xe2,0xe2,0xe2,0xe2,0xe2,0xe2,0xe2,0xe2,0xe2,
    0xe2,0xe2,0xe2,0xe2,0xe2,0x7a,0x7a,0x7a,0x7a,0x7a,0x7a,0x7a,0x7a,0x7a,0x7a,0x7a,
    0x7a,0x7a,0x7a,0x7a,0x7a,0x7a,0x7a,0xe2,0xe2,0xe2,0xe1,0x8d,0x93,0x85,0x0a,0x09,
    0x09,0x08,0x08,0x06,0x06,0x06,0x06,0x08,0x09,0x85,0x92,0xeb,0x0e,0x0e,0x0d,0x92,
    0x92,0x92,0x92,0x92,0x92,0x92,0x92,0x92,0x92,0x92,0x92,0x92,0x92,0x92,0x92,0x92,
    0x92,0x92,0x92,0x92,0x92,0x92,0x92,0x92,0x92,0x92,0x92,0x92,0x92,0x92,0x92,0x92,
    0x92,0x92,0x92,0x92,0x92,0x0d,0x0d,0x0e,0x0e,0xeb,0x92,0x0e,0x92,0xeb,0x85,0x92,
    0x7b,0x7b,0xcd,0xcd,0x93,0x93,0xd4,0xd4,0x80,0x80,0xe2,0x8d,0x8b,0x7a,0x85,0x92,
    0x93,0x77,0x8d,0xe0,0xe1,0xe1,0xe1,0xe2,0xe2,0xe2,0xe2,0xe2,0xe2,0xe2,0xe2,0xe2,
    0xe2,0xe2,0x7a,0x7a,0x7a,0x7a,0x7a,0x7a,0x7a,0x7a,0x7a,0x7a,0x7a,0x7a,0x7a,0x7a,
    0x7a,0x7a,0x7a,0x7a,0x7a,0x7a,0x7a,0xe2,0xe2,0xe2,0xe1,0x8d,0x93,0x85,0x0a,0x09,
    0x09,0x08,0x08,0x06,0x06,0x06,0x06,0x08,0x09,0x85,0x92,0xeb,0x0d,0x92,0x92,0x92,
    0x92,0x92,0x92,0x92,0x92,0x92,0x92,0x92,0x92,0x92,0x92,0x92,0x92,0x92,0x92,0x92,
    0x92,0x92,0x92,0x92,0x92,0x92,0x92,0x92,0x92,0x92,0x92,0x92,0x92,0x92,0x92,0x92,
    0x92,0x92,0x92,0x92,0x0d,0x0d,0x0d,0x0d,0x0e,0xeb,0x92,0x0e,0x92,0xeb,0x85,0x92,
    0x7b,0x7b,0xcd,0xcd,0x93,0x93,0xd4,0xd4,0x80,0x80,0xe2,0x8d,0x8b,0x7a,0x85,0x92,
    0x93,0x77,0x8d,0xe0,0xe1,0xe1,0xe2,0xe2,0xe2,0xe2,0xe2,0xe2,0xe2,0xe2,0xe2,0xe2,
    0x7a,0x7a,0x7a,0x7a,0x7a,0x7a,0x7a,0x7a,0x7a,0x7a,0x7a,0x7a,0x7a,0x7a,0x7a,0x7a,
    0x7a,0x7a,0x7a,0x7a,0x7a,0xe2,0xe2,0xe2,0xe2,0xe1,0xe1,0x8d,0x93,0x85,0x0a,0x09,
    0x09,0x08,0x08,0x06,0x06,0x06,0x06,0x08,0x09,0x85,0x92,0xeb,0x0d,0x0d,0x92,0x92,
    0x92,0x92,0x92,0x92,0x92,0x92,0x92,0x92,0x92,0x92,0x92,0x92,0x92,0x92,0x92,0x92,
    0x92,0x92,0x92,0x92,0x92,0x92,0x92,0x92,0x92,0x92,0x92,0x92,0x92,0x92,0x92,0x0d,
    0x0d,0x0d,0x0d,0x0d,0x0e,0x0e,0x0e,0x0e,0x0e,0xeb,0x92,0x0e,0x92,0xeb,0x85,0x92,
    0x7b,0x7b,0xcd,0xcd,0x93,0x93,0xd4,0xd4,0x80,0x80,0xe2,0x8d,0x8b,0x7a,0x85,0x92,
    0x93,0x77,0x8d,0xe0,0xe1,0xe1,0xe1,0xe1,0xe1,0xe1,0xe2,0xe2,0xe2,0xe2,0xe2,0xe2,
    0xe2,0xe2,0xe2,0xe2,0xe2,0x7a,0x7a,0x7a,0x7a,0x7a,0x7a,0x7a,0x7a,0x7a,0x7a,0x7a,
    0x7a,0x7a,0xe2,0xe2,0xe2,0xe1,0xe1,0xe0,0xe0,0xe0,0xe0,0x8d,0x93,0x85,0x0a,0x09,
    0x09,0x08,0x08,0x06,0x06,0x06,0x06,0x08,0x09,0x85,0x92,0xeb,0x0d,0x0d,0x92,0x92,
    0x92,0x92,0x92,0x92,0x92,0x92,0x92,0x92,0x92,0x92,0x92,0x92,0x92,0x92,0x92,0x92,
    0x92,0x92,0x92,0x92,0x92,0x92,0x92,0x92,0x92,0x92,0x92,0x92,0x92,0x92,0x92,0x92,
    0x92,0x0d,0x0d,0x0d,0x0d,0x0d,0x0d,0x0d,0x0d,0xeb,0x92,0x0e,0x92,0xeb,0x85,0x92,
    0x7b,0x7b,0xcd,0xcd,0x93,0x93,0xd4,0xd4,0x80,0x80,0xe2,0x8d,0x8b,0x7a,0x85,0x92,
    0x93,0x77,0x8d,0xe0,0xe1,0xe1,0xe2,0xe2,0xe2,0xe2,0xe2,0xe2,0xe2,0xe2,0xe2,0xe2,
    0xe2,0xe2,0xe2,0xe2,0xe2,0xe2,0xe2,0xe2,0xe2,0x7a,0x7a,0x7a,0x7a,0x7a,0x7a,0x7a,
    0x7a,0x7a,0x7a,0x7a,0x7a,0x7a,0xe1,0xe1,0xe1,0xe0,0xe0,0x8d,0x93,0x85,0x0a,0x09,
    0x09,0x08,0x08,0x06,0x06,0x06,0x06,0x08,0x09,0x85,0x92,0xeb,0x0e,0x0d,0x0d,0x0d,
    0x92,0x92,0x92,0x92,0x92,0x92,0x92,0x92,0x92,0x92,0x92,0x92,0x92,0x92,0x92,0x92,
    0x92,0x92,0x92,0x92,0x92,0x92,0x92,0x92,0x92,0x92,0x92,0x92,0x92,0x92,0x92,0x92,
    0x92,0x92,0x92,0x92,0x92,0x92,0x92,0x0d,0x0d,0xeb,0x92,0x0e,0x92,0xeb,0x85,0x92,
    0x7b,0x7b,0xcd,0xcd,0x93,0x93,0xd4,0xd4,0x80,0x80,0xe2,0x8d,0x8b,0x7a,0x85,0x92,
    0x93,0x77,0x8d,0xe0,0xe1,0xe1,0xe1,0xe1,0xe1,0xe1,0xe1,0xe1,0xe2,0xe2,0xe2,0xe2,
    0xe2,0xe2,0xe2,0xe2,0xe2,0x7a,0x7a,0x7a,0x7a,0x7a,0x7a,0x7a,0x7a,0x7a,0x7a,0x7a,
    0x7a,0x7a,0x7a,0x7a,0x7a,0x7a,0x7a,0xe2,0xe2,0xe1,0xe0,0x8d,0x93,0x85,0x0a,0x09,
    0x09,0x08,0x08,0x06,0x06,0x06,0x06,0x08,0x09,0x85,0x92,0xeb,0x0e,0x0e,0x0d,0x0d,
    0x0d,0x0d,0x92,0x92,0x92,0x92,0x92,0x92,0x92,0x92,0x92,0x92,0x92,0x92,0x92,0x92,
    0x92,0x92,0x92,0x92,0x92,0x92,0x92,0x92,0x92,0x92,0x92,0x92,0x92,0x92,0x92,0x92,
    0x92,0x92,0x92,0x92,0x92,0x92,0x92,0x0d,0x0d,0xeb,0x92,0x0e,0x92,0xeb,0x85,0x92,
    0x7b,0x7b,0xcd,0xcd,0x93,0x93,0xd4,0xd4,0x80,0x80,0xe2,0x8d,0x8b,0x7a,0x85,0x92,
    0x93,0x77,0x8d,0xe0,0xe1,0xe1,0xe1,0xe1,0xe1,0xe1,0xe1,0xe1,0xe1,0xe1,0xe1,0xe1,
    0xe1,0xe2,0xe2,0xe2,0xe2,0xe2,0xe2,0xe2,0xe2,0xe2,0x7a,0x7a,0x7a,0x7a,0x7a,0x7a,
    0x7a,0x7a,0x7a,0x7a,0x7a,0x7a,0x7a,0x7a,0xe1,0xe1,0xe1,0x8d,0x93,0x85,0x0a,0x09,
    0x09,0x08,0x08,0x06,0x06,0x06,0x06,0x08,0x09,0x85,0x92,0xeb,0x0d,0x0d,0x0d,0x92,
    0x92,0x92,0x92,0x92,0x92,0x92,0x92,0x92,0x92,0x92,0x92,0x92,0x92,0x92,0x92,0x92,
    0x92,0x92,0x92,0x92,0x92,0x92,0x92,0x92,0x92,0x92,0x92,0x92,0x92,0x92,0x0d,0x92,
    0x92,0x92,0x92,0x0d,0x0d,0x0d,0x0d,0x0d,0x0e,0xeb,0x92,0x0e,0x92,0xeb,0x85,0x92,
    0x7b,0x7b,0xcd,0xcd,0x93,0x93,0xd4,0xd4,0x80,0x80,0xe2,0x8d,0x8b,0x7a,0x85,0x92,
    0x93,0x77,0x7a,0xe0,0xe0,0xe0,0xe1,0xe1,0xe1,0xe1,0xe1,0xe1,0xe2,0xe2,0xe2,0xe2,
    0xe2,0xe2,0xe2,0xe2,0x7a,0x7a,0x7a,0x7a,0x7a,0x7a,0x7a,0x7a,0x7a,0x7a,0x7a,0x7a,
    0x7a,0x7a,0x7a,0x7a,0x7a,0xe2,0xe2,0xe2,0xe2,0xe1,0xe1,0x8d,0x93,0x85,0x0a,0x09,
    0x09,0x08,0x08,0x06,0x06,0x06,0x06,0x08,0x09,0x85,0x92,0xeb,0x0d,0x0d,0x92,0x92,
    0x92,0x92,0x92,0x92,0x92,0x92,0x92,0x92,0x92,0x92,0x92,0x92,0x92,0x92,0x92,0x92,
    0x92,0x92,0x92,0x92,0x92,0x92,0x92,0x92,0x92,0x92,0x92,0x92,0x92,0x92,0x92,0x0d,
    0x0d,0x0d,0x0d,0x0d,0x0d,0x0d,0x0d,0x0e,0x0e,0xeb,0x92,0x0e,0x92,0xeb,0x85,0x92,
    0x7b,0x7b,0xcd,0xcd,0x93,0x93,0xd4,0xd4,0x80,0x80,0xe2,0x8d,0x8b,0x7a,0x85,0x92,
    0x93,0x77,0x7a,0xe0,0xe1,0xe1,0xe1,0xe1,0xe1,0xe1,0xe1,0xe1,0xe1,0xe1,0xe1,0xe1,
    0xe1,0xe1,0xe1,0xe1,0xe2,0xe2,0xe2,0xe2,0xe2,0xe2,0xe2,0xe2,0xe2,0xe2,0xe2,0xe2,
    0xe2,0xe2,0xe2,0x7a,0x7a,0x7a,0x7a,0xe2,0xe2,0xe1,0xe1,0x8d,0x93,0x85,0x0a,0x09,
    0x09,0x08,0x08,0x06,0x06,0x06,0x06,0x08,0x09,0x85,0x92,0xeb,0x0e,0x0d,0x92,0x92,
    0x92,0x92,0x92,0x92,0x92,0x92,0x92,0x92,0x92,0x92,0x92,0x92,0x92,0x92,0x92,0x92,
    0x92,0x92,0x92,0x92,0x92,0x92,0x92,0x92,0x92,0x92,0x92,0x92,0x92,0x92,0x92,0x0d,
    0x0d,0x0d,0x0e,0x0e,0x0e,0x0e,0x0e,0x0e,0x0e,0xeb,0x92,0x0e,0x92,0xeb,0x85,0x92,
    0x7b,0x7b,0xcd,0xcd,0x93,0x93,0xd4,0xd4,0x80,0x80,0xe2,0x8d,0x8b,0x7a,0x85,0x92,
    0x93,0x77,0x7a,0xe0,0xe1,0xe1,0xe1,0xe1,0xe1,0xe1,0xe1,0xe1,0xe1,0xe1,0xe1,0xe2,
    0xe2,0xe2,0xe2,0xe2,0xe2,0xe2,0xe2,0xe2,0xe2,0xe2,0xe2,0xe2,0xe2,0xe2,0x7a,0x7a,
    0x7a,0x7a,0x7a,0xe2,0xe2,0xe2,0xe1,0xe1,0xe1,0xe0,0xe0,0x8d,0x93,0x85,0x0a,0x09,
    0x09,0x08,0x08,0x06,0x06,0x06,0x06,0x08,0x09,0x85,0x92,0xeb,0x0e,0x0e,0x0e,0x0e,
    0x0e,0x0e,0x0d,0x0d,0x0d,0x0d,0x0d,0x0d,0x92,0x92,0x92,0x92,0x92,0x92,0x92,0x92,
    0x92,0x92,0x92,0x92,0x92,0x92,0x92,0x92,0x92,0x92,0x92,0x92,0x92,0x0d,0x0d,0x0d,
    0x0d,0x0d,0x0d,0x0d,0x0d,0x0d,0x0d,0x0d,0x0d,0xeb,0x92,0x0e,0x92,0xeb,0x85,0x92,
    0x7b,0x7b,0xcd,0xcd,0x93,0x93,0xd4,0xd4,0x80,0x80,0xe2,0x8d,0x8b,0x7a,0x85,0x92,
    0x93,0x77,0x7a,0xe0,0xe0,0xe0,0xe0,0xe0,0xe1,0xe1,0xe1,0xe1,0xe1,0xe1,0xe1,0xe1,
    0xe1,0xe2,0xe2,0xe2,0xe2,0xe2,0xe2,0xe2,0xe2,0xe2,0xe2,0xe2,0xe2,0xe2,0xe2,0xe2,
    0xe2,0xe2,0xe2,0xe2,0xe2,0xe2,0xe2,0xe2,0xe2,0xe1,0xe0,0x8d,0x93,0x85,0x0a,0x09,
    0x09,0x08,0x08,0x06,0x06,0x06,0x06,0x08,0x09,0x85,0x92,0xeb,0x0e,0x0e,0x0e,0x0d,
    0x0d,0x0d,0x0d,0x0d,0x0d,0x0d,0x0d,0x92,0x92,0x92,0x92,0x92,0x92,0x92,0x92,0x92,
    0x92,0x92,0x92,0x92,0x92,0x92,0x92,0x92,0x92,0x92,0x92,0x92,0x92,0x92,0x92,0x92,
    0x92,0x92,0x92,0x92,0x92,0x92,0x92,0x0d,0x0d,0xeb,0x92,0x0e,0x92,0xeb,0x85,0x92,
    0x7b,0x7b,0xcd,0xcd,0x93,0x93,0xd4,0xd4,0x80,0x80,0xe2,0x8d,0x8b,0x7a,0x85,0x92,
    0x93,0x77,0x7a,0xe0,0xe0,0xe1,0xe1,0xe1,0xe1,0xe1,0xe1,0xe1,0xe1,0xe1,0xe1,0xe1,
    0xe1,0xe1,0xe1,0xe1,0xe1,0xe1,0xe1,0xe1,0xe1,0xe1,0xe1,0xe1,0xe2,0xe2,0xe2,0xe2,
    0xe2,0xe2,0xe2,0xe2,0xe2,0xe2,0xe2,0xe2,0xe2,0xe2,0xe1,0x8d,0x93,0x85,0x0a,0x09,
    0x09,0x08,0x08,0x06,0x06,0x06,0x06,0x08,0x09,0x85,0x92,0xeb,0x0e,0x0d,0x0d,0x0d,
    0x92,0x92,0x92,0x92,0x92,0x92,0x92,0x92,0x92,0x92,0x92,0x92,0x92,0x92,0x92,0x92,
    0x92,0x92,0x92,0x92,0x92,0x92,0x92,0x92,0x92,0x92,0x92,0x92,0x92,0x92,0x92,0x92,
    0x92,0x92,0x92,0x0d,0x0d,0x0d,0x0d,0x92,0x0d,0xeb,0x92,0x0e,0x92,0xeb,0x85,0x92,
    0x7b,0x7b,0xcd,0xcd,0x93,0x93,0xd4,0xd4,0x80,0x80,0xe2,0x8d,0x8b,0x7a,0x85,0x92,
    0x93,0x77,0x7a,0xe0,0xe0,0xe0,0xe0,0xe0,0xe0,0xe0,0xe0,0xe0,0xe1,0xe1,0xe1,0xe1,
    0xe1,0xe1,0xe1,0xe1,0xe1,0xe1,0xe1,0xe1,0xe1,0xe1,0xe2,0xe2,0xe2,0xe2,0xe2,0xe2,
    0xe2,0xe2,0xe2,0xe2,0xe2,0xe2,0xe2,0xe2,0xe2,0xe1,0xe1,0x8d,0x93,0x85,0x0a,0x09,
    0x09,0x08,0x08,0x06,0x06,0x06,0x06,0x08,0x09,0x85,0x92,0xeb,0x0d,0x0d,0x0d,0x92,
    0x92,0x92,0x92,0x92,0x92,0x92,0x92,0x92,0x92,0x92,0x92,0x92,0x92,0x92,0x92,0x92,
    0x92,0x92,0x92,0x92,0x92,0x92,0x92,0x92,0x92,0x92,0x92,0x92,0x92,0x92,0x92,0x92,
    0x92,0x92,0x92,0x92,0x92,0x92,0x92,0x0d,0x0d,0xeb,0x92,0x0e,0x92,0xeb,0x85,0x92,
    0x7b,0x7b,0xcd,0xcd,0x93,0x93,0xd4,0xd4,0x80,0x80,0xe2,0x8d,0x8b,0x7a,0x85,0x92,
    0x93,0x77,0x7a,0xe0,0xe0,0xe0,0xe0,0xe0,0xe0,0xe0,0xe1,0xe1,0xe1,0xe1,0xe1,0xe1,
    0xe1,0xe1,0xe1,0xe1,0xe1,0xe1,0xe1,0xe1,0xe1,0xe1,0xe1,0xe1,0xe1,0xe1,0xe1,0xe2,
    0xe2,0xe2,0xe2,0xe1,0xe1,0xe1,0xe1,0xe1,0xe0,0xe0,0xe0,0x7a,0x93,0x85,0x0a,0x09,
    0x09,0x08,0x08,0x06,0x06,0x06,0x06,0x08,0x09,0x85,0x92,0xeb,0x0d,0x0d,0x0d,0x92,
    0x92,0x92,0x92,0x92,0x92,0x92,0x92,0x92,0x92,0x92,0x92,0x92,0x92,0x92,0x92,0x92,
    0x92,0x92,0x92,0x92,0x92,0x92,0x92,0x92,0x92,0x92,0x92,0x92,0x92,0x92,0x92,0x92,
    0x92,0x92,0x92,0x92,0x92,0x92,0x0d,0x0d,0x0e,0xeb,0x92,0x0e,0x92,0xeb,0x85,0x92,
    0x7b,0x7b,0xcd,0xcd,0x93,0x93,0xd4,0xd4,0x80,0x80,0xe2,0x8d,0x8b,0x7a,0x85,0x92,
    0x93,0x77,0x7a,0xe0,0xe0,0xe0,0xe0,0xe0,0xe0,0xe0,0xe0,0xe0,0xe0,0xe0,0xe0,0xe0,
    0xe0,0xe0,0xe0,0xe0,0xe1,0xe1,0xe1,0xe1,0xe1,0xe1,0xe1,0xe1,0xe1,0xe1,0xe1,0xe1,
    0xe2,0xe2,0xe2,0xe2,0xe2,0xe2,0xe2,0xe2,0xe1,0xe1,0xe0,0x7a,0x93,0x85,0x0a,0x09,
    0x09,0x08,0x08,0x06,0x06,0x06,0x06,0x08,0x09,0x85,0x92,0xeb,0x0e,0x0d,0x0d,0x92,
    0x92,0x92,0x92,0x92,0x92,0x92,0x92,0x92,0x92,0x92,0x92,0x92,0x92,0x92,0x92,0x92,
    0x92,0x92,0x92,0x92,0x92,0x92,0x92,0x92,0x92,0x92,0x92,0x92,0x92,0x92,0x92,0x92,
    0x92,0x0d,0x0d,0x0d,0x0d,0x0d,0x0e,0x0e,0x0e,0xeb,0x92,0x0e,0x92,0xeb,0x85,0x92,
    0x7b,0x7b,0xcd,0xcd,0x93,0x93,0xd4,0xd4,0x80,0x80,0xe2,0x8d,0x8b,0x7a,0x85,0x92,
    0x93,0x77,0x7a,0xe0,0xe0,0xe0,0xe0,0xe0,0xe0,0xe0,0xe0,0xe0,0xe0,0xe0,0xe0,0xe0,
    0xe0,0xe1,0xe1,0xe1,0xe1,0xe1,0xe1,0xe1,0xe1,0xe1,0xe1,0xe1,0xe1,0xe2,0xe2,0xe2,
    0xe2,0xe2,0xe2,0xe2,0xe2,0xe2,0xe2,0xe2,0xe1,0xe1,0xe1,0x7a,0x93,0x85,0x0a,0x09,
    0x09,0x08,0x08,0x06,0x06,0x06,0x06,0x08,0x09,0x85,0x92,0xeb,0x0e,0x0d,0x0d,0x92,
    0x92,0x92,0x92,0x92,0x92,0x92,0x92,0x92,0x92,0x92,0x92,0x92,0x92,0x92,0x92,0x92,
    0x92,0x92,0x92,0x92,0x92,0x92,0x92,0x92,0x92,0x92,0x92,0x92,0x92,0x92,0x92,0x92,
    0x92,0x92,0x92,0x92,0x92,0x92,0x92,0x0d,0x0e,0xeb,0x92,0x0e,0x92,0xeb,0x85,0x92,
    0x7b,0x7b,0xcd,0xcd,0x93,0x93,0xd4,0xd4,0x80,0x80,0xe2,0x8d,0x8b,0x7a,0x85,0x92,
    0x93,0x77,0x7a,0xe0,0xe0,0xe0,0xe0,0xe0,0xe0,0xe0,0xe0,0xe0,0xe0,0xe0,0xe0,0xe1,
    0xe1,0xe1,0xe1,0xe1,0xe1,0xe1,0xe1,0xe1,0xe1,0xe1,0xe1,0xe1,0xe1,0xe1,0xe1,0xe1,
    0xe1,0xe1,0xe1,0xe1,0xe1,0xe1,0xe1,0xe1,0xe1,0xe1,0xe0,0x7a,0x93,0x85,0x0a,0x09,
    0x09,0x08,0x08,0x06,0x06,0x06,0x06,0x08,0x09,0x85,0x92,0xeb,0x0e,0x0d,0x0d,0x0d,
    0x0d,0x0d,0x0d,0x0d,0x0d,0x0d,0x92,0x92,0x92,0x92,0x92,0x92,0x92,0x92,0x92,0x92,
    0x92,0x92,0x92,0x92,0x92,0x92,0x92,0x92,0x92,0x92,0x92,0x92,0x92,0x92,0x92,0x92,
    0x92,0x92,0x92,0x92,0x0d,0x0d,0x0d,0x0d,0x0e,0xeb,0x92,0x0e,0x92,0xeb,0x85,0x92,
    0x7b,0x7b,0xcd,0xcd,0x93,0x93,0xd4,0xd4,0x80,0x80,0xe2,0x8d,0x8b,0x7a,0x85,0x92,
    0x93,0x77,0x7a,0xe0,0xe0,0xe0,0xe0,0xe0,0xe0,0xe0,0xe0,0xe0,0xe0,0xe0,0xe0,0xe0,
    0xe0,0xe0,0xe0,0xe1,0xe1,0xe1,0xe1,0xe1,0xe1,0xe1,0xe1,0xe1,0xe1,0xe1,0xe1,0xe1,
    0xe1,0xe1,0xe1,0xe1,0xe1,0xe1,0xe1,0xe1,0xe1,0xe1,0xe0,0x7a,0x93,0x85,0x0a,0x09,
    0x09,0x08,0x08,0x06,0x06,0x06,0x06,0x08,0x09,0x85,0x92,0xeb,0x0e,0x0e,0x0d,0x0d,
    0x0d,0x0d,0x92,0x92,0x92,0x92,0x92,0x92,0x92,0x92,0x92,0x92,0x92,0x92,0x92,0x92,
    0x92,0x92,0x92,0x92,0x92,0x92,0x92,0x92,0x92,0x92,0x92,0x92,0x92,0x92,0x92,0x92,
    0x92,0x92,0x92,0x92,0x92,0x92,0x92,0x0d,0x0d,0xeb,0x92,0x0e,0x92,0xeb,0x85,0x92,
    0x7b,0x7b,0xcd,0xcd,0x93,0x93,0xd4,0xd4,0x80,0x80,0xe2,0x8d,0x8b,0x7a,0x85,0x92,
    0x93,0x77,0x7a,0xe0,0xe0,0xe0,0xe0,0xe0,0xe0,0xe0,0xe0,0xe0,0xe0,0xe0,0xe0,0xe0,
    0xe0,0xe0,0xe0,0xe0,0xe0,0xe0,0xe0,0xe0,0xe0,0xe0,0xe0,0xe0,0xe0,0xe1,0xe1,0xe1,
    0xe1,0xe1,0xe1,0xe1,0xe1,0xe1,0xe1,0xe1,0xe1,0xe1,0xe0,0xe2,0x93,0x85,0x0a,0x09,
    0x09,0x08,0x08,0x06,0x06,0x06,0x06,0x08,0x09,0x85,0x92,0xeb,0x0e,0x0d,0x0d,0x0d,
    0x0d,0x0d,0x0d,0x0d,0x92,0x92,0x92,0x92,0x92,0x92,0x92,0x92,0x92,0x92,0x92,0x92,
    0x92,0x92,0x92,0x92,0x92,0x92,0x92,0x92,0x92,0x92,0x92,0x92,0x92,0x92,0x92,0x92,
    0x92,0x92,0x0d,0x0d,0x0d,0x0d,0x0d,0x0d,0x0d,0xeb,0x92,0x0e,0x92,0xeb,0x85,0x92,
    0x7b,0x7b,0xcd,0xcd,0x93,0x93,0xd4,0xd4,0x80,0x80,0xe2,0x8d,0x8b,0x7a,0x85,0x92,
    0x93,0x77,0x7a,0xe0,0xe0,0xe0,0xe0,0xe0,0xe0,0xe0,0xe0,0xe0,0xe0,0xe0,0xe0,0xe0,
    0xe0,0xe0,0xe0,0xe0,0xe0,0xe0,0xe0,0xe0,0xe0,0xe0,0xe0,0xe0,0xe0,0xe0,0xe0,0xe0,
    0xe0,0xe0,0xe0,0xe0,0xe0,0xe1,0xe1,0xe1,0xe1,0xe0,0xe0,0xe2,0x93,0x85,0x0a,0x09,
    0x09,0x08,0x08,0x06,0x06,0x06,0x06,0x08,0x09,0x85,0x92,0xeb,0x0e,0x0e,0x0e,0x0d,
    0x0d,0x0d,0x0d,0x0d,0x0d,0x0d,0x0d,0x0d,0x0d,0x0d,0x0d,0x0d,0x0d,0x92,0x92,0x92,
    0x92,0x92,0x92,0x92,0x92,0x92,0x92,0x92,0x92,0x92,0x92,0x92,0x92,0x92,0x92,0x92,
    0x92,0x92,0x92,0x92,0x92,0x0d,0x0d,0x0d,0x0d,0xeb,0x92,0x0e,0x92,0xeb,0x85,0x92,
    0x7b,0x7b,0xcd,0xcd,0x93,0x93,0xd4,0xd4,0x80,0x80,0xe2,0x8d,0x8b,0x7a,0x85,0x92,
    0x93,0x77,0x7a,0xe0,0xe0,0xe0,0xe0,0xe0,0xe0,0xe0,0xe0,0xe0,0xe0,0xe0,0xe0,0xe0,
    0xe0,0xe0,0xe0,0xe0,0xe0,0xe0,0xe0,0xe0,0xe0,0xe0,0xe0,0xe0,0xe0,0xe0,0xe0,0xe0,
    0xe0,0xe0,0xe0,0xe0,0xe0,0xe0,0xe0,0xe0,0xe0,0xe0,0xe0,0xe2,0x93,0x85,0x0a,0x09,
    0x09,0x08,0x08,0x06,0x06,0x06,0x06,0x08,0x09,0x85,0x92,0xeb,0x0d,0x0d,0x0d,0x0d,
    0x0d,0x0d,0x0d,0x0d,0x0d,0x0d,0x0d,0x0d,0x0d,0x0d,0x0d,0x0d,0x0d,0x0d,0x0d,0x92,
    0x92,0x92,0x92,0x92,0x92,0x92,0x92,0x92,0x92,0x92,0x92,0x92,0x92,0x92,0x92,0x92,
    0x0d,0x0d,0x0d,0x0d,0x0d,0x0d,0x0d,0x0d,0x0d,0xeb,0x92,0x0e,0x92,0xeb,0x85,0x92,
    0x7b,0x7b,0xcd,0xcd,0x93,0x93,0xd4,0xd4,0x80,0x80,0xe2,0x8d,0x8b,0x7a,0x85,0x92,
    0x93,0x77,0x7a,0x7a,0x7a,0x7a,0x7a,0x7a,0x7a,0x7a,0x7a,0x7a,0x7a,0x7a,0x7a,0x7a,
    0x7a,0x7a,0x7a,0x7a,0x7a,0x7a,0x7a,0x7a,0x7a,0x7a,0x7a,0x7a,0x7a,0x7a,0x7a,0x7a,
    0x7a,0x7a,0x7a,0x7a,0x7a,0x7a,0x7a,0x7a,0x7a,0x7a,0x7a,0xe2,0x93,0x85,0x0a,0x09,
    0x09,0x08,0x08,0x06,0x06,0x06,0x06,0x08,0x09,0x85,0x92,0xeb,0xeb,0xeb,0xeb,0xeb,
    0xeb,0xeb,0xeb,0xeb,0xeb,0xeb,0xeb,0xeb,0xeb,0xeb,0xeb,0xeb,0xeb,0xeb,0xeb,0xeb,
    0xeb,0xeb,0xeb,0xeb,0xeb,0xeb,0xeb,0xeb,0xeb,0xeb,0xeb,0xeb,0xeb,0xeb,0xeb,0xeb,
    0xeb,0xeb,0xeb,0xeb,0xeb,0xeb,0xeb,0xeb,0xeb,0xeb,0x92,0x0e,0x92,0xeb,0x85,0x92,
    0x7b,0x85,0x85,0x85,0x85,0x85,0x85,0x85,0x85,0x85,0x85,0x85,0x85,0x85,0x85,0x92,
    0x93,0x93,0x93,0x93,0x93,0x93,0x93,0x93,0x93,0x93,0x93,0x93,0x93,0x93,0x93,0x93,
    0x93,0x93,0x93,0x93,0x93,0x93,0x93,0x93,0x93,0x93,0x93,0x93,0x93,0x93,0x93,0x93,
    0x93,0x93,0x93,0x93,0x93,0x93,0x93,0x93,0x93,0x93,0x93,0x93,0x93,0x85,0x0a,0x09,
    0x09,0x08,0x08,0x06,0x06,0x06,0x06,0x08,0x09,0x85,0x92,0x92,0x92,0x92,0x92,0x92,
    0x92,0x92,0x92,0x92,0x92,0x92,0x92,0x92,0x92,0x92,0x92,0x92,0x92,0x92,0x92,0x92,
    0x92,0x92,0x92,0x92,0x92,0x92,0x92,0x92,0x92,0x92,0x92,0x92,0x92,0x92,0x92,0x92,
    0x92,0x92,0x92,0x92,0x92,0x92,0x92,0x92,0x92,0x92,0x92,0x0e,0x92,0xeb,0x85,0x92,
    0x85,0x85,0x85,0x85,0x85,0x85,0x85,0x85,0x85,0x85,0x85,0x85,0x85,0x85,0x85,0x85,
    0x85,0x85,0x85,0x85,0x85,0x85,0x85,0x85,0x85,0x85,0x85,0x85,0x85,0x85,0x85,0x85,
    0x85,0x85,0x85,0x85,0x85,0x85,0x85,0x85,0x85,0x85,0x85,0x85,0x85,0x85,0x85,0x85,
    0x85,0x85,0x85,0x85,0x85,0x85,0x85,0x85,0x85,0x85,0x85,0x85,0x85,0x85,0x0a,0x09,
    0x09,0x08,0x08,0x06,0x06,0x06,0x06,0x08,0x09,0x85,0x85,0x85,0x85,0x85,0x85,0x85,
    0x85,0x85,0x85,0x85,0x85,0x85,0x85,0x85,0x85,0x85,0x85,0x85,0x85,0x85,0x85,0x85,
    0x85,0x85,0x85,0x85,0x85,0x85,0x85,0x85,0x85,0x85,0x85,0x85,0x85,0x85,0x85,0x85,
    0x85,0x85,0x85,0x85,0x85,0x85,0x85,0x85,0x85,0x85,0x85,0x0e,0x85,0x85,0x85,0x85,
    0x0a,0x0a,0x0a,0x0a,0x0a,0x0a,0x0a,0x0a,0x0a,0x0a,0x0a,0x0a,0x0a,0x0a,0x0a,0x0a,
    0x0a,0x0a,0x0a,0x0a,0x0a,0x0a,0x0a,0x0a,0x0a,0x0a,0x0a,0x0a,0x0a,0x0a,0x0a,0x0a,
    0x0a,0x0a,0x0a,0x0a,0x0a,0x0a,0x0a,0x0a,0x0a,0x0a,0x0a,0x0a,0x0a,0x0a,0x0a,0x0a,
    0x0a,0x0a,0x0a,0x0a,0x0a,0x0a,0x0a,0x0a,0x0a,0x0a,0x0a,0x0a,0x0a,0x0a,0x0a,0x09,
    0x09,0x08,0x08,0x06,0x06,0x06,0x06,0x08,0x09,0x0a,0x0a,0x0a,0x0a,0x0a,0x0a,0x0a,
    0x0a,0x0a,0x0a,0x0a,0x0a,0x0a,0x0a,0x0a,0x0a,0x0a,0x0a,0x0a,0x0a,0x0a,0x0a,0x0a,
    0x0a,0x0a,0x0a,0x0a,0x0a,0x0a,0x0a,0x0a,0x0a,0x0a,0x0a,0x0a,0x0a,0x0a,0x0a,0x0a,
    0x0a,0x0a,0x0a,0x0a,0x0a,0x0a,0x0a,0x0a,0x0a,0x0a,0x0a,0x0e,0x0a,0x0a,0x0a,0x0a,
    0x09,0x09,0x09,0x09,0x09,0x09,0x09,0x09,0x09,0x09,0x09,0x09,0x09,0x09,0x09,0x09,
    0x09,0x09,0x09,0x09,0x09,0x09,0x09,0x09,0x09,0x09,0x09,0x09,0x09,0x09,0x09,0x09,
    0x09,0x09,0x09,0x09,0x09,0x09,0x09,0x09,0x09,0x09,0x09,0x09,0x09,0x09,0x09,0x09,
    0x09,0x09,0x09,0x09,0x09,0x09,0x09,0x09,0x09,0x09,0x09,0x09,0x09,0x09,0x09,0x09,
    0x09,0x08,0x08,0x06,0x06,0x06,0x06,0x08,0x09,0x09,0x09,0x09,0x09,0x09,0x09,0x09,
    0x09,0x09,0x09,0x09,0x09,0x09,0x09,0x09,0x09,0x09,0x09,0x09,0x09,0x09,0x09,0x09,
    0x09,0x09,0x09,0x09,0x09,0x09,0x09,0x09,0x09,0x09,0x09,0x09,0x09,0x09,0x09,0x09,
    0x09,0x09,0x09,0x09,0x09,0x09,0x09,0x09,0x09,0x09,0x09,0x09,0x09,0x09,0x09,0x09,
    0x06,0x06,0x06,0x06,0x06,0x06,0x06,0x06,0x06,0x06,0x06,0x06,0x06,0x06,0x06,0x06,
    0x06,0x06,0x06,0x06,0x06,0x06,0x06,0x06,0x06,0x06,0x06,0x06,0x06,0x06,0x06,0x06,
    0x06,0x06,0x06,0x06,0x06,0x06,0x06,0x06,0x06,0x06,0x06,0x06,0x06,0x06,0x06,0x06,
    0x06,0x06,0x06,0x06,0x06,0x06,0x06,0x06,0x06,0x06,0x06,0x06,0x06,0x06,0x06,0x06,
    0x06,0x06,0x06,0x06,0x06,0x06,0x06,0x06,0x06,0x06,0x06,0x06,0x06,0x06,0x06,0x06,
    0x06,0x06,0x06,0x06,0x06,0x06,0x06,0x06,0x06,0x06,0x06,0x06,0x06,0x06,0x06,0x06,
    0x06,0x06,0x06,0x06,0x06,0x06,0x06,0x06,0x06,0x06,0x06,0x06,0x06,0x06,0x06,0x06,
    0x06,0x06,0x06,0x06,0x06,0x06,0x06,0x06,0x06,0x06,0x06,0x06,0x06,0x06,0x06,0x06,
    0x06,0x06,0x06,0x06,0x06,0x06,0x06,0x06,0x06,0x06,0x06,0x06,0x06,0x06,0x06,0x06,
    0x06,0x06,0x06,0x06,0x06,0x06,0x06,0x06,0x06,0x06,0x06,0x06,0x06,0x06,0x06,0x06,
    0x06,0x06,0x06,0x06,0x06,0x06,0x06,0x06,0x06,0x06,0x06,0x06,0x06,0x06,0x06,0x06,
    0x06,0x06,0x06,0x06,0x06,0x06,0x06,0x06,0x06,0x06,0x06,0x06,0x06,0x06,0x06,0x06,
    0x06,0x06,0x06,0x06,0x06,0x06,0x06,0x06,0x06,0x06,0x06,0x06,0x06,0x06,0x06,0x06,
    0x06,0x06,0x06,0x06,0x06,0x06,0x06,0x06,0x06,0x06,0x06,0x06,0x06,0x06,0x06,0x06,
    0x06,0x06,0x06,0x06,0x06,0x06,0x06,0x06,0x06,0x06,0x06,0x06,0x06,0x06,0x06,0x06,
    0x06,0x06,0x06,0x06,0x06,0x06,0x06,0x06,0x06,0x06,0x06,0x06,0x06,0x06,0x06,0x06,
    0x85,0x85,0x85,0x85,0x85,0x85,0x85,0x85,0x85,0x85,0x85,0x85,0x85,0x85,0x85,0x85,
    0x85,0x85,0x85,0x85,0x85,0x85,0x85,0x85,0x85,0x85,0x85,0x85,0x85,0x85,0x85,0x85,
    0x85,0x85,0x85,0x85,0x85,0x85,0x85,0x85,0x85,0x85,0x85,0x85,0x85,0x85,0x85,0x85,
    0x85,0x85,0x85,0x85,0x85,0x85,0x85,0x85,0x85,0x85,0x85,0x85,0x85,0x85,0x85,0x85,
    0x85,0x85,0x85,0x85,0x85,0x85,0x85,0x85,0x85,0x85,0x85,0x85,0x85,0x85,0x85,0x85,
    0x85,0x85,0x85,0x85,0x85,0x85,0x85,0x85,0x85,0x85,0x85,0x85,0x85,0x85,0x85,0x85,
    0x85,0x85,0x85,0x85,0x85,0x85,0x85,0x85,0x85,0x85,0x85,0x85,0x85,0x85,0x85,0x85,
    0x85,0x85,0x85,0x85,0x85,0x85,0x85,0x85,0x85,0x85,0x85,0x85,0x85,0x85,0x85,0x85,
    0x93,0x93,0x93,0x93,0x93,0x93,0x93,0x93,0x93,0x93,0x93,0x93,0x93,0x93,0x93,0x93,
    0x93,0x93,0x93,0x93,0x93,0x93,0x93,0x93,0x93,0x93,0x93,0x93,0x93,0x93,0x93,0x93,
    0x93,0x93,0x93,0x93,0x93,0x93,0x93,0x93,0x93,0x93,0x93,0x93,0x93,0x93,0x93,0x93,
    0x93,0x93,0x93,0x93,0x93,0x93,0x93,0x93,0x93,0x93,0x93,0x93,0x93,0x93,0x93,0x93,
    0x93,0x93,0x93,0x93,0x93,0x93,0x93,0x93,0x93,0x93,0x93,0x93,0x93,0x93,0x93,0x93,
    0x93,0x93,0x93,0x93,0x93,0x93,0x93,0x93,0x93,0x93,0x93,0x93,0x93,0x93,0x93,0x93,
    0x93,0x93,0x93,0x93,0x93,0x93,0x93,0x93,0x93,0x93,0x93,0x93,0x93,0x93,0x93,0x93,
    0x93,0x93,0x93,0x93,0x93,0x93,0x93,0x93,0x93,0x93,0x93,0x93,0x93,0x93,0x93,0x93,
    0x07,0x07,0x07,0x07,0x07,0x07,0x07,0x07,0x07,0x07,0x07,0x07,0x07,0x07,0x07,0x07,
    0x07,0x07,0x07,0x07,0x07,0x07,0x07,0x07,0x07,0x07,0x07,0x07,0x07,0x07,0x07,0x07,
    0x07,0x07,0x07,0x07,0x07,0x07,0x07,0x07,0x20,0x20,0x20,0x20,0x20,0x20,0x20,0x21,
    0x21,0x21,0x21,0x21,0x22,0x22,0x22,0x22,0x22,0x23,0x23,0x23,0x23,0x23,0x24,0x24,
    0x24,0x24,0x24,0x24,0x28,0x28,0x28,0x28,0x28,0x28,0x28,0x28,0x28,0x28,0x28,0x28,
    0x28,0x28,0x28,0x28,0x28,0x28,0x28,0x28,0x28,0x28,0x28,0x28,0x28,0x28,0x28,0x28,
    0x11,0x11,0x11,0x11,0x11,0x11,0x11,0x11,0x11,0x0f,0x0f,0x0f,0x0f,0x0f,0x0f,0x0f,
    0x0f,0x0c,0x0c,0x0c,0x0c,0x0c,0x0c,0x0c,0x0c,0x0c,0x09,0x09,0x09,0x09,0x09,0x09,
    0x07,0x07,0x07,0x07,0x07,0x07,0x07,0x07,0x07,0x07,0x07,0x07,0x07,0x07,0x07,0x07,
    0x07,0x0d,0x0d,0x0d,0x0d,0x0d,0x0d,0x07,0x07,0x07,0x07,0x07,0x07,0x07,0x07,0x07,
    0x07,0x07,0x07,0x07,0x07,0x07,0x07,0x07,0x20,0x20,0x20,0x20,0x20,0x20,0x20,0x21,
    0x21,0x21,0x21,0x21,0x22,0x22,0x22,0x22,0x22,0x23,0x23,0x23,0x23,0x23,0x24,0x24,
    0x24,0x24,0x24,0x24,0x28,0x28,0x28,0x28,0x27,0x28,0x28,0x28,0x28,0x28,0x28,0x28,
    0x28,0x27,0x28,0x28,0x28,0x28,0x28,0x28,0x28,0x28,0x28,0x28,0x28,0x28,0x28,0x28,
    0x11,0x11,0x11,0x11,0x11,0x11,0x11,0x11,0x11,0x0f,0x0f,0x0f,0x0f,0x0f,0x0f,0x0f,
    0x0f,0x0c,0x0c,0x0c,0x0c,0x0c,0x0c,0x0c,0x0c,0x0c,0x09,0x09,0x09,0x09,0x09,0x09,
    0x07,0x07,0x07,0x07,0x07,0x07,0x07,0x07,0x07,0x07,0x07,0x07,0x07,0x07,0x07,0x0d,
    0x0d,0x0b,0x0b,0x0b,0x0b,0x0b,0x0b,0x0d,0x0d,0x07,0x07,0x07,0x07,0x07,0x07,0x07,
    0x07,0x07,0x07,0x07,0x07,0x07,0x07,0x07,0x20,0x20,0x20,0x20,0x20,0x20,0x20,0x21,
    0x21,0x21,0x21,0x21,0x22,0x22,0x22,0x22,0x22,0x23,0x23,0x23,0x23,0x23,0x24,0x24,
    0x24,0x24,0x24,0x24,0x28,0x28,0x28,0x28,0x27,0x28,0x27,0x28,0x28,0x27,0x28,0x27,
    0x27,0x27,0x28,0x27,0x28,0x27,0x27,0x27,0x28,0x28,0x28,0x28,0x28,0x28,0x27,0x28,
    0x11,0x11,0x11,0x11,0x11,0x11,0x11,0x11,0x11,0x0f,0x0f,0x0f,0x0f,0x0f,0x0f,0x0f,
    0x0f,0x0c,0x0c,0x0c,0x0c,0x0c,0x0c,0x0c,0x0c,0x0c,0x09,0x09,0x09,0x09,0x09,0x09,
    0x07,0x07,0x07,0x07,0x07,0x07,0x07,0x07,0x07,0x07,0x07,0x07,0x07,0x0d,0x0d,0x0b,
    0x0b,0x0e,0x0e,0x0e,0x0e,0x0e,0x0e,0x0b,0x0b,0x0d,0x0d,0x07,0x07,0x07,0x07,0x07,
    0x07,0x07,0x07,0x07,0x07,0x07,0x07,0x07,0x20,0x20,0x20,0x20,0x20,0x20,0x20,0x21,
    0x21,0x21,0x21,0x21,0x22,0x22,0x22,0x22,0x22,0x23,0x23,0x23,0x23,0x23,0x24,0x24,
    0x24,0x24,0x24,0x24,0x28,0x28,0x28,0x28,0x28,0x28,0x28,0x28,0x28,0x27,0x27,0x27,
    0x27,0x27,0x28,0x27,0x28,0x27,0x27,0x27,0x28,0x28,0x28,0x27,0x27,0x28,0x28,0x28,
    0x11,0x11,0x11,0x11,0x11,0x11,0x11,0x11,0x11,0x0f,0x0f,0x0f,0x0f,0x0f,0x0f,0x0f,
    0x0f,0x0c,0x0c,0x0c,0x0c,0x0c,0x0c,0x0c,0x0c,0x0c,0x09,0x09,0x09,0x09,0x09,0x09,
    0x07,0x07,0x07,0x07,0x07,0x07,0x07,0x07,0x07,0x07,0x07,0x07,0x0d,0x0a,0x0b,0x0e,
    0x0e,0x0e,0x0e,0x0e,0x0e,0x0e,0x0e,0x0e,0x0e,0x0b,0x0a,0x0d,0x07,0x07,0x07,0x07,
    0x0f,0x11,0x0f,0x07,0x07,0x07,0x07,0x07,0x20,0x20,0x20,0x20,0x20,0x20,0x20,0x21,
    0x21,0x21,0x21,0x21,0x22,0x22,0x22,0x22,0x22,0x23,0x23,0x23,0x23,0x23,0x24,0x24,
    0x24,0x24,0x24,0x24,0x28,0x28,0x28,0x28,0x28,0x28,0x27,0x28,0x28,0x27,0x27,0x27,
    0x27,0x27,0x27,0x27,0x28,0x27,0x27,0x27,0x28,0x28,0x28,0x28,0x27,0x28,0x28,0x28,
    0x11,0x11,0x11,0x11,0x11,0x11,0x11,0x11,0x11,0x0f,0x0f,0x0f,0x0f,0x0f,0x0f,0x0f,
    0x0f,0x0c,0x0c,0x0c,0x0c,0x0c,0x0c,0x0c,0x0c,0x0c,0x09,0x09,0x09,0x09,0x09,0x09,
    0x07,0x07,0x07,0x07,0x07,0x07,0x07,0x07,0x07,0x07,0x07,0x07,0x0d,0x0b,0x0e,0x0e,
    0x0e,0x0e,0x0e,0x0e,0x0e,0x0e,0x0e,0x0e,0x0e,0x0e,0x0b,0x0d,0x07,0x07,0x07,0x07,
    0x07,0x07,0x07,0x07,0x07,0x07,0x07,0x07,0x20,0x20,0x20,0x20,0x20,0x20,0x20,0x21,
    0x21,0x21,0x21,0x21,0x22,0x22,0x22,0x22,0x22,0x23,0x23,0x23,0x23,0x23,0x24,0x24,
    0x24,0x24,0x24,0x24,0x28,0x28,0x28,0x28,0x28,0x28,0x27,0x28,0x28,0x27,0x27,0x27,
    0x27,0x27,0x27,0x27,0x27,0x27,0x27,0x27,0x28,0x27,0x28,0x28,0x27,0x28,0x28,0x28,
    0x11,0x11,0x11,0x11,0x11,0x11,0x11,0x11,0x11,0x0f,0x0f,0x0f,0x0f,0x0f,0x0f,0x0f,
    0x0f,0x0c,0x0c,0x0c,0x0c,0x0c,0x0c,0x0c,0x0c,0x0c,0x09,0x09,0x09,0x09,0x09,0x09,
    0x07,0x07,0x07,0x07,0x07,0x07,0x07,0x07,0x07,0x07,0x07,0x0d,0x0b,0x0e,0x0e,0x0e,
    0x0e,0x0e,0x0e,0x0e,0x0e,0x0e,0x0e,0x0e,0x0e,0x0e,0x0e,0x0b,0x0d,0x07,0x07,0x07,
    0x03,0x02,0x03,0x07,0x07,0x07,0x07,0x07,0x20,0x20,0x20,0x20,0x20,0x20,0x20,0x21,
    0x21,0x21,0x21,0x21,0x22,0x22,0x22,0x22,0x22,0x23,0x23,0x23,0x23,0x23,0x24,0x24,
    0x24,0x24,0x24,0x24,0x28,0x28,0x28,0x28,0x27,0x28,0x27,0x28,0x28,0x27,0x27,0x27,
    0x27,0x27,0x27,0x27,0x27,0x27,0x27,0x27,0x28,0x27,0x27,0x28,0x27,0x27,0x28,0x28,
    0x11,0x11,0x11,0x11,0x11,0x11,0x11,0x11,0x11,0x0f,0x0f,0x0f,0x0f,0x0f,0x0f,0x0f,
    0x0f,0x0c,0x0c,0x0c,0x0c,0x0c,0x0c,0x0c,0x0c,0x0c,0x09,0x09,0x09,0x09,0x09,0x09,
    0x07,0x07,0x07,0x07,0x07,0x07,0x07,0x07,0x07,0x07,0x07,0x0d,0x0b,0x0e,0x0e,0x0e,
    0x0e,0x0e,0x0e,0x0e,0x0e,0x0e,0x0e,0x0e,0x0e,0x0e,0x0e,0x0b,0x0d,0x0d,0x07,0x07,
    0x07,0x07,0x07,0x07,0x07,0x07,0x07,0x07,0x20,0x20,0x20,0x20,0x20,0x20,0x20,0x21,
    0x21,0x21,0x21,0x21,0x22,0x22,0x22,0x22,0x22,0x23,0x23,0x23,0x23,0x23,0x24,0x24,
    0x24,0x24,0x24,0x24,0x28,0x28,0x27,0x27,0x27,0x28,0x27,0x28,0x27,0x27,0x27,0x27,
    0x27,0x27,0x27,0x27,0x27,0x27,0x27,0x27,0x28,0x27,0x27,0x28,0x27,0x27,0x27,0x28,
    0x11,0x11,0x11,0x11,0x11,0x11,0x11,0x11,0x11,0x0f,0x0f,0x0f,0x0f,0x0f,0x0f,0x0f,
    0x0f,0x0c,0x0c,0x0c,0x0c,0x0c,0x0c,0x0c,0x0c,0x0c,0x09,0x09,0x09,0x09,0x09,0x09,
    0x07,0x07,0x07,0x07,0x07,0x07,0x07,0x07,0x07,0x07,0x0d,0x0b,0x0e,0x0e,0x0e,0x0e,
    0x0e,0x0e,0x0e,0x0e,0x0e,0x0e,0x0e,0x0e,0x0e,0x0e,0x0e,0x0e,0x0b,0x0d,0x07,0x07,
    0x07,0x07,0x07,0x07,0x07,0x07,0x07,0x07,0x20,0x20,0x20,0x20,0x20,0x20,0x20,0x21,
    0x21,0x21,0x21,0x21,0x22,0x22,0x22,0x22,0x22,0x23,0x23,0x23,0x23,0x23,0x24,0x24,
    0x24,0x24,0x24,0x24,0x28,0x28,0x27,0x27,0x27,0x28,0x27,0x27,0x27,0x27,0x27,0x27,
    0x27,0x27,0x27,0x27,0x27,0x27,0x27,0x27,0x28,0x27,0x27,0x28,0x27,0x27,0x27,0x28,
    0x11,0x11,0x11,0x11,0x11,0x11,0x11,0x11,0x11,0x0f,0x0f,0x0f,0x0f,0x0f,0x0f,0x0f,
    0x0f,0x0c,0x0c,0x0c,0x0c,0x0c,0x0c,0x0c,0x0c,0x0c,0x09,0x09,0x09,0x09,0x09,0x09,
    0x07,0x07,0x07,0x07,0x07,0x07,0x07,0x07,0x07,0x07,0x0d,0x0b,0x0e,0x0e,0x0e,0x0e,
    0x0e,0x0e,0x0e,0x0e,0x0e,0x0e,0x0e,0x0e,0x0e,0x0e,0x0e,0x0e,0x0b,0x0d,0x07,0x07,
    0x07,0x07,0x07,0x07,0x07,0x07,0x07,0x07,0x20,0x20,0x20,0x20,0x20,0x20,0x20,0x21,
    0x21,0x21,0x21,0x21,0x22,0x22,0x22,0x22,0x22,0x23,0x23,0x23,0x23,0x23,0x24,0x24,
    0x24,0x24,0x24,0x24,0x28,0x28,0x27,0x27,0x27,0x28,0x27,0x27,0x27,0x27,0x27,0x27,
    0x27,0x27,0x27,0x27,0x27,0x27,0x27,0x27,0x28,0x27,0x27,0x27,0x27,0x27,0x27,0x28,
    0x11,0x11,0x11,0x11,0x11,0x11,0x11,0x11,0x11,0x0f,0x0f,0x0f,0x0f,0x0f,0x0f,0x0f,
    0x0f,0x0c,0x0c,0x0c,0x0c,0x0c,0x0c,0x0c,0x0c,0x0c,0x09,0x09,0x09,0x09,0x09,0x09,
    0x07,0x07,0x07,0x07,0x07,0x07,0x07,0x07,0x07,0x07,0x0d,0x0b,0x0e,0x0e,0x0e,0x0e,
    0x0e,0x0e,0x0e,0x0b,0x0b,0x0e,0x0e,0x0e,0x0e,0x0e,0x0e,0x0e,0x0b,0x0d,0x07,0x07,
    0x07,0x07,0x07,0x07,0x07,0x07,0x07,0x07,0x20,0x20,0x20,0x20,0x20,0x20,0x20,0x21,
    0x21,0x21,0x21,0x21,0x22,0x22,0x22,0x22,0x22,0x23,0x23,0x23,0x23,0x23,0x24,0x24,
    0x24,0x24,0x24,0x24,0x28,0x28,0x27,0x27,0x27,0x28,0x27,0x27,0x27,0x27,0x27,0x27,
    0x27,0x27,0x27,0x27,0x27,0x27,0x27,0x27,0x28,0x27,0x27,0x27,0x27,0x27,0x27,0x28,
    0x11,0x11,0x11,0x11,0x11,0x11,0x11,0x11,0x11,0x0f,0x0f,0x0f,0x0f,0x0f,0x0f,0x0f,
    0x0f,0x0c,0x0c,0x0c,0x0c,0x0c,0x0c,0x0c,0x0c,0x0c,0x09,0x09,0x09,0x09,0x09,0x09,
    0x07,0x07,0x07,0x07,0x07,0x07,0x07,0x07,0x07,0x07,0x0d,0x0b,0x0e,0x0e,0x0e,0x0e,
    0x0e,0x0e,0x0e,0x0b,0x0b,0x0e,0x0e,0x0e,0x0e,0x0e,0x0e,0x0e,0x0b,0x0d,0x07,0x07,
    0x07,0x07,0x07,0x07,0x07,0x07,0x07,0x07,0x20,0x20,0x20,0x20,0x20,0x20,0x20,0x21,
    0x21,0x21,0x21,0x21,0x22,0x22,0x22,0x22,0x22,0x23,0x23,0x23,0x23,0x23,0x24,0x24,
    0x24,0x24,0x24,0x24,0x28,0x28,0x27,0x27,0x27,0x27,0x27,0x27,0x27,0x27,0x27,0x27,
    0x27,0x27,0x27,0x27,0x27,0x27,0x27,0x27,0x28,0x27,0x27,0x27,0x27,0x27,0x27,0x28,
    0x11,0x11,0x11,0x11,0x11,0x11,0x11,0x11,0x11,0x0f,0x0f,0x0f,0x0f,0x0f,0x0f,0x0f,
    0x0f,0x0c,0x0c,0x0c,0x0c,0x0c,0x0c,0x0c,0x0c,0x0c,0x09,0x09,0x09,0x09,0x09,0x09,
    0x07,0x07,0x07,0x07,0x07,0x07,0x07,0x07,0x07,0x07,0x0d,0x0b,0x0e,0x0e,0x0e,0x0e,
    0x0e,0x0e,0x0e,0x0e,0x0e,0x0e,0x0e,0x0e,0x0e,0x0e,0x0e,0x0e,0x0b,0x0d,0x07,0x07,
    0x07,0x07,0x07,0x07,0x07,0x07,0x07,0x07,0x20,0x20,0x20,0x20,0x20,0x20,0x20,0x21,
    0x21,0x21,0x21,0x21,0x22,0x22,0x22,0x22,0x22,0x23,0x23,0x23,0x23,0x23,0x24,0x24,
    0x24,0x24,0x24,0x24,0x28,0x27,0x28,0x27,0x27,0x27,0x27,0x27,0x27,0x27,0x27,0x27,
    0x27,0x27,0x27,0x27,0x27,0x27,0x27,0x27,0x28,0x27,0x27,0x27,0x27,0x27,0x27,0x28,
    0x11,0x11,0x11,0x11,0x11,0x11,0x11,0x11,0x11,0x0f,0x0f,0x0f,0x0f,0x0f,0x0f,0x0f,
    0x0f,0x0c,0x0c,0x0c,0x0c,0x0c,0x0c,0x0c,0x0c,0x0c,0x09,0x09,0x09,0x09,0x09,0x09,
    0x07,0x07,0x07,0x07,0x07,0x07,0x07,0x07,0x07,0x07,0x0d,0x0b,0x0e,0x0e,0x0e,0x0e,
    0x0e,0x0e,0x0e,0x0e,0x0e,0x0e,0x0e,0x0e,0x0e,0x0e,0x0e,0x0e,0x0b,0x0d,0x07,0x07,
    0x07,0x07,0x07,0x07,0x07,0x07,0x07,0x07,0x20,0x20,0x20,0x20,0x20,0x20,0x20,0x21,
    0x21,0x21,0x21,0x21,0x22,0x22,0x22,0x22,0x22,0x23,0x23,0x23,0x23,0x23,0x24,0x24,
    0x24,0x24,0x24,0x24,0x28,0x27,0x28,0x27,0x27,0x27,0x27,0x27,0x27,0x27,0x27,0x27,
    0x27,0x27,0x27,0x27,0x27,0x27,0x27,0x27,0x28,0x27,0x27,0x27,0x27,0x27,0x27,0x28,
    0x11,0x11,0x11,0x11,0x11,0x11,0x11,0x11,0x11,0x0f,0x0f,0x0f,0x0f,0x0f,0x0f,0x0f,
    0x0f,0x0c,0x0c,0x0c,0x0c,0x0c,0x0c,0x0c,0x0c,0x0c,0x09,0x09,0x09,0x09,0x09,0x09,
    0x07,0x07,0x07,0x07,0x07,0x07,0x07,0x07,0x07,0x07,0x07,0x0d,0x0b,0x0e,0x0e,0x0e,
    0x0e,0x0e,0x0e,0x0e,0x0e,0x0e,0x0e,0x0e,0x0e,0x0e,0x0e,0x0b,0x0d,0x07,0x07,0x07,
    0x07,0x07,0x07,0x07,0x07,0x07,0x07,0x07,0x20,0x20,0x20,0x20,0x20,0x20,0x20,0x21,
    0x21,0x21,0x21,0x21,0x22,0x22,0x22,0x22,0x22,0x23,0x23,0x23,0x23,0x23,0x24,0x24,
    0x24,0x24,0x24,0x24,0x28,0x27,0x28,0x27,0x27,0x27,0x27,0x27,0x27,0x27,0x27,0x27,
    0x27,0x27,0x27,0x27,0x27,0x27,0x27,0x27,0x27,0x27,0x27,0x27,0x27,0x27,0x27,0x28,
    0x11,0x11,0x11,0x11,0x11,0x11,0x11,0x11,0x11,0x0f,0x0f,0x0f,0x0f,0x0f,0x0f,0x0f,
    0x0f,0x0c,0x0c,0x0c,0x0c,0x0c,0x0c,0x0c,0x0c,0x0c,0x09,0x09,0x09,0x09,0x09,0x09,
    0x07,0x07,0x07,0x07,0x07,0x07,0x07,0x07,0x07,0x07,0x07,0x0d,0x0b,0x0e,0x0e,0x0e,
    0x0e,0x0e,0x0e,0x0e,0x0e,0x0e,0x0e,0x0e,0x0e,0x0e,0x0e,0x0b,0x0d,0x07,0x07,0x07,
    0x07,0x07,0x07,0x07,0x07,0x07,0x07,0x07,0x20,0x20,0x20,0x20,0x20,0x20,0x20,0x21,
    0x21,0x21,0x21,0x21,0x22,0x22,0x22,0x22,0x22,0x23,0x23,0x23,0x23,0x23,0x24,0x24,
    0x24,0x24,0x24,0x24,0x28,0x27,0x28,0x27,0x27,0x27,0x27,0x27,0x27,0x27,0x27,0x27,
    0x27,0x27,0x27,0x27,0x27,0x27,0x27,0x27,0x27,0x27,0x27,0x27,0x27,0x27,0x27,0x28,
    0x11,0x11,0x11,0x11,0x11,0x11,0x11,0x11,0x11,0x0f,0x0f,0x0f,0x0f,0x0f,0x0f,0x0f,
    0x0f,0x0c,0x0c,0x0c,0x0c,0x0c,0x0c,0x0c,0x0c,0x0c,0x09,0x09,0x09,0x09,0x09,0x09,
    0x07,0x07,0x07,0x07,0x07,0x07,0x07,0x07,0x07,0x07,0x07,0x07,0x0d,0x0b,0x0e,0x0e,
    0x0e,0x0e,0x0e,0x0e,0x0e,0x0e,0x0e,0x0e,0x0e,0x0e,0x0b,0x0d,0x07,0x07,0x07,0x07,
    0x07,0x07,0x07,0x07,0x07,0x07,0x07,0x07,0x20,0x20,0x20,0x20,0x20,0x20,0x20,0x21,
    0x21,0x21,0x21,0x21,0x22,0x22,0x22,0x22,0x22,0x23,0x23,0x23,0x23,0x23,0x24,0x24,
    0x24,0x24,0x24,0x24,0x28,0x27,0x28,0x27,0x27,0x27,0x27,0x27,0x27,0x27,0x27,0x27,
    0x27,0x27,0x27,0x27,0x27,0x27,0x27,0x27,0x27,0x27,0x27,0x27,0x27,0x27,0x27,0x28,
    0x11,0x11,0x11,0x11,0x11,0x11,0x11,0x11,0x11,0x0f,0x0f,0x0f,0x0f,0x0f,0x0f,0x0f,
    0x0f,0x0c,0x0c,0x0c,0x0c,0x0c,0x0c,0x0c,0x0c,0x0c,0x09,0x09,0x09,0x09,0x09,0x09,
    0x07,0x07,0x07,0x07,0x07,0x07,0x07,0x11,0x11,0x07,0x07,0x07,0x0d,0x0a,0x0b,0x0e,
    0x0e,0x0e,0x0e,0x0e,0x0e,0x0e,0x0e,0x0e,0x0e,0x0b,0x0a,0x0d,0x07,0x07,0x07,0x07,
    0x11,0x11,0x07,0x07,0x07,0x07,0x07,0x07,0x20,0x20,0x20,0x20,0x20,0x20,0x20,0x21,
    0x21,0x21,0x21,0x21,0x22,0x22,0x22,0x22,0x22,0x23,0x23,0x23,0x23,0x23,0x24,0x24,
    0x24,0x24,0x24,0x24,0x27,0x27,0x28,0x27,0x27,0x27,0x27,0x27,0x27,0x27,0x27,0x27,
    0x27,0x27,0x27,0x27,0x27,0x27,0x27,0x27,0x27,0x27,0x27,0x27,0x27,0x27,0x27,0x28,
    0x11,0x11,0x11,0x11,0x11,0x11,0x11,0x11,0x11,0x0f,0x0f,0x0f,0x0f,0x0f,0x0f,0x0f,
    0x0f,0x0c,0x0c,0x0c,0x0c,0x0c,0x0c,0x0c,0x0c,0x0c,0x09,0x09,0x09,0x09,0x09,0x09,
    0x07,0x07,0x07,0x07,0x07,0x07,0x07,0x11,0x11,0x07,0x07,0x07,0x07,0x0d,0x0d,0x0b,
    0x0b,0x0e,0x0e,0x0e,0x0e,0x0e,0x0e,0x0b,0x0b,0x0d,0x0d,0x07,0x07,0x07,0x07,0x07,
    0x11,0x11,0x07,0x07,0x07,0x07,0x07,0x07,0x20,0x20,0x20,0x20,0x20,0x20,0x20,0x21,
    0x21,0x21,0x21,0x21,0x22,0x22,0x22,0x22,0x22,0x23,0x23,0x23,0x23,0x23,0x24,0x24,
    0x24,0x24,0x24,0x24,0x27,0x27,0x27,0x27,0x27,0x27,0x27,0x27,0x27,0x27,0x27,0x27,
    0x27,0x27,0x27,0x27,0x27,0x27,0x27,0x27,0x27,0x27,0x27,0x27,0x27,0x27,0x27,0x28,
    0x11,0x11,0x11,0x11,0x11,0x11,0x11,0x11,0x11,0x0f,0x0f,0x0f,0x0f,0x0f,0x0f,0x0f,
    0x0f,0x0c,0x0c,0x0c,0x0c,0x0c,0x0c,0x0c,0x0c,0x0c,0x09,0x09,0x09,0x09,0x09,0x09,
    0x07,0x07,0x07,0x07,0x07,0x07,0x07,0x07,0x07,0x07,0x07,0x07,0x07,0x07,0x07,0x0d,
    0x0d,0x0b,0x0b,0x0b,0x0b,0x0b,0x0b,0x0d,0x0d,0x07,0x07,0x07,0x07,0x07,0x07,0x07,
    0x07,0x07,0x07,0x07,0x07,0x07,0x07,0x07,0x20,0x20,0x20,0x20,0x20,0x20,0x20,0x21,
    0x21,0x21,0x21,0x21,0x22,0x22,0x22,0x22,0x22,0x23,0x23,0x23,0x23,0x23,0x24,0x24,
    0x24,0x24,0x24,0x24,0x27,0x27,0x27,0x27,0x27,0x27,0x27,0x27,0x27,0x27,0x27,0x27,
    0x27,0x27,0x27,0x27,0x27,0x27,0x27,0x27,0x27,0x27,0x27,0x27,0x27,0x27,0x27,0x27,
    0x11,0x11,0x11,0x11,0x11,0x11,0x11,0x11,0x11,0x0f,0x0f,0x0f,0x0f,0x0f,0x0f,0x0f,
    0x0f,0x0c,0x0c,0x0c,0x0c,0x0c,0x0c,0x0c,0x0c,0x0c,0x09,0x09,0x09,0x09,0x09,0x09,
    0x07,0x07,0x07,0x07,0x07,0x07,0x07,0x07,0x07,0x07,0x07,0x07,0x07,0x07,0x07,0x07,
    0x07,0x0d,0x0d,0x0d,0x0d,0x0d,0x0d,0x07,0x07,0x07,0x07,0x07,0x07,0x07,0x07,0x07,
    0x07,0x07,0x07,0x07,0x07,0x07,0x07,0x07,0x20,0x20,0x20,0x20,0x20,0x20,0x20,0x21,
    0x21,0x21,0x21,0x21,0x22,0x22,0x22,0x22,0x22,0x23,0x23,0x23,0x23,0x23,0x24,0x24,
    0x24,0x24,0x24,0x24,0x27,0x27,0x27,0x27,0x27,0x27,0x27,0x27,0x27,0x27,0x27,0x27,
    0x27,0x27,0x27,0x27,0x27,0x27,0x27,0x27,0x27,0x27,0x27,0x27,0x27,0x27,0x27,0x27,
    0x11,0x11,0x11,0x11,0x11,0x11,0x11,0x11,0x11,0x0f,0x0f,0x0f,0x0f,0x0f,0x0f,0x0f,
    0x0f,0x0c,0x0c,0x0c,0x0c,0x0c,0x0c,0x0c,0x0c,0x0c,0x09,0x09,0x09,0x09,0x09,0x09,
    0x0a,0x0a,0x0a,0x0a,0x07,0x05,0x05,0x05,0x05,0x05,0x05,0x05,0x05,0x05,0x05,0x05,
    0x05,0x05,0x05,0x05,0x05,0x05,0x05,0x05,0x05,0x05,0x05,0x05,0x05,0x05,0x05,0x05,
    0x05,0x05,0x05,0x3b,0x07,0x0d,0x0d,0x36,0x20,0x20,0x20,0x20,0x20,0x20,0x20,0x21,
    0x21,0x21,0x21,0x21,0x22,0x22,0x22,0x22,0x22,0x23,0x23,0x23,0x23,0x23,0x24,0x24,
    0x24,0x24,0x24,0x24,0x27,0x27,0x27,0x27,0x27,0x27,0x27,0x27,0x27,0x27,0x27,0x27,
    0x27,0x27,0x27,0x27,0x27,0x27,0x27,0x27,0x27,0x27,0x27,0x28,0x27,0x27,0x27,0x27,
    0x11,0x11,0x11,0x11,0x11,0x11,0x11,0x11,0x11,0x0f,0x0f,0x0f,0x0f,0x0f,0x0f,0x0f,
    0x0f,0x0c,0x0c,0x0c,0x0c,0x0c,0x0c,0x0c,0x0c,0x0c,0x09,0x09,0x09,0x09,0x09,0x09,
    0x0a,0x36,0x36,0x07,0x07,0x07,0x07,0x3b,0x05,0x05,0x05,0x05,0x05,0x05,0x05,0x05,
    0x05,0x05,0x05,0x05,0x05,0x05,0x05,0x05,0x05,0x05,0x05,0x05,0x05,0x3b,0x0a,0x0a,
    0x0a,0x3b,0x07,0x0d,0x0d,0x36,0x36,0x36,0x20,0x20,0x20,0x20,0x20,0x20,0x20,0x21,
    0x21,0x21,0x21,0x21,0x22,0x22,0x22,0x22,0x22,0x23,0x23,0x23,0x23,0x23,0x24,0x24,
    0x24,0x24,0x24,0x24,0x27,0x27,0x27,0x27,0x27,0x27,0x27,0x27,0x27,0x27,0x27,0x27,
    0x27,0x27,0x27,0x27,0x27,0x27,0x27,0x27,0x27,0x27,0x27,0x28,0x27,0x27,0x27,0x27,
    0x11,0x11,0x11,0x11,0x11,0x11,0x11,0x11,0x11,0x0f,0x0f,0x0f,0x0f,0x0f,0x0f,0x0f,
    0x0f,0x0c,0x0c,0x0c,0x0c,0x0c,0x0c,0x0c,0x0c,0x0c,0x09,0x09,0x09,0x09,0x09,0x09,
    0x0a,0x36,0x36,0x07,0x39,0x39,0x39,0x07,0x0a,0x04,0x04,0x04,0x04,0x04,0x04,0x04,
    0x04,0x04,0x04,0x04,0x04,0x04,0x04,0x04,0x04,0x04,0x04,0x04,0x3b,0x08,0x06,0x06,
    0x06,0x08,0x0d,0x36,0x07,0x07,0x36,0x36,0x20,0x20,0x20,0x20,0x20,0x20,0x20,0x21,
    0x21,0x21,0x21,0x21,0x22,0x22,0x22,0x22,0x22,0x23,0x23,0x23,0x23,0x23,0x24,0x24,
    0x24,0x24,0x24,0x24,0x27,0x27,0x27,0x27,0x27,0x27,0x27,0x27,0x27,0x27,0x27,0x27,
    0x27,0x27,0x27,0x27,0x27,0x27,0x27,0x27,0x27,0x27,0x27,0x28,0x27,0x27,0x27,0x27,
    0x11,0x11,0x11,0x11,0x11,0x11,0x11,0x11,0x11,0x0f,0x0f,0x0f,0x0f,0x0f,0x0f,0x0f,
    0x0f,0x0c,0x0c,0x0c,0x0c,0x0c,0x0c,0x0c,0x0c,0x0c,0x09,0x09,0x09,0x09,0x09,0x09,
    0x0a,0x36,0x36,0x07,0x39,0x3b,0x3b,0x3d,0x07,0x05,0x05,0x05,0x05,0x05,0x05,0x05,
    0x05,0x05,0x05,0x05,0x05,0x05,0x05,0x05,0x05,0x05,0x05,0x05,0x0a,0x06,0x06,0x06,
    0x06,0x06,0x0a,0x3b,0x07,0x07,0x36,0x36,0x20,0x20,0x20,0x20,0x20,0x20,0x20,0x21,
    0x21,0x21,0x21,0x21,0x22,0x22,0x22,0x22,0x22,0x23,0x23,0x23,0x23,0x23,0x24,0x24,
    0x24,0x24,0x24,0x24,0x27,0x27,0x27,0x27,0x27,0x27,0x27,0x27,0x27,0x27,0x27,0x27,
    0x27,0x27,0x27,0x27,0x27,0x27,0x27,0x27,0x27,0x27,0x27,0x28,0x27,0x27,0x27,0x27,
    0x11,0x11,0x11,0x11,0x11,0x11,0x11,0x11,0x11,0x0f,0x0f,0x0f,0x0f,0x0f,0x0f,0x0f,
    0x0f,0x0c,0x0c,0x0c,0x0c,0x0c,0x0c,0x0c,0x0c,0x0c,0x09,0x09,0x09,0x09,0x09,0x09,
    0x0a,0x36,0x36,0x07,0x39,0x3b,0x3b,0x3d,0x07,0x05,0x05,0x05,0x05,0x05,0x05,0x05,
    0x05,0x05,0x05,0x05,0x05,0x05,0x05,0x05,0x05,0x05,0x05,0x05,0x0a,0x06,0x06,0x06,
    0x06,0x06,0x0a,0x3b,0x07,0x07,0x36,0x36,0x20,0x20,0x20,0x20,0x20,0x20,0x20,0x21,
    0x21,0x21,0x21,0x21,0x22,0x22,0x22,0x22,0x22,0x23,0x23,0x23,0x23,0x23,0x24,0x24,
    0x24,0x24,0x24,0x24,0x27,0x27,0x27,0x27,0x27,0x27,0x28,0x27,0x27,0x27,0x27,0x27,
    0x27,0x27,0x27,0x27,0x27,0x27,0x27,0x27,0x27,0x27,0x27,0x28,0x27,0x27,0x27,0x27,
    0x11,0x11,0x11,0x11,0x11,0x11,0x11,0x11,0x11,0x0f,0x0f,0x0f,0x0f,0x0f,0x0f,0x0f,
    0x0f,0x0c,0x0c,0x0c,0x0c,0x0c,0x0c,0x0c,0x0c,0x0c,0x09,0x09,0x09,0x09,0x09,0x09,
    0x0a,0x36,0x36,0x07,0x39,0x3b,0x3b,0x3d,0x07,0x05,0x05,0x05,0x05,0x05,0x05,0x05,
    0x05,0x05,0x05,0x05,0x05,0x05,0x05,0x05,0x05,0x05,0x05,0x05,0x3b,0x08,0x06,0x06,
    0x06,0x08,0x0d,0x3b,0x07,0x07,0x36,0x36,0x20,0x20,0x20,0x20,0x20,0x20,0x20,0x21,
    0x21,0x21,0x21,0x21,0x22,0x22,0x22,0x22,0x22,0x23,0x23,0x23,0x23,0x23,0x24,0x24,
    0x24,0x24,0x24,0x24,0x27,0x27,0x27,0x27,0x27,0x28,0x27,0x27,0x27,0x27,0x27,0x27,
    0x27,0x27,0x27,0x27,0x27,0x27,0x27,0x27,0x27,0x27,0x27,0x27,0x28,0x27,0x27,0x27,
    0x11,0x11,0x11,0x11,0x11,0x11,0x11,0x11,0x11,0x0f,0x0f,0x0f,0x0f,0x0f,0x0f,0x0f,
    0x0f,0x0c,0x0c,0x0c,0x0c,0x0c,0x0c,0x0c,0x0c,0x0c,0x09,0x09,0x09,0x09,0x09,0x09,
    0x0a,0x36,0x36,0x07,0x39,0x3b,0x3b,0x3d,0x07,0x05,0x05,0x05,0x05,0x05,0x05,0x05,
    0x05,0x05,0x05,0x05,0x05,0x05,0x05,0x05,0x05,0x05,0x05,0x05,0x05,0x3b,0x0a,0x0a,
    0x0a,0x0d,0x36,0x3b,0x07,0x07,0x36,0x36,0x20,0x20,0x20,0x20,0x20,0x20,0x20,0x21,
    0x21,0x21,0x21,0x21,0x22,0x22,0x22,0x22,0x22,0x23,0x23,0x23,0x23,0x23,0x24,0x24,
    0x24,0x24,0x24,0x24,0x27,0x27,0x27,0x27,0x27,0x28,0x27,0x27,0x27,0x27,0x27,0x27,
    0x27,0x27,0x27,0x27,0x27,0x27,0x27,0x27,0x27,0x27,0x27,0x27,0x28,0x27,0x27,0x27,
    0x11,0x11,0x11,0x11,0x11,0x11,0x11,0x11,0x11,0x0f,0x0f,0x0f,0x0f,0x0f,0x0f,0x0f,
    0x0f,0x0c,0x0c,0x0c,0x0c,0x0c,0x0c,0x0c,0x0c,0x0c,0x09,0x09,0x09,0x09,0x09,0x09,
    0x0a,0x36,0x36,0x07,0x39,0x3b,0x3b,0x3d,0x07,0x05,0x05,0x05,0x05,0x05,0x05,0x05,
    0x05,0x05,0x05,0x05,0x05,0x05,0x05,0x05,0x05,0x05,0x05,0x05,0x05,0x05,0x05,0x05,
    0x07,0x3d,0x3b,0x3b,0x07,0x07,0x36,0x36,0x20,0x20,0x20,0x20,0x20,0x20,0x20,0x21,
    0x21,0x21,0x21,0x21,0x22,0x22,0x22,0x22,0x22,0x23,0x23,0x23,0x23,0x23,0x24,0x24,
    0x24,0x24,0x24,0x24,0x27,0x27,0x27,0x27,0x27,0x27,0x27,0x27,0x27,0x27,0x27,0x27,
    0x27,0x27,0x27,0x28,0x27,0x27,0x27,0x27,0x27,0x27,0x27,0x27,0x27,0x27,0x27,0x27,
    0x11,0x11,0x11,0x11,0x11,0x11,0x11,0x11,0x11,0x0f,0x0f,0x0f,0x0f,0x0f,0x0f,0x0f,
    0x0f,0x0c,0x0c,0x0c,0x0c,0x0c,0x0c,0x0c,0x0c,0x0c,0x09,0x09,0x09,0x09,0x09,0x09,
    0x0a,0x36,0x36,0x07,0x39,0x3b,0x3b,0x3d,0x07,0x05,0x05,0x05,0x05,0x05,0x05,0x05,
    0x05,0x05,0x05,0x05,0x05,0x05,0x05,0x05,0x05,0x05,0x05,0x05,0x05,0x05,0x05,0x05,
    0x07,0x3d,0x3b,0x3b,0x39,0x07,0x36,0x36,0x0a,0x20,0x20,0x20,0x20,0x20,0x20,0x21,
    0x21,0x21,0x21,0x21,0x22,0x22,0x22,0x22,0x22,0x23,0x23,0x23,0x23,0x23,0x24,0x24,
    0x24,0x24,0x24,0x24,0x27,0x27,0x27,0x27,0x27,0x27,0x27,0x27,0x27,0x27,0x27,0x27,
    0x27,0x27,0x27,0x28,0x27,0x27,0x27,0x27,0x27,0x27,0x27,0x27,0x27,0x27,0x27,0x27,
    0x11,0x11,0x11,0x11,0x11,0x11,0x11,0x11,0x11,0x0f,0x0f,0x0f,0x0f,0x0f,0x0f,0x0f,
    0x0f,0x0c,0x0c,0x0c,0x0c,0x0c,0x0c,0x0c,0x0c,0x0c,0x09,0x09,0x09,0x09,0x09,0x09,
    0x0a,0x36,0x36,0x07,0x39,0x3b,0x3b,0x3d,0x07,0x05,0x05,0x05,0x05,0x05,0x05,0x05,
    0x05,0x05,0x05,0x05,0x05,0x05,0x05,0x05,0x05,0x05,0x05,0x05,0x05,0x05,0x05,0x05,
    0x07,0x3d,0x3b,0x3b,0x39,0x07,0x36,0x36,0x0a,0x20,0x20,0x20,0x20,0x20,0x20,0x21,
    0x21,0x21,0x21,0x21,0x22,0x22,0x22,0x22,0x22,0x23,0x23,0x23,0x23,0x23,0x24,0x24,
    0x24,0x24,0x24,0x24,0x27,0x27,0x27,0x27,0x27,0x27,0x27,0x27,0x27,0x27,0x27,0x27,
    0x27,0x27,0x27,0x28,0x27,0x27,0x27,0x27,0x27,0x27,0x27,0x27,0x27,0x27,0x27,0x27,
    0x11,0x11,0x11,0x11,0x11,0x11,0x11,0x11,0x11,0x0f,0x0f,0x0f,0x0f,0x0f,0x0f,0x0f,
    0x0f,0x0c,0x0c,0x0c,0x0c,0x0c,0x0c,0x0c,0x0c,0x0c,0x09,0x09,0x09,0x09,0x09,0x09,
    0x0a,0x36,0x36,0x07,0x39,0x3b,0x3b,0x3d,0x07,0x05,0x05,0x05,0x05,0x05,0x05,0x05,
    0x05,0x05,0x05,0x05,0x05,0x05,0x05,0x05,0x05,0x05,0x05,0x05,0x05,0x05,0x05,0x05,
    0x07,0x3d,0x3b,0x3b,0x39,0x07,0x36,0x36,0x0a,0x20,0x20,0x20,0x20,0x20,0x20,0x21,
    0x21,0x21,0x21,0x21,0x22,0x22,0x22,0x22,0x22,0x23,0x23,0x23,0x23,0x23,0x24,0x24,
    0x24,0x24,0x24,0x24,0x27,0x27,0x27,0x27,0x27,0x27,0x27,0x27,0x28,0x27,0x27,0x27,
    0x27,0x27,0x27,0x27,0x27,0x27,0x27,0x27,0x27,0x27,0x27,0x27,0x27,0x27,0x27,0x27,
    0x11,0x11,0x11,0x11,0x11,0x11,0x11,0x11,0x11,0x0f,0x0f,0x0f,0x0f,0x0f,0x0f,0x0f,
    0x0f,0x0c,0x0c,0x0c,0x0c,0x0c,0x0c,0x0c,0x0c,0x0c,0x09,0x09,0x09,0x09,0x09,0x09,
    0x0a,0x36,0x36,0x07,0x39,0x3b,0x3b,0x3d,0x07,0x05,0x05,0x05,0x05,0x05,0x05,0x05,
    0x05,0x05,0x05,0x05,0x05,0x05,0x05,0x05,0x05,0x05,0x05,0x05,0x05,0x05,0x05,0x05,
    0x07,0x3d,0x3b,0x3b,0x39,0x07,0x36,0x36,0x0a,0x20,0x20,0x20,0x20,0x20,0x20,0x21,
    0x21,0x21,0x21,0x21,0x22,0x22,0x22,0x22,0x22,0x23,0x23,0x23,0x23,0x23,0x24,0x24,
    0x24,0x24,0x24,0x24,0x27,0x27,0x27,0x27,0x27,0x27,0x27,0x27,0x27,0x28,0x27,0x27,
    0x27,0x27,0x27,0x27,0x27,0x27,0x27,0x27,0x27,0x27,0x27,0x27,0x27,0x27,0x27,0x27,
    0x11,0x11,0x11,0x11,0x11,0x11,0x11,0x11,0x11,0x0f,0x0f,0x0f,0x0f,0x0f,0x0f,0x0f,
    0x0f,0x0c,0x0c,0x0c,0x0c,0x0c,0x0c,0x0c,0x0c,0x0c,0x09,0x09,0x09,0x09,0x09,0x09,
    0x0a,0x36,0x36,0x07,0x39,0x3b,0x3b,0x3d,0x07,0x05,0x05,0x05,0x05,0x05,0x05,0x05,
    0x05,0x05,0x05,0x05,0x05,0x05,0x05,0x05,0x05,0x05,0x05,0x05,0x05,0x05,0x05,0x05,
    0x07,0x3d,0x3b,0x3b,0x39,0x07,0x36,0x36,0x0a,0x20,0x20,0x20,0x20,0x20,0x20,0x21,
    0x21,0x21,0x21,0x21,0x22,0x22,0x22,0x22,0x22,0x23,0x23,0x23,0x23,0x23,0x24,0x24,
    0x24,0x24,0x24,0x24,0x27,0x27,0x27,0x27,0x27,0x27,0x27,0x27,0x27,0x27,0x27,0x27,
    0x27,0x27,0x27,0x27,0x27,0x27,0x27,0x27,0x27,0x27,0x27,0x27,0x27,0x27,0x27,0x27,
    0x11,0x11,0x11,0x11,0x11,0x11,0x11,0x11,0x11,0x0f,0x0f,0x0f,0x0f,0x0f,0x0f,0x0f,
    0x0f,0x0c,0x0c,0x0c,0x0c,0x0c,0x0c,0x0c,0x0c,0x0c,0x09,0x09,0x09,0x09,0x09,0x09,
    0x0a,0x36,0x36,0x07,0x39,0x3b,0x3b,0x3d,0x07,0x05,0x05,0x05,0x05,0x05,0x05,0x05,
    0x05,0x05,0x05,0x05,0x05,0x05,0x05,0x05,0x05,0x05,0x05,0x05,0x05,0x05,0x05,0x05,
    0x07,0x3d,0x3b,0x3b,0x39,0x07,0x36,0x36,0x0a,0x20,0x20,0x20,0x20,0x20,0x20,0x21,
    0x21,0x21,0x21,0x21,0x22,0x22,0x22,0x22,0x22,0x23,0x23,0x23,0x23,0x23,0x24,0x24,
    0x24,0x24,0x24,0x24,0x27,0x27,0x27,0x27,0x27,0x27,0x27,0x27,0x27,0x27,0x27,0x27,
    0x27,0x27,0x27,0x27,0x27,0x27,0x27,0x27,0x27,0x27,0x27,0x27,0x27,0x27,0x27,0x27,
    0x11,0x11,0x11,0x11,0x11,0x11,0x11,0x11,0x11,0x0f,0x0f,0x0f,0x0f,0x0f,0x0f,0x0f,
    0x0f,0x0c,0x0c,0x0c,0x0c,0x0c,0x0c,0x0c,0x0c,0x0c,0x09,0x09,0x09,0x09,0x09,0x09,
    0x0a,0x36,0x36,0x07,0x39,0x3b,0x3b,0x3d,0x07,0x05,0x05,0x05,0x05,0x05,0x05,0x05,
    0x05,0x05,0x05,0x05,0x05,0x05,0x05,0x05,0x05,0x05,0x05,0x05,0x05,0x05,0x05,0x05,
    0x07,0x3d,0x3b,0x3b,0x39,0x07,0x36,0x36,0x0a,0x20,0x20,0x20,0x20,0x20,0x20,0x21,
    0x21,0x21,0x21,0x21,0x22,0x22,0x22,0x22,0x22,0x23,0x23,0x23,0x23,0x23,0x24,0x24,
    0x24,0x24,0x24,0x24,0x27,0x27,0x27,0x28,0x27,0x27,0x27,0x27,0x27,0x27,0x27,0x27,
    0x27,0x27,0x27,0x27,0x27,0x27,0x27,0x27,0x27,0x27,0x27,0x28,0x27,0x27,0x27,0x27,
    0x11,0x11,0x11,0x11,0x11,0x11,0x11,0x11,0x11,0x0f,0x0f,0x0f,0x0f,0x0f,0x0f,0x0f,
    0x0f,0x0c,0x0c,0x0c,0x0c,0x0c,0x0c,0x0c,0x0c,0x0c,0x09,0x09,0x09,0x09,0x09,0x09,
    0x0a,0x36,0x36,0x07,0x39,0x3b,0x3b,0x3d,0x07,0x05,0x05,0x05,0x05,0x05,0x05,0x05,
    0x05,0x05,0x05,0x05,0x05,0x05,0x05,0x05,0x05,0x05,0x05,0x05,0x05,0x05,0x05,0x05,
    0x07,0x3d,0x3b,0x3b,0x39,0x07,0x36,0x36,0x0a,0x20,0x20,0x20,0x20,0x20,0x20,0x21,
    0x21,0x21,0x21,0x21,0x22,0x22,0x22,0x22,0x22,0x23,0x23,0x23,0x23,0x23,0x24,0x24,
    0x24,0x24,0x24,0x24,0x27,0x27,0x27,0x28,0x27,0x27,0x27,0x27,0x27,0x27,0x27,0x27,
    0x27,0x27,0x27,0x27,0x27,0x27,0x27,0x27,0x27,0x27,0x27,0x28,0x27,0x27,0x27,0x27,
    0x11,0x11,0x11,0x11,0x11,0x11,0x11,0x11,0x11,0x0f,0x0f,0x0f,0x0f,0x0f,0x0f,0x0f,
    0x0f,0x0c,0x0c,0x0c,0x0c,0x0c,0x0c,0x0c,0x0c,0x0c,0x09,0x09,0x09,0x09,0x09,0x09,
    0x0a,0x36,0x36,0x07,0x39,0x3b,0x3b,0x3d,0x07,0x05,0x05,0x05,0x05,0x05,0x05,0x05,
    0x05,0x05,0x05,0x05,0x05,0x05,0x05,0x05,0x05,0x05,0x05,0x05,0x05,0x05,0x05,0x05,
    0x07,0x3d,0x3b,0x3b,0x39,0x07,0x36,0x36,0x0a,0x20,0x20,0x20,0x20,0x20,0x20,0x21,
    0x21,0x21,0x21,0x21,0x22,0x22,0x22,0x22,0x22,0x23,0x23,0x23,0x23,0x23,0x24,0x24,
    0x24,0x24,0x24,0x24,0x28,0x27,0x27,0x28,0x27,0x27,0x27,0x27,0x27,0x27,0x27,0x27,
    0x27,0x27,0x27,0x27,0x27,0x27,0x27,0x28,0x27,0x27,0x27,0x27,0x27,0x27,0x27,0x27,
    0x11,0x11,0x11,0x11,0x11,0x11,0x11,0x11,0x11,0x0f,0x0f,0x0f,0x0f,0x0f,0x0f,0x0f,
    0x0f,0x0c,0x0c,0x0c,0x0c,0x0c,0x0c,0x0c,0x0c,0x0c,0x09,0x09,0x09,0x09,0x09,0x09,
    0x0a,0x36,0x36,0x07,0x39,0x3b,0x3b,0x3d,0x07,0x05,0x05,0x05,0x05,0x05,0x05,0x05,
    0x05,0x05,0x05,0x05,0x05,0x05,0x05,0x05,0x05,0x05,0x05,0x05,0x05,0x05,0x05,0x05,
    0x07,0x3d,0x3b,0x3b,0x39,0x07,0x36,0x36,0x0a,0x20,0x20,0x20,0x20,0x20,0x20,0x21,
    0x21,0x21,0x21,0x21,0x22,0x22,0x22,0x22,0x22,0x23,0x23,0x23,0x23,0x23,0x24,0x24,
    0x24,0x24,0x24,0x24,0x28,0x27,0x28,0x28,0x27,0x27,0x28,0x27,0x27,0x27,0x27,0x27,
    0x27,0x27,0x27,0x27,0x27,0x27,0x27,0x28,0x27,0x27,0x27,0x27,0x27,0x27,0x27,0x27,
    0x11,0x11,0x11,0x11,0x11,0x11,0x11,0x11,0x11,0x0f,0x0f,0x0f,0x0f,0x0f,0x0f,0x0f,
    0x0f,0x0c,0x0c,0x0c,0x0c,0x0c,0x0c,0x0c,0x0c,0x0c,0x09,0x09,0x09,0x09,0x09,0x09,
    0x0a,0x36,0x36,0x07,0x39,0x3b,0x3b,0x3d,0x07,0x05,0x05,0x05,0x05,0x05,0x05,0x05,
    0x05,0x05,0x05,0x05,0x05,0x05,0x05,0x05,0x05,0x05,0x05,0x05,0x05,0x05,0x05,0x05,
    0x07,0x3d,0x3b,0x3b,0x39,0x07,0x36,0x36,0x0a,0x20,0x20,0x20,0x20,0x20,0x20,0x21,
    0x21,0x21,0x21,0x21,0x22,0x22,0x22,0x22,0x22,0x23,0x23,0x23,0x23,0x23,0x24,0x24,
    0x24,0x24,0x24,0x24,0x28,0x27,0x27,0x28,0x27,0x27,0x28,0x27,0x27,0x27,0x27,0x27,
    0x27,0x27,0x27,0x27,0x27,0x27,0x27,0x28,0x27,0x27,0x27,0x27,0x28,0x27,0x27,0x27,
    0x11,0x11,0x11,0x11,0x11,0x11,0x11,0x11,0x11,0x0f,0x0f,0x0f,0x0f,0x0f,0x0f,0x0f,
    0x0f,0x0c,0x0c,0x0c,0x0c,0x0c,0x0c,0x0c,0x0c,0x0c,0x09,0x09,0x09,0x09,0x09,0x09,
    0x0a,0x36,0x36,0x07,0x39,0x3b,0x3b,0x3d,0x07,0x05,0x05,0x05,0x05,0x05,0x05,0x05,
    0x05,0x05,0x05,0x05,0x05,0x05,0x05,0x05,0x05,0x05,0x05,0x05,0x05,0x05,0x05,0x05,
    0x07,0x3d,0x3b,0x3b,0x39,0x07,0x36,0x36,0x0a,0x20,0x20,0x20,0x20,0x20,0x20,0x21,
    0x21,0x21,0x21,0x21,0x22,0x22,0x22,0x22,0x22,0x23,0x23,0x23,0x23,0x23,0x24,0x24,
    0x24,0x24,0x24,0x24,0x28,0x27,0x27,0x28,0x27,0x27,0x28,0x27,0x27,0x27,0x27,0x27,
    0x27,0x27,0x27,0x27,0x27,0x27,0x27,0x28,0x27,0x27,0x27,0x27,0x28,0x27,0x27,0x27,
    0x11,0x11,0x11,0x11,0x11,0x11,0x11,0x11,0x11,0x0f,0x0f,0x0f,0x0f,0x0f,0x0f,0x0f,
    0x0f,0x0c,0x0c,0x0c,0x0c,0x0c,0x0c,0x0c,0x0c,0x0c,0x09,0x09,0x09,0x09,0x09,0x09,
    0x0a,0x36,0x36,0x07,0x39,0x3b,0x3b,0x3d,0x07,0x05,0x05,0x05,0x05,0x05,0x05,0x05,
    0x05,0x05,0x05,0x05,0x05,0x05,0x05,0x05,0x05,0x05,0x05,0x05,0x05,0x05,0x05,0x05,
    0x07,0x3d,0x3b,0x3b,0x39,0x07,0x36,0x36,0x0a,0x20,0x20,0x20,0x20,0x20,0x20,0x21,
    0x21,0x21,0x21,0x21,0x22,0x22,0x22,0x22,0x22,0x23,0x23,0x23,0x23,0x23,0x24,0x24,
    0x24,0x24,0x24,0x24,0x28,0x27,0x27,0x28,0x27,0x27,0x28,0x27,0x27,0x27,0x27,0x27,
    0x27,0x27,0x27,0x27,0x27,0x27,0x28,0x28,0x27,0x27,0x27,0x27,0x28,0x27,0x27,0x27,
    0x11,0x11,0x11,0x11,0x11,0x11,0x11,0x11,0x11,0x0f,0x0f,0x0f,0x0f,0x0f,0x0f,0x0f,
    0x0f,0x0c,0x0c,0x0c,0x0c,0x0c,0x0c,0x0c,0x0c,0x0c,0x09,0x09,0x09,0x09,0x09,0x09,
    0x0a,0x36,0x36,0x07,0x39,0x3b,0x3b,0x3d,0x07,0x05,0x05,0x05,0x05,0x05,0x05,0x05,
    0x05,0x05,0x05,0x05,0x05,0x05,0x05,0x05,0x05,0x05,0x05,0x05,0x05,0x05,0x05,0x05,
    0x07,0x3d,0x3b,0x3b,0x39,0x07,0x36,0x36,0x0a,0x20,0x20,0x20,0x20,0x20,0x20,0x21,
    0x21,0x21,0x21,0x21,0x22,0x22,0x22,0x22,0x22,0x23,0x23,0x23,0x23,0x23,0x24,0x24,
    0x24,0x24,0x24,0x24,0x28,0x27,0x28,0x28,0x28,0x27,0x28,0x27,0x27,0x27,0x27,0x27,
    0x27,0x27,0x27,0x27,0x27,0x27,0x28,0x28,0x27,0x27,0x27,0x27,0x28,0x27,0x27,0x27,
    0x11,0x11,0x11,0x11,0x11,0x11,0x11,0x11,0x11,0x0f,0x0f,0x0f,0x0f,0x0f,0x0f,0x0f,
    0x0f,0x0c,0x0c,0x0c,0x0c,0x0c,0x0c,0x0c,0x0c,0x0c,0x09,0x09,0x09,0x09,0x09,0x09,
    0x0a,0x36,0x36,0x07,0x39,0x3b,0x3b,0x3d,0x07,0x05,0x05,0x05,0x05,0x05,0x05,0x05,
    0x05,0x05,0x05,0x05,0x05,0x05,0x05,0x05,0x05,0x05,0x05,0x05,0x05,0x05,0x05,0x05,
    0x07,0x3d,0x3b,0x3b,0x39,0x07,0x36,0x36,0x0a,0x20,0x20,0x20,0x20,0x20,0x20,0x21,
    0x21,0x21,0x21,0x21,0x22,0x22,0x22,0x22,0x22,0x23,0x23,0x23,0x23,0x23,0x24,0x24,
    0x24,0x24,0x24,0x24,0x28,0x27,0x28,0x28,0x28,0x27,0x28,0x27,0x27,0x27,0x27,0x27,
    0x27,0x27,0x27,0x27,0x27,0x27,0x28,0x28,0x28,0x27,0x27,0x27,0x28,0x27,0x27,0x28,
    0x11,0x11,0x11,0x11,0x11,0x11,0x11,0x11,0x11,0x0f,0x0f,0x0f,0x0f,0x0f,0x0f,0x0f,
    0x0f,0x0c,0x0c,0x0c,0x0c,0x0c,0x0c,0x0c,0x0c,0x0c,0x09,0x09,0x09,0x09,0x09,0x09,
    0x0a,0x36,0x36,0x07,0x39,0x3b,0x3b,0x3d,0x07,0x05,0x05,0x05,0x05,0x05,0x05,0x05,
    0x05,0x05,0x05,0x05,0x05,0x05,0x05,0x05,0x05,0x05,0x05,0x05,0x05,0x05,0x05,0x05,
    0x07,0x3d,0x3b,0x3b,0x39,0x07,0x36,0x36,0x0a,0x20,0x20,0x20,0x20,0x20,0x20,0x21,
    0x21,0x21,0x21,0x21,0x22,0x22,0x22,0x22,0x22,0x23,0x23,0x23,0x23,0x23,0x24,0x24,
    0x24,0x24,0x24,0x24,0x28,0x27,0x28,0x28,0x28,0x27,0x28,0x27,0x27,0x27,0x27,0x27,
    0x27,0x27,0x27,0x27,0x27,0x28,0x28,0x28,0x28,0x28,0x27,0x27,0x28,0x28,0x27,0x28,
    0x11,0x11,0x11,0x11,0x11,0x11,0x11,0x11,0x11,0x0f,0x0f,0x0f,0x0f,0x0f,0x0f,0x0f,
    0x0f,0x0c,0x0c,0x0c,0x0c,0x0c,0x0c,0x0c,0x0c,0x0c,0x09,0x09,0x09,0x09,0x09,0x09,
    0x0a,0x36,0x36,0x07,0x39,0x3b,0x3b,0x3d,0x07,0x05,0x05,0x05,0x05,0x05,0x05,0x05,
    0x05,0x05,0x05,0x05,0x05,0x05,0x05,0x05,0x05,0x05,0x05,0x05,0x05,0x05,0x05,0x05,
    0x07,0x3d,0x3b,0x3b,0x39,0x07,0x36,0x36,0x0a,0x20,0x20,0x20,0x20,0x20,0x20,0x21,
    0x21,0x21,0x21,0x21,0x22,0x22,0x22,0x22,0x22,0x23,0x23,0x23,0x23,0x23,0x24,0x24,
    0x24,0x24,0x24,0x24,0x28,0x27,0x28,0x28,0x27,0x28,0x28,0x28,0x27,0x27,0x27,0x27,
    0x27,0x27,0x27,0x27,0x27,0x28,0x28,0x28,0x28,0x28,0x27,0x27,0x28,0x28,0x28,0x28,
    0x11,0x11,0x11,0x11,0x11,0x11,0x11,0x11,0x11,0x0f,0x0f,0x0f,0x0f,0x0f,0x0f,0x0f,
    0x0f,0x0c,0x0c,0x0c,0x0c,0x0c,0x0c,0x0c,0x0c,0x0c,0x09,0x09,0x09,0x09,0x09,0x09,
    0x0a,0x36,0x36,0x07,0x39,0x3b,0x3b,0x3d,0x07,0x05,0x05,0x05,0x05,0x05,0x05,0x05,
    0x05,0x05,0x05,0x05,0x05,0x05,0x05,0x05,0x05,0x05,0x05,0x05,0x05,0x05,0x05,0x05,
    0x07,0x3d,0x3b,0x3b,0x39,0x07,0x36,0x36,0x0a,0x20,0x20,0x20,0x20,0x20,0x20,0x21,
    0x21,0x21,0x21,0x21,0x22,0x22,0x22,0x22,0x22,0x23,0x23,0x23,0x23,0x23,0x24,0x24,
    0x24,0x24,0x24,0x24,0x28,0x27,0x28,0x28,0x28,0x28,0x28,0x28,0x28,0x27,0x27,0x27,
    0x27,0x27,0x27,0x27,0x27,0x28,0x28,0x28,0x28,0x28,0x28,0x28,0x28,0x28,0x28,0x28,
    0x11,0x11,0x11,0x11,0x11,0x11,0x11,0x11,0x11,0x0f,0x0f,0x0f,0x0f,0x0f,0x0f,0x0f,
    0x0f,0x0c,0x0c,0x0c,0x0c,0x0c,0x0c,0x0c,0x0c,0x0c,0x09,0x09,0x09,0x09,0x09,0x09,
    0x0a,0x36,0x36,0x07,0x39,0x3b,0x3b,0x3d,0x07,0x05,0x05,0x05,0x05,0x05,0x05,0x05,
    0x05,0x05,0x05,0x05,0x05,0x05,0x05,0x05,0x05,0x05,0x05,0x05,0x05,0x05,0x05,0x05,
    0x07,0x3d,0x3b,0x3b,0x39,0x07,0x36,0x36,0x0a,0x20,0x20,0x20,0x20,0x20,0x20,0x21,
    0x21,0x21,0x21,0x21,0x22,0x22,0x22,0x22,0x22,0x23,0x23,0x23,0x23,0x23,0x24,0x24,
    0x24,0x24,0x24,0x24,0x28,0x28,0x28,0x28,0x28,0x28,0x28,0x28,0x28,0x28,0x28,0x28,
    0x28,0x28,0x28,0x28,0x28,0x28,0x28,0x28,0x28,0x28,0x28,0x28,0x28,0x27,0x28,0x28,
    0x11,0x11,0x11,0x11,0x11,0x11,0x11,0x11,0x11,0x0f,0x0f,0x0f,0x0f,0x0f,0x0f,0x0f,
    0x0f,0x0c,0x0c,0x0c,0x0c,0x0c,0x0c,0x0c,0x0c,0x0c,0x09,0x09,0x09,0x09,0x09,0x09,
    0x0a,0x0a,0x0a,0x0a,0x0a,0x0a,0x0a,0x07,0x07,0x07,0x07,0x07,0x07,0x07,0x07,0x07,
    0x07,0x07,0x07,0x07,0x07,0x07,0x07,0x07,0x07,0x07,0x07,0x07,0x07,0x07,0x07,0x07,
    0x07,0x07,0x0d,0x0d,0x0d,0x0d,0x0d,0x0d,0x0d,0x0d,0x0d,0x0d,0x0d,0x23,0x23,0x23,
    0x23,0x23,0x23,0x26,0x26,0x26,0x26,0x26,0x26,0x26,0x26,0x26,0x26,0x26,0x26,0x26,
    0x26,0x26,0x26,0x26,0x29,0x29,0x29,0x29,0x29,0x29,0x29,0x29,0x29,0x29,0x29,0x29,
    0x29,0x29,0x29,0x29,0x29,0x29,0x29,0x29,0x29,0x29,0x29,0x29,0x29,0x29,0x29,0x29,
    0x11,0x11,0x11,0x11,0x11,0x11,0x11,0x11,0x11,0x0f,0x0f,0x0f,0x0f,0x0f,0x0f,0x0f,
    0x0f,0x0c,0x0c,0x0c,0x0c,0x0c,0x0c,0x0c,0x0c,0x0c,0x09,0x09,0x09,0x09,0x09,0x09,
    0x0a,0x36,0x36,0x07,0x39,0x3b,0x3b,0x3d,0x07,0x05,0x05,0x05,0x05,0x05,0x05,0x05,
    0x05,0x05,0x05,0x05,0x05,0x05,0x05,0x05,0x05,0x05,0x05,0x05,0x05,0x05,0x05,0x05,
    0x07,0x3d,0x3b,0x3b,0x39,0x07,0x36,0x36,0x20,0x20,0x20,0x20,0x20,0x20,0x20,0x21,
    0x21,0x21,0x21,0x21,0x22,0x22,0x22,0x22,0x22,0x23,0x23,0x23,0x23,0x23,0x24,0x24,
    0x24,0x24,0x24,0x24,0x27,0x27,0x27,0x27,0x27,0x27,0x27,0x27,0x27,0x27,0x27,0x27,
    0x27,0x27,0x27,0x27,0x27,0x27,0x27,0x27,0x27,0x27,0x27,0x27,0x27,0x27,0x27,0x27,
    0x11,0x11,0x11,0x11,0x11,0x11,0x11,0x11,0x11,0x0f,0x0f,0x0f,0x0f,0x0f,0x0f,0x0f,
    0x0f,0x0c,0x0c,0x0c,0x0c,0x0c,0x0c,0x0c,0x0c,0x0c,0x09,0x09,0x09,0x09,0x09,0x09,
    0x0a,0x36,0x36,0x07,0x39,0x3b,0x3b,0x3d,0x07,0x05,0x05,0x05,0x05,0x05,0x05,0x05,
    0x05,0x05,0x05,0x05,0x05,0x05,0x05,0x05,0x05,0x05,0x05,0x05,0x05,0x05,0x05,0x05,
    0x07,0x3d,0x3b,0x3b,0x39,0x07,0x36,0x36,0x20,0x20,0x20,0x20,0x20,0x20,0x20,0x21,
    0x21,0x21,0x21,0x21,0x22,0x22,0x22,0x22,0x22,0x23,0x23,0x23,0x23,0x23,0x24,0x24,
    0x24,0x24,0x24,0x24,0x27,0x27,0x27,0x27,0x27,0x27,0x27,0x27,0x27,0x27,0x27,0x27,
    0x27,0x27,0x27,0x27,0x27,0x27,0x27,0x27,0x27,0x27,0x27,0x27,0x27,0x27,0x27,0x27,
    0x11,0x11,0x11,0x11,0x11,0x11,0x11,0x11,0x11,0x0f,0x0f,0x0f,0x0f,0x0f,0x0f,0x0f,
    0x0f,0x0c,0x0c,0x0c,0x0c,0x0c,0x0c,0x0c,0x0c,0x0c,0x09,0x09,0x09,0x09,0x09,0x09,
    0x0a,0x36,0x36,0x07,0x39,0x3b,0x3b,0x3d,0x07,0x05,0x05,0x05,0x05,0x05,0x05,0x05,
    0x05,0x05,0x05,0x05,0x05,0x05,0x05,0x05,0x05,0x05,0x05,0x05,0x05,0x05,0x05,0x05,
    0x07,0x3d,0x3b,0x3b,0x39,0x07,0x36,0x36,0x20,0x20,0x20,0x20,0x20,0x20,0x20,0x21,
    0x21,0x21,0x21,0x21,0x22,0x22,0x22,0x22,0x22,0x23,0x23,0x23,0x23,0x23,0x24,0x24,
    0x24,0x24,0x24,0x24,0x27,0x27,0x27,0x27,0x27,0x27,0x27,0x27,0x27,0x27,0x27,0x27,
    0x27,0x27,0x27,0x27,0x27,0x27,0x27,0x27,0x27,0x27,0x27,0x27,0x27,0x27,0x27,0x27,
    0x11,0x11,0x11,0x11,0x11,0x11,0x11,0x11,0x11,0x0f,0x0f,0x0f,0x0f,0x0f,0x0f,0x0f,
    0x0f,0x0c,0x0c,0x0c,0x0c,0x0c,0x0c,0x0c,0x0c,0x0c,0x09,0x09,0x09,0x09,0x09,0x09,
    0x0a,0x36,0x36,0x07,0x39,0x3b,0x3b,0x3d,0x07,0x05,0x05,0x05,0x05,0x05,0x05,0x05,
    0x05,0x05,0x05,0x05,0x05,0x05,0x05,0x05,0x05,0x05,0x05,0x05,0x05,0x05,0x05,0x05,
    0x07,0x3d,0x3b,0x3b,0x39,0x07,0x36,0x36,0x20,0x20,0x20,0x20,0x20,0x20,0x20,0x21,
    0x21,0x21,0x21,0x21,0x22,0x22,0x22,0x22,0x22,0x23,0x23,0x23,0x23,0x23,0x24,0x24,
    0x24,0x24,0x24,0x24,0x27,0x27,0x27,0x27,0x27,0x27,0x27,0x27,0x27,0x27,0x27,0x27,
    0x27,0x27,0x27,0x27,0x27,0x27,0x27,0x27,0x27,0x27,0x27,0x27,0x27,0x27,0x27,0x27,
    0x11,0x11,0x11,0x11,0x11,0x11,0x11,0x11,0x11,0x0f,0x0f,0x0f,0x0f,0x0f,0x0f,0x0f,
    0x0f,0x0c,0x0c,0x0c,0x0c,0x0c,0x0c,0x0c,0x0c,0x0c,0x09,0x09,0x09,0x09,0x09,0x09,
    0x0a,0x36,0x36,0x07,0x39,0x3b,0x3b,0x3d,0x07,0x05,0x05,0x05,0x05,0x05,0x05,0x05,
    0x05,0x05,0x05,0x05,0x05,0x05,0x05,0x05,0x05,0x05,0x05,0x05,0x05,0x05,0x05,0x05,
    0x07,0x3d,0x3b,0x3b,0x39,0x07,0x36,0x36,0x20,0x20,0x20,0x20,0x20,0x20,0x20,0x21,
    0x21,0x21,0x21,0x21,0x22,0x22,0x22,0x22,0x22,0x23,0x23,0x23,0x23,0x23,0x24,0x24,
    0x24,0x24,0x24,0x24,0x27,0x27,0x27,0x27,0x27,0x27,0x27,0x27,0x27,0x27,0x27,0x27,
    0x27,0x27,0x27,0x27,0x27,0x27,0x27,0x27,0x27,0x27,0x27,0x27,0x27,0x27,0x27,0x27,
    0x11,0x11,0x11,0x11,0x11,0x11,0x11,0x11,0x11,0x0f,0x0f,0x0f,0x0f,0x0f,0x0f,0x0f,
    0x0f,0x0c,0x0c,0x0c,0x0c,0x0c,0x0c,0x0c,0x0c,0x0c,0x09,0x09,0x09,0x09,0x09,0x09,
    0x0a,0x36,0x36,0x07,0x39,0x3b,0x3b,0x3d,0x07,0x05,0x05,0x05,0x05,0x05,0x05,0x05,
    0x05,0x05,0x05,0x05,0x05,0x05,0x05,0x05,0x05,0x05,0x05,0x05,0x05,0x05,0x05,0x05,
    0x07,0x3d,0x3b,0x3b,0x39,0x07,0x36,0x36,0x20,0x20,0x20,0x20,0x20,0x20,0x20,0x21,
    0x21,0x21,0x21,0x21,0x22,0x22,0x22,0x22,0x22,0x23,0x23,0x23,0x23,0x23,0x24,0x24,
    0x24,0x24,0x24,0x24,0x27,0x27,0x27,0x27,0x27,0x27,0x27,0x27,0x27,0x27,0x27,0x27,
    0x27,0x27,0x27,0x27,0x27,0x27,0x27,0x27,0x27,0x27,0x27,0x27,0x27,0x27,0x27,0x27,
    0x11,0x11,0x11,0x11,0x11,0x11,0x11,0x11,0x11,0x0f,0x0f,0x0f,0x0f,0x0f,0x0f,0x0f,
    0x0f,0x0c,0x0c,0x0c,0x0c,0x0c,0x0c,0x0c,0x0c,0x0c,0x09,0x09,0x09,0x09,0x09,0x09,
    0x0a,0x36,0x36,0x07,0x39,0x3b,0x3b,0x3d,0x07,0x05,0x05,0x05,0x05,0x05,0x05,0x05,
    0x05,0x05,0x05,0x05,0x05,0x05,0x05,0x05,0x05,0x05,0x05,0x05,0x05,0x05,0x05,0x05,
    0x07,0x3d,0x3b,0x3b,0x39,0x07,0x36,0x36,0x20,0x20,0x20,0x20,0x20,0x20,0x20,0x21,
    0x21,0x21,0x21,0x21,0x22,0x22,0x22,0x22,0x22,0x23,0x23,0x23,0x23,0x23,0x24,0x24,
    0x24,0x24,0x24,0x24,0x27,0x27,0x27,0x27,0x27,0x27,0x27,0x27,0x27,0x27,0x27,0x27,
    0x27,0x27,0x27,0x27,0x27,0x27,0x27,0x27,0x27,0x27,0x27,0x27,0x27,0x27,0x27,0x27,
    0x11,0x11,0x11,0x11,0x11,0x11,0x11,0x11,0x11,0x0f,0x0f,0x0f,0x0f,0x0f,0x0f,0x0f,
    0x0f,0x0c,0x0c,0x0c,0x0c,0x0c,0x0c,0x0c,0x0c,0x0c,0x09,0x09,0x09,0x09,0x09,0x09,
    0x0a,0x36,0x36,0x07,0x39,0x3b,0x3b,0x3d,0x07,0x05,0x05,0x05,0x05,0x05,0x05,0x05,
    0x05,0x05,0x05,0x05,0x05,0x05,0x05,0x05,0x05,0x05,0x05,0x05,0x05,0x05,0x05,0x05,
    0x07,0x3d,0x3b,0x3b,0x39,0x07,0x36,0x36,0x20,0x20,0x20,0x20,0x20,0x20,0x20,0x21,
    0x21,0x21,0x21,0x21,0x22,0x22,0x22,0x22,0x22,0x23,0x23,0x23,0x23,0x23,0x24,0x24,
    0x24,0x24,0x24,0x24,0x27,0x27,0x27,0x27,0x27,0x27,0x27,0x27,0x27,0x27,0x27,0x27,
    0x27,0x27,0x27,0x27,0x27,0x27,0x27,0x27,0x27,0x27,0x27,0x27,0x27,0x27,0x27,0x27,
    0x11,0x11,0x11,0x11,0x11,0x11,0x11,0x11,0x11,0x0f,0x0f,0x0f,0x0f,0x0f,0x0f,0x0f,
    0x0f,0x0c,0x0c,0x0c,0x0c,0x0c,0x0c,0x0c,0x0c,0x0c,0x09,0x09,0x09,0x09,0x09,0x09,
    0x0a,0x36,0x36,0x07,0x39,0x3b,0x3b,0x3d,0x07,0x05,0x05,0x05,0x05,0x05,0x05,0x05,
    0x05,0x05,0x05,0x05,0x05,0x05,0x05,0x05,0x05,0x05,0x05,0x05,0x05,0x05,0x05,0x05,
    0x07,0x3d,0x3b,0x3b,0x39,0x07,0x36,0x36,0x20,0x20,0x20,0x20,0x20,0x20,0x20,0x21,
    0x21,0x21,0x21,0x21,0x22,0x22,0x22,0x22,0x22,0x23,0x23,0x23,0x23,0x23,0x24,0x24,
    0x24,0x24,0x24,0x24,0x27,0x27,0x27,0x27,0x27,0x27,0x27,0x27,0x27,0x27,0x27,0x27,
    0x27,0x27,0x27,0x27,0x27,0x27,0x27,0x27,0x27,0x27,0x27,0x27,0x27,0x27,0x27,0x27,
    0x11,0x11,0x11,0x11,0x11,0x11,0x11,0x11,0x11,0x0f,0x0f,0x0f,0x0f,0x0f,0x0f,0x0f,
    0x0f,0x0c,0x0c,0x0c,0x0c,0x0c,0x0c,0x0c,0x0c,0x0c,0x09,0x09,0x09,0x09,0x09,0x09,
    0x0a,0x36,0x36,0x07,0x39,0x3b,0x3b,0x3d,0x07,0x05,0x05,0x05,0x05,0x05,0x05,0x05,
    0x05,0x05,0x05,0x05,0x05,0x05,0x05,0x05,0x05,0x05,0x05,0x05,0x05,0x05,0x05,0x05,
    0x07,0x3d,0x3b,0x3b,0x39,0x07,0x36,0x36,0x20,0x20,0x20,0x20,0x20,0x20,0x20,0x21,
    0x21,0x21,0x21,0x21,0x22,0x22,0x22,0x22,0x22,0x23,0x23,0x23,0x23,0x23,0x24,0x24,
    0x24,0x24,0x24,0x24,0x27,0x27,0x27,0x27,0x27,0x27,0x27,0x27,0x27,0x27,0x27,0x27,
    0x27,0x27,0x27,0x27,0x27,0x27,0x27,0x27,0x27,0x27,0x27,0x27,0x27,0x27,0x27,0x27,
    0x11,0x11,0x11,0x11,0x11,0x11,0x11,0x11,0x11,0x0f,0x0f,0x0f,0x0f,0x0f,0x0f,0x0f,
    0x0f,0x0c,0x0c,0x0c,0x0c,0x0c,0x0c,0x0c,0x0c,0x0c,0x09,0x09,0x09,0x09,0x09,0x09,
    0x0a,0x36,0x36,0x07,0x39,0x3b,0x3b,0x3d,0x07,0x05,0x05,0x05,0x05,0x05,0x05,0x05,
    0x05,0x05,0x05,0x05,0x05,0x05,0x05,0x05,0x05,0x05,0x05,0x05,0x05,0x05,0x05,0x05,
    0x07,0x3d,0x3b,0x3b,0x39,0x07,0x36,0x36,0x20,0x20,0x20,0x20,0x20,0x20,0x20,0x21,
    0x21,0x21,0x21,0x21,0x22,0x22,0x22,0x22,0x22,0x23,0x23,0x23,0x23,0x23,0x24,0x24,
    0x24,0x24,0x24,0x24,0x27,0x27,0x27,0x27,0x27,0x27,0x27,0x27,0x27,0x27,0x27,0x27,
    0x27,0x27,0x27,0x27,0x27,0x27,0x27,0x27,0x27,0x27,0x27,0x27,0x27,0x27,0x27,0x27,
    0x11,0x11,0x11,0x11,0x11,0x11,0x11,0x11,0x11,0x0f,0x0f,0x0f,0x0f,0x0f,0x0f,0x0f,
    0x0f,0x0c,0x0c,0x0c,0x0c,0x0c,0x0c,0x0c,0x0c,0x0c,0x09,0x09,0x09,0x09,0x09,0x09,
    0x0a,0x36,0x36,0x07,0x39,0x3b,0x3b,0x3d,0x07,0x05,0x05,0x05,0x05,0x05,0x05,0x05,
    0x05,0x05,0x05,0x05,0x05,0x05,0x05,0x05,0x05,0x05,0x05,0x05,0x05,0x05,0x05,0x05,
    0x07,0x3d,0x3b,0x3b,0x39,0x07,0x36,0x36,0x20,0x20,0x20,0x20,0x20,0x20,0x20,0x21,
    0x21,0x21,0x21,0x21,0x22,0x22,0x22,0x22,0x22,0x23,0x23,0x23,0x23,0x23,0x24,0x24,
    0x24,0x24,0x24,0x24,0x27,0x27,0x27,0x27,0x27,0x27,0x27,0x27,0x27,0x27,0x27,0x27,
    0x27,0x27,0x27,0x27,0x27,0x27,0x27,0x27,0x27,0x27,0x27,0x27,0x27,0x27,0x27,0x27,
    0x11,0x11,0x11,0x11,0x11,0x11,0x11,0x11,0x11,0x0f,0x0f,0x0f,0x0f,0x0f,0x0f,0x0f,
    0x0f,0x0c,0x0c,0x0c,0x0c,0x0c,0x0c,0x0c,0x0c,0x0c,0x09,0x09,0x09,0x09,0x09,0x09,
    0x0a,0x36,0x36,0x07,0x39,0x3b,0x3b,0x3d,0x07,0x05,0x05,0x05,0x05,0x05,0x05,0x05,
    0x05,0x05,0x05,0x05,0x05,0x05,0x05,0x05,0x05,0x05,0x05,0x05,0x05,0x05,0x05,0x05,
    0x07,0x3d,0x3b,0x3b,0x39,0x07,0x36,0x36,0x20,0x20,0x20,0x20,0x20,0x20,0x20,0x21,
    0x21,0x21,0x21,0x21,0x22,0x22,0x22,0x22,0x22,0x23,0x23,0x23,0x23,0x23,0x24,0x24,
    0x24,0x24,0x24,0x24,0x27,0x27,0x27,0x27,0x27,0x27,0x27,0x27,0x27,0x27,0x27,0x27,
    0x27,0x27,0x27,0x27,0x27,0x27,0x27,0x27,0x27,0x27,0x27,0x27,0x27,0x27,0x27,0x27,
    0x11,0x11,0x11,0x11,0x11,0x11,0x11,0x11,0x11,0x0f,0x0f,0x0f,0x0f,0x0f,0x0f,0x0f,
    0x0f,0x0c,0x0c,0x0c,0x0c,0x0c,0x0c,0x0c,0x0c,0x0c,0x09,0x09,0x09,0x09,0x09,0x09,
    0x0a,0x36,0x36,0x07,0x39,0x3b,0x3b,0x3d,0x07,0x05,0x05,0x05,0x05,0x05,0x05,0x05,
    0x05,0x05,0x05,0x05,0x05,0x05,0x05,0x05,0x05,0x05,0x05,0x05,0x05,0x05,0x05,0x05,
    0x07,0x3d,0x3b,0x3b,0x39,0x07,0x36,0x36,0x20,0x20,0x20,0x20,0x20,0x20,0x20,0x21,
    0x21,0x21,0x21,0x21,0x22,0x22,0x22,0x22,0x22,0x23,0x23,0x23,0x23,0x23,0x24,0x24,
    0x24,0x24,0x24,0x24,0x27,0x27,0x27,0x27,0x27,0x27,0x27,0x27,0x27,0x27,0x27,0x27,
    0x27,0x27,0x27,0x27,0x27,0x27,0x27,0x27,0x27,0x27,0x27,0x27,0x27,0x27,0x27,0x27,
    0x11,0x11,0x11,0x11,0x11,0x11,0x11,0x11,0x11,0x0f,0x0f,0x0f,0x0f,0x0f,0x0f,0x0f,
    0x0f,0x0c,0x0c,0x0c,0x0c,0x0c,0x0c,0x0c,0x0c,0x0c,0x09,0x09,0x09,0x09,0x09,0x09,
    0x0a,0x36,0x36,0x07,0x39,0x3b,0x3b,0x3d,0x07,0x05,0x05,0x05,0x05,0x05,0x05,0x05,
    0x05,0x05,0x05,0x05,0x05,0x05,0x05,0x05,0x05,0x05,0x05,0x05,0x05,0x05,0x05,0x05,
    0x07,0x3d,0x3b,0x3b,0x39,0x07,0x36,0x36,0x20,0x20,0x20,0x20,0x20,0x20,0x20,0x21,
    0x21,0x21,0x21,0x21,0x22,0x22,0x22,0x22,0x22,0x23,0x23,0x23,0x23,0x23,0x24,0x24,
    0x24,0x24,0x24,0x24,0x27,0x27,0x27,0x27,0x27,0x27,0x27,0x27,0x27,0x27,0x27,0x27,
    0x27,0x27,0x27,0x27,0x27,0x27,0x27,0x27,0x27,0x27,0x27,0x27,0x27,0x27,0x27,0x27,
    0x11,0x11,0x11,0x11,0x11,0x11,0x11,0x11,0x11,0x0f,0x0f,0x0f,0x0f,0x0f,0x0f,0x0f,
    0x0f,0x0c,0x0c,0x0c,0x0c,0x0c,0x0c,0x0c,0x0c,0x0c,0x09,0x09,0x09,0x09,0x09,0x09,
};

static const unsigned char re15_dokument2_md1[372] = {
    0x14,0x01,0x00,0x00,0x00,0x00,0x00,0x00,0x02,0x00,0x00,0x00,0x38,0x00,0x00,0x00,
    0x08,0x00,0x00,0x00,0x78,0x00,0x00,0x00,0x06,0x00,0x00,0x00,0xa8,0x00,0x00,0x00,
    0x00,0x00,0x00,0x00,0x08,0x01,0x00,0x00,0x38,0x00,0x00,0x00,0x08,0x00,0x00,0x00,
    0x78,0x00,0x00,0x00,0x06,0x00,0x00,0x00,0xa8,0x00,0x00,0x00,0x06,0x00,0x00,0x00,
    0x08,0x01,0x00,0x00,0x77,0xff,0x0d,0x00,0xbd,0x00,0x00,0x00,0x77,0xff,0x0d,0x00,
    0x43,0xff,0x00,0x00,0x77,0xff,0xf3,0xff,0xbd,0x00,0x00,0x00,0x77,0xff,0xf3,0xff,
    0x43,0xff,0x00,0x00,0x89,0x00,0x0d,0x00,0xbd,0x00,0x00,0x00,0x89,0x00,0x0d,0x00,
    0x43,0xff,0x00,0x00,0x89,0x00,0xf3,0xff,0xbd,0x00,0x00,0x00,0x89,0x00,0xf3,0xff,
    0x43,0xff,0x00,0x00,0x00,0xf0,0x00,0x00,0x00,0x00,0x00,0x00,0x00,0x00,0x00,0x00,
    0x00,0xf0,0x00,0x00,0x00,0x10,0x00,0x00,0x00,0x00,0x00,0x00,0x00,0x00,0x00,0x00,
    0x00,0x10,0x00,0x00,0x00,0x00,0x00,0x10,0x00,0x00,0x00,0x00,0x00,0x00,0x00,0xf0,
    0x00,0x00,0x00,0x00,0x00,0x00,0x02,0x00,0x00,0x00,0x03,0x00,0x00,0x00,0x00,0x00,
    0x00,0x00,0x01,0x00,0x01,0x00,0x03,0x00,0x01,0x00,0x07,0x00,0x01,0x00,0x01,0x00,
    0x01,0x00,0x05,0x00,0x02,0x00,0x07,0x00,0x02,0x00,0x06,0x00,0x02,0x00,0x05,0x00,
    0x02,0x00,0x04,0x00,0x03,0x00,0x06,0x00,0x03,0x00,0x02,0x00,0x03,0x00,0x04,0x00,
    0x03,0x00,0x00,0x00,0x04,0x00,0x00,0x00,0x04,0x00,0x01,0x00,0x04,0x00,0x04,0x00,
    0x04,0x00,0x05,0x00,0x05,0x00,0x06,0x00,0x05,0x00,0x07,0x00,0x05,0x00,0x02,0x00,
    0x05,0x00,0x03,0x00,0x09,0x00,0x00,0x78,0x09,0x39,0x80,0x00,0x09,0x00,0x00,0x00,
    0x09,0x39,0x00,0x00,0x03,0x38,0x00,0x78,0x38,0x38,0x80,0x00,0x03,0x3f,0x00,0x00,
    0x38,0x3f,0x00,0x00,0x3b,0x39,0x00,0x78,0x3b,0x00,0x80,0x00,0x4c,0x39,0x00,0x00,
    0x4c,0x00,0x00,0x00,0x03,0x38,0x00,0x78,0x38,0x38,0x80,0x00,0x03,0x3f,0x00,0x00,
    0x38,0x3f,0x00,0x00,0x7e,0x00,0x00,0x78,0x7e,0x39,0x80,0x00,0x49,0x00,0x00,0x00,
    0x49,0x39,0x00,0x00,0x3e,0x00,0x00,0x78,0x3e,0x39,0x80,0x00,0x09,0x00,0x00,0x00,
    0x09,0x39,0x00,0x00,
};

static const unsigned char re15_dokument2_tim[17440] = {
    0x10,0x00,0x00,0x00,0x09,0x00,0x00,0x00,0x0c,0x04,0x00,0x00,0x00,0x00,0xe0,0x01,
    0x00,0x01,0x02,0x00,0x00,0x00,0x9a,0x36,0x36,0x2e,0xf3,0x29,0x52,0x4a,0x31,0x46,
    0x10,0x42,0xf0,0x2d,0x0f,0x2e,0xef,0x3d,0xaf,0x29,0x6f,0x21,0xee,0x39,0xce,0x39,
    0xce,0x29,0xed,0x29,0xcd,0x35,0xad,0x35,0xac,0x2d,0x6c,0x2d,0x6c,0x29,0x2c,0x19,
    0xad,0x25,0x8b,0x2d,0x6b,0x21,0x4a,0x21,0x4a,0x21,0x49,0x21,0x29,0x25,0x29,0x1d,
    0x0a,0x19,0x48,0x25,0x08,0x21,0x08,0x19,0xe9,0x18,0xe8,0x14,0xc7,0x14,0xe8,0x18,
    0xa6,0x14,0xa6,0x14,0x00,0x00,0x00,0x00,0x00,0x00,0x00,0x00,0x00,0x00,0x00,0x00,
    0x00,0x00,0x00,0x00,0x00,0x00,0x00,0x00,0x00,0x00,0x00,0x00,0x00,0x00,0x00,0x00,
    0x00,0x00,0x00,0x00,0x00,0x00,0x00,0x00,0x00,0x00,0x00,0x00,0x00,0x00,0x00,0x00,
    0x00,0x00,0x00,0x00,0x00,0x00,0x00,0x00,0x00,0x00,0x00,0x00,0x00,0x00,0x00,0x00,
    0x00,0x00,0x00,0x00,0x00,0x00,0x00,0x00,0x00,0x00,0x00,0x00,0x00,0x00,0x00,0x00,
    0x00,0x00,0x00,0x00,0x00,0x00,0x00,0x00,0x00,0x00,0x00,0x00,0x00,0x00,0x00,0x00,
    0x00,0x00,0x00,0x00,0x00,0x00,0x00,0x00,0x00,0x00,0x00,0x00,0x00,0x00,0x00,0x00,
    0x00,0x00,0x00,0x00,0x00,0x00,0x00,0x00,0x00,0x00,0x00,0x00,0x00,0x00,0x00,0x00,
    0x00,0x00,0x00,0x00,0x00,0x00,0x00,0x00,0x00,0x00,0x00,0x00,0x00,0x00,0x00,0x00,
    0x00,0x00,0x00,0x00,0x00,0x00,0x00,0x00,0x00,0x00,0x00,0x00,0x00,0x00,0x00,0x00,
    0x00,0x00,0x00,0x00,0x00,0x00,0x00,0x00,0x00,0x00,0x00,0x00,0x00,0x00,0x00,0x00,
    0x00,0x00,0x00,0x00,0x00,0x00,0x00,0x00,0x00,0x00,0x00,0x00,0x00,0x00,0x00,0x00,
    0x00,0x00,0x00,0x00,0x00,0x00,0x00,0x00,0x00,0x00,0x00,0x00,0x00,0x00,0x00,0x00,
    0x00,0x00,0x00,0x00,0x00,0x00,0x00,0x00,0x00,0x00,0x00,0x00,0x00,0x00,0x00,0x00,
    0x00,0x00,0x00,0x00,0x00,0x00,0x00,0x00,0x00,0x00,0x00,0x00,0x00,0x00,0x00,0x00,
    0x00,0x00,0x00,0x00,0x00,0x00,0x00,0x00,0x00,0x00,0x00,0x00,0x00,0x00,0x00,0x00,
    0x00,0x00,0x00,0x00,0x00,0x00,0x00,0x00,0x00,0x00,0x00,0x00,0x00,0x00,0x00,0x00,
    0x00,0x00,0x00,0x00,0x00,0x00,0x00,0x00,0x00,0x00,0x00,0x00,0x00,0x00,0x00,0x00,
    0x00,0x00,0x00,0x00,0x00,0x00,0x00,0x00,0x00,0x00,0x00,0x00,0x00,0x00,0x00,0x00,
    0x00,0x00,0x00,0x00,0x00,0x00,0x00,0x00,0x00,0x00,0x00,0x00,0x00,0x00,0x00,0x00,
    0x00,0x00,0x00,0x00,0x00,0x00,0x00,0x00,0x00,0x00,0x00,0x00,0x00,0x00,0x00,0x00,
    0x00,0x00,0x00,0x00,0x00,0x00,0x00,0x00,0x00,0x00,0x00,0x00,0x00,0x00,0x00,0x00,
    0x00,0x00,0x00,0x00,0x00,0x00,0x00,0x00,0x00,0x00,0x00,0x00,0x00,0x00,0x00,0x00,
    0x00,0x00,0x00,0x00,0x00,0x00,0x00,0x00,0x00,0x00,0x00,0x00,0x00,0x00,0x00,0x00,
    0x00,0x00,0x00,0x00,0x00,0x00,0x00,0x00,0x00,0x00,0x00,0x00,0x00,0x00,0x00,0x00,
    0x00,0x00,0x00,0x00,0x00,0x00,0x00,0x00,0x00,0x00,0x00,0x00,0x00,0x00,0x00,0x00,
    0x00,0x00,0x00,0x00,0x00,0x00,0x00,0x00,0x00,0x00,0x00,0x00,0x00,0x00,0x00,0x00,
    0x00,0x00,0x00,0x00,0x00,0x00,0x08,0x21,0xe7,0x1c,0xc6,0x18,0xa5,0x14,0x84,0x10,
    0x63,0x0c,0x42,0x08,0x21,0x04,0x09,0x21,0xe8,0x1c,0xc7,0x18,0xa6,0x14,0x85,0x10,
    0x64,0x0c,0x86,0x10,0x43,0x08,0x65,0x0c,0x22,0x04,0x44,0x08,0x23,0x04,0x02,0x00,
    0x01,0x00,0x65,0x08,0x44,0x04,0x23,0x00,0xe8,0x18,0x64,0x08,0x65,0x04,0xc7,0x14,
    0xa6,0x10,0x43,0x04,0x22,0x00,0x09,0x1d,0x85,0x0c,0x86,0x04,0x64,0x04,0x43,0x00,
    0x29,0x21,0x08,0x1d,0xe7,0x18,0xc6,0x14,0xa5,0x10,0x84,0x0c,0x63,0x08,0x42,0x04,
    0x84,0x08,0x63,0x04,0x42,0x00,0x21,0x00,0x00,0x80,0x00,0x80,0x00,0x80,0x00,0x80,
    0x00,0x80,0x00,0x80,0x00,0x80,0x00,0x80,0x00,0x80,0x00,0x80,0x00,0x80,0x00,0x80,
    0x00,0x80,0x00,0x80,0x00,0x80,0x00,0x80,0x00,0x80,0x00,0x80,0x00,0x80,0x00,0x80,
    0x00,0x80,0x00,0x80,0x00,0x80,0x00,0x80,0x00,0x80,0x00,0x80,0x00,0x80,0x00,0x80,
    0x00,0x80,0x00,0x80,0x00,0x80,0x00,0x80,0x00,0x80,0x00,0x80,0x00,0x80,0x00,0x80,
    0x00,0x80,0x00,0x80,0x00,0x80,0x00,0x80,0x00,0x80,0x00,0x80,0x00,0x80,0x00,0x80,
    0x00,0x80,0x00,0x80,0x00,0x80,0x00,0x80,0x00,0x80,0x00,0x80,0x00,0x80,0x00,0x80,
    0x00,0x80,0x00,0x80,0x00,0x80,0x00,0x80,0x00,0x80,0x00,0x80,0x00,0x80,0x00,0x80,
    0x00,0x80,0x00,0x80,0x00,0x80,0x00,0x80,0x00,0x80,0x00,0x80,0x00,0x80,0x00,0x80,
    0x00,0x80,0x00,0x80,0x00,0x80,0x00,0x80,0x00,0x80,0x00,0x80,0x00,0x80,0x00,0x80,
    0x00,0x80,0x00,0x80,0x00,0x80,0x00,0x80,0x00,0x80,0x00,0x80,0x00,0x80,0x00,0x80,
    0x00,0x80,0x00,0x80,0x00,0x80,0x00,0x80,0x00,0x80,0x00,0x80,0x00,0x80,0x00,0x80,
    0x00,0x80,0x00,0x80,0x00,0x80,0x00,0x80,0x00,0x80,0x00,0x80,0x00,0x80,0x00,0x80,
    0x00,0x80,0x00,0x80,0x00,0x80,0x00,0x80,0x00,0x80,0x00,0x80,0x00,0x80,0x00,0x80,
    0x00,0x80,0x00,0x80,0x00,0x80,0x00,0x80,0x00,0x80,0x00,0x80,0x00,0x80,0x00,0x80,
    0x00,0x80,0x00,0x80,0x00,0x80,0x00,0x80,0x00,0x80,0x00,0x80,0x00,0x80,0x00,0x80,
    0x00,0x80,0x00,0x80,0x00,0x80,0x00,0x80,0x00,0x80,0x00,0x80,0x00,0x80,0x00,0x80,
    0x00,0x80,0x00,0x80,0x00,0x80,0x00,0x80,0x00,0x80,0x00,0x80,0x00,0x80,0x00,0x80,
    0x00,0x80,0x00,0x80,0x00,0x80,0x00,0x80,0x00,0x80,0x00,0x80,0x00,0x80,0x00,0x80,
    0x00,0x80,0x00,0x80,0x00,0x80,0x00,0x80,0x00,0x80,0x00,0x80,0x00,0x80,0x00,0x80,
    0x00,0x80,0x00,0x80,0x00,0x80,0x00,0x80,0x00,0x80,0x00,0x80,0x00,0x80,0x00,0x80,
    0x00,0x80,0x00,0x80,0x00,0x80,0x00,0x80,0x00,0x80,0x00,0x80,0x00,0x80,0x00,0x80,
    0x00,0x80,0x00,0x80,0x00,0x80,0x00,0x80,0x00,0x80,0x00,0x80,0x00,0x80,0x00,0x80,
    0x00,0x80,0x00,0x80,0x00,0x80,0x00,0x80,0x00,0x80,0x00,0x80,0x00,0x80,0x00,0x80,
    0x00,0x80,0x00,0x80,0x00,0x80,0x00,0x80,0x00,0x80,0x00,0x80,0x00,0x80,0x00,0x80,
    0x00,0x80,0x00,0x80,0x00,0x80,0x00,0x80,0x00,0x80,0x00,0x80,0x00,0x80,0x00,0x80,
    0x00,0x80,0x00,0x80,0x0c,0x40,0x00,0x00,0x00,0x00,0x00,0x00,0x40,0x00,0x80,0x00,
    0x23,0x23,0x23,0x23,0x23,0x23,0x23,0x23,0x23,0x23,0x23,0x23,0x23,0x23,0x23,0x25,
    0x22,0x22,0x22,0x22,0x22,0x22,0x22,0x22,0x22,0x22,0x22,0x22,0x22,0x22,0x22,0x22,
    0x22,0x22,0x22,0x22,0x22,0x22,0x22,0x22,0x22,0x22,0x22,0x22,0x22,0x22,0x22,0x22,
    0x22,0x22,0x22,0x22,0x22,0x22,0x22,0x22,0x22,0x22,0x22,0x22,0x22,0x23,0x26,0x25,
    0x25,0x20,0x20,0x1c,0x1c,0x1c,0x1c,0x20,0x25,0x23,0x25,0x25,0x25,0x25,0x25,0x25,
    0x25,0x25,0x25,0x25,0x25,0x25,0x25,0x25,0x25,0x25,0x25,0x25,0x25,0x25,0x25,0x25,
    0x25,0x25,0x25,0x25,0x25,0x25,0x25,0x25,0x25,0x25,0x25,0x25,0x25,0x25,0x25,0x25,
    0x25,0x25,0x25,0x25,0x25,0x25,0x25,0x25,0x25,0x25,0x25,0x27,0x25,0x25,0x23,0x25,
    0x1d,0x1d,0x22,0x22,0x22,0x22,0x1e,0x1e,0x1b,0x1b,0x16,0x0a,0x07,0x0e,0x23,0x25,
    0x22,0x19,0x16,0x16,0x16,0x16,0x16,0x16,0x16,0x18,0x18,0x18,0x18,0x18,0x18,0x18,
    0x18,0x18,0x18,0x18,0x18,0x18,0x18,0x18,0x18,0x18,0x18,0x18,0x18,0x18,0x18,0x18,
    0x18,0x18,0x18,0x18,0x18,0x18,0x18,0x18,0x18,0x18,0x18,0x18,0x22,0x23,0x26,0x25,
    0x25,0x20,0x20,0x1c,0x1c,0x1c,0x1c,0x20,0x25,0x23,0x25,0x21,0x21,0x21,0x21,0x21,
    0x21,0x21,0x21,0x21,0x21,0x21,0x21,0x21,0x21,0x21,0x21,0x21,0x21,0x21,0x21,0x21,
    0x21,0x21,0x21,0x21,0x21,0x21,0x21,0x21,0x21,0x21,0x21,0x21,0x21,0x21,0x21,0x21,
    0x21,0x21,0x21,0x21,0x21,0x21,0x21,0x21,0x21,0x21,0x25,0x27,0x25,0x21,0x23,0x25,
    0x1d,0x1d,0x22,0x22,0x22,0x22,0x1e,0x1e,0x1b,0x1b,0x16,0x0a,0x07,0x0e,0x23,0x25,
    0x22,0x19,0x0e,0x1a,0x1a,0x1a,0x1a,0x1a,0x1a,0x1a,0x1a,0x1a,0x1a,0x1a,0x1a,0x1a,
    0x1a,0x1a,0x1a,0x1a,0x1a,0x1a,0x1a,0x1a,0x1a,0x1a,0x1a,0x1a,0x1a,0x1a,0x1a,0x1a,
    0x1a,0x1a,0x1a,0x1a,0x1a,0x1a,0x1a,0x1a,0x1a,0x1a,0x1a,0x18,0x22,0x23,0x26,0x25,
    0x25,0x20,0x20,0x1c,0x1c,0x1c,0x1c,0x20,0x25,0x23,0x25,0x21,0x27,0x27,0x27,0x27,
    0x27,0x27,0x27,0x24,0x24,0x24,0x24,0x24,0x24,0x24,0x24,0x24,0x24,0x24,0x24,0x24,
    0x24,0x24,0x24,0x24,0x24,0x24,0x24,0x24,0x24,0x24,0x24,0x24,0x24,0x24,0x24,0x24,
    0x24,0x24,0x24,0x24,0x24,0x24,0x24,0x27,0x27,0x21,0x25,0x27,0x25,0x21,0x23,0x25,
    0x1d,0x1d,0x22,0x22,0x22,0x22,0x1e,0x1e,0x1b,0x1b,0x16,0x0a,0x07,0x0e,0x23,0x25,
    0x22,0x19,0x0e,0x1a,0x1a,0x18,0x18,0x18,0x18,0x18,0x18,0x18,0x18,0x18,0x18,0x18,
    0x18,0x18,0x18,0x18,0x18,0x18,0x18,0x1a,0x1a,0x1a,0x1a,0x1a,0x1a,0x1a,0x1a,0x1a,
    0x1a,0x1a,0x1a,0x1a,0x1a,0x1a,0x1a,0x1a,0x1a,0x1a,0x1a,0x18,0x22,0x23,0x26,0x25,
    0x25,0x20,0x20,0x1c,0x1c,0x1c,0x1c,0x20,0x25,0x23,0x25,0x21,0x27,0x27,0x27,0x24,
    0x24,0x24,0x24,0x24,0x24,0x24,0x24,0x24,0x24,0x24,0x24,0x24,0x24,0x25,0x25,0x25,
    0x25,0x25,0x25,0x25,0x25,0x25,0x25,0x25,0x25,0x25,0x25,0x25,0x25,0x25,0x25,0x25,
    0x25,0x25,0x25,0x24,0x27,0x27,0x27,0x27,0x27,0x21,0x25,0x27,0x25,0x21,0x23,0x25,
    0x1d,0x1d,0x22,0x22,0x22,0x22,0x1e,0x1e,0x1b,0x1b,0x16,0x0a,0x07,0x0e,0x23,0x25,
    0x22,0x19,0x0e,0x1a,0x18,0x18,0x18,0x18,0x18,0x18,0x18,0x18,0x18,0x18,0x18,0x18,
    0x18,0x18,0x18,0x18,0x18,0x18,0x18,0x18,0x18,0x18,0x18,0x1a,0x1a,0x1a,0x1a,0x1a,
    0x1a,0x1a,0x1a,0x1a,0x1a,0x1a,0x1a,0x1a,0x1a,0x1a,0x1a,0x18,0x22,0x23,0x26,0x25,
    0x25,0x20,0x20,0x1c,0x1c,0x1c,0x1c,0x20,0x25,0x23,0x25,0x21,0x24,0x24,0x24,0x24,
    0x24,0x24,0x24,0x24,0x24,0x24,0x24,0x24,0x24,0x25,0x25,0x25,0x25,0x25,0x25,0x25,
    0x25,0x25,0x25,0x25,0x25,0x25,0x25,0x25,0x25,0x25,0x25,0x25,0x25,0x25,0x25,0x25,
    0x25,0x25,0x24,0x24,0x24,0x24,0x24,0x24,0x24,0x21,0x25,0x27,0x25,0x21,0x23,0x25,
    0x1d,0x1d,0x20,0x20,0x20,0x1c,0x13,0x13,0x13,0x1b,0x16,0x0a,0x07,0x0e,0x23,0x25,
    0x22,0x19,0x0a,0x1a,0x18,0x18,0x16,0x16,0x16,0x16,0x16,0x18,0x18,0x18,0x18,0x18,
    0x18,0x18,0x18,0x18,0x18,0x18,0x18,0x18,0x18,0x18,0x18,0x18,0x18,0x18,0x18,0x18,
    0x18,0x18,0x1a,0x1a,0x1a,0x1a,0x1a,0x1a,0x1a,0x1a,0x1a,0x18,0x22,0x23,0x26,0x25,
    0x25,0x20,0x20,0x1c,0x1c,0x1c,0x1c,0x20,0x25,0x23,0x25,0x21,0x24,0x24,0x24,0x24,
    0x24,0x25,0x25,0x25,0x25,0x25,0x25,0x25,0x25,0x25,0x25,0x25,0x25,0x25,0x25,0x25,
    0x25,0x25,0x25,0x25,0x25,0x25,0x25,0x25,0x25,0x25,0x25,0x25,0x25,0x25,0x25,0x25,
    0x25,0x25,0x25,0x25,0x25,0x25,0x25,0x24,0x24,0x21,0x25,0x27,0x25,0x21,0x23,0x25,
    0x1d,0x1d,0x20,0x1f,0x17,0x10,0x0c,0x0c,0x10,0x1b,0x16,0x0a,0x07,0x0e,0x23,0x25,
    0x22,0x19,0x0a,0x1a,0x18,0x18,0x18,0x18,0x18,0x18,0x19,0x19,0x19,0x19,0x19,0x19,
    0x19,0x19,0x19,0x19,0x19,0x19,0x19,0x19,0x19,0x19,0x19,0x19,0x19,0x19,0x19,0x19,
    0x19,0x19,0x19,0x1a,0x1a,0x1a,0x1a,0x1a,0x1a,0x1a,0x1a,0x18,0x22,0x23,0x26,0x25,
    0x25,0x20,0x20,0x1c,0x1c,0x1c,0x1c,0x20,0x25,0x23,0x25,0x21,0x27,0x27,0x27,0x27,
    0x24,0x24,0x24,0x24,0x25,0x25,0x25,0x25,0x25,0x25,0x25,0x25,0x25,0x25,0x25,0x25,
    0x25,0x25,0x25,0x25,0x25,0x25,0x25,0x25,0x25,0x25,0x25,0x25,0x25,0x25,0x25,0x25,
    0x25,0x25,0x25,0x25,0x25,0x25,0x25,0x24,0x24,0x21,0x25,0x27,0x25,0x21,0x23,0x25,
    0x1d,0x1d,0x20,0x1f,0x17,0x10,0x0c,0x0c,0x10,0x1b,0x16,0x0a,0x07,0x0e,0x23,0x25,
    0x22,0x19,0x0a,0x1a,0x18,0x18,0x16,0x16,0x16,0x18,0x06,0x06,0x06,0x06,0x06,0x06,
    0x06,0x06,0x06,0x06,0x09,0x09,0x09,0x09,0x09,0x09,0x09,0x09,0x0d,0x0d,0x11,0x11,
    0x11,0x11,0x19,0x18,0x18,0x18,0x18,0x1a,0x1a,0x1a,0x1a,0x18,0x22,0x23,0x26,0x25,
    0x25,0x20,0x20,0x1c,0x1c,0x1c,0x1c,0x20,0x25,0x23,0x25,0x21,0x27,0x27,0x24,0x24,
    0x24,0x25,0x25,0x25,0x25,0x25,0x25,0x25,0x25,0x25,0x25,0x25,0x25,0x25,0x25,0x25,
    0x25,0x25,0x25,0x25,0x25,0x25,0x25,0x25,0x25,0x25,0x25,0x25,0x25,0x25,0x25,0x25,
    0x24,0x24,0x24,0x24,0x24,0x24,0x27,0x27,0x27,0x21,0x25,0x27,0x25,0x21,0x23,0x25,
    0x1d,0x1d,0x20,0x1f,0x17,0x10,0x0c,0x0c,0x10,0x1b,0x16,0x0a,0x07,0x0e,0x23,0x25,
    0x22,0x19,0x0a,0x1a,0x18,0x16,0x16,0x16,0x18,0x18,0x06,0x09,0x1f,0x11,0x11,0x1f,
    0x0d,0x11,0x09,0x09,0x09,0x09,0x14,0x14,0x11,0x0d,0x0d,0x0d,0x0d,0x0d,0x0d,0x11,
    0x11,0x11,0x19,0x18,0x18,0x1a,0x1a,0x1a,0x1a,0x1a,0x1a,0x18,0x22,0x23,0x26,0x25,
    0x25,0x20,0x20,0x1c,0x1c,0x1c,0x1c,0x20,0x25,0x23,0x25,0x21,0x24,0x24,0x25,0x25,
    0x25,0x25,0x25,0x25,0x25,0x25,0x25,0x25,0x25,0x25,0x25,0x25,0x25,0x25,0x25,0x25,
    0x25,0x25,0x25,0x25,0x25,0x25,0x25,0x25,0x25,0x25,0x25,0x25,0x25,0x25,0x25,0x25,
    0x25,0x25,0x25,0x25,0x24,0x24,0x24,0x27,0x27,0x21,0x25,0x27,0x25,0x21,0x23,0x25,
    0x1d,0x1d,0x20,0x1f,0x17,0x10,0x0c,0x0c,0x10,0x1b,0x16,0x0a,0x07,0x0e,0x23,0x25,
    0x22,0x19,0x0a,0x1a,0x1a,0x18,0x18,0x18,0x18,0x18,0x05,0x06,0x1f,0x1f,0x11,0x14,
    0x0d,0x1f,0x0d,0x0d,0x1f,0x09,0x1f,0x1f,0x1f,0x0d,0x11,0x14,0x1f,0x1f,0x1f,0x14,
    0x0d,0x11,0x19,0x18,0x18,0x18,0x18,0x18,0x18,0x1a,0x1a,0x18,0x22,0x23,0x26,0x25,
    0x25,0x20,0x20,0x1c,0x1c,0x1c,0x1c,0x20,0x25,0x23,0x25,0x21,0x24,0x24,0x25,0x25,
    0x25,0x25,0x25,0x25,0x25,0x25,0x25,0x25,0x25,0x25,0x25,0x25,0x25,0x25,0x25,0x25,
    0x25,0x25,0x25,0x25,0x25,0x25,0x25,0x25,0x25,0x25,0x25,0x25,0x25,0x25,0x25,0x25,
    0x25,0x25,0x25,0x25,0x25,0x25,0x25,0x24,0x24,0x21,0x25,0x27,0x25,0x21,0x23,0x25,
    0x1d,0x1d,0x20,0x1f,0x17,0x10,0x0c,0x0c,0x10,0x1b,0x16,0x0a,0x07,0x0e,0x23,0x25,
    0x22,0x19,0x0a,0x1a,0x18,0x18,0x16,0x16,0x16,0x18,0x05,0x06,0x1f,0x1f,0x14,0x1f,
    0x14,0x1f,0x1f,0x14,0x0d,0x09,0x20,0x20,0x1f,0x1f,0x20,0x1f,0x20,0x1f,0x20,0x11,
    0x0d,0x11,0x19,0x18,0x18,0x18,0x18,0x1a,0x1a,0x1a,0x1a,0x18,0x22,0x23,0x26,0x25,
    0x25,0x20,0x20,0x1c,0x1c,0x1c,0x1c,0x20,0x25,0x23,0x25,0x21,0x24,0x24,0x25,0x25,
    0x25,0x25,0x25,0x25,0x25,0x25,0x25,0x25,0x25,0x25,0x25,0x25,0x25,0x25,0x25,0x25,
    0x25,0x25,0x25,0x25,0x25,0x25,0x25,0x25,0x25,0x25,0x25,0x25,0x25,0x25,0x25,0x25,
    0x25,0x25,0x25,0x25,0x25,0x25,0x25,0x24,0x24,0x21,0x25,0x27,0x25,0x21,0x23,0x25,
    0x1d,0x1d,0x20,0x1f,0x17,0x10,0x0c,0x0c,0x10,0x1b,0x16,0x0a,0x07,0x0e,0x23,0x25,
    0x22,0x19,0x0a,0x1a,0x18,0x16,0x16,0x16,0x16,0x18,0x05,0x06,0x1f,0x1f,0x20,0x1f,
    0x14,0x1f,0x1f,0x14,0x0d,0x09,0x20,0x20,0x1f,0x1f,0x20,0x20,0x14,0x1f,0x1f,0x11,
    0x0d,0x0d,0x19,0x18,0x1a,0x1a,0x1a,0x1a,0x1a,0x1a,0x1a,0x16,0x22,0x23,0x26,0x25,
    0x25,0x20,0x20,0x1c,0x1c,0x1c,0x1c,0x20,0x25,0x23,0x25,0x21,0x24,0x24,0x25,0x25,
    0x25,0x25,0x25,0x25,0x25,0x25,0x25,0x25,0x25,0x25,0x25,0x25,0x25,0x25,0x25,0x25,
    0x25,0x25,0x25,0x25,0x25,0x25,0x25,0x25,0x25,0x25,0x25,0x25,0x25,0x25,0x25,0x25,
    0x25,0x25,0x25,0x25,0x25,0x25,0x25,0x24,0x24,0x21,0x25,0x27,0x25,0x21,0x23,0x25,
    0x1d,0x1d,0x20,0x1f,0x17,0x10,0x0c,0x0c,0x10,0x1b,0x16,0x0a,0x07,0x0e,0x23,0x25,
    0x22,0x19,0x0a,0x1a,0x18,0x16,0x16,0x16,0x16,0x18,0x05,0x05,0x06,0x05,0x05,0x09,
    0x09,0x0d,0x0d,0x1f,0x0d,0x06,0x09,0x11,0x11,0x1f,0x11,0x11,0x0d,0x0d,0x0d,0x0d,
    0x0d,0x0d,0x1a,0x18,0x18,0x18,0x18,0x18,0x18,0x18,0x1a,0x16,0x22,0x23,0x26,0x25,
    0x25,0x20,0x20,0x1c,0x1c,0x1c,0x1c,0x20,0x25,0x23,0x25,0x21,0x24,0x24,0x24,0x25,
    0x25,0x25,0x25,0x25,0x25,0x25,0x25,0x25,0x25,0x25,0x25,0x25,0x25,0x25,0x25,0x25,
    0x25,0x25,0x25,0x25,0x25,0x25,0x25,0x25,0x25,0x25,0x25,0x25,0x25,0x25,0x25,0x25,
    0x25,0x25,0x25,0x25,0x25,0x25,0x25,0x24,0x24,0x21,0x25,0x27,0x25,0x21,0x23,0x25,
    0x1d,0x1d,0x20,0x1f,0x17,0x10,0x0c,0x0c,0x10,0x1b,0x16,0x0a,0x07,0x0e,0x23,0x25,
    0x22,0x19,0x0a,0x1a,0x18,0x16,0x16,0x16,0x16,0x18,0x04,0x05,0x05,0x05,0x05,0x05,
    0x05,0x05,0x05,0x05,0x05,0x05,0x05,0x06,0x09,0x09,0x09,0x09,0x09,0x09,0x09,0x09,
    0x09,0x09,0x1a,0x18,0x16,0x18,0x18,0x18,0x1a,0x1a,0x1a,0x16,0x22,0x23,0x26,0x25,
    0x25,0x20,0x20,0x1c,0x1c,0x1c,0x1c,0x20,0x25,0x23,0x25,0x21,0x27,0x27,0x24,0x25,
    0x25,0x25,0x25,0x25,0x25,0x25,0x25,0x25,0x25,0x25,0x25,0x25,0x25,0x25,0x25,0x25,
    0x25,0x25,0x25,0x25,0x25,0x25,0x25,0x25,0x25,0x25,0x25,0x25,0x25,0x25,0x25,0x25,
    0x25,0x25,0x25,0x25,0x25,0x25,0x25,0x25,0x24,0x21,0x25,0x27,0x25,0x21,0x23,0x25,
    0x1d,0x1d,0x20,0x1f,0x17,0x10,0x0c,0x0c,0x10,0x1b,0x16,0x0a,0x07,0x0e,0x23,0x25,
    0x22,0x19,0x0a,0x18,0x18,0x18,0x18,0x18,0x16,0x18,0x04,0x05,0x09,0x1f,0x14,0x11,
    0x0d,0x1f,0x14,0x0d,0x05,0x14,0x14,0x11,0x14,0x0d,0x0d,0x14,0x1f,0x11,0x09,0x09,
    0x09,0x09,0x1a,0x18,0x16,0x18,0x18,0x18,0x18,0x1a,0x1a,0x16,0x22,0x23,0x26,0x25,
    0x25,0x20,0x20,0x1c,0x1c,0x1c,0x1c,0x20,0x25,0x23,0x25,0x21,0x27,0x27,0x24,0x24,
    0x24,0x24,0x25,0x25,0x25,0x25,0x25,0x25,0x25,0x25,0x25,0x25,0x25,0x25,0x25,0x25,
    0x25,0x25,0x25,0x25,0x25,0x25,0x25,0x25,0x25,0x25,0x25,0x25,0x25,0x25,0x25,0x25,
    0x25,0x25,0x25,0x25,0x25,0x25,0x25,0x25,0x24,0x21,0x25,0x27,0x25,0x21,0x23,0x25,
    0x1d,0x1d,0x20,0x1f,0x17,0x10,0x0c,0x0c,0x10,0x1b,0x16,0x0a,0x07,0x0e,0x23,0x25,
    0x22,0x19,0x0a,0x18,0x16,0x16,0x16,0x16,0x16,0x18,0x04,0x05,0x06,0x20,0x20,0x1f,
    0x20,0x20,0x1f,0x14,0x05,0x1f,0x1f,0x1f,0x1f,0x1f,0x1f,0x1f,0x14,0x11,0x0d,0x09,
    0x09,0x09,0x1a,0x16,0x18,0x18,0x18,0x18,0x18,0x18,0x18,0x0e,0x22,0x23,0x26,0x25,
    0x25,0x20,0x20,0x1c,0x1c,0x1c,0x1c,0x20,0x25,0x23,0x25,0x21,0x24,0x24,0x24,0x24,
    0x24,0x24,0x24,0x24,0x24,0x25,0x25,0x25,0x24,0x24,0x24,0x25,0x25,0x25,0x25,0x25,
    0x25,0x25,0x25,0x25,0x25,0x25,0x25,0x25,0x25,0x25,0x25,0x25,0x25,0x25,0x25,0x25,
    0x25,0x25,0x25,0x25,0x25,0x25,0x25,0x24,0x24,0x21,0x25,0x27,0x25,0x21,0x23,0x25,
    0x1d,0x1d,0x20,0x1f,0x17,0x10,0x0c,0x0c,0x10,0x1b,0x16,0x0a,0x07,0x0e,0x23,0x25,
    0x22,0x19,0x0a,0x18,0x16,0x0e,0x0e,0x0e,0x0e,0x16,0x04,0x04,0x05,0x06,0x0d,0x0d,
    0x0d,0x0d,0x09,0x05,0x05,0x14,0x11,0x0d,0x09,0x09,0x09,0x14,0x0d,0x0d,0x09,0x06,
    0x06,0x06,0x1a,0x18,0x18,0x18,0x18,0x18,0x18,0x18,0x18,0x0e,0x22,0x23,0x26,0x25,
    0x25,0x20,0x20,0x1c,0x1c,0x1c,0x1c,0x20,0x25,0x23,0x25,0x21,0x24,0x24,0x24,0x24,
    0x24,0x25,0x25,0x25,0x25,0x25,0x25,0x25,0x25,0x25,0x25,0x25,0x25,0x25,0x25,0x25,
    0x25,0x25,0x25,0x25,0x25,0x25,0x25,0x25,0x25,0x25,0x25,0x25,0x25,0x25,0x24,0x25,
    0x25,0x25,0x24,0x24,0x24,0x24,0x24,0x24,0x24,0x21,0x25,0x27,0x25,0x21,0x23,0x25,
    0x1d,0x1d,0x20,0x1f,0x17,0x10,0x0c,0x0c,0x10,0x1b,0x16,0x0a,0x07,0x0e,0x23,0x25,
    0x22,0x19,0x0a,0x18,0x16,0x16,0x0e,0x0e,0x0e,0x16,0x04,0x04,0x04,0x05,0x05,0x05,
    0x05,0x05,0x05,0x05,0x05,0x05,0x05,0x05,0x05,0x05,0x05,0x05,0x05,0x05,0x05,0x05,
    0x05,0x05,0x1a,0x16,0x16,0x18,0x18,0x18,0x18,0x18,0x18,0x0e,0x22,0x23,0x26,0x25,
    0x25,0x20,0x20,0x1c,0x1c,0x1c,0x1c,0x20,0x25,0x23,0x25,0x21,0x24,0x24,0x24,0x24,
    0x25,0x25,0x25,0x25,0x25,0x25,0x25,0x25,0x25,0x25,0x25,0x25,0x25,0x25,0x25,0x25,
    0x25,0x25,0x25,0x25,0x25,0x25,0x25,0x25,0x25,0x25,0x25,0x25,0x25,0x25,0x25,0x25,
    0x25,0x25,0x25,0x25,0x25,0x25,0x24,0x24,0x27,0x21,0x25,0x27,0x25,0x21,0x23,0x25,
    0x1d,0x1d,0x20,0x1f,0x17,0x10,0x0c,0x0c,0x10,0x1b,0x16,0x0a,0x07,0x0e,0x23,0x25,
    0x22,0x19,0x0a,0x18,0x16,0x0e,0x0e,0x0e,0x0e,0x16,0x16,0x16,0x16,0x16,0x16,0x16,
    0x16,0x16,0x16,0x16,0x16,0x16,0x16,0x16,0x18,0x18,0x18,0x18,0x18,0x18,0x18,0x18,
    0x18,0x18,0x18,0x16,0x16,0x16,0x16,0x16,0x18,0x18,0x18,0x0e,0x22,0x23,0x26,0x25,
    0x25,0x20,0x20,0x1c,0x1c,0x1c,0x1c,0x20,0x25,0x23,0x25,0x21,0x24,0x24,0x24,0x25,
    0x25,0x25,0x25,0x25,0x25,0x25,0x25,0x25,0x25,0x25,0x25,0x25,0x25,0x25,0x25,0x25,
    0x25,0x25,0x25,0x25,0x25,0x25,0x25,0x25,0x25,0x25,0x25,0x25,0x25,0x25,0x25,0x25,
    0x25,0x25,0x25,0x25,0x25,0x25,0x24,0x27,0x27,0x21,0x25,0x27,0x25,0x21,0x23,0x25,
    0x1d,0x1d,0x20,0x1f,0x17,0x10,0x0c,0x0c,0x10,0x1b,0x16,0x0a,0x07,0x0e,0x23,0x25,
    0x22,0x19,0x0a,0x18,0x0e,0x0e,0x0e,0x0e,0x0e,0x0e,0x0e,0x0e,0x0e,0x0e,0x0e,0x0e,
    0x0e,0x0e,0x0e,0x0e,0x0e,0x0e,0x0e,0x0e,0x16,0x16,0x16,0x16,0x16,0x16,0x16,0x16,
    0x16,0x16,0x16,0x16,0x16,0x16,0x16,0x16,0x16,0x18,0x18,0x0e,0x22,0x23,0x26,0x25,
    0x25,0x20,0x20,0x1c,0x1c,0x1c,0x1c,0x20,0x25,0x23,0x25,0x21,0x24,0x24,0x24,0x24,
    0x24,0x24,0x25,0x25,0x25,0x25,0x25,0x25,0x25,0x25,0x25,0x25,0x25,0x25,0x25,0x25,
    0x25,0x25,0x25,0x25,0x25,0x25,0x25,0x25,0x25,0x25,0x25,0x25,0x25,0x25,0x25,0x25,
    0x25,0x25,0x25,0x25,0x25,0x25,0x25,0x24,0x27,0x21,0x25,0x27,0x25,0x21,0x23,0x25,
    0x1d,0x1d,0x20,0x1f,0x17,0x10,0x0c,0x0c,0x10,0x1b,0x16,0x0a,0x07,0x0e,0x23,0x25,
    0x22,0x19,0x0a,0x18,0x0e,0x0e,0x0e,0x0e,0x0e,0x0e,0x0e,0x0e,0x0e,0x0e,0x0e,0x0e,
    0x0e,0x0e,0x0e,0x0e,0x0e,0x0e,0x0e,0x0e,0x0e,0x0e,0x0e,0x0e,0x16,0x16,0x16,0x16,
    0x16,0x16,0x16,0x18,0x18,0x18,0x18,0x18,0x18,0x18,0x18,0x0e,0x22,0x23,0x26,0x25,
    0x25,0x20,0x20,0x1c,0x1c,0x1c,0x1c,0x20,0x25,0x23,0x25,0x21,0x27,0x24,0x25,0x25,
    0x25,0x25,0x25,0x25,0x25,0x25,0x25,0x25,0x25,0x25,0x25,0x25,0x25,0x25,0x25,0x25,
    0x25,0x25,0x25,0x25,0x25,0x25,0x25,0x25,0x25,0x25,0x25,0x25,0x25,0x25,0x25,0x25,
    0x25,0x25,0x25,0x24,0x24,0x24,0x24,0x24,0x24,0x21,0x25,0x27,0x25,0x21,0x23,0x25,
    0x1d,0x1d,0x20,0x1f,0x17,0x10,0x0c,0x0c,0x10,0x1b,0x16,0x0a,0x07,0x0e,0x23,0x25,
    0x22,0x19,0x0a,0x18,0x16,0x16,0x0e,0x0e,0x0e,0x0e,0x0e,0x0e,0x0e,0x0e,0x0e,0x0e,
    0x0e,0x0e,0x0e,0x0e,0x0e,0x0e,0x0e,0x0e,0x0e,0x0e,0x0e,0x0e,0x0e,0x0e,0x16,0x16,
    0x16,0x16,0x16,0x16,0x16,0x16,0x16,0x16,0x1a,0x1a,0x1a,0x0e,0x22,0x23,0x26,0x25,
    0x25,0x20,0x20,0x1c,0x1c,0x1c,0x1c,0x20,0x25,0x23,0x25,0x21,0x27,0x27,0x27,0x24,
    0x25,0x25,0x25,0x25,0x25,0x25,0x25,0x25,0x25,0x25,0x25,0x25,0x25,0x25,0x25,0x25,
    0x25,0x25,0x25,0x25,0x25,0x25,0x25,0x25,0x25,0x25,0x25,0x25,0x25,0x25,0x25,0x25,
    0x25,0x25,0x24,0x24,0x24,0x24,0x24,0x27,0x27,0x21,0x25,0x27,0x25,0x21,0x23,0x25,
    0x1d,0x1d,0x20,0x1c,0x1c,0x1c,0x19,0x13,0x13,0x1b,0x16,0x0a,0x07,0x0e,0x23,0x25,
    0x22,0x19,0x0a,0x18,0x0e,0x0e,0x0e,0x0e,0x0e,0x0e,0x0e,0x0e,0x0e,0x0e,0x0e,0x0e,
    0x0e,0x0e,0x0e,0x0e,0x0e,0x0e,0x0e,0x0e,0x0e,0x0e,0x0e,0x0e,0x0e,0x0e,0x0e,0x0e,
    0x0e,0x16,0x16,0x16,0x16,0x16,0x16,0x16,0x16,0x18,0x1a,0x0a,0x22,0x23,0x26,0x25,
    0x25,0x20,0x20,0x1c,0x1c,0x1c,0x1c,0x20,0x25,0x23,0x25,0x21,0x24,0x24,0x25,0x25,
    0x25,0x25,0x25,0x25,0x25,0x25,0x25,0x25,0x25,0x25,0x25,0x25,0x25,0x25,0x25,0x25,
    0x25,0x25,0x25,0x25,0x25,0x25,0x25,0x25,0x25,0x25,0x25,0x25,0x25,0x25,0x25,0x24,
    0x24,0x24,0x24,0x24,0x27,0x27,0x27,0x27,0x27,0x21,0x25,0x27,0x25,0x21,0x23,0x25,
    0x1d,0x1d,0x22,0x22,0x22,0x22,0x1e,0x1e,0x1b,0x1b,0x16,0x0a,0x07,0x0e,0x23,0x25,
    0x22,0x19,0x0a,0x18,0x0e,0x0e,0x0e,0x0e,0x0e,0x0e,0x0e,0x0e,0x0e,0x0e,0x0e,0x0e,
    0x0e,0x0e,0x0e,0x0e,0x0e,0x0e,0x0e,0x0e,0x0e,0x0e,0x0e,0x0e,0x0e,0x0e,0x16,0x16,
    0x16,0x16,0x16,0x18,0x1a,0x1a,0x1a,0x1a,0x1a,0x1a,0x1a,0x0a,0x22,0x23,0x26,0x25,
    0x25,0x20,0x20,0x1c,0x1c,0x1c,0x1c,0x20,0x25,0x23,0x25,0x21,0x24,0x24,0x24,0x24,
    0x25,0x25,0x25,0x25,0x25,0x25,0x25,0x25,0x25,0x25,0x25,0x25,0x25,0x25,0x25,0x25,
    0x25,0x25,0x25,0x25,0x25,0x25,0x25,0x25,0x25,0x25,0x25,0x25,0x25,0x25,0x25,0x25,
    0x25,0x25,0x25,0x25,0x25,0x24,0x24,0x24,0x24,0x21,0x25,0x27,0x25,0x21,0x23,0x25,
    0x1d,0x1d,0x22,0x22,0x22,0x22,0x1e,0x1e,0x1b,0x1b,0x16,0x0a,0x07,0x0e,0x23,0x25,
    0x22,0x19,0x0a,0x18,0x16,0x0e,0x0e,0x0e,0x0e,0x0e,0x0e,0x0e,0x0e,0x0e,0x0e,0x0e,
    0x0e,0x0e,0x0e,0x0e,0x0e,0x0e,0x0e,0x0e,0x0e,0x0e,0x0e,0x0e,0x0e,0x0e,0x0e,0x16,
    0x16,0x16,0x18,0x18,0x18,0x18,0x18,0x18,0x18,0x18,0x18,0x0a,0x22,0x23,0x26,0x25,
    0x25,0x25,0x25,0x25,0x25,0x25,0x25,0x25,0x25,0x23,0x25,0x21,0x24,0x25,0x25,0x25,
    0x25,0x25,0x25,0x25,0x25,0x25,0x25,0x25,0x25,0x25,0x25,0x25,0x25,0x25,0x25,0x25,
    0x25,0x25,0x25,0x25,0x25,0x25,0x25,0x25,0x25,0x25,0x25,0x25,0x25,0x25,0x25,0x25,
    0x25,0x25,0x25,0x25,0x25,0x25,0x24,0x24,0x24,0x21,0x25,0x27,0x25,0x21,0x23,0x25,
    0x1d,0x1d,0x22,0x22,0x22,0x22,0x1e,0x1e,0x1b,0x1b,0x16,0x0a,0x07,0x0e,0x23,0x25,
    0x22,0x19,0x0a,0x18,0x0e,0x0e,0x0e,0x0e,0x0e,0x0e,0x0e,0x0e,0x0e,0x0e,0x0e,0x0e,
    0x0e,0x0e,0x0e,0x0e,0x0e,0x0e,0x0e,0x0e,0x0e,0x0e,0x0e,0x0e,0x0e,0x0e,0x0e,0x0e,
    0x16,0x1a,0x15,0x15,0x15,0x15,0x15,0x0b,0x0b,0x22,0x22,0x22,0x22,0x23,0x26,0x26,
    0x26,0x26,0x26,0x26,0x26,0x26,0x26,0x26,0x26,0x26,0x24,0x24,0x24,0x24,0x24,0x24,
    0x24,0x24,0x24,0x24,0x25,0x25,0x25,0x25,0x25,0x25,0x25,0x25,0x25,0x25,0x25,0x25,
    0x25,0x25,0x25,0x25,0x25,0x25,0x25,0x25,0x25,0x25,0x25,0x25,0x25,0x25,0x25,0x25,
    0x25,0x25,0x25,0x25,0x25,0x25,0x24,0x24,0x24,0x21,0x25,0x27,0x25,0x21,0x23,0x25,
    0x1d,0x1d,0x22,0x22,0x22,0x22,0x1e,0x1e,0x1b,0x1b,0x16,0x0a,0x07,0x0e,0x23,0x25,
    0x22,0x19,0x0a,0x18,0x0e,0x0e,0x0e,0x0e,0x0e,0x0e,0x0e,0x0e,0x0e,0x0e,0x0e,0x0e,
    0x0e,0x0e,0x0e,0x0e,0x0e,0x0e,0x0e,0x0e,0x0e,0x0e,0x0e,0x0e,0x0e,0x0e,0x0e,0x0e,
    0x16,0x15,0x02,0x02,0x02,0x02,0x02,0x03,0x0b,0x23,0x23,0x23,0x23,0x23,0x20,0x20,
    0x20,0x20,0x20,0x20,0x20,0x20,0x20,0x20,0x20,0x26,0x26,0x26,0x26,0x26,0x26,0x26,
    0x26,0x26,0x26,0x26,0x26,0x26,0x25,0x25,0x25,0x25,0x25,0x25,0x25,0x25,0x25,0x25,
    0x25,0x25,0x25,0x25,0x25,0x25,0x25,0x25,0x25,0x25,0x25,0x25,0x25,0x25,0x25,0x25,
    0x25,0x25,0x25,0x25,0x25,0x25,0x24,0x24,0x24,0x21,0x25,0x27,0x25,0x21,0x23,0x25,
    0x1d,0x1d,0x22,0x22,0x22,0x22,0x1e,0x1e,0x1b,0x1b,0x16,0x0a,0x07,0x0e,0x23,0x25,
    0x22,0x19,0x0a,0x18,0x18,0x0e,0x0e,0x0e,0x0e,0x0e,0x0e,0x0e,0x0e,0x0e,0x0e,0x0e,
    0x0e,0x0e,0x0e,0x0e,0x0e,0x0e,0x0e,0x0e,0x0e,0x0e,0x0e,0x0e,0x0e,0x0e,0x0e,0x0e,
    0x16,0x15,0x03,0x0b,0x0b,0x0b,0x03,0x02,0x0b,0x08,0x08,0x08,0x08,0x08,0x0f,0x1a,
    0x1a,0x1a,0x1a,0x1a,0x1a,0x1a,0x1a,0x1a,0x1a,0x22,0x22,0x22,0x22,0x22,0x22,0x22,
    0x22,0x22,0x22,0x22,0x22,0x26,0x25,0x25,0x25,0x25,0x25,0x25,0x25,0x25,0x25,0x25,
    0x25,0x25,0x25,0x25,0x25,0x25,0x25,0x25,0x25,0x25,0x25,0x25,0x25,0x25,0x25,0x25,
    0x25,0x25,0x25,0x25,0x25,0x25,0x24,0x24,0x24,0x21,0x25,0x27,0x25,0x21,0x23,0x25,
    0x1d,0x1d,0x22,0x22,0x22,0x22,0x1e,0x1e,0x1b,0x1b,0x16,0x0a,0x07,0x0e,0x23,0x25,
    0x22,0x19,0x0a,0x1a,0x18,0x16,0x16,0x16,0x16,0x16,0x0e,0x0e,0x0e,0x0e,0x0e,0x0e,
    0x0e,0x0e,0x0e,0x0e,0x0e,0x0e,0x0e,0x0e,0x0e,0x0e,0x0e,0x0e,0x0e,0x0e,0x0e,0x0e,
    0x16,0x15,0x0b,0x01,0x02,0x02,0x0b,0x02,0x0b,0x08,0x12,0x12,0x12,0x12,0x0f,0x1a,
    0x1a,0x1a,0x1a,0x1a,0x1a,0x1a,0x1a,0x1a,0x1a,0x22,0x22,0x22,0x22,0x18,0x25,0x22,
    0x22,0x22,0x18,0x25,0x22,0x26,0x25,0x25,0x25,0x25,0x25,0x25,0x25,0x25,0x25,0x25,
    0x25,0x25,0x25,0x25,0x25,0x25,0x25,0x25,0x25,0x25,0x25,0x25,0x25,0x25,0x25,0x25,
    0x25,0x25,0x25,0x25,0x25,0x25,0x25,0x24,0x24,0x21,0x25,0x27,0x25,0x21,0x23,0x25,
    0x1d,0x1d,0x22,0x22,0x22,0x22,0x1e,0x1e,0x1b,0x1b,0x16,0x0a,0x07,0x0e,0x23,0x25,
    0x22,0x19,0x0a,0x1a,0x18,0x18,0x18,0x16,0x16,0x0e,0x0e,0x0e,0x0e,0x0e,0x0e,0x0e,
    0x0e,0x0e,0x0e,0x0e,0x0e,0x0e,0x0e,0x0e,0x0e,0x0e,0x0e,0x0e,0x0e,0x0e,0x0e,0x0e,
    0x16,0x15,0x0b,0x01,0x01,0x01,0x0b,0x02,0x0b,0x08,0x12,0x12,0x12,0x12,0x0f,0x1a,
    0x1a,0x1a,0x1a,0x1a,0x1a,0x1a,0x1a,0x1a,0x1a,0x22,0x22,0x22,0x22,0x25,0x25,0x22,
    0x22,0x22,0x25,0x25,0x22,0x26,0x25,0x25,0x25,0x25,0x25,0x25,0x25,0x25,0x25,0x25,
    0x25,0x25,0x25,0x25,0x25,0x25,0x25,0x25,0x25,0x25,0x25,0x25,0x25,0x25,0x25,0x25,
    0x25,0x25,0x25,0x25,0x25,0x25,0x25,0x24,0x24,0x21,0x25,0x27,0x25,0x21,0x23,0x25,
    0x1d,0x1d,0x22,0x22,0x22,0x22,0x1e,0x1e,0x1b,0x1b,0x16,0x0a,0x07,0x0e,0x23,0x25,
    0x22,0x19,0x0a,0x18,0x18,0x16,0x16,0x16,0x16,0x16,0x16,0x16,0x16,0x16,0x0e,0x0e,
    0x0e,0x0e,0x0e,0x0e,0x0e,0x0e,0x0e,0x0e,0x0e,0x0e,0x0e,0x0e,0x0e,0x0e,0x0e,0x0e,
    0x16,0x15,0x03,0x0b,0x0b,0x0b,0x03,0x02,0x0b,0x08,0x08,0x08,0x08,0x08,0x0f,0x1a,
    0x1a,0x1a,0x1a,0x1a,0x1a,0x1a,0x1a,0x1a,0x1a,0x22,0x22,0x22,0x22,0x22,0x22,0x22,
    0x22,0x22,0x22,0x22,0x22,0x26,0x25,0x25,0x25,0x25,0x25,0x25,0x25,0x25,0x25,0x25,
    0x25,0x25,0x25,0x25,0x25,0x25,0x25,0x25,0x25,0x25,0x25,0x25,0x25,0x25,0x25,0x25,
    0x25,0x25,0x25,0x25,0x25,0x25,0x25,0x24,0x24,0x21,0x25,0x27,0x25,0x21,0x23,0x25,
    0x1d,0x1d,0x22,0x22,0x22,0x22,0x1e,0x1e,0x1b,0x1b,0x16,0x0a,0x07,0x0e,0x23,0x25,
    0x22,0x19,0x0a,0x18,0x18,0x16,0x16,0x16,0x16,0x16,0x16,0x16,0x0e,0x0e,0x0e,0x0e,
    0x0e,0x0e,0x0e,0x0e,0x0e,0x0e,0x0e,0x0e,0x0e,0x0e,0x0e,0x0e,0x0e,0x0e,0x0e,0x0e,
    0x16,0x15,0x02,0x02,0x02,0x02,0x02,0x03,0x0b,0x23,0x23,0x23,0x23,0x23,0x20,0x20,
    0x20,0x20,0x20,0x20,0x20,0x20,0x20,0x20,0x20,0x26,0x26,0x26,0x27,0x26,0x26,0x26,
    0x26,0x26,0x26,0x26,0x26,0x26,0x25,0x25,0x25,0x25,0x25,0x25,0x25,0x25,0x25,0x25,
    0x25,0x25,0x25,0x25,0x25,0x25,0x25,0x25,0x25,0x25,0x25,0x25,0x25,0x25,0x25,0x25,
    0x25,0x25,0x25,0x25,0x25,0x25,0x25,0x24,0x24,0x21,0x25,0x27,0x25,0x21,0x23,0x25,
    0x1d,0x1d,0x22,0x22,0x22,0x22,0x1e,0x1e,0x1b,0x1b,0x16,0x0a,0x07,0x0e,0x23,0x25,
    0x22,0x19,0x0a,0x1a,0x18,0x18,0x16,0x16,0x16,0x16,0x16,0x16,0x16,0x16,0x16,0x16,
    0x16,0x16,0x0e,0x0e,0x0e,0x0e,0x0e,0x0e,0x0e,0x0e,0x0e,0x0e,0x0e,0x0e,0x0e,0x0e,
    0x16,0x22,0x15,0x15,0x15,0x15,0x15,0x0b,0x0b,0x22,0x22,0x22,0x22,0x23,0x26,0x26,
    0x26,0x26,0x26,0x26,0x26,0x26,0x26,0x26,0x26,0x23,0x25,0x25,0x27,0x27,0x24,0x24,
    0x24,0x24,0x24,0x24,0x25,0x25,0x25,0x25,0x25,0x25,0x25,0x25,0x25,0x25,0x25,0x25,
    0x25,0x25,0x25,0x25,0x25,0x25,0x25,0x25,0x25,0x25,0x25,0x25,0x25,0x25,0x25,0x25,
    0x25,0x25,0x25,0x25,0x25,0x25,0x24,0x24,0x24,0x21,0x25,0x27,0x25,0x21,0x23,0x25,
    0x1d,0x1d,0x22,0x22,0x22,0x22,0x1e,0x1e,0x1b,0x1b,0x16,0x0a,0x07,0x0e,0x23,0x25,
    0x22,0x19,0x0a,0x1a,0x1a,0x1a,0x1a,0x1a,0x18,0x18,0x18,0x16,0x16,0x16,0x16,0x0e,
    0x0e,0x0e,0x0e,0x0e,0x0e,0x0e,0x0e,0x0e,0x0e,0x0e,0x0e,0x0e,0x0e,0x0e,0x0e,0x0e,
    0x16,0x16,0x25,0x25,0x25,0x25,0x25,0x25,0x25,0x22,0x22,0x0a,0x22,0x23,0x26,0x25,
    0x25,0x25,0x25,0x25,0x25,0x25,0x25,0x25,0x25,0x23,0x25,0x21,0x27,0x24,0x24,0x25,
    0x25,0x25,0x25,0x25,0x25,0x25,0x25,0x25,0x25,0x25,0x25,0x25,0x25,0x25,0x25,0x25,
    0x25,0x25,0x25,0x25,0x25,0x25,0x25,0x25,0x25,0x25,0x25,0x25,0x25,0x25,0x25,0x25,
    0x25,0x25,0x25,0x25,0x25,0x25,0x24,0x24,0x27,0x21,0x25,0x27,0x25,0x21,0x23,0x25,
    0x1d,0x1d,0x22,0x22,0x22,0x22,0x1e,0x1e,0x1b,0x1b,0x16,0x0a,0x07,0x0e,0x23,0x25,
    0x22,0x19,0x0a,0x1a,0x18,0x18,0x16,0x16,0x16,0x16,0x16,0x16,0x16,0x16,0x16,0x16,
    0x16,0x16,0x16,0x16,0x16,0x0e,0x0e,0x0e,0x0e,0x0e,0x0e,0x0e,0x0e,0x0e,0x0e,0x0e,
    0x0e,0x0e,0x0e,0x0e,0x0e,0x0e,0x0e,0x16,0x16,0x16,0x18,0x0a,0x22,0x23,0x26,0x25,
    0x25,0x20,0x20,0x1c,0x1c,0x1c,0x1c,0x20,0x25,0x23,0x25,0x21,0x27,0x27,0x24,0x25,
    0x25,0x25,0x25,0x25,0x25,0x25,0x25,0x25,0x25,0x25,0x25,0x25,0x25,0x25,0x25,0x25,
    0x25,0x25,0x25,0x25,0x25,0x25,0x25,0x25,0x25,0x25,0x25,0x25,0x25,0x25,0x25,0x25,
    0x25,0x25,0x25,0x25,0x25,0x24,0x24,0x27,0x27,0x21,0x25,0x27,0x25,0x21,0x23,0x25,
    0x1d,0x1d,0x22,0x22,0x22,0x22,0x1e,0x1e,0x1b,0x1b,0x16,0x0a,0x07,0x0e,0x23,0x25,
    0x22,0x19,0x0a,0x1a,0x18,0x18,0x18,0x16,0x16,0x16,0x16,0x16,0x16,0x16,0x16,0x16,
    0x16,0x16,0x0e,0x0e,0x0e,0x0e,0x0e,0x0e,0x0e,0x0e,0x0e,0x0e,0x0e,0x0e,0x0e,0x0e,
    0x0e,0x0e,0x0e,0x0e,0x0e,0x0e,0x0e,0x16,0x16,0x16,0x18,0x0a,0x22,0x23,0x26,0x25,
    0x25,0x20,0x20,0x1c,0x1c,0x1c,0x1c,0x20,0x25,0x23,0x25,0x21,0x24,0x25,0x25,0x25,
    0x25,0x25,0x25,0x25,0x25,0x25,0x25,0x25,0x25,0x25,0x25,0x25,0x25,0x25,0x25,0x25,
    0x25,0x25,0x25,0x25,0x25,0x25,0x25,0x25,0x25,0x25,0x25,0x25,0x25,0x25,0x25,0x25,
    0x25,0x25,0x25,0x25,0x24,0x24,0x24,0x24,0x27,0x21,0x25,0x27,0x25,0x21,0x23,0x25,
    0x1d,0x1d,0x22,0x22,0x22,0x22,0x1e,0x1e,0x1b,0x1b,0x16,0x0a,0x07,0x0e,0x23,0x25,
    0x22,0x19,0x0a,0x1a,0x18,0x18,0x16,0x16,0x16,0x16,0x16,0x16,0x16,0x16,0x16,0x16,
    0x0e,0x0e,0x0e,0x0e,0x0e,0x0e,0x0e,0x0e,0x0e,0x0e,0x0e,0x0e,0x0e,0x0e,0x0e,0x0e,
    0x0e,0x0e,0x0e,0x0e,0x0e,0x16,0x16,0x16,0x16,0x18,0x18,0x0a,0x22,0x23,0x26,0x25,
    0x25,0x20,0x20,0x1c,0x1c,0x1c,0x1c,0x20,0x25,0x23,0x25,0x21,0x24,0x24,0x25,0x25,
    0x25,0x25,0x25,0x25,0x25,0x25,0x25,0x25,0x25,0x25,0x25,0x25,0x25,0x25,0x25,0x25,
    0x25,0x25,0x25,0x25,0x25,0x25,0x25,0x25,0x25,0x25,0x25,0x25,0x25,0x25,0x25,0x24,
    0x24,0x24,0x24,0x24,0x27,0x27,0x27,0x27,0x27,0x21,0x25,0x27,0x25,0x21,0x23,0x25,
    0x1d,0x1d,0x22,0x22,0x22,0x22,0x1e,0x1e,0x1b,0x1b,0x16,0x0a,0x07,0x0e,0x23,0x25,
    0x22,0x19,0x0a,0x1a,0x18,0x18,0x18,0x18,0x18,0x18,0x16,0x16,0x16,0x16,0x16,0x16,
    0x16,0x16,0x16,0x16,0x16,0x0e,0x0e,0x0e,0x0e,0x0e,0x0e,0x0e,0x0e,0x0e,0x0e,0x0e,
    0x0e,0x0e,0x16,0x16,0x16,0x18,0x18,0x1a,0x1a,0x1a,0x1a,0x0a,0x22,0x23,0x26,0x25,
    0x25,0x20,0x20,0x1c,0x1c,0x1c,0x1c,0x20,0x25,0x23,0x25,0x21,0x24,0x24,0x25,0x25,
    0x25,0x25,0x25,0x25,0x25,0x25,0x25,0x25,0x25,0x25,0x25,0x25,0x25,0x25,0x25,0x25,
    0x25,0x25,0x25,0x25,0x25,0x25,0x25,0x25,0x25,0x25,0x25,0x25,0x25,0x25,0x25,0x25,
    0x25,0x24,0x24,0x24,0x24,0x24,0x24,0x24,0x24,0x21,0x25,0x27,0x25,0x21,0x23,0x25,
    0x1d,0x1d,0x22,0x22,0x22,0x22,0x1e,0x1e,0x1b,0x1b,0x16,0x0a,0x07,0x0e,0x23,0x25,
    0x22,0x19,0x0a,0x1a,0x18,0x18,0x16,0x16,0x16,0x16,0x16,0x16,0x16,0x16,0x16,0x16,
    0x16,0x16,0x16,0x16,0x16,0x16,0x16,0x16,0x16,0x0e,0x0e,0x0e,0x0e,0x0e,0x0e,0x0e,
    0x0e,0x0e,0x0e,0x0e,0x0e,0x0e,0x18,0x18,0x18,0x1a,0x1a,0x0a,0x22,0x23,0x26,0x25,
    0x25,0x20,0x20,0x1c,0x1c,0x1c,0x1c,0x20,0x25,0x23,0x25,0x21,0x27,0x24,0x24,0x24,
    0x25,0x25,0x25,0x25,0x25,0x25,0x25,0x25,0x25,0x25,0x25,0x25,0x25,0x25,0x25,0x25,
    0x25,0x25,0x25,0x25,0x25,0x25,0x25,0x25,0x25,0x25,0x25,0x25,0x25,0x25,0x25,0x25,
    0x25,0x25,0x25,0x25,0x25,0x25,0x25,0x24,0x24,0x21,0x25,0x27,0x25,0x21,0x23,0x25,
    0x1d,0x1d,0x22,0x22,0x22,0x22,0x1e,0x1e,0x1b,0x1b,0x16,0x0a,0x07,0x0e,0x23,0x25,
    0x22,0x19,0x0a,0x1a,0x18,0x18,0x18,0x18,0x18,0x18,0x18,0x18,0x16,0x16,0x16,0x16,
    0x16,0x16,0x16,0x16,0x16,0x0e,0x0e,0x0e,0x0e,0x0e,0x0e,0x0e,0x0e,0x0e,0x0e,0x0e,
    0x0e,0x0e,0x0e,0x0e,0x0e,0x0e,0x0e,0x16,0x16,0x18,0x1a,0x0a,0x22,0x23,0x26,0x25,
    0x25,0x20,0x20,0x1c,0x1c,0x1c,0x1c,0x20,0x25,0x23,0x25,0x21,0x27,0x27,0x24,0x24,
    0x24,0x24,0x25,0x25,0x25,0x25,0x25,0x25,0x25,0x25,0x25,0x25,0x25,0x25,0x25,0x25,
    0x25,0x25,0x25,0x25,0x25,0x25,0x25,0x25,0x25,0x25,0x25,0x25,0x25,0x25,0x25,0x25,
    0x25,0x25,0x25,0x25,0x25,0x25,0x25,0x24,0x24,0x21,0x25,0x27,0x25,0x21,0x23,0x25,
    0x1d,0x1d,0x22,0x22,0x22,0x22,0x1e,0x1e,0x1b,0x1b,0x16,0x0a,0x07,0x0e,0x23,0x25,
    0x22,0x19,0x0a,0x1a,0x18,0x18,0x18,0x18,0x18,0x18,0x18,0x18,0x18,0x18,0x18,0x18,
    0x18,0x16,0x16,0x16,0x16,0x16,0x16,0x16,0x16,0x16,0x0e,0x0e,0x0e,0x0e,0x0e,0x0e,
    0x0e,0x0e,0x0e,0x0e,0x0e,0x0e,0x0e,0x0e,0x18,0x18,0x18,0x0a,0x22,0x23,0x26,0x25,
    0x25,0x20,0x20,0x1c,0x1c,0x1c,0x1c,0x20,0x25,0x23,0x25,0x21,0x24,0x24,0x24,0x25,
    0x25,0x25,0x25,0x25,0x25,0x25,0x25,0x25,0x25,0x25,0x25,0x25,0x25,0x25,0x25,0x25,
    0x25,0x25,0x25,0x25,0x25,0x25,0x25,0x25,0x25,0x25,0x25,0x25,0x25,0x25,0x24,0x25,
    0x25,0x25,0x25,0x24,0x24,0x24,0x24,0x24,0x27,0x21,0x25,0x27,0x25,0x21,0x23,0x25,
    0x1d,0x1d,0x22,0x22,0x22,0x22,0x1e,0x1e,0x1b,0x1b,0x16,0x0a,0x07,0x0e,0x23,0x25,
    0x22,0x19,0x0e,0x1a,0x1a,0x1a,0x18,0x18,0x18,0x18,0x18,0x18,0x16,0x16,0x16,0x16,
    0x16,0x16,0x16,0x16,0x0e,0x0e,0x0e,0x0e,0x0e,0x0e,0x0e,0x0e,0x0e,0x0e,0x0e,0x0e,
    0x0e,0x0e,0x0e,0x0e,0x0e,0x16,0x16,0x16,0x16,0x18,0x18,0x0a,0x22,0x23,0x26,0x25,
    0x25,0x20,0x20,0x1c,0x1c,0x1c,0x1c,0x20,0x25,0x23,0x25,0x21,0x24,0x24,0x25,0x25,
    0x25,0x25,0x25,0x25,0x25,0x25,0x25,0x25,0x25,0x25,0x25,0x25,0x25,0x25,0x25,0x25,
    0x25,0x25,0x25,0x25,0x25,0x25,0x25,0x25,0x25,0x25,0x25,0x25,0x25,0x25,0x25,0x24,
    0x24,0x24,0x24,0x24,0x24,0x24,0x24,0x27,0x27,0x21,0x25,0x27,0x25,0x21,0x23,0x25,
    0x1d,0x1d,0x22,0x22,0x22,0x22,0x1e,0x1e,0x1b,0x1b,0x16,0x0a,0x07,0x0e,0x23,0x25,
    0x22,0x19,0x0e,0x1a,0x18,0x18,0x18,0x18,0x18,0x18,0x18,0x18,0x18,0x18,0x18,0x18,
    0x18,0x18,0x18,0x18,0x16,0x16,0x16,0x16,0x16,0x16,0x16,0x16,0x16,0x16,0x16,0x16,
    0x16,0x16,0x16,0x0e,0x0e,0x0e,0x0e,0x16,0x16,0x18,0x18,0x0a,0x22,0x23,0x26,0x25,
    0x25,0x20,0x20,0x1c,0x1c,0x1c,0x1c,0x20,0x25,0x23,0x25,0x21,0x27,0x24,0x25,0x25,
    0x25,0x25,0x25,0x25,0x25,0x25,0x25,0x25,0x25,0x25,0x25,0x25,0x25,0x25,0x25,0x25,
    0x25,0x25,0x25,0x25,0x25,0x25,0x25,0x25,0x25,0x25,0x25,0x25,0x25,0x25,0x25,0x24,
    0x24,0x24,0x27,0x27,0x27,0x27,0x27,0x27,0x27,0x21,0x25,0x27,0x25,0x21,0x23,0x25,
    0x1d,0x1d,0x22,0x22,0x22,0x22,0x1e,0x1e,0x1b,0x1b,0x16,0x0a,0x07,0x0e,0x23,0x25,
    0x22,0x19,0x0e,0x1a,0x18,0x18,0x18,0x18,0x18,0x18,0x18,0x18,0x18,0x18,0x18,0x16,
    0x16,0x16,0x16,0x16,0x16,0x16,0x16,0x16,0x16,0x16,0x16,0x16,0x16,0x16,0x0e,0x0e,
    0x0e,0x0e,0x0e,0x16,0x16,0x16,0x18,0x18,0x18,0x1a,0x1a,0x0a,0x22,0x23,0x26,0x25,
    0x25,0x20,0x20,0x1c,0x1c,0x1c,0x1c,0x20,0x25,0x23,0x25,0x21,0x27,0x27,0x27,0x27,
    0x27,0x27,0x24,0x24,0x24,0x24,0x24,0x24,0x25,0x25,0x25,0x25,0x25,0x25,0x25,0x25,
    0x25,0x25,0x25,0x25,0x25,0x25,0x25,0x25,0x25,0x25,0x25,0x25,0x25,0x24,0x24,0x24,
    0x24,0x24,0x24,0x24,0x24,0x24,0x24,0x24,0x24,0x21,0x25,0x27,0x25,0x21,0x23,0x25,
    0x1d,0x1d,0x22,0x22,0x22,0x22,0x1e,0x1e,0x1b,0x1b,0x16,0x0a,0x07,0x0e,0x23,0x25,
    0x22,0x19,0x0e,0x1a,0x1a,0x1a,0x1a,0x1a,0x18,0x18,0x18,0x18,0x18,0x18,0x18,0x18,
    0x18,0x16,0x16,0x16,0x16,0x16,0x16,0x16,0x16,0x16,0x16,0x16,0x16,0x16,0x16,0x16,
    0x16,0x16,0x16,0x16,0x16,0x16,0x16,0x16,0x16,0x18,0x1a,0x0a,0x22,0x23,0x26,0x25,
    0x25,0x20,0x20,0x1c,0x1c,0x1c,0x1c,0x20,0x25,0x23,0x25,0x21,0x27,0x27,0x27,0x24,
    0x24,0x24,0x24,0x24,0x24,0x24,0x24,0x25,0x25,0x25,0x25,0x25,0x25,0x25,0x25,0x25,
    0x25,0x25,0x25,0x25,0x25,0x25,0x25,0x25,0x25,0x25,0x25,0x25,0x25,0x25,0x25,0x25,
    0x25,0x25,0x25,0x25,0x25,0x25,0x25,0x24,0x24,0x21,0x25,0x27,0x25,0x21,0x23,0x25,
    0x1d,0x1d,0x22,0x22,0x22,0x22,0x1e,0x1e,0x1b,0x1b,0x16,0x0a,0x07,0x0e,0x23,0x25,
    0x22,0x19,0x0e,0x1a,0x1a,0x18,0x18,0x18,0x18,0x18,0x18,0x18,0x18,0x18,0x18,0x18,
    0x18,0x18,0x18,0x18,0x18,0x18,0x18,0x18,0x18,0x18,0x18,0x18,0x16,0x16,0x16,0x16,
    0x16,0x16,0x16,0x16,0x16,0x16,0x16,0x16,0x16,0x16,0x18,0x0a,0x22,0x23,0x26,0x25,
    0x25,0x20,0x20,0x1c,0x1c,0x1c,0x1c,0x20,0x25,0x23,0x25,0x21,0x27,0x24,0x24,0x24,
    0x25,0x25,0x25,0x25,0x25,0x25,0x25,0x25,0x25,0x25,0x25,0x25,0x25,0x25,0x25,0x25,
    0x25,0x25,0x25,0x25,0x25,0x25,0x25,0x25,0x25,0x25,0x25,0x25,0x25,0x25,0x25,0x25,
    0x25,0x25,0x25,0x24,0x24,0x24,0x24,0x25,0x24,0x21,0x25,0x27,0x25,0x21,0x23,0x25,
    0x1d,0x1d,0x22,0x22,0x22,0x22,0x1e,0x1e,0x1b,0x1b,0x16,0x0a,0x07,0x0e,0x23,0x25,
    0x22,0x19,0x0e,0x1a,0x1a,0x1a,0x1a,0x1a,0x1a,0x1a,0x1a,0x1a,0x18,0x18,0x18,0x18,
    0x18,0x18,0x18,0x18,0x18,0x18,0x18,0x18,0x18,0x18,0x16,0x16,0x16,0x16,0x16,0x16,
    0x16,0x16,0x16,0x16,0x16,0x16,0x16,0x16,0x16,0x18,0x18,0x0a,0x22,0x23,0x26,0x25,
    0x25,0x20,0x20,0x1c,0x1c,0x1c,0x1c,0x20,0x25,0x23,0x25,0x21,0x24,0x24,0x24,0x25,
    0x25,0x25,0x25,0x25,0x25,0x25,0x25,0x25,0x25,0x25,0x25,0x25,0x25,0x25,0x25,0x25,
    0x25,0x25,0x25,0x25,0x25,0x25,0x25,0x25,0x25,0x25,0x25,0x25,0x25,0x25,0x25,0x25,
    0x25,0x25,0x25,0x25,0x25,0x25,0x25,0x24,0x24,0x21,0x25,0x27,0x25,0x21,0x23,0x25,
    0x1d,0x1d,0x22,0x22,0x22,0x22,0x1e,0x1e,0x1b,0x1b,0x16,0x0a,0x07,0x0e,0x23,0x25,
    0x22,0x19,0x0e,0x1a,0x1a,0x1a,0x1a,0x1a,0x1a,0x1a,0x18,0x18,0x18,0x18,0x18,0x18,
    0x18,0x18,0x18,0x18,0x18,0x18,0x18,0x18,0x18,0x18,0x18,0x18,0x18,0x18,0x18,0x16,
    0x16,0x16,0x16,0x18,0x18,0x18,0x18,0x18,0x1a,0x1a,0x1a,0x0e,0x22,0x23,0x26,0x25,
    0x25,0x20,0x20,0x1c,0x1c,0x1c,0x1c,0x20,0x25,0x23,0x25,0x21,0x24,0x24,0x24,0x25,
    0x25,0x25,0x25,0x25,0x25,0x25,0x25,0x25,0x25,0x25,0x25,0x25,0x25,0x25,0x25,0x25,
    0x25,0x25,0x25,0x25,0x25,0x25,0x25,0x25,0x25,0x25,0x25,0x25,0x25,0x25,0x25,0x25,
    0x25,0x25,0x25,0x25,0x25,0x25,0x24,0x24,0x27,0x21,0x25,0x27,0x25,0x21,0x23,0x25,
    0x1d,0x1d,0x22,0x22,0x22,0x22,0x1e,0x1e,0x1b,0x1b,0x16,0x0a,0x07,0x0e,0x23,0x25,
    0x22,0x19,0x0e,0x1a,0x1a,0x1a,0x1a,0x1a,0x1a,0x1a,0x1a,0x1a,0x1a,0x1a,0x1a,0x1a,
    0x1a,0x1a,0x1a,0x1a,0x18,0x18,0x18,0x18,0x18,0x18,0x18,0x18,0x18,0x18,0x18,0x18,
    0x16,0x16,0x16,0x16,0x16,0x16,0x16,0x16,0x18,0x18,0x1a,0x0e,0x22,0x23,0x26,0x25,
    0x25,0x20,0x20,0x1c,0x1c,0x1c,0x1c,0x20,0x25,0x23,0x25,0x21,0x27,0x24,0x24,0x25,
    0x25,0x25,0x25,0x25,0x25,0x25,0x25,0x25,0x25,0x25,0x25,0x25,0x25,0x25,0x25,0x25,
    0x25,0x25,0x25,0x25,0x25,0x25,0x25,0x25,0x25,0x25,0x25,0x25,0x25,0x25,0x25,0x25,
    0x25,0x24,0x24,0x24,0x24,0x24,0x27,0x27,0x27,0x21,0x25,0x27,0x25,0x21,0x23,0x25,
    0x1d,0x1d,0x22,0x22,0x22,0x22,0x1e,0x1e,0x1b,0x1b,0x16,0x0a,0x07,0x0e,0x23,0x25,
    0x22,0x19,0x0e,0x1a,0x1a,0x1a,0x1a,0x1a,0x1a,0x1a,0x1a,0x1a,0x1a,0x1a,0x1a,0x1a,
    0x1a,0x18,0x18,0x18,0x18,0x18,0x18,0x18,0x18,0x18,0x18,0x18,0x18,0x16,0x16,0x16,
    0x16,0x16,0x16,0x16,0x16,0x16,0x16,0x16,0x18,0x18,0x18,0x0e,0x22,0x23,0x26,0x25,
    0x25,0x20,0x20,0x1c,0x1c,0x1c,0x1c,0x20,0x25,0x23,0x25,0x21,0x27,0x24,0x24,0x25,
    0x25,0x25,0x25,0x25,0x25,0x25,0x25,0x25,0x25,0x25,0x25,0x25,0x25,0x25,0x25,0x25,
    0x25,0x25,0x25,0x25,0x25,0x25,0x25,0x25,0x25,0x25,0x25,0x25,0x25,0x25,0x25,0x25,
    0x25,0x25,0x25,0x25,0x25,0x25,0x25,0x24,0x27,0x21,0x25,0x27,0x25,0x21,0x23,0x25,
    0x1d,0x1d,0x22,0x22,0x22,0x22,0x1e,0x1e,0x1b,0x1b,0x16,0x0a,0x07,0x0e,0x23,0x25,
    0x22,0x19,0x0e,0x1a,0x1a,0x1a,0x1a,0x1a,0x1a,0x1a,0x1a,0x1a,0x1a,0x1a,0x1a,0x18,
    0x18,0x18,0x18,0x18,0x18,0x18,0x18,0x18,0x18,0x18,0x18,0x18,0x18,0x18,0x18,0x18,
    0x18,0x18,0x18,0x18,0x18,0x18,0x18,0x18,0x18,0x18,0x1a,0x0e,0x22,0x23,0x26,0x25,
    0x25,0x20,0x20,0x1c,0x1c,0x1c,0x1c,0x20,0x25,0x23,0x25,0x21,0x27,0x24,0x24,0x24,
    0x24,0x24,0x24,0x24,0x24,0x24,0x25,0x25,0x25,0x25,0x25,0x25,0x25,0x25,0x25,0x25,
    0x25,0x25,0x25,0x25,0x25,0x25,0x25,0x25,0x25,0x25,0x25,0x25,0x25,0x25,0x25,0x25,
    0x25,0x25,0x25,0x25,0x24,0x24,0x24,0x24,0x27,0x21,0x25,0x27,0x25,0x21,0x23,0x25,
    0x1d,0x1d,0x22,0x22,0x22,0x22,0x1e,0x1e,0x1b,0x1b,0x16,0x0a,0x07,0x0e,0x23,0x25,
    0x22,0x19,0x0e,0x1a,0x1a,0x1a,0x1a,0x1a,0x1a,0x1a,0x1a,0x1a,0x1a,0x1a,0x1a,0x1a,
    0x1a,0x1a,0x1a,0x18,0x18,0x18,0x18,0x18,0x18,0x18,0x18,0x18,0x18,0x18,0x18,0x18,
    0x18,0x18,0x18,0x18,0x18,0x18,0x18,0x18,0x18,0x18,0x1a,0x0e,0x22,0x23,0x26,0x25,
    0x25,0x20,0x20,0x1c,0x1c,0x1c,0x1c,0x20,0x25,0x23,0x25,0x21,0x27,0x27,0x24,0x24,
    0x24,0x24,0x25,0x25,0x25,0x25,0x25,0x25,0x25,0x25,0x25,0x25,0x25,0x25,0x25,0x25,
    0x25,0x25,0x25,0x25,0x25,0x25,0x25,0x25,0x25,0x25,0x25,0x25,0x25,0x25,0x25,0x25,
    0x25,0x25,0x25,0x25,0x25,0x25,0x25,0x24,0x24,0x21,0x25,0x27,0x25,0x21,0x23,0x25,
    0x1d,0x1d,0x22,0x22,0x22,0x22,0x1e,0x1e,0x1b,0x1b,0x16,0x0a,0x07,0x0e,0x23,0x25,
    0x22,0x19,0x0e,0x1a,0x1a,0x1a,0x1a,0x1a,0x1a,0x1a,0x1a,0x1a,0x1a,0x1a,0x1a,0x1a,
    0x1a,0x1a,0x1a,0x1a,0x1a,0x1a,0x1a,0x1a,0x1a,0x1a,0x1a,0x1a,0x1a,0x18,0x18,0x18,
    0x18,0x18,0x18,0x18,0x18,0x18,0x18,0x18,0x18,0x18,0x1a,0x16,0x22,0x23,0x26,0x25,
    0x25,0x20,0x20,0x1c,0x1c,0x1c,0x1c,0x20,0x25,0x23,0x25,0x21,0x27,0x24,0x24,0x24,
    0x24,0x24,0x24,0x24,0x25,0x25,0x25,0x25,0x25,0x25,0x25,0x25,0x25,0x25,0x25,0x25,
    0x25,0x25,0x25,0x25,0x25,0x25,0x25,0x25,0x25,0x25,0x25,0x25,0x25,0x25,0x25,0x25,
    0x25,0x25,0x24,0x24,0x24,0x24,0x24,0x24,0x24,0x21,0x25,0x27,0x25,0x21,0x23,0x25,
    0x1d,0x1d,0x22,0x22,0x22,0x22,0x1e,0x1e,0x1b,0x1b,0x16,0x0a,0x07,0x0e,0x23,0x25,
    0x22,0x19,0x0e,0x1a,0x1a,0x1a,0x1a,0x1a,0x1a,0x1a,0x1a,0x1a,0x1a,0x1a,0x1a,0x1a,
    0x1a,0x1a,0x1a,0x1a,0x1a,0x1a,0x1a,0x1a,0x1a,0x1a,0x1a,0x1a,0x1a,0x1a,0x1a,0x1a,
    0x1a,0x1a,0x1a,0x1a,0x1a,0x18,0x18,0x18,0x18,0x1a,0x1a,0x16,0x22,0x23,0x26,0x25,
    0x25,0x20,0x20,0x1c,0x1c,0x1c,0x1c,0x20,0x25,0x23,0x25,0x21,0x27,0x27,0x27,0x24,
    0x24,0x24,0x24,0x24,0x24,0x24,0x24,0x24,0x24,0x24,0x24,0x24,0x24,0x25,0x25,0x25,
    0x25,0x25,0x25,0x25,0x25,0x25,0x25,0x25,0x25,0x25,0x25,0x25,0x25,0x25,0x25,0x25,
    0x25,0x25,0x25,0x25,0x25,0x24,0x24,0x24,0x24,0x21,0x25,0x27,0x25,0x21,0x23,0x25,
    0x1d,0x1d,0x22,0x22,0x22,0x22,0x1e,0x1e,0x1b,0x1b,0x16,0x0a,0x07,0x0e,0x23,0x25,
    0x22,0x19,0x0e,0x1a,0x1a,0x1a,0x1a,0x1a,0x1a,0x1a,0x1a,0x1a,0x1a,0x1a,0x1a,0x1a,
    0x1a,0x1a,0x1a,0x1a,0x1a,0x1a,0x1a,0x1a,0x1a,0x1a,0x1a,0x1a,0x1a,0x1a,0x1a,0x1a,
    0x1a,0x1a,0x1a,0x1a,0x1a,0x1a,0x1a,0x1a,0x1a,0x1a,0x1a,0x16,0x22,0x23,0x26,0x25,
    0x25,0x20,0x20,0x1c,0x1c,0x1c,0x1c,0x20,0x25,0x23,0x25,0x21,0x24,0x24,0x24,0x24,
    0x24,0x24,0x24,0x24,0x24,0x24,0x24,0x24,0x24,0x24,0x24,0x24,0x24,0x24,0x24,0x25,
    0x25,0x25,0x25,0x25,0x25,0x25,0x25,0x25,0x25,0x25,0x25,0x25,0x25,0x25,0x25,0x25,
    0x24,0x24,0x24,0x24,0x24,0x24,0x24,0x24,0x24,0x21,0x25,0x27,0x25,0x21,0x23,0x25,
    0x1d,0x1d,0x22,0x22,0x22,0x22,0x1e,0x1e,0x1b,0x1b,0x16,0x0a,0x07,0x0e,0x23,0x25,
    0x22,0x19,0x0e,0x0e,0x0e,0x0e,0x0e,0x0e,0x0e,0x0e,0x0e,0x0e,0x0e,0x0e,0x0e,0x0e,
    0x0e,0x0e,0x0e,0x0e,0x0e,0x0e,0x0e,0x0e,0x0e,0x0e,0x0e,0x0e,0x0e,0x0e,0x0e,0x0e,
    0x0e,0x0e,0x0e,0x0e,0x0e,0x0e,0x0e,0x0e,0x0e,0x0e,0x0e,0x16,0x22,0x23,0x26,0x25,
    0x25,0x20,0x20,0x1c,0x1c,0x1c,0x1c,0x20,0x25,0x23,0x25,0x21,0x21,0x21,0x21,0x21,
    0x21,0x21,0x21,0x21,0x21,0x21,0x21,0x21,0x21,0x21,0x21,0x21,0x21,0x21,0x21,0x21,
    0x21,0x21,0x21,0x21,0x21,0x21,0x21,0x21,0x21,0x21,0x21,0x21,0x21,0x21,0x21,0x21,
    0x21,0x21,0x21,0x21,0x21,0x21,0x21,0x21,0x21,0x21,0x25,0x27,0x25,0x21,0x23,0x25,
    0x1d,0x23,0x23,0x23,0x23,0x23,0x23,0x23,0x23,0x23,0x23,0x23,0x23,0x23,0x23,0x25,
    0x22,0x22,0x22,0x22,0x22,0x22,0x22,0x22,0x22,0x22,0x22,0x22,0x22,0x22,0x22,0x22,
    0x22,0x22,0x22,0x22,0x22,0x22,0x22,0x22,0x22,0x22,0x22,0x22,0x22,0x22,0x22,0x22,
    0x22,0x22,0x22,0x22,0x22,0x22,0x22,0x22,0x22,0x22,0x22,0x22,0x22,0x23,0x26,0x25,
    0x25,0x20,0x20,0x1c,0x1c,0x1c,0x1c,0x20,0x25,0x23,0x25,0x25,0x25,0x25,0x25,0x25,
    0x25,0x25,0x25,0x25,0x25,0x25,0x25,0x25,0x25,0x25,0x25,0x25,0x25,0x25,0x25,0x25,
    0x25,0x25,0x25,0x25,0x25,0x25,0x25,0x25,0x25,0x25,0x25,0x25,0x25,0x25,0x25,0x25,
    0x25,0x25,0x25,0x25,0x25,0x25,0x25,0x25,0x25,0x25,0x25,0x27,0x25,0x21,0x23,0x25,
    0x23,0x23,0x23,0x23,0x23,0x23,0x23,0x23,0x23,0x23,0x23,0x23,0x23,0x23,0x23,0x23,
    0x23,0x23,0x23,0x23,0x23,0x23,0x23,0x23,0x23,0x23,0x23,0x23,0x23,0x23,0x23,0x23,
    0x23,0x23,0x23,0x23,0x23,0x23,0x23,0x23,0x23,0x23,0x23,0x23,0x23,0x23,0x23,0x23,
    0x23,0x23,0x23,0x23,0x23,0x23,0x23,0x23,0x23,0x23,0x23,0x23,0x23,0x23,0x26,0x25,
    0x25,0x20,0x20,0x1c,0x1c,0x1c,0x1c,0x20,0x25,0x23,0x23,0x23,0x23,0x23,0x23,0x23,
    0x23,0x23,0x23,0x23,0x23,0x23,0x23,0x23,0x23,0x23,0x23,0x23,0x23,0x23,0x23,0x23,
    0x23,0x23,0x23,0x23,0x23,0x23,0x23,0x23,0x23,0x23,0x23,0x23,0x23,0x23,0x23,0x23,
    0x23,0x23,0x23,0x23,0x23,0x23,0x23,0x23,0x23,0x23,0x23,0x27,0x23,0x23,0x23,0x23,
    0x26,0x26,0x26,0x26,0x26,0x26,0x26,0x26,0x26,0x26,0x26,0x26,0x26,0x26,0x26,0x26,
    0x26,0x26,0x26,0x26,0x26,0x26,0x26,0x26,0x26,0x26,0x26,0x26,0x26,0x26,0x26,0x26,
    0x26,0x26,0x26,0x26,0x26,0x26,0x26,0x26,0x26,0x26,0x26,0x26,0x26,0x26,0x26,0x26,
    0x26,0x26,0x26,0x26,0x26,0x26,0x26,0x26,0x26,0x26,0x26,0x26,0x26,0x26,0x26,0x25,
    0x25,0x20,0x20,0x1c,0x1c,0x1c,0x1c,0x20,0x25,0x26,0x26,0x26,0x26,0x26,0x26,0x26,
    0x26,0x26,0x26,0x26,0x26,0x26,0x26,0x26,0x26,0x26,0x26,0x26,0x26,0x26,0x26,0x26,
    0x26,0x26,0x26,0x26,0x26,0x26,0x26,0x26,0x26,0x26,0x26,0x26,0x26,0x26,0x26,0x26,
    0x26,0x26,0x26,0x26,0x26,0x26,0x26,0x26,0x26,0x26,0x26,0x27,0x26,0x26,0x26,0x26,
    0x25,0x25,0x25,0x25,0x25,0x25,0x25,0x25,0x25,0x25,0x25,0x25,0x25,0x25,0x25,0x25,
    0x25,0x25,0x25,0x25,0x25,0x25,0x25,0x25,0x25,0x25,0x25,0x25,0x25,0x25,0x25,0x25,
    0x25,0x25,0x25,0x25,0x25,0x25,0x25,0x25,0x25,0x25,0x25,0x25,0x25,0x25,0x25,0x25,
    0x25,0x25,0x25,0x25,0x25,0x25,0x25,0x25,0x25,0x25,0x25,0x25,0x25,0x25,0x25,0x25,
    0x25,0x20,0x20,0x1c,0x1c,0x1c,0x1c,0x20,0x25,0x25,0x25,0x25,0x25,0x25,0x25,0x25,
    0x25,0x25,0x25,0x25,0x25,0x25,0x25,0x25,0x25,0x25,0x25,0x25,0x25,0x25,0x25,0x25,
    0x25,0x25,0x25,0x25,0x25,0x25,0x25,0x25,0x25,0x25,0x25,0x25,0x25,0x25,0x25,0x25,
    0x25,0x25,0x25,0x25,0x25,0x25,0x25,0x25,0x25,0x25,0x25,0x25,0x25,0x25,0x25,0x25,
    0x1c,0x1c,0x1c,0x1c,0x1c,0x1c,0x1c,0x1c,0x1c,0x1c,0x1c,0x1c,0x1c,0x1c,0x1c,0x1c,
    0x1c,0x1c,0x1c,0x1c,0x1c,0x1c,0x1c,0x1c,0x1c,0x1c,0x1c,0x1c,0x1c,0x1c,0x1c,0x1c,
    0x1c,0x1c,0x1c,0x1c,0x1c,0x1c,0x1c,0x1c,0x1c,0x1c,0x1c,0x1c,0x1c,0x1c,0x1c,0x1c,
    0x1c,0x1c,0x1c,0x1c,0x1c,0x1c,0x1c,0x1c,0x1c,0x1c,0x1c,0x1c,0x1c,0x1c,0x1c,0x1c,
    0x1c,0x1c,0x1c,0x1c,0x1c,0x1c,0x1c,0x1c,0x1c,0x1c,0x1c,0x1c,0x1c,0x1c,0x1c,0x1c,
    0x1c,0x1c,0x1c,0x1c,0x1c,0x1c,0x1c,0x1c,0x1c,0x1c,0x1c,0x1c,0x1c,0x1c,0x1c,0x1c,
    0x1c,0x1c,0x1c,0x1c,0x1c,0x1c,0x1c,0x1c,0x1c,0x1c,0x1c,0x1c,0x1c,0x1c,0x1c,0x1c,
    0x1c,0x1c,0x1c,0x1c,0x1c,0x1c,0x1c,0x1c,0x1c,0x1c,0x1c,0x1c,0x1c,0x1c,0x1c,0x1c,
    0x1c,0x1c,0x1c,0x1c,0x1c,0x1c,0x1c,0x1c,0x1c,0x1c,0x1c,0x1c,0x1c,0x1c,0x1c,0x1c,
    0x1c,0x1c,0x1c,0x1c,0x1c,0x1c,0x1c,0x1c,0x1c,0x1c,0x1c,0x1c,0x1c,0x1c,0x1c,0x1c,
    0x1c,0x1c,0x1c,0x1c,0x1c,0x1c,0x1c,0x1c,0x1c,0x1c,0x1c,0x1c,0x1c,0x1c,0x1c,0x1c,
    0x1c,0x1c,0x1c,0x1c,0x1c,0x1c,0x1c,0x1c,0x1c,0x1c,0x1c,0x1c,0x1c,0x1c,0x1c,0x1c,
    0x1c,0x1c,0x1c,0x1c,0x1c,0x1c,0x1c,0x1c,0x1c,0x1c,0x1c,0x1c,0x1c,0x1c,0x1c,0x1c,
    0x1c,0x1c,0x1c,0x1c,0x1c,0x1c,0x1c,0x1c,0x1c,0x1c,0x1c,0x1c,0x1c,0x1c,0x1c,0x1c,
    0x1c,0x1c,0x1c,0x1c,0x1c,0x1c,0x1c,0x1c,0x1c,0x1c,0x1c,0x1c,0x1c,0x1c,0x1c,0x1c,
    0x1c,0x1c,0x1c,0x1c,0x1c,0x1c,0x1c,0x1c,0x1c,0x1c,0x1c,0x1c,0x1c,0x1c,0x1c,0x1c,
    0x23,0x23,0x23,0x23,0x23,0x23,0x23,0x23,0x23,0x23,0x23,0x23,0x23,0x23,0x23,0x23,
    0x23,0x23,0x23,0x23,0x23,0x23,0x23,0x23,0x23,0x23,0x23,0x23,0x23,0x23,0x23,0x23,
    0x23,0x23,0x23,0x23,0x23,0x23,0x23,0x23,0x23,0x23,0x23,0x23,0x23,0x23,0x23,0x23,
    0x23,0x23,0x23,0x23,0x23,0x23,0x23,0x23,0x23,0x23,0x23,0x23,0x23,0x23,0x23,0x23,
    0x23,0x23,0x23,0x23,0x23,0x23,0x23,0x23,0x23,0x23,0x23,0x23,0x23,0x23,0x23,0x23,
    0x23,0x23,0x23,0x23,0x23,0x23,0x23,0x23,0x23,0x23,0x23,0x23,0x23,0x23,0x23,0x23,
    0x23,0x23,0x23,0x23,0x23,0x23,0x23,0x23,0x23,0x23,0x23,0x23,0x23,0x23,0x23,0x23,
    0x23,0x23,0x23,0x23,0x23,0x23,0x23,0x23,0x23,0x23,0x23,0x23,0x23,0x23,0x23,0x23,
    0x22,0x22,0x22,0x22,0x22,0x22,0x22,0x22,0x22,0x22,0x22,0x22,0x22,0x22,0x22,0x22,
    0x22,0x22,0x22,0x22,0x22,0x22,0x22,0x22,0x22,0x22,0x22,0x22,0x22,0x22,0x22,0x22,
    0x22,0x22,0x22,0x22,0x22,0x22,0x22,0x22,0x22,0x22,0x22,0x22,0x22,0x22,0x22,0x22,
    0x22,0x22,0x22,0x22,0x22,0x22,0x22,0x22,0x22,0x22,0x22,0x22,0x22,0x22,0x22,0x22,
    0x22,0x22,0x22,0x22,0x22,0x22,0x22,0x22,0x22,0x22,0x22,0x22,0x22,0x22,0x22,0x22,
    0x22,0x22,0x22,0x22,0x22,0x22,0x22,0x22,0x22,0x22,0x22,0x22,0x22,0x22,0x22,0x22,
    0x22,0x22,0x22,0x22,0x22,0x22,0x22,0x22,0x22,0x22,0x22,0x22,0x22,0x22,0x22,0x22,
    0x22,0x22,0x22,0x22,0x22,0x22,0x22,0x22,0x22,0x22,0x22,0x22,0x22,0x22,0x22,0x22,
    0x00,0x00,0x00,0x00,0x00,0x00,0x00,0x00,0x00,0x00,0x00,0x00,0x00,0x00,0x00,0x00,
    0x00,0x00,0x00,0x00,0x00,0x00,0x00,0x00,0x00,0x00,0x00,0x00,0x00,0x00,0x00,0x00,
    0x00,0x00,0x00,0x00,0x00,0x00,0x00,0x00,0x00,0x00,0x00,0x00,0x00,0x00,0x00,0x00,
    0x00,0x00,0x00,0x00,0x00,0x00,0x00,0x00,0x00,0x00,0x00,0x00,0x00,0x00,0x00,0x00,
    0x00,0x00,0x00,0x00,0x00,0x00,0x00,0x00,0x00,0x00,0x00,0x00,0x00,0x00,0x00,0x00,
    0x00,0x00,0x00,0x00,0x00,0x00,0x00,0x00,0x00,0x00,0x00,0x00,0x00,0x00,0x00,0x00,
    0x00,0x00,0x00,0x00,0x00,0x00,0x00,0x00,0x00,0x00,0x00,0x00,0x00,0x00,0x00,0x00,
    0x00,0x00,0x00,0x00,0x00,0x00,0x00,0x00,0x00,0x00,0x00,0x00,0x00,0x00,0x00,0x00,
    0x00,0x32,0x32,0x32,0x32,0x32,0x32,0x32,0x32,0x32,0x32,0x32,0x32,0x32,0x32,0x32,
    0x32,0x32,0x32,0x32,0x32,0x32,0x32,0x32,0x32,0x32,0x32,0x32,0x32,0x32,0x32,0x32,
    0x32,0x32,0x1b,0x2c,0x1b,0x2c,0x2c,0x10,0x1f,0x2d,0x2d,0x23,0x17,0x1f,0x12,0x07,
    0x12,0x31,0x12,0x00,0x00,0x00,0x00,0x00,0x00,0x00,0x00,0x00,0x00,0x00,0x00,0x00,
    0x00,0x00,0x00,0x00,0x00,0x00,0x00,0x00,0x00,0x00,0x00,0x00,0x00,0x00,0x00,0x00,
    0x00,0x00,0x00,0x00,0x00,0x00,0x00,0x00,0x00,0x00,0x00,0x00,0x00,0x00,0x00,0x00,
    0x00,0x00,0x00,0x00,0x00,0x00,0x00,0x00,0x00,0x00,0x00,0x00,0x00,0x00,0x00,0x00,
    0x00,0x00,0x00,0x00,0x00,0x00,0x00,0x00,0x00,0x00,0x00,0x00,0x00,0x00,0x00,0x00,
    0x00,0x32,0x32,0x32,0x32,0x32,0x32,0x32,0x32,0x32,0x32,0x32,0x32,0x32,0x32,0x32,
    0x32,0x32,0x32,0x32,0x32,0x32,0x32,0x32,0x32,0x32,0x32,0x32,0x32,0x32,0x32,0x32,
    0x32,0x32,0x1b,0x0e,0x2c,0x2c,0x10,0x2c,0x2c,0x2c,0x07,0x24,0x06,0x10,0x12,0x2d,
    0x2d,0x2d,0x12,0x12,0x12,0x1f,0x20,0x20,0x20,0x20,0x2d,0x20,0x20,0x20,0x31,0x20,
    0x20,0x12,0x31,0x31,0x07,0x20,0x20,0x31,0x2d,0x20,0x20,0x20,0x20,0x2d,0x31,0x31,
    0x12,0x20,0x20,0x12,0x20,0x08,0x30,0x20,0x20,0x20,0x20,0x20,0x31,0x16,0x20,0x20,
    0x20,0x20,0x31,0x12,0x08,0x08,0x12,0x08,0x12,0x20,0x31,0x31,0x20,0x00,0x00,0x00,
    0x00,0x00,0x00,0x00,0x00,0x00,0x00,0x00,0x00,0x00,0x00,0x00,0x00,0x00,0x00,0x00,
    0x31,0x32,0x32,0x32,0x32,0x32,0x32,0x32,0x32,0x32,0x32,0x32,0x32,0x32,0x32,0x32,
    0x32,0x32,0x32,0x32,0x32,0x32,0x32,0x32,0x32,0x32,0x32,0x32,0x32,0x32,0x32,0x32,
    0x32,0x32,0x22,0x0e,0x1b,0x2c,0x2c,0x10,0x10,0x1b,0x10,0x2f,0x1b,0x1f,0x07,0x2d,
    0x2d,0x2d,0x12,0x2d,0x2d,0x2d,0x12,0x31,0x31,0x20,0x12,0x12,0x12,0x20,0x31,0x31,
    0x12,0x12,0x31,0x20,0x2d,0x20,0x20,0x31,0x12,0x12,0x31,0x20,0x16,0x20,0x20,0x20,
    0x20,0x20,0x31,0x20,0x31,0x08,0x20,0x12,0x20,0x31,0x20,0x20,0x20,0x20,0x16,0x31,
    0x20,0x31,0x12,0x2d,0x2d,0x08,0x12,0x12,0x20,0x20,0x2d,0x2d,0x2d,0x12,0x12,0x12,
    0x12,0x20,0x31,0x20,0x20,0x31,0x12,0x31,0x12,0x2d,0x20,0x20,0x31,0x31,0x20,0x20,
    0x15,0x32,0x32,0x32,0x32,0x32,0x32,0x32,0x32,0x32,0x32,0x32,0x32,0x32,0x32,0x32,
    0x32,0x32,0x32,0x32,0x32,0x32,0x32,0x32,0x32,0x32,0x32,0x32,0x32,0x32,0x32,0x32,
    0x32,0x32,0x2b,0x22,0x22,0x0e,0x2c,0x2c,0x2c,0x0e,0x1b,0x10,0x10,0x10,0x2d,0x2d,
    0x07,0x10,0x2d,0x2d,0x12,0x1f,0x20,0x30,0x20,0x20,0x12,0x20,0x20,0x12,0x20,0x20,
    0x12,0x14,0x1f,0x12,0x20,0x20,0x20,0x30,0x20,0x31,0x20,0x2d,0x20,0x12,0x20,0x16,
    0x31,0x16,0x2d,0x12,0x12,0x12,0x20,0x31,0x20,0x31,0x12,0x20,0x20,0x20,0x20,0x20,
    0x20,0x20,0x12,0x2d,0x2d,0x12,0x12,0x2d,0x12,0x2d,0x2d,0x2d,0x12,0x12,0x12,0x12,
    0x20,0x20,0x20,0x12,0x12,0x2d,0x20,0x20,0x20,0x20,0x12,0x12,0x12,0x20,0x12,0x20,
    0x20,0x32,0x32,0x32,0x32,0x32,0x32,0x32,0x32,0x32,0x32,0x32,0x32,0x32,0x32,0x32,
    0x32,0x32,0x32,0x32,0x32,0x32,0x32,0x32,0x32,0x32,0x32,0x32,0x32,0x32,0x32,0x32,
    0x32,0x32,0x05,0x05,0x0d,0x2b,0x2b,0x0e,0x10,0x2c,0x2c,0x07,0x10,0x10,0x10,0x1f,
    0x1f,0x2d,0x2d,0x2d,0x12,0x2d,0x1f,0x20,0x2d,0x1f,0x2d,0x12,0x12,0x2d,0x31,0x12,
    0x14,0x20,0x20,0x12,0x20,0x12,0x08,0x2d,0x1f,0x20,0x20,0x2d,0x2d,0x12,0x12,0x12,
    0x31,0x20,0x31,0x20,0x2d,0x20,0x20,0x12,0x20,0x20,0x20,0x20,0x08,0x2d,0x12,0x2d,
    0x12,0x20,0x07,0x2d,0x2d,0x2d,0x2d,0x2d,0x12,0x12,0x2d,0x12,0x12,0x12,0x2d,0x2d,
    0x12,0x2d,0x2d,0x12,0x2d,0x12,0x31,0x20,0x14,0x12,0x2d,0x2d,0x2d,0x2d,0x12,0x2d,
    0x12,0x32,0x32,0x32,0x32,0x32,0x32,0x32,0x32,0x32,0x32,0x32,0x32,0x32,0x32,0x32,
    0x32,0x32,0x32,0x32,0x32,0x32,0x32,0x32,0x32,0x32,0x32,0x32,0x32,0x32,0x32,0x32,
    0x32,0x32,0x0e,0x2b,0x2b,0x06,0x06,0x2b,0x2c,0x2c,0x2c,0x2c,0x10,0x10,0x10,0x10,
    0x1f,0x1f,0x2d,0x2d,0x12,0x12,0x2d,0x2d,0x12,0x2d,0x2d,0x2d,0x31,0x1f,0x2d,0x12,
    0x12,0x20,0x20,0x12,0x12,0x20,0x16,0x20,0x1f,0x19,0x12,0x20,0x2d,0x31,0x20,0x1f,
    0x1f,0x12,0x12,0x12,0x12,0x20,0x12,0x20,0x12,0x2d,0x12,0x20,0x2d,0x1f,0x1f,0x2d,
    0x2d,0x12,0x2d,0x07,0x2d,0x1f,0x2d,0x2d,0x2d,0x2d,0x2d,0x2d,0x2d,0x12,0x2d,0x2d,
    0x2d,0x2d,0x2d,0x12,0x12,0x12,0x12,0x12,0x20,0x12,0x2d,0x2d,0x2d,0x12,0x2d,0x2d,
    0x2d,0x32,0x32,0x32,0x32,0x32,0x32,0x32,0x32,0x32,0x32,0x32,0x32,0x32,0x32,0x32,
    0x32,0x32,0x32,0x32,0x32,0x32,0x32,0x32,0x32,0x32,0x32,0x32,0x32,0x32,0x32,0x32,
    0x32,0x32,0x2b,0x0d,0x2b,0x0e,0x06,0x0e,0x2c,0x0e,0x0e,0x2c,0x10,0x2c,0x10,0x1f,
    0x10,0x2d,0x2d,0x2d,0x2d,0x08,0x2d,0x12,0x12,0x12,0x2d,0x12,0x12,0x1f,0x1f,0x12,
    0x12,0x12,0x1f,0x12,0x2d,0x12,0x2d,0x12,0x1f,0x25,0x20,0x12,0x12,0x12,0x1f,0x12,
    0x31,0x12,0x12,0x12,0x20,0x16,0x12,0x12,0x31,0x12,0x20,0x1f,0x20,0x1f,0x07,0x2d,
    0x07,0x2d,0x2d,0x2d,0x1f,0x2d,0x2d,0x12,0x12,0x2d,0x12,0x12,0x2d,0x2d,0x2d,0x2d,
    0x2d,0x2d,0x2d,0x2d,0x2d,0x12,0x12,0x31,0x2d,0x12,0x1f,0x2d,0x2d,0x2d,0x2d,0x1f,
    0x1f,0x32,0x32,0x32,0x32,0x32,0x32,0x32,0x32,0x32,0x32,0x32,0x32,0x32,0x32,0x32,
    0x32,0x32,0x32,0x32,0x32,0x32,0x32,0x32,0x32,0x32,0x32,0x32,0x32,0x32,0x32,0x32,
    0x32,0x32,0x05,0x0d,0x0e,0x0d,0x0d,0x2b,0x0e,0x2c,0x2c,0x2c,0x2c,0x2c,0x2c,0x10,
    0x1f,0x2d,0x10,0x2d,0x12,0x12,0x1f,0x12,0x12,0x2d,0x12,0x1f,0x1f,0x1f,0x2d,0x1f,
    0x2d,0x2d,0x12,0x2d,0x2d,0x1f,0x1f,0x2d,0x10,0x14,0x1f,0x1f,0x1f,0x1f,0x2d,0x1f,
    0x1f,0x12,0x20,0x16,0x12,0x31,0x1f,0x2d,0x12,0x12,0x12,0x12,0x2d,0x10,0x10,0x10,
    0x2c,0x07,0x2d,0x10,0x1f,0x1f,0x10,0x2d,0x12,0x1f,0x2d,0x1f,0x1f,0x1f,0x1f,0x2d,
    0x2d,0x2d,0x2d,0x2d,0x2d,0x12,0x2d,0x2d,0x2d,0x07,0x07,0x2d,0x2d,0x2d,0x1f,0x1f,
    0x1f,0x32,0x32,0x32,0x32,0x32,0x32,0x32,0x32,0x32,0x32,0x32,0x32,0x32,0x32,0x32,
    0x32,0x32,0x32,0x32,0x32,0x32,0x32,0x32,0x32,0x32,0x32,0x32,0x32,0x32,0x32,0x32,
    0x32,0x32,0x2b,0x2b,0x2b,0x2b,0x22,0x2b,0x0e,0x0e,0x0e,0x1b,0x2c,0x2c,0x10,0x1b,
    0x10,0x2d,0x1f,0x1f,0x1f,0x12,0x2d,0x2d,0x12,0x2d,0x12,0x12,0x2d,0x1f,0x2d,0x2d,
    0x2d,0x1f,0x1f,0x2d,0x12,0x2d,0x2d,0x1f,0x1f,0x1f,0x1f,0x1f,0x1f,0x12,0x2d,0x2d,
    0x12,0x1f,0x1f,0x2d,0x1f,0x12,0x1f,0x2d,0x12,0x2d,0x2d,0x2d,0x2d,0x07,0x07,0x10,
    0x10,0x2d,0x2d,0x2d,0x10,0x10,0x10,0x10,0x1f,0x2d,0x2d,0x1f,0x10,0x1f,0x1f,0x10,
    0x2d,0x2d,0x1f,0x2d,0x2d,0x2d,0x2d,0x1f,0x10,0x10,0x10,0x2d,0x1f,0x2d,0x2d,0x1f,
    0x1f,0x32,0x32,0x32,0x32,0x32,0x32,0x32,0x32,0x32,0x32,0x32,0x32,0x32,0x32,0x32,
    0x32,0x32,0x32,0x32,0x32,0x32,0x32,0x32,0x32,0x32,0x32,0x32,0x32,0x32,0x32,0x32,
    0x32,0x32,0x05,0x2b,0x2b,0x0d,0x0d,0x2b,0x22,0x0e,0x1b,0x0e,0x1b,0x2c,0x1b,0x2c,
    0x10,0x10,0x2d,0x1f,0x1f,0x2d,0x12,0x2d,0x1f,0x2d,0x12,0x1f,0x2d,0x2d,0x10,0x2d,
    0x1f,0x1f,0x1f,0x1f,0x12,0x1f,0x1f,0x1f,0x1f,0x2d,0x2d,0x1f,0x1f,0x1f,0x1f,0x10,
    0x1f,0x12,0x12,0x1f,0x2d,0x2d,0x1f,0x1f,0x12,0x2d,0x1f,0x1f,0x07,0x07,0x07,0x06,
    0x2d,0x2d,0x2d,0x2d,0x07,0x10,0x10,0x2d,0x1f,0x10,0x10,0x10,0x10,0x2d,0x07,0x10,
    0x2d,0x2d,0x2d,0x07,0x1f,0x1f,0x1f,0x10,0x10,0x07,0x07,0x1f,0x2d,0x2d,0x2d,0x2d,
    0x1f,0x32,0x32,0x32,0x32,0x32,0x32,0x32,0x32,0x32,0x32,0x32,0x32,0x32,0x32,0x32,
    0x32,0x32,0x32,0x32,0x32,0x32,0x32,0x32,0x32,0x32,0x32,0x32,0x32,0x32,0x32,0x32,
    0x32,0x32,0x2a,0x2b,0x2b,0x2b,0x2b,0x22,0x1b,0x0e,0x10,0x2c,0x1b,0x10,0x10,0x10,
    0x2c,0x10,0x1f,0x1f,0x1f,0x1f,0x1f,0x10,0x1f,0x1f,0x07,0x2d,0x2d,0x07,0x2c,0x10,
    0x2c,0x10,0x1f,0x1f,0x1f,0x1f,0x1f,0x10,0x10,0x2c,0x10,0x1f,0x1f,0x2d,0x12,0x1f,
    0x1f,0x12,0x1f,0x12,0x2d,0x2d,0x1f,0x2d,0x12,0x1f,0x1f,0x2d,0x07,0x07,0x1f,0x10,
    0x2d,0x1f,0x1f,0x07,0x10,0x10,0x10,0x1f,0x10,0x10,0x10,0x2c,0x2d,0x07,0x10,0x10,
    0x2d,0x2d,0x2d,0x10,0x1f,0x2d,0x10,0x10,0x2d,0x2d,0x2d,0x2d,0x10,0x10,0x2d,0x1f,
    0x1f,0x32,0x32,0x32,0x32,0x32,0x32,0x32,0x32,0x32,0x32,0x32,0x32,0x32,0x32,0x32,
    0x32,0x32,0x32,0x32,0x32,0x32,0x32,0x32,0x32,0x32,0x32,0x32,0x32,0x32,0x32,0x32,
    0x32,0x32,0x0d,0x2b,0x0d,0x2a,0x22,0x22,0x2b,0x22,0x2c,0x2c,0x0e,0x1b,0x1b,0x2c,
    0x10,0x2c,0x10,0x1f,0x10,0x10,0x1f,0x10,0x2d,0x10,0x10,0x2d,0x10,0x10,0x2c,0x2c,
    0x2c,0x2c,0x2c,0x10,0x1f,0x10,0x1f,0x1f,0x1f,0x10,0x1f,0x1f,0x1f,0x10,0x1f,0x2d,
    0x1f,0x10,0x2d,0x2d,0x2d,0x10,0x1f,0x1f,0x2d,0x2d,0x2d,0x07,0x10,0x2c,0x2c,0x2c,
    0x1f,0x1f,0x1f,0x10,0x10,0x10,0x10,0x2c,0x07,0x10,0x07,0x10,0x1f,0x10,0x1f,0x10,
    0x10,0x10,0x10,0x07,0x1f,0x10,0x2c,0x2c,0x10,0x10,0x10,0x2d,0x10,0x10,0x10,0x1f,
    0x2d,0x32,0x32,0x32,0x32,0x32,0x32,0x32,0x32,0x32,0x32,0x32,0x32,0x32,0x32,0x32,
    0x32,0x32,0x32,0x32,0x32,0x32,0x32,0x32,0x32,0x32,0x32,0x32,0x32,0x32,0x32,0x32,
    0x32,0x32,0x1e,0x04,0x0d,0x0d,0x0d,0x22,0x0e,0x2b,0x2c,0x10,0x2c,0x1b,0x0e,0x1b,
    0x2c,0x2c,0x10,0x10,0x10,0x1f,0x10,0x10,0x1f,0x2d,0x10,0x1f,0x10,0x2c,0x2c,0x2c,
    0x2c,0x10,0x10,0x2d,0x10,0x2c,0x07,0x10,0x10,0x10,0x2c,0x10,0x10,0x10,0x10,0x10,
    0x1f,0x10,0x10,0x1f,0x2d,0x10,0x10,0x10,0x10,0x07,0x10,0x07,0x10,0x10,0x10,0x2c,
    0x10,0x2c,0x10,0x10,0x2c,0x10,0x10,0x10,0x10,0x2c,0x10,0x10,0x1f,0x10,0x10,0x2c,
    0x10,0x10,0x10,0x10,0x10,0x07,0x10,0x10,0x10,0x10,0x10,0x10,0x10,0x2c,0x12,0x10,
    0x1f,0x32,0x32,0x32,0x32,0x32,0x32,0x32,0x32,0x32,0x32,0x32,0x32,0x32,0x32,0x32,
    0x32,0x32,0x32,0x32,0x32,0x32,0x32,0x32,0x32,0x32,0x32,0x32,0x32,0x32,0x32,0x32,
    0x32,0x0c,0x0c,0x0d,0x0d,0x2b,0x2a,0x22,0x0e,0x0e,0x2c,0x1b,0x1b,0x2c,0x2c,0x1b,
    0x2c,0x10,0x10,0x10,0x1f,0x10,0x1f,0x1f,0x10,0x1f,0x1f,0x1f,0x10,0x1b,0x10,0x10,
    0x10,0x10,0x10,0x10,0x2c,0x2c,0x10,0x10,0x2c,0x10,0x10,0x10,0x10,0x10,0x10,0x10,
    0x1f,0x1f,0x1f,0x10,0x10,0x10,0x10,0x2c,0x2c,0x10,0x10,0x10,0x2c,0x10,0x2c,0x2c,
    0x10,0x2c,0x2c,0x2c,0x2c,0x2c,0x10,0x2c,0x2c,0x10,0x10,0x10,0x1b,0x10,0x10,0x10,
    0x10,0x10,0x10,0x2c,0x10,0x10,0x10,0x10,0x10,0x10,0x10,0x10,0x07,0x2c,0x1f,0x1f,
    0x10,0x32,0x32,0x32,0x32,0x32,0x32,0x32,0x32,0x32,0x32,0x32,0x32,0x32,0x32,0x32,
    0x32,0x32,0x32,0x32,0x32,0x32,0x32,0x32,0x32,0x32,0x32,0x32,0x32,0x32,0x32,0x32,
    0x32,0x2a,0x2a,0x0d,0x2a,0x2a,0x22,0x22,0x0e,0x1b,0x0e,0x0e,0x2c,0x1b,0x0e,0x1b,
    0x1b,0x10,0x2c,0x10,0x1f,0x2c,0x1f,0x1f,0x1b,0x10,0x10,0x1b,0x1b,0x2c,0x10,0x2c,
    0x2c,0x2c,0x1b,0x2c,0x2c,0x2c,0x2c,0x1b,0x2c,0x2c,0x2c,0x10,0x13,0x10,0x10,0x10,
    0x10,0x10,0x10,0x10,0x2c,0x2c,0x2c,0x2c,0x2c,0x2c,0x2c,0x2c,0x10,0x10,0x2c,0x2c,
    0x2c,0x06,0x10,0x2c,0x2c,0x2c,0x10,0x2c,0x10,0x10,0x10,0x10,0x2c,0x2c,0x2c,0x2c,
    0x10,0x2c,0x2c,0x2c,0x10,0x2c,0x10,0x10,0x10,0x10,0x2d,0x10,0x2c,0x1f,0x1f,0x10,
    0x10,0x32,0x32,0x32,0x32,0x32,0x32,0x32,0x32,0x32,0x32,0x32,0x32,0x32,0x32,0x32,
    0x32,0x32,0x32,0x32,0x32,0x32,0x32,0x32,0x32,0x32,0x32,0x32,0x32,0x32,0x32,0x32,
    0x32,0x0c,0x2a,0x0d,0x1e,0x0d,0x2b,0x0d,0x0e,0x0e,0x2b,0x0e,0x0e,0x1b,0x0e,0x1b,
    0x2c,0x10,0x10,0x2c,0x10,0x10,0x2c,0x10,0x10,0x2c,0x10,0x0e,0x0e,0x2c,0x2c,0x2c,
    0x2c,0x2c,0x2c,0x2c,0x2c,0x2c,0x2c,0x1b,0x2c,0x0e,0x2c,0x1b,0x10,0x10,0x10,0x2c,
    0x10,0x10,0x13,0x2d,0x10,0x2c,0x0e,0x0e,0x2c,0x06,0x0e,0x2c,0x10,0x2c,0x06,0x06,
    0x2c,0x1b,0x2c,0x2c,0x06,0x2c,0x10,0x2c,0x1b,0x10,0x2c,0x2c,0x1b,0x1b,0x2c,0x2c,
    0x2c,0x10,0x2c,0x1b,0x10,0x10,0x10,0x2c,0x10,0x2c,0x2c,0x10,0x1b,0x10,0x10,0x1f,
    0x1b,0x16,0x16,0x32,0x32,0x32,0x32,0x32,0x32,0x32,0x32,0x32,0x32,0x32,0x32,0x32,
    0x32,0x32,0x32,0x32,0x32,0x32,0x32,0x32,0x32,0x32,0x32,0x32,0x32,0x32,0x32,0x32,
    0x32,0x0c,0x1e,0x0c,0x0c,0x0d,0x0d,0x2a,0x2b,0x2b,0x22,0x0e,0x0e,0x0e,0x0e,0x1b,
    0x2c,0x1b,0x1b,0x2c,0x10,0x10,0x10,0x10,0x13,0x10,0x2c,0x2c,0x0e,0x2c,0x2c,0x0e,
    0x0e,0x2c,0x1b,0x1b,0x2c,0x1b,0x2c,0x2c,0x2c,0x0e,0x2c,0x1b,0x1b,0x2c,0x2c,0x2c,
    0x2c,0x2c,0x2c,0x2c,0x06,0x2c,0x2c,0x2c,0x2c,0x0e,0x0e,0x2c,0x1b,0x2c,0x06,0x2c,
    0x2c,0x2c,0x1b,0x2c,0x0e,0x1b,0x1b,0x1b,0x2c,0x2c,0x2c,0x2c,0x2c,0x2c,0x2c,0x2c,
    0x1b,0x2c,0x2c,0x2c,0x10,0x10,0x07,0x10,0x10,0x10,0x10,0x1b,0x1b,0x10,0x10,0x1b,
    0x10,0x32,0x32,0x32,0x32,0x32,0x32,0x32,0x32,0x32,0x32,0x32,0x32,0x32,0x32,0x32,
    0x32,0x32,0x32,0x32,0x32,0x32,0x32,0x32,0x32,0x32,0x32,0x32,0x32,0x32,0x32,0x32,
    0x32,0x29,0x03,0x0c,0x0d,0x1e,0x0d,0x05,0x22,0x0d,0x22,0x2b,0x0e,0x0e,0x0e,0x0e,
    0x0e,0x1b,0x1b,0x2c,0x2c,0x1b,0x1b,0x2b,0x2c,0x1b,0x2c,0x0e,0x2b,0x06,0x0e,0x0e,
    0x0e,0x06,0x2c,0x2c,0x0e,0x06,0x2c,0x0e,0x0e,0x1b,0x06,0x0e,0x0e,0x2c,0x2c,0x2c,
    0x2c,0x0e,0x0e,0x0e,0x06,0x06,0x2c,0x0e,0x2c,0x0e,0x0e,0x2c,0x2c,0x0e,0x0e,0x2b,
    0x0e,0x06,0x1b,0x1b,0x2c,0x0e,0x0e,0x0e,0x2c,0x2c,0x0e,0x0e,0x0e,0x0e,0x2c,0x0e,
    0x0e,0x2c,0x1b,0x2c,0x2c,0x2c,0x1b,0x2c,0x2c,0x1b,0x10,0x1b,0x2c,0x10,0x2c,0x2c,
    0x1b,0x16,0x16,0x32,0x16,0x32,0x32,0x32,0x32,0x16,0x32,0x16,0x32,0x32,0x32,0x32,
    0x32,0x32,0x32,0x16,0x16,0x32,0x32,0x32,0x32,0x32,0x32,0x32,0x32,0x32,0x32,0x16,
    0x32,0x2a,0x1d,0x29,0x0d,0x0d,0x0d,0x0d,0x2b,0x22,0x2b,0x2b,0x22,0x0e,0x2b,0x2b,
    0x0e,0x1b,0x1b,0x1b,0x1b,0x1b,0x2c,0x2c,0x2c,0x1b,0x1b,0x0e,0x0e,0x0e,0x0e,0x0e,
    0x0e,0x06,0x06,0x2b,0x0e,0x0e,0x0e,0x0e,0x0e,0x2c,0x06,0x0e,0x0e,0x0e,0x0e,0x0e,
    0x0e,0x0e,0x0e,0x0e,0x2b,0x0e,0x0e,0x0e,0x0e,0x06,0x0e,0x0e,0x2b,0x0e,0x06,0x0e,
    0x06,0x06,0x0e,0x0e,0x2c,0x0e,0x0e,0x2b,0x0e,0x0e,0x2b,0x0e,0x0e,0x0e,0x2b,0x0e,
    0x0e,0x2c,0x1b,0x2c,0x2c,0x1b,0x1b,0x2c,0x10,0x2c,0x2c,0x1b,0x1b,0x2c,0x2c,0x2c,
    0x0e,0x32,0x32,0x32,0x16,0x32,0x16,0x16,0x16,0x16,0x32,0x32,0x16,0x16,0x16,0x16,
    0x32,0x32,0x32,0x32,0x32,0x32,0x32,0x32,0x32,0x32,0x32,0x32,0x32,0x32,0x32,0x16,
    0x32,0x29,0x0c,0x2a,0x2a,0x2a,0x0d,0x0d,0x0d,0x22,0x22,0x2b,0x0e,0x2b,0x2b,0x0e,
    0x0e,0x2c,0x0e,0x1b,0x1b,0x1b,0x0e,0x0e,0x0e,0x1b,0x0e,0x0e,0x0e,0x2b,0x0e,0x0e,
    0x0e,0x0e,0x2b,0x2b,0x2b,0x2b,0x2b,0x0e,0x0e,0x0e,0x0e,0x0e,0x0e,0x0e,0x0e,0x0e,
    0x2b,0x0e,0x0e,0x0e,0x2b,0x2b,0x0e,0x0e,0x2b,0x0e,0x2b,0x2b,0x0e,0x2b,0x0e,0x0e,
    0x0e,0x0e,0x1b,0x06,0x2b,0x2b,0x0e,0x0e,0x0e,0x0e,0x2b,0x0e,0x0e,0x0e,0x2b,0x05,
    0x0e,0x1b,0x2c,0x2c,0x1b,0x1b,0x2c,0x2c,0x2c,0x1b,0x2c,0x2c,0x1b,0x1b,0x1b,0x1b,
    0x2c,0x16,0x16,0x16,0x16,0x16,0x16,0x15,0x16,0x15,0x16,0x16,0x32,0x32,0x16,0x32,
    0x32,0x32,0x32,0x32,0x32,0x32,0x32,0x32,0x32,0x32,0x32,0x32,0x32,0x32,0x32,0x32,
    0x32,0x29,0x04,0x0c,0x0c,0x2a,0x2a,0x0d,0x0d,0x0f,0x0d,0x0d,0x22,0x22,0x22,0x2b,
    0x0e,0x0e,0x0e,0x2b,0x2b,0x1b,0x0e,0x1b,0x2c,0x0e,0x2b,0x2b,0x2b,0x2b,0x2b,0x2b,
    0x2b,0x2b,0x0e,0x0e,0x0e,0x2b,0x2b,0x2b,0x2b,0x2b,0x2b,0x0e,0x2b,0x2b,0x2b,0x2b,
    0x2b,0x0e,0x0e,0x2b,0x2b,0x0e,0x0e,0x0e,0x0e,0x0e,0x2b,0x0e,0x0e,0x2b,0x0e,0x0e,
    0x2b,0x0e,0x0e,0x0e,0x2b,0x2b,0x0e,0x0e,0x0e,0x2b,0x0e,0x0e,0x0e,0x2b,0x0e,0x2b,
    0x1b,0x0e,0x06,0x2c,0x2c,0x0e,0x1b,0x1b,0x1b,0x1b,0x2c,0x2c,0x0e,0x0e,0x0e,0x1b,
    0x06,0x16,0x16,0x16,0x16,0x16,0x16,0x16,0x16,0x16,0x16,0x32,0x32,0x32,0x32,0x32,
    0x32,0x32,0x32,0x16,0x16,0x32,0x32,0x32,0x32,0x32,0x32,0x32,0x32,0x32,0x32,0x32,
    0x32,0x02,0x28,0x0b,0x29,0x0c,0x0c,0x0c,0x1e,0x0d,0x0d,0x0d,0x0d,0x0d,0x2a,0x22,
    0x2b,0x22,0x0e,0x0e,0x2b,0x2b,0x0e,0x2b,0x22,0x2b,0x2b,0x2b,0x22,0x05,0x2b,0x22,
    0x2b,0x2b,0x2b,0x0e,0x2b,0x2b,0x2b,0x0e,0x2b,0x2b,0x2b,0x2b,0x2b,0x2b,0x2b,0x2b,
    0x2b,0x0e,0x2b,0x2b,0x2b,0x2b,0x2b,0x2b,0x2b,0x2b,0x2b,0x2b,0x2b,0x2b,0x2b,0x0e,
    0x2b,0x2b,0x0e,0x0e,0x2b,0x2b,0x2b,0x2b,0x2b,0x0e,0x2b,0x2b,0x2b,0x2b,0x2b,0x2b,
    0x0e,0x0e,0x0e,0x0e,0x0e,0x11,0x1b,0x0e,0x0e,0x1b,0x0e,0x0e,0x2b,0x2c,0x0e,0x0e,
    0x0e,0x32,0x16,0x32,0x32,0x16,0x32,0x32,0x16,0x15,0x16,0x16,0x32,0x32,0x32,0x16,
    0x32,0x32,0x32,0x32,0x32,0x32,0x32,0x32,0x32,0x32,0x32,0x32,0x32,0x32,0x32,0x32,
    0x32,0x1a,0x0b,0x28,0x0b,0x0b,0x29,0x1d,0x0c,0x04,0x1e,0x2a,0x2a,0x2a,0x0d,0x0d,
    0x0d,0x0d,0x2a,0x22,0x22,0x22,0x22,0x22,0x22,0x2a,0x0d,0x2b,0x0d,0x2a,0x0d,0x0d,
    0x2a,0x0d,0x2a,0x0d,0x0d,0x0d,0x2a,0x0d,0x0d,0x0d,0x0d,0x0d,0x0d,0x0d,0x0d,0x2a,
    0x0d,0x0d,0x22,0x22,0x0d,0x22,0x0d,0x22,0x2b,0x2b,0x0d,0x0d,0x22,0x0d,0x0d,0x2b,
    0x22,0x2a,0x0d,0x0d,0x22,0x22,0x0d,0x2b,0x0d,0x0d,0x0d,0x05,0x0d,0x2b,0x22,0x2b,
    0x2b,0x2b,0x2b,0x2b,0x2b,0x0e,0x2b,0x0e,0x2b,0x0e,0x0e,0x2b,0x0e,0x2b,0x0e,0x2b,
    0x0d,0x16,0x16,0x32,0x16,0x16,0x16,0x16,0x16,0x16,0x16,0x32,0x32,0x16,0x16,0x16,
    0x16,0x16,0x32,0x32,0x32,0x32,0x32,0x32,0x16,0x16,0x32,0x32,0x32,0x32,0x32,0x32,
    0x16,0x27,0x27,0x0a,0x1a,0x28,0x0b,0x29,0x29,0x29,0x0c,0x0c,0x29,0x0c,0x0c,0x0c,
    0x0c,0x0c,0x0c,0x1e,0x2a,0x2a,0x2a,0x2a,0x0d,0x04,0x2a,0x2a,0x2a,0x2a,0x2a,0x1e,
    0x0c,0x2a,0x2a,0x0c,0x0c,0x1e,0x2a,0x2a,0x2a,0x2a,0x1e,0x2a,0x2a,0x1e,0x04,0x0c,
    0x2a,0x2a,0x2a,0x1e,0x2a,0x0d,0x2a,0x2a,0x2a,0x0d,0x2a,0x04,0x2a,0x0d,0x0d,0x2a,
    0x2a,0x2a,0x0d,0x0d,0x0d,0x0d,0x0d,0x2a,0x0d,0x2a,0x2a,0x2a,0x0d,0x0d,0x0d,0x0d,
    0x0d,0x0d,0x22,0x2b,0x0d,0x22,0x0d,0x0d,0x22,0x22,0x0d,0x0d,0x0d,0x0d,0x0d,0x0d,
    0x0d,0x32,0x16,0x32,0x16,0x16,0x16,0x16,0x16,0x16,0x16,0x16,0x16,0x32,0x32,0x32,
    0x32,0x32,0x32,0x32,0x32,0x32,0x32,0x32,0x16,0x32,0x16,0x32,0x32,0x32,0x32,0x32,
    0x16,0x21,0x27,0x09,0x09,0x27,0x0a,0x0a,0x28,0x28,0x1d,0x0b,0x29,0x1d,0x0b,0x0b,
    0x0b,0x0b,0x29,0x1d,0x0c,0x0c,0x0c,0x0c,0x0c,0x29,0x29,0x29,0x29,0x29,0x29,0x29,
    0x29,0x29,0x29,0x0b,0x29,0x29,0x29,0x29,0x29,0x0b,0x0b,0x1d,0x1d,0x0b,0x0b,0x0b,
    0x29,0x29,0x29,0x0c,0x29,0x0c,0x0c,0x0c,0x0c,0x0c,0x0c,0x0c,0x29,0x0c,0x0c,0x04,
    0x0c,0x0c,0x0c,0x0c,0x04,0x2a,0x2a,0x2a,0x0c,0x0c,0x0c,0x0c,0x2a,0x04,0x2a,0x2a,
    0x1e,0x2a,0x2a,0x1e,0x2a,0x2a,0x1e,0x0d,0x2a,0x1e,0x1e,0x1e,0x1e,0x1e,0x1e,0x1e,
    0x0c,0x16,0x16,0x16,0x16,0x16,0x16,0x16,0x16,0x16,0x16,0x32,0x32,0x32,0x32,0x32,
    0x16,0x32,0x32,0x32,0x32,0x32,0x32,0x32,0x32,0x32,0x16,0x32,0x32,0x32,0x32,0x16,
    0x16,0x09,0x26,0x26,0x26,0x27,0x09,0x27,0x0a,0x28,0x28,0x28,0x28,0x28,0x28,0x28,
    0x0b,0x28,0x0b,0x0b,0x0b,0x0b,0x0b,0x0b,0x0b,0x28,0x28,0x0b,0x0b,0x0b,0x0b,0x0b,
    0x0b,0x0b,0x28,0x0b,0x0b,0x0b,0x28,0x0b,0x28,0x1a,0x1a,0x02,0x0b,0x28,0x28,0x28,
    0x0b,0x0b,0x0b,0x0b,0x0b,0x28,0x0b,0x03,0x29,0x03,0x0b,0x0b,0x0b,0x0b,0x03,0x0b,
    0x0b,0x29,0x0b,0x1d,0x29,0x1d,0x29,0x29,0x1d,0x1d,0x1d,0x29,0x29,0x29,0x29,0x0c,
    0x29,0x29,0x29,0x29,0x0c,0x29,0x29,0x29,0x29,0x03,0x29,0x29,0x0c,0x1d,0x29,0x1d,
    0x1d,0x16,0x16,0x16,0x16,0x16,0x16,0x16,0x16,0x32,0x16,0x16,0x16,0x16,0x16,0x32,
    0x32,0x32,0x32,0x32,0x16,0x16,0x16,0x32,0x16,0x32,0x32,0x32,0x32,0x32,0x32,0x32,
    0x32,0x27,0x26,0x27,0x01,0x27,0x27,0x02,0x0b,0x28,0x0b,0x0b,0x0b,0x0b,0x28,0x28,
    0x28,0x0b,0x0b,0x0b,0x0b,0x0b,0x28,0x03,0x28,0x28,0x0b,0x0b,0x0b,0x0b,0x28,0x28,
    0x0b,0x1a,0x1a,0x1a,0x0b,0x28,0x28,0x28,0x1a,0x1a,0x28,0x02,0x02,0x28,0x28,0x28,
    0x28,0x28,0x28,0x28,0x28,0x28,0x1a,0x28,0x28,0x0b,0x28,0x28,0x28,0x28,0x02,0x28,
    0x0b,0x0b,0x1a,0x0b,0x0b,0x0b,0x29,0x29,0x0b,0x0b,0x0b,0x0b,0x03,0x0b,0x0b,0x29,
    0x03,0x0b,0x29,0x29,0x0b,0x0b,0x29,0x0b,0x0b,0x0b,0x0b,0x0b,0x0b,0x0b,0x0b,0x0b,
    0x28,0x16,0x20,0x16,0x15,0x16,0x15,0x16,0x16,0x32,0x32,0x32,0x32,0x16,0x32,0x32,
    0x32,0x32,0x32,0x32,0x32,0x32,0x32,0x32,0x32,0x16,0x32,0x32,0x32,0x32,0x32,0x32,
    0x32,0x21,0x27,0x27,0x28,0x28,0x0b,0x28,0x29,0x0c,0x0c,0x0c,0x1d,0x0b,0x29,0x29,
    0x29,0x0c,0x2a,0x0c,0x0c,0x0c,0x29,0x0c,0x29,0x1d,0x0c,0x29,0x29,0x29,0x0c,0x0c,
    0x0c,0x1d,0x1d,0x29,0x29,0x29,0x29,0x0c,0x29,0x29,0x29,0x03,0x03,0x29,0x29,0x29,
    0x0b,0x03,0x0b,0x28,0x0b,0x0b,0x0b,0x1d,0x0b,0x03,0x03,0x1d,0x03,0x0b,0x0b,0x1d,
    0x0b,0x0b,0x0b,0x1d,0x0c,0x0c,0x29,0x0c,0x29,0x1d,0x1d,0x29,0x0b,0x0b,0x0b,0x0b,
    0x0b,0x28,0x03,0x0b,0x0b,0x0b,0x0b,0x0b,0x28,0x0b,0x0b,0x0b,0x0b,0x0b,0x28,0x0b,
    0x29,0x16,0x15,0x16,0x15,0x16,0x16,0x16,0x16,0x15,0x16,0x32,0x32,0x32,0x16,0x32,
    0x32,0x32,0x32,0x32,0x32,0x32,0x32,0x16,0x16,0x16,0x32,0x16,0x32,0x32,0x32,0x32,
    0x32,0x02,0x03,0x29,0x29,0x03,0x1d,0x29,0x29,0x2a,0x0c,0x0c,0x1e,0x2a,0x2a,0x2a,
    0x0d,0x0d,0x0d,0x0d,0x0d,0x2a,0x2a,0x2a,0x0d,0x1e,0x2a,0x0d,0x0d,0x0d,0x2a,0x0d,
    0x2a,0x2a,0x2a,0x0d,0x0d,0x0d,0x2a,0x0d,0x0d,0x0d,0x2a,0x2a,0x2a,0x2a,0x0c,0x04,
    0x0c,0x04,0x29,0x0c,0x0c,0x0c,0x0c,0x0c,0x0c,0x2a,0x0c,0x1e,0x0c,0x04,0x0c,0x0c,
    0x0c,0x0c,0x1e,0x0c,0x0c,0x2a,0x1e,0x2a,0x2a,0x2a,0x2a,0x04,0x0c,0x0c,0x0c,0x29,
    0x29,0x29,0x0c,0x29,0x0c,0x0c,0x29,0x0c,0x29,0x29,0x0c,0x29,0x0c,0x0c,0x29,0x0c,
    0x2a,0x16,0x15,0x15,0x15,0x15,0x15,0x16,0x16,0x16,0x16,0x16,0x16,0x16,0x16,0x16,
    0x16,0x16,0x16,0x32,0x16,0x32,0x32,0x16,0x16,0x32,0x16,0x16,0x32,0x32,0x16,0x32,
    0x16,0x03,0x29,0x1d,0x03,0x0b,0x0b,0x0c,0x0c,0x1e,0x2a,0x0d,0x2a,0x2a,0x0d,0x22,
    0x0d,0x22,0x2b,0x0d,0x22,0x0e,0x0d,0x0d,0x0d,0x0d,0x0d,0x22,0x22,0x0d,0x22,0x22,
    0x0f,0x22,0x0d,0x0d,0x22,0x22,0x0d,0x22,0x0d,0x2b,0x22,0x2a,0x0d,0x0d,0x2a,0x0d,
    0x0d,0x0d,0x2a,0x2a,0x2a,0x2a,0x0d,0x0d,0x2a,0x0d,0x2a,0x0d,0x2a,0x2a,0x2a,0x2a,
    0x2a,0x0d,0x0d,0x22,0x0d,0x22,0x2a,0x2b,0x0d,0x0d,0x0d,0x0d,0x0d,0x0d,0x0d,0x2a,
    0x2a,0x0d,0x0d,0x2a,0x2a,0x2a,0x2a,0x2a,0x2a,0x2a,0x0d,0x2a,0x0d,0x0d,0x2a,0x0d,
    0x0d,0x15,0x16,0x15,0x16,0x16,0x16,0x16,0x16,0x16,0x16,0x16,0x32,0x16,0x16,0x16,
    0x16,0x16,0x16,0x16,0x16,0x32,0x32,0x16,0x16,0x32,0x16,0x16,0x16,0x32,0x32,0x32,
    0x32,0x0c,0x29,0x0c,0x2a,0x0c,0x2a,0x1e,0x0d,0x0d,0x0d,0x05,0x2b,0x22,0x0d,0x2b,
    0x22,0x22,0x2b,0x2b,0x0e,0x0e,0x2b,0x22,0x2b,0x0e,0x0e,0x0e,0x0e,0x0e,0x0e,0x2b,
    0x22,0x2b,0x2b,0x0e,0x22,0x2b,0x0e,0x2b,0x0e,0x06,0x2b,0x2b,0x2b,0x2b,0x2b,0x2b,
    0x22,0x2b,0x2b,0x22,0x0d,0x0d,0x2b,0x2b,0x22,0x2b,0x2b,0x2b,0x2b,0x2b,0x0d,0x2b,
    0x05,0x22,0x0d,0x0d,0x2b,0x0e,0x22,0x2b,0x0e,0x2b,0x2b,0x22,0x0d,0x2a,0x0d,0x2a,
    0x0d,0x0d,0x2a,0x0d,0x2a,0x0d,0x2a,0x0d,0x0d,0x0d,0x0d,0x0d,0x2b,0x0d,0x2a,0x0d,
    0x2b,0x15,0x16,0x16,0x16,0x16,0x15,0x20,0x16,0x15,0x16,0x16,0x16,0x15,0x15,0x15,
    0x16,0x16,0x16,0x32,0x32,0x32,0x32,0x32,0x32,0x32,0x32,0x32,0x32,0x32,0x32,0x32,
    0x32,0x29,0x0b,0x2a,0x1e,0x29,0x2a,0x0d,0x2a,0x2a,0x05,0x0e,0x0e,0x22,0x0d,0x0e,
    0x2b,0x22,0x0e,0x0e,0x1b,0x0e,0x2b,0x0d,0x22,0x0e,0x2b,0x1b,0x1b,0x1b,0x2b,0x0e,
    0x2b,0x0e,0x0e,0x0e,0x0e,0x2b,0x2b,0x2b,0x0e,0x0e,0x2c,0x0e,0x2b,0x2b,0x2b,0x2b,
    0x2b,0x2b,0x2b,0x2b,0x22,0x2b,0x0e,0x2b,0x2b,0x2b,0x0e,0x2b,0x2b,0x2b,0x2b,0x2b,
    0x2b,0x2b,0x0e,0x0e,0x0e,0x0e,0x2b,0x0e,0x0e,0x06,0x0e,0x0e,0x22,0x2b,0x2b,0x2b,
    0x2b,0x2b,0x2b,0x2b,0x2b,0x2b,0x2b,0x2b,0x2b,0x2b,0x22,0x2b,0x2b,0x2b,0x2b,0x2b,
    0x0e,0x16,0x16,0x16,0x16,0x16,0x20,0x20,0x20,0x20,0x20,0x20,0x15,0x20,0x15,0x16,
    0x16,0x16,0x16,0x16,0x32,0x32,0x32,0x32,0x32,0x32,0x32,0x32,0x32,0x32,0x32,0x32,
    0x32,0x29,0x04,0x29,0x04,0x2a,0x0d,0x2b,0x0d,0x2b,0x0d,0x0d,0x0d,0x2b,0x0e,0x2b,
    0x0e,0x1b,0x0e,0x0e,0x2c,0x2b,0x2b,0x0e,0x1b,0x0e,0x2c,0x2c,0x1b,0x2b,0x0e,0x0e,
    0x0e,0x0e,0x2b,0x0e,0x0e,0x0e,0x0e,0x0e,0x0e,0x1b,0x1b,0x0e,0x1b,0x0e,0x0e,0x06,
    0x2b,0x2b,0x0e,0x2b,0x2b,0x0e,0x2b,0x0e,0x0e,0x2b,0x2b,0x2b,0x2b,0x0e,0x2b,0x0e,
    0x0e,0x0e,0x0e,0x1b,0x1b,0x0e,0x0e,0x1b,0x0e,0x0e,0x0e,0x2c,0x0e,0x0e,0x0e,0x0e,
    0x2b,0x2b,0x2b,0x2b,0x0e,0x0e,0x0e,0x0e,0x2b,0x0e,0x0e,0x0e,0x2b,0x0e,0x2b,0x0e,
    0x0e,0x16,0x16,0x15,0x15,0x20,0x14,0x14,0x12,0x16,0x31,0x20,0x20,0x15,0x16,0x16,
    0x16,0x16,0x16,0x32,0x32,0x32,0x16,0x16,0x16,0x16,0x16,0x32,0x16,0x32,0x16,0x32,
    0x16,0x29,0x29,0x29,0x0c,0x0d,0x0d,0x05,0x0d,0x0d,0x0d,0x0e,0x0e,0x0e,0x0e,0x06,
    0x0e,0x0e,0x1b,0x0e,0x2c,0x1b,0x2c,0x2c,0x2b,0x1b,0x2c,0x1b,0x11,0x1b,0x0e,0x0e,
    0x1b,0x0e,0x0e,0x0e,0x0e,0x0e,0x0e,0x0e,0x0e,0x1b,0x1b,0x2c,0x2b,0x0e,0x0e,0x0e,
    0x0e,0x2b,0x0e,0x0e,0x0e,0x0e,0x2b,0x0e,0x0e,0x2b,0x06,0x0e,0x0e,0x1b,0x1b,0x0e,
    0x0e,0x0e,0x1b,0x2c,0x1b,0x0e,0x0e,0x10,0x0e,0x0e,0x0e,0x2c,0x0e,0x2b,0x0e,0x0e,
    0x2b,0x0e,0x2b,0x2b,0x2b,0x0e,0x0e,0x0e,0x0e,0x2b,0x0e,0x0e,0x0e,0x0e,0x0e,0x2b,
    0x0e,0x15,0x15,0x14,0x14,0x12,0x14,0x20,0x12,0x12,0x14,0x12,0x12,0x15,0x12,0x20,
    0x20,0x15,0x20,0x16,0x16,0x32,0x16,0x16,0x16,0x32,0x16,0x32,0x16,0x32,0x32,0x32,
    0x32,0x0c,0x04,0x0c,0x0c,0x0d,0x0d,0x2a,0x05,0x05,0x0d,0x0d,0x2b,0x2b,0x0e,0x0e,
    0x0e,0x2c,0x2c,0x2c,0x10,0x1b,0x2c,0x2c,0x2b,0x2c,0x2c,0x1b,0x1b,0x1b,0x1b,0x2c,
    0x2c,0x1b,0x1b,0x1b,0x1b,0x1b,0x1b,0x0e,0x1b,0x1b,0x1b,0x2c,0x0e,0x06,0x0e,0x2c,
    0x0e,0x0e,0x0e,0x2c,0x0e,0x0e,0x06,0x0e,0x0e,0x0e,0x2c,0x1b,0x1b,0x0e,0x2c,0x1b,
    0x2c,0x0e,0x1b,0x1b,0x1b,0x2c,0x1b,0x1b,0x0e,0x1b,0x1b,0x0e,0x0e,0x0e,0x0e,0x0e,
    0x0e,0x2b,0x2b,0x0e,0x0e,0x0e,0x0e,0x0e,0x06,0x0e,0x0e,0x0e,0x0e,0x0e,0x2b,0x2b,
    0x0e,0x20,0x20,0x20,0x20,0x20,0x14,0x12,0x12,0x12,0x14,0x12,0x12,0x14,0x12,0x16,
    0x16,0x16,0x16,0x16,0x15,0x32,0x32,0x32,0x32,0x32,0x32,0x16,0x16,0x32,0x32,0x16,
    0x16,0x0c,0x0c,0x2a,0x2a,0x1e,0x05,0x0d,0x0d,0x2b,0x22,0x22,0x2b,0x2b,0x0e,0x10,
    0x10,0x2c,0x10,0x2c,0x1b,0x10,0x1b,0x10,0x2c,0x06,0x1b,0x1b,0x2c,0x2c,0x2c,0x2c,
    0x2c,0x1b,0x2c,0x2c,0x0e,0x0e,0x1b,0x1b,0x1b,0x1b,0x0e,0x1b,0x2c,0x07,0x2c,0x0e,
    0x2c,0x2c,0x2c,0x2c,0x2c,0x1b,0x2c,0x0e,0x1b,0x0e,0x1b,0x0e,0x1b,0x1b,0x2c,0x2c,
    0x2c,0x1b,0x1b,0x1b,0x1b,0x0e,0x1b,0x2c,0x1b,0x1b,0x0e,0x0e,0x2b,0x0e,0x0e,0x0e,
    0x0e,0x2b,0x2b,0x0e,0x0e,0x0e,0x2b,0x0e,0x0e,0x0e,0x0e,0x0e,0x0e,0x0e,0x0e,0x0e,
    0x2c,0x16,0x20,0x12,0x12,0x20,0x14,0x14,0x12,0x12,0x14,0x14,0x12,0x14,0x12,0x08,
    0x16,0x16,0x16,0x16,0x16,0x16,0x16,0x16,0x16,0x32,0x32,0x32,0x16,0x16,0x16,0x16,
    0x32,0x0c,0x0c,0x0d,0x0d,0x2b,0x0d,0x05,0x2b,0x2b,0x0e,0x2c,0x0e,0x0e,0x0e,0x1b,
    0x13,0x10,0x07,0x10,0x10,0x10,0x13,0x10,0x13,0x10,0x2c,0x1b,0x10,0x10,0x2c,0x10,
    0x2c,0x10,0x10,0x10,0x07,0x2c,0x2c,0x10,0x10,0x2c,0x2c,0x1b,0x1b,0x1b,0x13,0x10,
    0x10,0x1b,0x10,0x10,0x10,0x10,0x2c,0x2c,0x10,0x10,0x10,0x1b,0x10,0x2c,0x2c,0x10,
    0x10,0x1b,0x1b,0x1b,0x1b,0x2c,0x2c,0x2c,0x1b,0x1b,0x1b,0x0e,0x0e,0x2c,0x0e,0x0e,
    0x2c,0x0e,0x0e,0x0e,0x2c,0x1b,0x0e,0x2b,0x0e,0x2c,0x0e,0x1b,0x0e,0x0e,0x0e,0x06,
    0x1b,0x15,0x20,0x20,0x12,0x12,0x12,0x12,0x12,0x12,0x14,0x1f,0x1f,0x12,0x1f,0x12,
    0x08,0x31,0x12,0x20,0x16,0x16,0x16,0x16,0x32,0x32,0x16,0x16,0x32,0x32,0x16,0x32,
    0x32,0x0d,0x0d,0x2a,0x0d,0x0d,0x0d,0x0d,0x2a,0x0e,0x0e,0x22,0x0e,0x1b,0x10,0x2c,
    0x1b,0x0e,0x2c,0x10,0x1f,0x10,0x1f,0x1b,0x2c,0x10,0x10,0x2c,0x10,0x10,0x1b,0x10,
    0x1f,0x2c,0x2c,0x10,0x1f,0x10,0x2c,0x1f,0x10,0x1f,0x10,0x1f,0x10,0x10,0x13,0x10,
    0x10,0x10,0x1b,0x10,0x13,0x2c,0x10,0x10,0x10,0x10,0x1b,0x10,0x10,0x10,0x10,0x10,
    0x10,0x10,0x10,0x2c,0x10,0x2c,0x2c,0x2c,0x1b,0x1b,0x2c,0x1b,0x2c,0x2c,0x2c,0x1b,
    0x1b,0x1b,0x1b,0x2c,0x2c,0x1b,0x2c,0x2c,0x0e,0x2c,0x2c,0x2c,0x1b,0x2c,0x2c,0x2c,
    0x1b,0x14,0x14,0x12,0x12,0x12,0x12,0x12,0x12,0x10,0x1f,0x10,0x14,0x12,0x12,0x12,
    0x12,0x12,0x31,0x20,0x16,0x16,0x16,0x32,0x32,0x32,0x32,0x32,0x32,0x32,0x32,0x32,
    0x32,0x0c,0x0d,0x05,0x0d,0x1e,0x22,0x0d,0x2a,0x0e,0x22,0x2b,0x0e,0x22,0x2c,0x2c,
    0x13,0x10,0x2c,0x2c,0x10,0x10,0x12,0x1f,0x1f,0x10,0x10,0x1f,0x10,0x10,0x10,0x10,
    0x1b,0x1b,0x10,0x2c,0x2c,0x10,0x2c,0x10,0x10,0x10,0x10,0x10,0x10,0x10,0x10,0x10,
    0x10,0x10,0x10,0x07,0x2c,0x10,0x10,0x10,0x10,0x10,0x10,0x2c,0x1b,0x2c,0x10,0x1f,
    0x10,0x13,0x10,0x10,0x2c,0x10,0x2c,0x2c,0x10,0x1b,0x1b,0x1b,0x2c,0x2c,0x2c,0x1b,
    0x1b,0x2c,0x1b,0x2c,0x2c,0x2c,0x2c,0x2c,0x2c,0x1b,0x2c,0x10,0x10,0x2c,0x10,0x2c,
    0x0e,0x12,0x12,0x12,0x12,0x12,0x12,0x1f,0x1f,0x12,0x10,0x10,0x10,0x1f,0x12,0x12,
    0x12,0x08,0x12,0x16,0x16,0x16,0x16,0x16,0x32,0x32,0x32,0x32,0x32,0x32,0x32,0x32,
    0x32,0x0d,0x2a,0x05,0x22,0x2a,0x0d,0x2b,0x2b,0x1b,0x0e,0x0e,0x2c,0x10,0x1b,0x1b,
    0x1b,0x2c,0x2c,0x10,0x1f,0x10,0x1f,0x10,0x10,0x10,0x10,0x10,0x2d,0x10,0x1f,0x07,
    0x10,0x10,0x2d,0x10,0x10,0x10,0x10,0x2d,0x10,0x10,0x1f,0x10,0x10,0x10,0x10,0x10,
    0x10,0x10,0x10,0x10,0x10,0x08,0x10,0x10,0x10,0x10,0x10,0x1f,0x2d,0x1f,0x1f,0x10,
    0x18,0x10,0x1f,0x1f,0x10,0x2c,0x2c,0x2c,0x2c,0x2c,0x1b,0x2c,0x1b,0x2c,0x10,0x2c,
    0x1b,0x2c,0x2c,0x2c,0x2c,0x2c,0x10,0x2c,0x10,0x10,0x2c,0x10,0x2c,0x2c,0x2c,0x06,
    0x2c,0x14,0x12,0x12,0x1f,0x12,0x1f,0x1f,0x10,0x10,0x10,0x10,0x10,0x07,0x2d,0x10,
    0x12,0x12,0x12,0x15,0x15,0x16,0x16,0x16,0x16,0x32,0x16,0x16,0x16,0x16,0x16,0x16,
    0x32,0x2b,0x2a,0x0d,0x0d,0x2a,0x22,0x0e,0x0e,0x1b,0x1b,0x0e,0x2c,0x2c,0x1b,0x10,
    0x10,0x10,0x1f,0x10,0x10,0x10,0x1f,0x1f,0x08,0x10,0x2c,0x2d,0x10,0x1f,0x2d,0x2d,
    0x2d,0x1f,0x10,0x1f,0x10,0x10,0x2d,0x2c,0x1f,0x12,0x1f,0x2c,0x10,0x10,0x10,0x10,
    0x2c,0x10,0x2c,0x10,0x10,0x10,0x10,0x2d,0x10,0x10,0x2c,0x10,0x10,0x2c,0x2c,0x10,
    0x10,0x10,0x2c,0x10,0x10,0x10,0x10,0x10,0x2c,0x10,0x2c,0x10,0x10,0x10,0x10,0x2c,
    0x1f,0x10,0x2c,0x2c,0x2c,0x2c,0x2c,0x10,0x10,0x10,0x2c,0x10,0x10,0x2c,0x2c,0x10,
    0x10,0x14,0x14,0x12,0x12,0x1f,0x13,0x10,0x1b,0x1b,0x0e,0x0e,0x0e,0x1b,0x1b,0x1f,
    0x1f,0x1f,0x12,0x14,0x20,0x16,0x16,0x16,0x16,0x16,0x16,0x16,0x16,0x32,0x32,0x32,
    0x32,0x04,0x29,0x2a,0x2a,0x2a,0x22,0x10,0x22,0x0e,0x2c,0x1b,0x10,0x1b,0x2c,0x2c,
    0x10,0x10,0x10,0x10,0x1f,0x1f,0x10,0x12,0x08,0x2d,0x10,0x1f,0x1f,0x1f,0x1f,0x10,
    0x10,0x10,0x10,0x1f,0x1f,0x2d,0x1f,0x1b,0x10,0x1f,0x10,0x1f,0x2d,0x2d,0x10,0x07,
    0x10,0x10,0x1f,0x07,0x2d,0x10,0x10,0x10,0x1f,0x1f,0x10,0x1f,0x10,0x10,0x12,0x10,
    0x1f,0x1f,0x10,0x10,0x10,0x07,0x07,0x10,0x10,0x10,0x2c,0x10,0x10,0x10,0x2c,0x10,
    0x1f,0x07,0x10,0x10,0x10,0x2c,0x10,0x10,0x10,0x2c,0x10,0x10,0x2c,0x2c,0x10,0x10,
    0x14,0x14,0x13,0x14,0x1f,0x13,0x13,0x0e,0x0e,0x22,0x0e,0x0e,0x11,0x13,0x10,0x10,
    0x1f,0x12,0x12,0x20,0x16,0x16,0x16,0x16,0x32,0x16,0x32,0x32,0x16,0x32,0x32,0x32,
    0x32,0x22,0x2b,0x2a,0x2b,0x0e,0x2b,0x22,0x2b,0x2c,0x1b,0x1b,0x1b,0x2c,0x10,0x10,
    0x10,0x10,0x2d,0x2d,0x1f,0x10,0x1f,0x1f,0x12,0x2d,0x2d,0x10,0x10,0x1f,0x2d,0x10,
    0x10,0x1f,0x2d,0x1f,0x10,0x1f,0x1f,0x2c,0x2d,0x2d,0x2d,0x2d,0x2d,0x2d,0x2d,0x1f,
    0x10,0x2c,0x07,0x2d,0x07,0x10,0x10,0x10,0x10,0x1f,0x1f,0x1f,0x12,0x1f,0x10,0x1f,
    0x2d,0x2d,0x10,0x10,0x07,0x2d,0x10,0x2d,0x10,0x10,0x10,0x10,0x1f,0x10,0x1f,0x1f,
    0x10,0x2d,0x1f,0x1f,0x10,0x10,0x10,0x10,0x10,0x2c,0x07,0x10,0x07,0x2c,0x10,0x1f,
    0x14,0x1f,0x1f,0x1f,0x1f,0x10,0x13,0x0e,0x0e,0x22,0x11,0x0e,0x0e,0x1b,0x10,0x1f,
    0x12,0x12,0x12,0x08,0x16,0x16,0x16,0x16,0x32,0x32,0x32,0x32,0x16,0x32,0x32,0x32,
    0x32,0x2b,0x2b,0x22,0x2b,0x0e,0x2b,0x2c,0x2c,0x0e,0x2c,0x10,0x2c,0x2c,0x1b,0x10,
    0x10,0x10,0x10,0x2d,0x1f,0x1f,0x2d,0x2d,0x2d,0x2d,0x2d,0x2d,0x2d,0x10,0x2d,0x2d,
    0x2d,0x1f,0x2d,0x2d,0x1f,0x1f,0x1f,0x1f,0x2d,0x2d,0x2d,0x1f,0x1f,0x1f,0x1f,0x2d,
    0x1f,0x1f,0x2d,0x2d,0x2d,0x2d,0x2d,0x2d,0x2d,0x1f,0x1f,0x2d,0x1f,0x1f,0x12,0x1f,
    0x1f,0x10,0x07,0x10,0x10,0x1f,0x10,0x2d,0x10,0x1f,0x10,0x10,0x2d,0x2d,0x2d,0x2d,
    0x2d,0x1f,0x2d,0x2d,0x1f,0x1f,0x10,0x2d,0x07,0x10,0x2d,0x10,0x10,0x10,0x10,0x10,
    0x14,0x1f,0x14,0x1f,0x10,0x13,0x1b,0x0e,0x0e,0x22,0x11,0x0e,0x0e,0x2c,0x10,0x12,
    0x12,0x12,0x12,0x08,0x16,0x16,0x16,0x16,0x16,0x16,0x32,0x16,0x16,0x32,0x32,0x16,
    0x32,0x2b,0x2b,0x0d,0x0d,0x1b,0x2b,0x0e,0x2c,0x0e,0x06,0x1b,0x2c,0x2c,0x2c,0x2c,
    0x10,0x2c,0x1f,0x2d,0x2d,0x2d,0x1f,0x12,0x2d,0x12,0x12,0x2d,0x2d,0x2d,0x1f,0x1f,
    0x2d,0x1f,0x2d,0x2d,0x1f,0x2d,0x1f,0x1f,0x2d,0x10,0x1f,0x2d,0x2d,0x1f,0x2d,0x2d,
    0x2d,0x10,0x10,0x10,0x10,0x2d,0x07,0x1f,0x1f,0x1f,0x2d,0x1f,0x2d,0x12,0x12,0x1f,
    0x1f,0x2d,0x2d,0x2d,0x10,0x2d,0x2d,0x1f,0x2d,0x2d,0x10,0x1f,0x2d,0x2d,0x2d,0x2d,
    0x1f,0x2d,0x1f,0x10,0x2d,0x10,0x2d,0x1f,0x1f,0x2d,0x1f,0x2d,0x2d,0x10,0x1f,0x10,
    0x14,0x14,0x12,0x1f,0x1b,0x13,0x10,0x0e,0x11,0x22,0x22,0x11,0x0e,0x1b,0x13,0x10,
    0x12,0x12,0x12,0x20,0x16,0x15,0x16,0x16,0x16,0x16,0x16,0x16,0x32,0x16,0x32,0x32,
    0x32,0x2b,0x2b,0x22,0x2b,0x2c,0x2c,0x0e,0x2c,0x2c,0x2c,0x2c,0x2c,0x2c,0x2d,0x10,
    0x10,0x1f,0x10,0x2d,0x2d,0x2d,0x1f,0x12,0x12,0x2d,0x2d,0x2d,0x2d,0x2d,0x1f,0x1f,
    0x1f,0x1f,0x1f,0x2d,0x2d,0x2d,0x1f,0x2d,0x2d,0x2d,0x2d,0x12,0x2d,0x2d,0x2d,0x2d,
    0x2d,0x2d,0x2d,0x2d,0x2d,0x2d,0x1f,0x2d,0x2d,0x1f,0x2d,0x1f,0x12,0x2d,0x1f,0x2d,
    0x2d,0x2d,0x2d,0x2d,0x10,0x10,0x10,0x10,0x2d,0x2d,0x1f,0x2d,0x1f,0x1f,0x1f,0x1f,
    0x1f,0x1f,0x2d,0x2d,0x2d,0x07,0x1f,0x1f,0x1f,0x1f,0x1f,0x1f,0x2d,0x2d,0x2d,0x1f,
    0x12,0x12,0x14,0x14,0x10,0x1f,0x13,0x1b,0x1b,0x0e,0x0e,0x11,0x1b,0x10,0x1f,0x12,
    0x12,0x12,0x12,0x15,0x31,0x16,0x15,0x16,0x16,0x16,0x32,0x32,0x32,0x16,0x32,0x32,
    0x32,0x2b,0x0e,0x2c,0x06,0x2c,0x2c,0x2c,0x2c,0x1b,0x2c,0x2c,0x2c,0x2c,0x10,0x2d,
    0x07,0x2d,0x1f,0x2d,0x12,0x12,0x2d,0x2d,0x12,0x12,0x12,0x12,0x12,0x12,0x12,0x2d,
    0x2d,0x2d,0x1f,0x2d,0x12,0x12,0x2d,0x12,0x12,0x12,0x2d,0x12,0x1f,0x2d,0x2d,0x2d,
    0x1f,0x2d,0x1f,0x2d,0x2d,0x2d,0x1f,0x12,0x12,0x20,0x2d,0x2d,0x12,0x1f,0x1f,0x2d,
    0x12,0x2d,0x2d,0x1f,0x2d,0x1f,0x10,0x1f,0x12,0x2d,0x2d,0x1f,0x1f,0x12,0x1f,0x1f,
    0x12,0x1f,0x2d,0x12,0x1f,0x20,0x1f,0x1f,0x1f,0x12,0x2d,0x1f,0x1f,0x2d,0x2d,0x1f,
    0x20,0x12,0x12,0x12,0x12,0x12,0x1f,0x1f,0x10,0x10,0x10,0x1b,0x10,0x10,0x1f,0x2d,
    0x12,0x12,0x14,0x20,0x16,0x16,0x16,0x16,0x32,0x32,0x32,0x16,0x16,0x16,0x32,0x32,
    0x16,0x22,0x22,0x2b,0x1b,0x1b,0x2c,0x0e,0x2c,0x2c,0x1b,0x2c,0x2c,0x2c,0x10,0x07,
    0x10,0x1f,0x12,0x1f,0x20,0x20,0x2d,0x12,0x20,0x2d,0x2d,0x2d,0x12,0x2d,0x12,0x2d,
    0x2d,0x2d,0x2d,0x12,0x12,0x2d,0x2d,0x20,0x2d,0x12,0x2d,0x12,0x2d,0x2d,0x2d,0x12,
    0x1f,0x2d,0x2d,0x12,0x1f,0x2d,0x12,0x12,0x12,0x20,0x1f,0x16,0x12,0x2d,0x12,0x12,
    0x12,0x2d,0x2d,0x2d,0x2d,0x12,0x31,0x1f,0x12,0x12,0x2d,0x12,0x12,0x1f,0x2d,0x2d,
    0x12,0x14,0x12,0x2d,0x2d,0x1f,0x20,0x1f,0x20,0x12,0x1f,0x1f,0x1f,0x12,0x2d,0x14,
    0x20,0x20,0x12,0x12,0x12,0x12,0x12,0x1f,0x10,0x10,0x10,0x10,0x10,0x14,0x1f,0x12,
    0x12,0x12,0x20,0x20,0x16,0x16,0x16,0x32,0x16,0x16,0x32,0x32,0x16,0x32,0x32,0x32,
    0x32,0x0e,0x0e,0x22,0x0e,0x10,0x10,0x1b,0x10,0x1f,0x12,0x1f,0x1f,0x12,0x12,0x2d,
    0x20,0x12,0x20,0x20,0x20,0x1f,0x20,0x20,0x12,0x12,0x1f,0x12,0x07,0x20,0x07,0x2d,
    0x08,0x2d,0x12,0x20,0x12,0x1f,0x19,0x20,0x12,0x2d,0x1f,0x12,0x2d,0x12,0x2d,0x2d,
    0x2d,0x1f,0x12,0x12,0x12,0x12,0x20,0x20,0x20,0x30,0x20,0x2d,0x12,0x20,0x2d,0x1f,
    0x2d,0x2d,0x12,0x2d,0x12,0x12,0x12,0x12,0x31,0x12,0x12,0x12,0x2d,0x12,0x12,0x12,
    0x12,0x1f,0x20,0x12,0x20,0x2d,0x12,0x2d,0x12,0x12,0x2d,0x12,0x20,0x20,0x12,0x20,
    0x14,0x14,0x14,0x12,0x14,0x12,0x1f,0x1f,0x1f,0x1f,0x1f,0x10,0x1f,0x12,0x12,0x12,
    0x12,0x08,0x12,0x20,0x16,0x16,0x32,0x32,0x16,0x32,0x16,0x32,0x16,0x16,0x16,0x32,
    0x32,0x2c,0x2b,0x2b,0x2c,0x10,0x10,0x10,0x10,0x10,0x2d,0x1f,0x1f,0x1f,0x2d,0x12,
    0x20,0x20,0x20,0x12,0x20,0x20,0x31,0x20,0x12,0x20,0x20,0x20,0x20,0x20,0x12,0x20,
    0x12,0x2d,0x12,0x20,0x20,0x12,0x12,0x20,0x12,0x16,0x31,0x12,0x12,0x08,0x12,0x2d,
    0x2d,0x2d,0x2d,0x2d,0x2d,0x2d,0x2d,0x2d,0x12,0x12,0x12,0x12,0x12,0x2d,0x2d,0x12,
    0x12,0x12,0x20,0x20,0x20,0x31,0x12,0x20,0x20,0x12,0x12,0x12,0x1f,0x12,0x20,0x20,
    0x20,0x20,0x20,0x12,0x31,0x20,0x12,0x12,0x20,0x20,0x12,0x12,0x12,0x2d,0x20,0x20,
    0x14,0x20,0x12,0x12,0x14,0x12,0x14,0x14,0x14,0x1f,0x2d,0x1f,0x12,0x12,0x12,0x12,
    0x12,0x31,0x20,0x20,0x16,0x16,0x16,0x16,0x16,0x16,0x16,0x16,0x16,0x32,0x16,0x16,
    0x32,0x2b,0x0e,0x0e,0x0e,0x10,0x2c,0x1b,0x10,0x12,0x2d,0x2d,0x10,0x12,0x12,0x12,
    0x12,0x20,0x20,0x31,0x20,0x20,0x31,0x20,0x20,0x31,0x20,0x12,0x31,0x15,0x2d,0x20,
    0x20,0x31,0x31,0x20,0x31,0x20,0x20,0x20,0x20,0x31,0x20,0x2d,0x08,0x20,0x2d,0x12,
    0x20,0x12,0x2d,0x12,0x20,0x12,0x12,0x12,0x12,0x12,0x2d,0x2d,0x2d,0x2d,0x12,0x12,
    0x2d,0x12,0x31,0x20,0x20,0x20,0x12,0x31,0x20,0x20,0x20,0x20,0x12,0x12,0x12,0x12,
    0x20,0x12,0x20,0x20,0x20,0x20,0x31,0x12,0x31,0x12,0x20,0x20,0x12,0x20,0x20,0x12,
    0x15,0x20,0x20,0x20,0x12,0x12,0x12,0x12,0x12,0x12,0x14,0x1f,0x12,0x12,0x08,0x12,
    0x15,0x20,0x15,0x15,0x20,0x15,0x16,0x32,0x32,0x32,0x32,0x32,0x32,0x32,0x32,0x32,
    0x32,0x2b,0x0e,0x06,0x1b,0x10,0x10,0x10,0x2d,0x2d,0x1f,0x12,0x12,0x12,0x12,0x12,
    0x20,0x20,0x16,0x20,0x31,0x12,0x20,0x31,0x20,0x20,0x20,0x12,0x31,0x31,0x20,0x20,
    0x20,0x31,0x31,0x20,0x20,0x20,0x31,0x20,0x20,0x20,0x20,0x20,0x31,0x12,0x12,0x12,
    0x12,0x08,0x12,0x12,0x20,0x12,0x20,0x31,0x31,0x31,0x12,0x12,0x12,0x20,0x31,0x31,
    0x20,0x20,0x31,0x31,0x20,0x20,0x16,0x31,0x20,0x20,0x31,0x31,0x12,0x31,0x31,0x12,
    0x16,0x20,0x20,0x32,0x20,0x20,0x20,0x31,0x16,0x31,0x20,0x32,0x20,0x20,0x31,0x12,
    0x16,0x16,0x15,0x16,0x12,0x12,0x14,0x12,0x12,0x12,0x12,0x12,0x12,0x12,0x20,0x20,
    0x20,0x15,0x16,0x16,0x16,0x16,0x16,0x16,0x16,0x16,0x16,0x16,0x16,0x16,0x32,0x16,
    0x32,0x2b,0x2c,0x2c,0x2c,0x1b,0x1b,0x2c,0x12,0x1f,0x1f,0x1f,0x12,0x20,0x31,0x20,
    0x20,0x31,0x20,0x32,0x31,0x20,0x31,0x31,0x20,0x20,0x20,0x15,0x31,0x31,0x20,0x20,
    0x20,0x31,0x31,0x31,0x31,0x20,0x31,0x20,0x31,0x31,0x16,0x31,0x20,0x20,0x31,0x31,
    0x20,0x31,0x31,0x31,0x20,0x12,0x12,0x31,0x31,0x12,0x12,0x20,0x20,0x20,0x20,0x31,
    0x31,0x12,0x20,0x16,0x20,0x16,0x16,0x20,0x32,0x20,0x20,0x31,0x20,0x20,0x12,0x12,
    0x14,0x20,0x20,0x31,0x16,0x31,0x16,0x20,0x31,0x20,0x20,0x31,0x16,0x31,0x31,0x31,
    0x16,0x16,0x15,0x15,0x20,0x20,0x14,0x14,0x14,0x12,0x12,0x14,0x14,0x20,0x20,0x15,
    0x15,0x16,0x16,0x15,0x16,0x16,0x16,0x16,0x16,0x16,0x32,0x16,0x32,0x16,0x16,0x32,
    0x32,0x0d,0x2b,0x10,0x10,0x10,0x1b,0x10,0x1f,0x10,0x1f,0x1f,0x12,0x12,0x12,0x12,
    0x20,0x31,0x20,0x16,0x20,0x31,0x20,0x16,0x16,0x20,0x15,0x20,0x31,0x20,0x16,0x20,
    0x20,0x31,0x20,0x08,0x31,0x16,0x20,0x31,0x31,0x16,0x31,0x16,0x31,0x12,0x12,0x20,
    0x20,0x31,0x31,0x31,0x31,0x31,0x31,0x20,0x31,0x20,0x20,0x32,0x20,0x20,0x31,0x20,
    0x20,0x20,0x20,0x20,0x20,0x31,0x31,0x20,0x12,0x31,0x20,0x31,0x31,0x31,0x20,0x20,
    0x1f,0x31,0x20,0x20,0x00,0x00,0x00,0x00,0x00,0x20,0x20,0x20,0x00,0x00,0x00,0x00,
    0x15,0x16,0x16,0x20,0x20,0x20,0x12,0x15,0x15,0x16,0x20,0x15,0x20,0x16,0x16,0x16,
    0x16,0x15,0x16,0x16,0x16,0x16,0x16,0x32,0x32,0x32,0x32,0x32,0x32,0x32,0x32,0x32,
    0x32,0x0e,0x2b,0x1b,0x2c,0x10,0x10,0x10,0x2d,0x10,0x1f,0x2d,0x2d,0x2d,0x12,0x12,
    0x20,0x2d,0x12,0x20,0x31,0x31,0x31,0x20,0x31,0x2d,0x31,0x20,0x20,0x20,0x16,0x20,
    0x20,0x20,0x20,0x32,0x31,0x20,0x16,0x16,0x20,0x31,0x20,0x31,0x20,0x16,0x16,0x16,
    0x32,0x31,0x31,0x20,0x31,0x20,0x20,0x20,0x16,0x31,0x20,0x20,0x16,0x16,0x16,0x20,
    0x20,0x20,0x20,0x20,0x20,0x20,0x31,0x20,0x12,0x20,0x12,0x31,0x31,0x12,0x20,0x20,
    0x12,0x16,0x16,0x20,0x00,0x00,0x00,0x15,0x31,0x31,0x20,0x12,0x20,0x31,0x00,0x00,
    0x16,0x16,0x16,0x15,0x15,0x15,0x16,0x16,0x15,0x16,0x16,0x20,0x16,0x16,0x16,0x16,
    0x16,0x16,0x16,0x32,0x32,0x32,0x32,0x32,0x16,0x16,0x32,0x32,0x32,0x32,0x32,0x32,
    0x32,0x06,0x2c,0x0e,0x1b,0x10,0x10,0x10,0x10,0x10,0x1f,0x1f,0x2d,0x1f,0x2d,0x20,
    0x20,0x2d,0x20,0x20,0x20,0x16,0x16,0x12,0x16,0x20,0x20,0x12,0x20,0x31,0x16,0x20,
    0x12,0x31,0x12,0x20,0x20,0x12,0x31,0x31,0x20,0x20,0x20,0x20,0x20,0x31,0x12,0x20,
    0x20,0x31,0x16,0x31,0x16,0x16,0x20,0x20,0x16,0x31,0x31,0x20,0x31,0x20,0x20,0x20,
    0x20,0x20,0x20,0x20,0x20,0x20,0x12,0x2d,0x12,0x31,0x12,0x08,0x31,0x08,0x12,0x31,
    0x20,0x20,0x31,0x16,0x00,0x00,0x16,0x20,0x20,0x31,0x12,0x20,0x12,0x08,0x08,0x00,
    0x19,0x20,0x20,0x20,0x15,0x15,0x15,0x15,0x20,0x20,0x16,0x20,0x15,0x16,0x16,0x16,
    0x16,0x32,0x16,0x16,0x16,0x32,0x32,0x32,0x16,0x16,0x32,0x32,0x32,0x32,0x32,0x32,
    0x32,0x0e,0x2c,0x0e,0x1b,0x07,0x10,0x2d,0x10,0x1f,0x2d,0x1f,0x2d,0x1f,0x31,0x20,
    0x12,0x20,0x20,0x20,0x16,0x16,0x20,0x2d,0x12,0x20,0x31,0x16,0x20,0x20,0x20,0x20,
    0x31,0x16,0x20,0x20,0x16,0x20,0x31,0x31,0x20,0x16,0x20,0x20,0x20,0x20,0x31,0x31,
    0x31,0x31,0x16,0x20,0x20,0x20,0x20,0x20,0x20,0x20,0x20,0x31,0x12,0x20,0x16,0x20,
    0x12,0x20,0x20,0x31,0x20,0x12,0x2d,0x2d,0x20,0x31,0x20,0x31,0x12,0x31,0x31,0x20,
    0x31,0x20,0x31,0x20,0x00,0x31,0x16,0x20,0x20,0x31,0x2d,0x12,0x12,0x12,0x12,0x08,
    0x16,0x16,0x16,0x32,0x16,0x15,0x16,0x16,0x16,0x16,0x15,0x16,0x15,0x15,0x16,0x16,
    0x16,0x32,0x32,0x32,0x32,0x32,0x32,0x32,0x32,0x32,0x32,0x32,0x32,0x32,0x32,0x32,
    0x32,0x0e,0x2b,0x2c,0x2c,0x2c,0x2c,0x10,0x10,0x10,0x31,0x2d,0x10,0x2d,0x12,0x20,
    0x31,0x20,0x31,0x16,0x20,0x20,0x32,0x20,0x20,0x20,0x20,0x31,0x20,0x20,0x20,0x20,
    0x16,0x16,0x12,0x20,0x31,0x20,0x20,0x20,0x20,0x20,0x16,0x16,0x16,0x20,0x20,0x20,
    0x20,0x20,0x31,0x20,0x12,0x20,0x31,0x12,0x20,0x20,0x31,0x20,0x10,0x12,0x31,0x20,
    0x20,0x16,0x31,0x20,0x20,0x20,0x12,0x12,0x20,0x12,0x31,0x31,0x12,0x12,0x31,0x12,
    0x12,0x20,0x31,0x31,0x00,0x20,0x31,0x20,0x12,0x12,0x12,0x12,0x12,0x20,0x12,0x12,
    0x32,0x32,0x32,0x16,0x16,0x16,0x32,0x32,0x32,0x16,0x16,0x32,0x32,0x32,0x16,0x16,
    0x32,0x32,0x32,0x16,0x16,0x32,0x32,0x32,0x16,0x32,0x16,0x32,0x32,0x32,0x32,0x32,
    0x16,0x22,0x2b,0x10,0x0e,0x10,0x10,0x2c,0x10,0x2d,0x1f,0x1f,0x12,0x1f,0x2d,0x2d,
    0x2d,0x20,0x20,0x20,0x31,0x31,0x20,0x31,0x16,0x31,0x16,0x20,0x20,0x16,0x20,0x20,
    0x20,0x20,0x31,0x20,0x31,0x2d,0x20,0x20,0x16,0x31,0x20,0x12,0x20,0x31,0x20,0x31,
    0x20,0x31,0x31,0x31,0x31,0x20,0x20,0x16,0x20,0x16,0x31,0x32,0x20,0x31,0x31,0x20,
    0x16,0x31,0x20,0x20,0x20,0x12,0x12,0x12,0x31,0x31,0x20,0x20,0x31,0x20,0x12,0x20,
    0x12,0x31,0x20,0x31,0x31,0x31,0x12,0x31,0x12,0x12,0x12,0x31,0x20,0x20,0x20,0x31,
    0x16,0x16,0x15,0x16,0x20,0x15,0x16,0x16,0x16,0x16,0x16,0x16,0x16,0x16,0x16,0x16,
    0x32,0x32,0x16,0x16,0x32,0x32,0x16,0x32,0x16,0x32,0x16,0x32,0x32,0x32,0x32,0x32,
    0x32,0x05,0x0e,0x05,0x0e,0x0e,0x2c,0x2c,0x10,0x10,0x1f,0x1f,0x12,0x12,0x12,0x12,
    0x12,0x12,0x31,0x20,0x20,0x16,0x31,0x31,0x16,0x16,0x16,0x31,0x31,0x20,0x20,0x16,
    0x31,0x20,0x20,0x31,0x16,0x20,0x20,0x31,0x16,0x20,0x20,0x31,0x12,0x12,0x31,0x31,
    0x20,0x20,0x31,0x20,0x20,0x31,0x31,0x31,0x20,0x16,0x20,0x20,0x20,0x31,0x31,0x20,
    0x20,0x31,0x31,0x20,0x20,0x31,0x12,0x12,0x12,0x31,0x12,0x20,0x20,0x20,0x20,0x20,
    0x12,0x12,0x12,0x20,0x31,0x12,0x12,0x20,0x12,0x08,0x12,0x31,0x31,0x20,0x12,0x12,
    0x16,0x16,0x15,0x16,0x16,0x16,0x16,0x16,0x16,0x16,0x32,0x32,0x16,0x32,0x32,0x32,
    0x32,0x32,0x32,0x32,0x32,0x32,0x32,0x32,0x32,0x32,0x32,0x32,0x32,0x32,0x32,0x32,
    0x32,0x05,0x2b,0x05,0x2c,0x2c,0x1b,0x10,0x1f,0x2d,0x2d,0x1f,0x12,0x12,0x12,0x2d,
    0x2d,0x12,0x31,0x20,0x31,0x16,0x16,0x31,0x20,0x20,0x31,0x31,0x31,0x16,0x16,0x31,
    0x31,0x31,0x20,0x20,0x31,0x15,0x16,0x31,0x31,0x20,0x31,0x20,0x20,0x31,0x12,0x20,
    0x20,0x31,0x31,0x20,0x20,0x31,0x20,0x20,0x20,0x20,0x20,0x31,0x2d,0x20,0x20,0x20,
    0x16,0x31,0x31,0x31,0x20,0x12,0x12,0x31,0x31,0x20,0x20,0x20,0x12,0x20,0x20,0x20,
    0x20,0x31,0x12,0x12,0x12,0x2d,0x12,0x20,0x12,0x12,0x12,0x12,0x31,0x12,0x12,0x08,
    0x32,0x32,0x16,0x16,0x16,0x16,0x16,0x32,0x16,0x16,0x16,0x16,0x16,0x16,0x16,0x32,
    0x16,0x16,0x16,0x32,0x16,0x16,0x32,0x32,0x32,0x32,0x32,0x32,0x32,0x32,0x32,0x32,
    0x32,0x0e,0x1b,0x2b,0x2b,0x2c,0x2c,0x2c,0x10,0x2d,0x2d,0x2d,0x2d,0x1f,0x1f,0x1f,
    0x2d,0x31,0x20,0x20,0x20,0x31,0x16,0x31,0x20,0x12,0x12,0x12,0x20,0x31,0x20,0x31,
    0x20,0x20,0x20,0x31,0x31,0x20,0x20,0x12,0x31,0x31,0x20,0x20,0x20,0x12,0x20,0x20,
    0x20,0x20,0x31,0x20,0x20,0x12,0x2d,0x12,0x31,0x20,0x20,0x16,0x12,0x20,0x20,0x31,
    0x31,0x20,0x12,0x12,0x12,0x31,0x20,0x20,0x12,0x31,0x31,0x31,0x31,0x20,0x16,0x31,
    0x31,0x31,0x31,0x31,0x00,0x08,0x20,0x20,0x12,0x12,0x12,0x12,0x31,0x20,0x31,0x12,
    0x16,0x16,0x16,0x16,0x32,0x32,0x16,0x16,0x32,0x32,0x32,0x32,0x32,0x32,0x32,0x32,
    0x32,0x32,0x32,0x32,0x32,0x32,0x16,0x16,0x16,0x16,0x16,0x16,0x32,0x16,0x16,0x32,
    0x32,0x0e,0x2b,0x2b,0x1b,0x1b,0x1b,0x2c,0x10,0x2d,0x10,0x1f,0x12,0x2d,0x2d,0x12,
    0x2d,0x12,0x12,0x20,0x31,0x20,0x20,0x12,0x16,0x31,0x31,0x20,0x12,0x31,0x31,0x31,
    0x12,0x20,0x31,0x20,0x12,0x31,0x12,0x20,0x20,0x12,0x12,0x20,0x20,0x20,0x20,0x12,
    0x31,0x31,0x12,0x20,0x12,0x12,0x12,0x20,0x16,0x31,0x31,0x20,0x20,0x20,0x12,0x20,
    0x31,0x12,0x20,0x12,0x12,0x31,0x31,0x20,0x31,0x16,0x20,0x20,0x20,0x20,0x31,0x31,
    0x12,0x31,0x31,0x31,0x00,0x20,0x31,0x20,0x12,0x20,0x31,0x12,0x08,0x31,0x08,0x00,
};

static const unsigned char re15_dokument3_md1[404] = {
    0x34,0x01,0x00,0x00,0x00,0x00,0x00,0x00,0x02,0x00,0x00,0x00,0x38,0x00,0x00,0x00,
    0x09,0x00,0x00,0x00,0x80,0x00,0x00,0x00,0x09,0x00,0x00,0x00,0xc8,0x00,0x00,0x00,
    0x08,0x00,0x00,0x00,0x28,0x01,0x00,0x00,0x38,0x00,0x00,0x00,0x09,0x00,0x00,0x00,
    0x80,0x00,0x00,0x00,0x09,0x00,0x00,0x00,0x28,0x01,0x00,0x00,0x00,0x00,0x00,0x00,
    0x88,0x01,0x00,0x00,0x70,0xff,0xf8,0xff,0x00,0x00,0x00,0x00,0x8e,0x00,0xeb,0xff,
    0x00,0x00,0x00,0x00,0x00,0x00,0x00,0x00,0x00,0x00,0x00,0x00,0x75,0xff,0xaa,0xff,
    0xd3,0x00,0x00,0x00,0x00,0x00,0x00,0x00,0x1f,0xff,0x00,0x00,0xf5,0xff,0xb3,0xff,
    0xd3,0x00,0x00,0x00,0x8e,0x00,0xeb,0xff,0x1f,0xff,0x00,0x00,0x70,0xff,0xf8,0xff,
    0x1f,0xff,0x00,0x00,0x83,0x00,0x9e,0xff,0xd3,0x00,0x00,0x00,0x53,0xff,0x43,0xf0,
    0x34,0xfd,0x00,0x00,0xf7,0x00,0xfe,0xf0,0x8a,0xfa,0x00,0x00,0xe4,0xfe,0x04,0xf1,
    0x7f,0xfa,0x00,0x00,0xbd,0xfd,0x9b,0xf0,0x45,0xfc,0x00,0x00,0xd1,0xfd,0x24,0xf1,
    0x7c,0xfa,0x00,0x00,0xd7,0xff,0x00,0xf0,0x00,0x00,0x00,0x00,0xec,0x00,0x23,0xf0,
    0x23,0xfe,0x00,0x00,0xac,0xfd,0x2c,0xf0,0x00,0x00,0x00,0x00,0xed,0x00,0x07,0xf0,
    0x00,0x00,0x00,0x00,0x00,0x00,0x02,0x00,0x01,0x00,0x03,0x00,0x02,0x00,0x05,0x00,
    0x03,0x00,0x01,0x00,0x02,0x00,0x05,0x00,0x04,0x00,0x08,0x00,0x05,0x00,0x04,0x00,
    0x06,0x00,0x00,0x00,0x00,0x00,0x02,0x00,0x07,0x00,0x06,0x00,0x00,0x00,0x02,0x00,
    0x03,0x00,0x01,0x00,0x00,0x00,0x02,0x00,0x07,0x00,0x06,0x00,0x05,0x00,0x04,0x00,
    0x06,0x00,0x00,0x00,0x05,0x00,0x04,0x00,0x08,0x00,0x07,0x00,0x02,0x00,0x05,0x00,
    0x03,0x00,0x01,0x00,0x00,0x00,0x02,0x00,0x01,0x00,0x03,0x00,0x00,0x00,0x02,0x00,
    0x06,0x00,0x00,0x00,0x3f,0x1f,0x00,0x78,0x00,0x3f,0x80,0x00,0x00,0x22,0x00,0x00,
    0x3f,0x00,0x00,0x78,0x00,0x22,0x80,0x00,0x00,0x00,0x00,0x00,0x7e,0x1f,0x00,0x78,
    0x3f,0x3e,0x80,0x00,0x3f,0x1f,0x00,0x00,0x7f,0x00,0x00,0x78,0x3f,0x1f,0x80,0x00,
    0x3f,0x00,0x00,0x00,0x3f,0x1f,0x00,0x78,0x7f,0x00,0x80,0x00,0x7e,0x1f,0x00,0x00,
    0x3f,0x3e,0x00,0x78,0x7e,0x1f,0x80,0x00,0x7e,0x3e,0x00,0x00,0x00,0x22,0x00,0x78,
    0x3f,0x00,0x80,0x00,0x3f,0x1f,0x00,0x00,0x00,0x3f,0x00,0x78,0x3f,0x1f,0x80,0x00,
    0x3f,0x3e,0x00,0x00,
};

static const unsigned char re15_dokument3_tim[34848] = {
    0x10,0x00,0x00,0x00,0x09,0x00,0x00,0x00,0x0c,0x08,0x00,0x00,0x00,0x00,0xe0,0x01,
    0x00,0x01,0x04,0x00,0x00,0x00,0xe0,0xff,0x94,0xd2,0x52,0xca,0x31,0xc6,0x10,0xc2,
    0xef,0xbd,0xce,0xb9,0xad,0xb5,0x6b,0xad,0x4a,0xa9,0x29,0xa5,0x08,0xa1,0xe7,0x9c,
    0xc6,0x98,0x4a,0x29,0x00,0x80,0x00,0x80,0x00,0x80,0x00,0x80,0x00,0x80,0x00,0x80,
    0x00,0x80,0x00,0x80,0x00,0x80,0x00,0x80,0x00,0x80,0x00,0x80,0x00,0x80,0x00,0x80,
    0x00,0x80,0x00,0x80,0x00,0x80,0x00,0x80,0x00,0x80,0x00,0x80,0x00,0x80,0x00,0x80,
    0x00,0x80,0x00,0x80,0x00,0x80,0x00,0x80,0x00,0x80,0x00,0x80,0x00,0x80,0x00,0x80,
    0x00,0x80,0x00,0x80,0x00,0x80,0x00,0x80,0x00,0x80,0x00,0x80,0x00,0x80,0x00,0x80,
    0x00,0x80,0x00,0x80,0x00,0x80,0x00,0x80,0x00,0x80,0x00,0x80,0x00,0x80,0x00,0x80,
    0x00,0x80,0x00,0x80,0x00,0x80,0x00,0x80,0x00,0x80,0x00,0x80,0x00,0x80,0x00,0x80,
    0x00,0x80,0x00,0x80,0x00,0x80,0x00,0x80,0x00,0x80,0x00,0x80,0x00,0x80,0x00,0x80,
    0x00,0x80,0x00,0x80,0x00,0x80,0x00,0x80,0x00,0x80,0x00,0x80,0x00,0x80,0x00,0x80,
    0x00,0x80,0x00,0x80,0x00,0x80,0x00,0x80,0x00,0x80,0x00,0x80,0x00,0x80,0x00,0x80,
    0x00,0x80,0x00,0x80,0x00,0x80,0x00,0x80,0x00,0x80,0x00,0x80,0x00,0x80,0x00,0x80,
    0x00,0x80,0x00,0x80,0x00,0x80,0x00,0x80,0x00,0x80,0x00,0x80,0x00,0x80,0x00,0x80,
    0x00,0x80,0x00,0x80,0x00,0x80,0x00,0x80,0x00,0x80,0x00,0x80,0x00,0x80,0x00,0x80,
    0x00,0x80,0x00,0x80,0x00,0x80,0x00,0x80,0x00,0x80,0x00,0x80,0x00,0x80,0x00,0x80,
    0x00,0x80,0x00,0x80,0x00,0x80,0x00,0x80,0x00,0x80,0x00,0x80,0x00,0x80,0x00,0x80,
    0x00,0x80,0x00,0x80,0x00,0x80,0x00,0x80,0x00,0x80,0x00,0x80,0x00,0x80,0x00,0x80,
    0x00,0x80,0x00,0x80,0x00,0x80,0x00,0x80,0x00,0x80,0x00,0x80,0x00,0x80,0x00,0x80,
    0x00,0x80,0x00,0x80,0x00,0x80,0x00,0x80,0x00,0x80,0x00,0x80,0x00,0x80,0x00,0x80,
    0x00,0x80,0x00,0x80,0x00,0x80,0x00,0x80,0x00,0x80,0x00,0x80,0x00,0x80,0x00,0x80,
    0x00,0x80,0x00,0x80,0x00,0x80,0x00,0x80,0x00,0x80,0x00,0x80,0x00,0x80,0x00,0x80,
    0x00,0x80,0x00,0x80,0x00,0x80,0x00,0x80,0x00,0x80,0x00,0x80,0x00,0x80,0x00,0x80,
    0x00,0x80,0x00,0x80,0x00,0x80,0x00,0x80,0x00,0x80,0x00,0x80,0x00,0x80,0x00,0x80,
    0x00,0x80,0x00,0x80,0x00,0x80,0x00,0x80,0x00,0x80,0x00,0x80,0x00,0x80,0x00,0x80,
    0x00,0x80,0x00,0x80,0x00,0x80,0x00,0x80,0x00,0x80,0x00,0x80,0x00,0x80,0x00,0x80,
    0x00,0x80,0x00,0x80,0x00,0x80,0x00,0x80,0x00,0x80,0x00,0x80,0x00,0x80,0x00,0x80,
    0x00,0x80,0x00,0x80,0x00,0x80,0x00,0x80,0x00,0x80,0x00,0x80,0x00,0x80,0x00,0x80,
    0x00,0x80,0x00,0x80,0x00,0x80,0x00,0x80,0x00,0x80,0x00,0x80,0x00,0x80,0x00,0x80,
    0x00,0x80,0x00,0x80,0x00,0x80,0x00,0x80,0x00,0x80,0x00,0x80,0x00,0x80,0x00,0x80,
    0x00,0x80,0x00,0x80,0x00,0x80,0x00,0x80,0x00,0x80,0x00,0x80,0x00,0x80,0x00,0x80,
    0x00,0x80,0x00,0x80,0x00,0x80,0x00,0x80,0x00,0x80,0x00,0x80,0x00,0x80,0x00,0x80,
    0x00,0x80,0x00,0x80,0x00,0x00,0x9c,0x73,0x18,0x63,0xf7,0x5e,0xd6,0x5a,0xb5,0x56,
    0x94,0x52,0x73,0x4e,0x52,0x4a,0x31,0x46,0x10,0x42,0xef,0x3d,0xce,0x39,0xad,0x35,
    0x8c,0x31,0x6b,0x2d,0x4a,0x29,0x29,0x25,0x08,0x21,0x21,0x04,0x93,0x56,0x59,0x6f,
    0xac,0x39,0x7a,0x73,0x8b,0x39,0x38,0x6f,0xb4,0x5e,0x72,0x56,0x17,0x6f,0x72,0x5a,
    0x51,0x56,0x71,0x66,0xed,0x55,0x8b,0x41,0x50,0x66,0x2f,0x66,0xcc,0x55,0xf6,0x6e,
    0xd5,0x6a,0x30,0x56,0x0f,0x56,0x0e,0x66,0x8a,0x55,0x89,0x61,0x68,0x61,0x47,0x5d,
    0xc4,0x38,0x26,0x59,0x80,0x58,0xb4,0x6a,0x30,0x5a,0xed,0x65,0xcc,0x61,0xab,0x5d,
    0xab,0x61,0x8a,0x59,0x8a,0x5d,0x69,0x55,0x06,0x4d,0x26,0x5d,0x05,0x59,0x05,0x5d,
    0xe4,0x58,0xa3,0x40,0xc3,0x58,0x40,0x30,0x93,0x6a,0xee,0x55,0xcd,0x51,0x6a,0x45,
    0x8a,0x61,0x69,0x5d,0x48,0x55,0x27,0x59,0x06,0x55,0xe5,0x4c,0xe4,0x5c,0xa3,0x48,
    0xc3,0x5c,0xa2,0x58,0x61,0x38,0x81,0x58,0x40,0x38,0x40,0x34,0x72,0x6a,0x51,0x66,
    0xee,0x59,0xcd,0x55,0x69,0x61,0x48,0x5d,0x48,0x61,0xa4,0x30,0x27,0x5d,0x06,0x59,
    0x06,0x5d,0xe5,0x54,0xc4,0x4c,0xc4,0x50,0x60,0x58,0x30,0x66,0x0f,0x66,0xac,0x55,
    0xee,0x65,0x6a,0x4d,0x8b,0x55,0x6a,0x55,0x28,0x45,0x49,0x51,0xe5,0x5c,0xc4,0x5c,
    0xa3,0x58,0x82,0x58,0xcd,0x65,0xac,0x61,0x8b,0x61,0x49,0x55,0x49,0x59,0x83,0x58,
    0x20,0x58,0x7b,0x73,0x5a,0x6f,0xd6,0x5e,0x94,0x56,0x39,0x6f,0xd6,0x62,0xb5,0x5e,
    0x94,0x5a,0x73,0x56,0x18,0x6f,0xce,0x41,0x52,0x56,0xf7,0x6e,0xd6,0x6a,0xb5,0x6a,
    0x10,0x56,0x8c,0x41,0x8c,0x55,0x00,0x04,0x00,0x80,0x00,0x80,0x00,0x80,0x00,0x80,
    0x00,0x80,0x00,0x80,0x00,0x80,0x00,0x80,0x00,0x80,0x00,0x80,0x00,0x80,0x00,0x80,
    0x00,0x80,0x00,0x80,0x00,0x80,0x00,0x80,0x00,0x80,0x00,0x80,0x00,0x80,0x00,0x80,
    0x00,0x80,0x00,0x80,0x00,0x80,0x00,0x80,0x00,0x80,0x00,0x80,0x00,0x80,0x00,0x80,
    0x00,0x80,0x00,0x80,0x00,0x80,0x00,0x80,0x00,0x80,0x00,0x80,0x00,0x80,0x00,0x80,
    0x00,0x80,0x00,0x80,0x00,0x80,0x00,0x80,0x00,0x80,0x00,0x80,0x00,0x80,0x00,0x80,
    0x00,0x80,0x00,0x80,0x00,0x80,0x00,0x80,0x00,0x80,0x00,0x80,0x00,0x80,0x00,0x80,
    0x00,0x80,0x00,0x80,0x00,0x80,0x00,0x80,0x00,0x80,0x00,0x80,0x00,0x80,0x00,0x80,
    0x00,0x80,0x00,0x80,0x00,0x80,0x00,0x80,0x00,0x80,0x00,0x80,0x00,0x80,0x00,0x80,
    0x00,0x80,0x00,0x80,0x00,0x80,0x00,0x80,0x00,0x80,0x00,0x80,0x00,0x80,0x00,0x80,
    0x00,0x80,0x00,0x80,0x00,0x80,0x00,0x80,0x00,0x80,0x00,0x80,0x00,0x80,0x00,0x80,
    0x00,0x80,0x00,0x80,0x00,0x80,0x00,0x80,0x00,0x80,0x00,0x80,0x00,0x80,0x00,0x80,
    0x00,0x80,0x00,0x80,0x00,0x80,0x00,0x80,0x00,0x80,0x00,0x80,0x00,0x80,0x00,0x80,
    0x00,0x80,0x00,0x80,0x00,0x80,0x00,0x80,0x00,0x80,0x00,0x80,0x00,0x80,0x00,0x80,
    0x00,0x80,0x00,0x80,0x00,0x80,0x00,0x80,0x00,0x80,0x00,0x80,0x00,0x80,0x00,0x80,
    0x00,0x80,0x00,0x80,0x00,0x00,0x21,0x04,0x42,0x08,0x63,0x0c,0x84,0x10,0xa5,0x14,
    0xc6,0x18,0xe7,0x1c,0x08,0x21,0x29,0x25,0x4a,0x29,0x6b,0x2d,0x8c,0x31,0xad,0x35,
    0xce,0x39,0xef,0x3d,0x10,0x42,0x31,0x46,0x52,0x4a,0x73,0x4e,0x94,0x52,0xb5,0x56,
    0xd6,0x5a,0xf7,0x5e,0x18,0x63,0x5a,0x6b,0x11,0x42,0xcf,0x39,0xf0,0x3d,0x8d,0x31,
    0x6c,0x2d,0x2a,0x25,0xa6,0x14,0x85,0x10,0x43,0x08,0xc9,0x18,0x01,0x00,0x02,0x00,
    0x03,0x00,0x26,0x00,0x25,0x00,0xb0,0x31,0xa8,0x10,0x66,0x08,0x69,0x04,0x24,0x00,
    0x68,0x04,0x47,0x00,0x5c,0x67,0x75,0x4a,0xe9,0x18,0x65,0x08,0x44,0x04,0x67,0x04,
    0x46,0x00,0x69,0x00,0x2b,0x21,0x0e,0x15,0x88,0x08,0xcc,0x0c,0xab,0x08,0x8a,0x04,
    0x23,0x00,0x70,0x21,0xec,0x10,0xee,0x0c,0xcd,0x08,0x68,0x00,0x76,0x46,0xf2,0x35,
    0x6e,0x25,0x4d,0x21,0x91,0x25,0xea,0x14,0xc9,0x10,0x71,0x1d,0x0d,0x15,0x50,0x19,
    0xed,0x0c,0xaa,0x08,0x66,0x04,0xcc,0x08,0x89,0x04,0x45,0x00,0xb3,0x25,0xa8,0x0c,
    0xeb,0x10,0x2f,0x15,0x51,0x15,0x0e,0x11,0x87,0x08,0xab,0x04,0x67,0x00,0x8a,0x00,
    0xda,0x4e,0x4e,0x1d,0x2d,0x19,0x0c,0x15,0xca,0x0c,0xec,0x0c,0xa9,0x08,0x88,0x04,
    0x99,0x42,0x36,0x36,0x15,0x32,0xd3,0x29,0x37,0x32,0xb2,0x25,0x16,0x2e,0xf5,0x29,
    0x91,0x21,0xd4,0x25,0xb3,0x21,0x4f,0x19,0x2e,0x15,0x71,0x19,0x50,0x15,0x0d,0x11,
    0x2f,0x11,0x0e,0x0d,0xcb,0x08,0xaa,0x04,0x7d,0x67,0x5c,0x63,0xe8,0x18,0x6d,0x25,
    0xf2,0x31,0x4c,0x21,0x6e,0x21,0xe9,0x14,0xea,0x10,0x65,0x04,0x66,0x00,0x32,0x42,
    0x9e,0x6b,0x3b,0x5f,0xb7,0x4e,0x4b,0x25,0x3c,0x5b,0x1b,0x57,0x55,0x3e,0xfb,0x4e,
    0xda,0x4a,0x98,0x42,0x77,0x3e,0x35,0x36,0x14,0x32,0x99,0x3e,0x78,0x3a,0x57,0x36,
    0xd2,0x29,0x36,0x32,0xb1,0x25,0x15,0x2e,0x90,0x21,0xf4,0x29,0x2c,0x19,0xd3,0x25,
    0x37,0x2e,0xb2,0x21,0x4e,0x19,0xa7,0x0c,0x91,0x1d,0xd4,0x21,0x2d,0x15,0x70,0x19,
    0xb3,0x1d,0x43,0x04,0x4f,0x15,0x71,0x15,0xa8,0x08,0x0d,0x0d,0xca,0x08,0x87,0x04,
    0x22,0x00,0x09,0x1d,0x85,0x0c,0x78,0x36,0xf4,0x25,0xfb,0x4a,0xda,0x46,0xb9,0x42,
    0x98,0x3e,0x77,0x3a,0x56,0x36,0x35,0x32,0x14,0x2e,0x57,0x32,0x36,0x2e,0x15,0x2a,
    0xb1,0x21,0xd3,0x21,0xb2,0x1d,0x1b,0x53,0xfa,0x4e,0xd9,0x4a,0x55,0x3a,0xd1,0x29,
    0x8f,0x21,0x4d,0x19,0x5c,0x5f,0x98,0x3a,0x77,0x36,0x56,0x32,0x35,0x2e,0xc8,0x0c,
    0x3b,0x5b,0x1a,0x57,0xb7,0x4a,0x12,0x36,0xfa,0x4a,0xd9,0x46,0xb8,0x42,0x8e,0x25,
    0x7c,0x67,0x6c,0x25,0x3b,0x57,0x1a,0x53,0x43,0x00,0xbe,0x6f,0x95,0x4a,0x11,0x3a,
    0xae,0x2d,0x8d,0x29,0x2a,0x1d,0x6b,0x29,0x29,0x21,0xc6,0x14,0x84,0x0c,0xb4,0x56,
    0x51,0x4a,0x72,0x4e,0x93,0x52,0x30,0x46,0xee,0x3d,0x0f,0x42,0x8b,0x31,0x49,0x29,
    0x28,0x25,0x07,0x21,0xd6,0x5e,0x94,0x56,0xb5,0x5a,0x31,0x4a,0x73,0x52,0x10,0x46,
    0xce,0x3d,0xad,0x39,0xef,0x41,0x8c,0x35,0x4a,0x2d,0x6b,0x31,0x08,0x25,0xc6,0x1c,
    0x63,0x10,0x00,0x00,0x00,0x00,0x21,0x04,0x42,0x08,0x64,0x0c,0x43,0x08,0x65,0x0c,
    0x22,0x04,0x44,0x08,0x45,0x08,0x23,0x04,0x46,0x08,0x47,0x08,0x24,0x04,0x25,0x04,
    0x26,0x04,0x01,0x00,0x02,0x00,0x03,0x00,0xab,0x10,0xcb,0x14,0xaa,0x10,0x8a,0x0c,
    0x68,0x08,0x47,0x04,0x89,0x0c,0xa9,0x10,0x67,0x08,0x46,0x04,0x88,0x0c,0x8b,0x08,
    0xcc,0x10,0x66,0x08,0xab,0x0c,0x45,0x04,0x8a,0x08,0x87,0x0c,0xec,0x14,0xcb,0x10,
    0x68,0x04,0x0d,0x19,0xaa,0x0c,0x89,0x08,0xeb,0x14,0xca,0x10,0x65,0x08,0xed,0x10,
    0x44,0x04,0x67,0x04,0x0c,0x19,0x2f,0x19,0xa9,0x0c,0x88,0x08,0x23,0x00,0x70,0x21,
    0x86,0x0c,0xec,0x10,0x4f,0x1d,0xc9,0x10,0x2e,0x19,0x0d,0x15,0x50,0x19,0xcb,0x0c,
    0xaa,0x08,0x66,0x04,0x89,0x04,0x6f,0x21,0xa8,0x0c,0xeb,0x10,0x87,0x08,0x67,0x00,
    0x90,0x25,0x4e,0x1d,0x2d,0x19,0x0c,0x15,0xca,0x0c,0xec,0x0c,0xa9,0x08,0x88,0x04,
    0x4f,0x19,0x2e,0x15,0x0d,0x11,0xe9,0x14,0xc8,0x10,0x64,0x08,0xea,0x10,0x65,0x04,
    0x44,0x00,0x66,0x00,0x90,0x21,0x6f,0x1d,0x0b,0x15,0x4e,0x19,0xa7,0x0c,0x2d,0x15,
    0x43,0x04,0x0c,0x11,0x86,0x08,0xc9,0x0c,0x2e,0x11,0xeb,0x0c,0xa8,0x08,0xca,0x08,
    0x87,0x04,0x22,0x00,0x85,0x0c,0x6f,0x19,0x4e,0x15,0x2d,0x11,0x6e,0x1d,0x4d,0x19,
    0xe9,0x10,0x2c,0x15,0x0b,0x11,0xea,0x0c,0xc8,0x0c,0x0a,0x15,0x2c,0x11,0x86,0x04,
    0x64,0x04,0x2b,0x15,0xc8,0x08,0x43,0x00,0x85,0x08,0xe8,0x10,0x64,0x00,0x84,0x0c,
    0x63,0x08,0x08,0x15,0xa5,0x0c,0xe7,0x10,0x42,0x04,0x08,0x11,0x84,0x08,0xe7,0x0c,
    0x63,0x04,0x84,0x04,0xa5,0x04,0x21,0x00,0x42,0x00,0x63,0x00,0x84,0x00,0xa5,0x00,
    0xc5,0x04,0xa4,0x00,0x07,0x0d,0xe6,0x0c,0xc5,0x08,0xa4,0x04,0x07,0x11,0x83,0x00,
    0xe6,0x10,0xc5,0x0c,0xa4,0x08,0x62,0x00,0x27,0x0d,0x8a,0x1d,0x69,0x19,0x48,0x15,
    0x06,0x0d,0xe5,0x08,0xc4,0x04,0x27,0x11,0xa3,0x00,0x47,0x0d,0x05,0x05,0xa4,0x0c,
    0x69,0x1d,0xe5,0x0c,0x62,0x04,0xc4,0x08,0x26,0x0d,0x67,0x0d,0x05,0x09,0xe4,0x04,
    0x25,0x05,0x41,0x00,0x27,0x15,0x06,0x11,0x47,0x11,0xa3,0x04,0x82,0x00,0xc3,0x00,
    0x83,0x08,0x46,0x0d,0x25,0x09,0x04,0x05,0x67,0x11,0xe4,0x08,0xe3,0x00,0x47,0x15,
    0x26,0x11,0x05,0x0d,0xc3,0x04,0xa2,0x00,0xc4,0x0c,0x66,0x0d,0x24,0x05,0x25,0x0d,
    0x04,0x09,0x67,0x15,0x46,0x11,0xa3,0x08,0x82,0x04,0xe3,0x04,0x61,0x00,0xc2,0x00,
    0x45,0x0d,0x24,0x09,0xe4,0x0c,0x87,0x15,0x66,0x11,0x03,0x05,0xe2,0x00,0x05,0x11,
    0xc3,0x08,0xa2,0x04,0x81,0x00,0x04,0x0d,0x46,0x15,0x25,0x11,0x24,0x0d,0xe3,0x08,
    0xc2,0x04,0x66,0x15,0x45,0x11,0x03,0x09,0xe2,0x04,0xc1,0x00,0x23,0x09,0x62,0x08,
    0x41,0x04,0x82,0x08,0xa2,0x08,0x61,0x04,0xc2,0x08,0xe2,0x08,0x81,0x04,0x02,0x09,
    0xa1,0x04,0xc1,0x04,0x20,0x00,0x40,0x00,0x60,0x00,0x80,0x00,0xc1,0x08,0xa1,0x08,
    0x80,0x04,0x81,0x08,0x60,0x04,0x40,0x04,0x62,0x0c,0x20,0x04,0x00,0x04,0x01,0x08,
    0x02,0x04,0x01,0x00,0x0c,0x80,0x00,0x00,0x00,0x00,0x00,0x00,0x40,0x00,0x00,0x01,
    0x0f,0x0f,0x0f,0x0f,0x0f,0x0f,0x0f,0x0f,0x0f,0x0f,0x0f,0x0f,0x0f,0x0f,0x0f,0x0f,
    0x0f,0x0f,0x0f,0x0f,0x0f,0x0f,0x0f,0x0f,0x0f,0x0f,0x0f,0x0f,0x0f,0x0f,0x0f,0x0f,
    0x0f,0x0f,0x0f,0x0f,0x0f,0x0f,0x0f,0x0f,0x0f,0x0f,0x0f,0x0f,0x0f,0x0f,0x0f,0x0f,
    0x0f,0x0f,0x0f,0x0f,0x0f,0x0f,0x0f,0x0f,0x0f,0x0f,0x0f,0x0f,0x0f,0x0f,0x0f,0x0f,
    0x0f,0x0f,0x0f,0x0f,0x0f,0x0f,0x0f,0x0f,0x0f,0x0f,0x0f,0x0f,0x0f,0x0f,0x0f,0x0f,
    0x0f,0x0f,0x0f,0x0f,0x0f,0x0f,0x0f,0x0f,0x0f,0x0f,0x0f,0x0f,0x0f,0x0f,0x0f,0x0f,
    0x0f,0x0f,0x0f,0x0f,0x0f,0x0f,0x0f,0x0f,0x0f,0x0f,0x0f,0x0f,0x0f,0x0f,0x0f,0x0f,
    0x0f,0x0f,0x0f,0x0f,0x0f,0x0f,0x0f,0x0f,0x0f,0x0f,0x0f,0x0f,0x0f,0x0f,0x0f,0x0f,
    0x0f,0x0f,0x0f,0x0f,0x0f,0x0f,0x0f,0x0f,0x0f,0x0f,0x0f,0x0f,0x0f,0x0f,0x0f,0x0f,
    0x0f,0x0f,0x0f,0x0f,0x0f,0x0f,0x0f,0x0f,0x0f,0x0f,0x0f,0x0f,0x0f,0x0f,0x0f,0x0f,
    0x0f,0x0f,0x0f,0x0f,0x0f,0x0f,0x0f,0x0f,0x0f,0x0f,0x0f,0x0f,0x0f,0x0f,0x0f,0x0f,
    0x0f,0x0f,0x0f,0x0f,0x0f,0x0f,0x0f,0x0f,0x0f,0x0f,0x0f,0x0f,0x0f,0x0f,0x0f,0x0f,
    0x0f,0x0f,0x0f,0x0f,0x0f,0x0f,0x0f,0x0f,0x0f,0x0f,0x0f,0x0f,0x0f,0x0f,0x0f,0x0f,
    0x0f,0x0f,0x0f,0x0f,0x0f,0x0f,0x0f,0x0f,0x0f,0x0f,0x0f,0x0f,0x0f,0x0f,0x0f,0x0f,
    0x0f,0x0f,0x0f,0x0f,0x0f,0x0f,0x0f,0x0f,0x0f,0x0f,0x0f,0x0f,0x0f,0x0f,0x0f,0x0f,
    0x0f,0x0f,0x0f,0x0f,0x0f,0x0f,0x0f,0x0f,0x0f,0x0f,0x0f,0x0f,0x0f,0x0f,0x0f,0x0f,
    0x0f,0x0f,0x0f,0x0f,0x0f,0x0f,0x0f,0x0f,0x0f,0x0f,0x0f,0x0f,0x0f,0x0f,0x0f,0x0f,
    0x0f,0x0f,0x0f,0x0f,0x0f,0x0f,0x0f,0x0f,0x0f,0x0f,0x0f,0x0f,0x0f,0x0f,0x0f,0x0f,
    0x0f,0x0f,0x0f,0x0f,0x0f,0x0f,0x0f,0x0f,0x0f,0x0f,0x0f,0x0f,0x0f,0x0f,0x0f,0x0f,
    0x0f,0x0f,0x0f,0x0f,0x0f,0x0f,0x0f,0x0f,0x0f,0x0f,0x0f,0x0f,0x0f,0x0f,0x0f,0x0f,
    0x0f,0x0f,0x0f,0x0f,0x0f,0x0f,0x0f,0x0f,0x0f,0x0f,0x0f,0x0f,0x0f,0x0f,0x0f,0x0f,
    0x0f,0x0f,0x0f,0x0f,0x0f,0x0f,0x0f,0x0f,0x0f,0x0f,0x0f,0x0f,0x0f,0x0f,0x0f,0x0f,
    0x0f,0x0f,0x0f,0x0f,0x0f,0x0f,0x0f,0x0f,0x0f,0x0f,0x0f,0x0f,0x0f,0x0f,0x0f,0x0f,
    0x0f,0x0f,0x0f,0x0f,0x0f,0x0f,0x0f,0x0f,0x0f,0x0f,0x0f,0x0f,0x0f,0x0f,0x0f,0x0f,
    0x0f,0x0f,0x0f,0x0f,0x0f,0x0f,0x0f,0x0f,0x0f,0x0f,0x0f,0x0f,0x0f,0x0f,0x0f,0x0f,
    0x0f,0x0f,0x0f,0x0f,0x0f,0x0f,0x0f,0x0f,0x0f,0x0f,0x0f,0x0f,0x0f,0x0f,0x0f,0x0f,
    0x0f,0x0f,0x0f,0x0f,0x0f,0x0f,0x0f,0x0f,0x0f,0x0f,0x0f,0x0f,0x0f,0x0f,0x0f,0x0f,
    0x0f,0x0f,0x0f,0x0f,0x0f,0x0f,0x0f,0x0f,0x0f,0x0f,0x0f,0x0f,0x0f,0x0f,0x0f,0x0f,
    0x0f,0x0f,0x0f,0x0f,0x0f,0x0f,0x0f,0x0f,0x0f,0x0f,0x0f,0x0f,0x0f,0x0f,0x0f,0x0f,
    0x0f,0x0f,0x0f,0x0f,0x0f,0x0f,0x0f,0x0f,0x0f,0x0f,0x0f,0x0f,0x0f,0x0f,0x0f,0x0f,
    0x0f,0x0f,0x0f,0x0f,0x0f,0x0f,0x0f,0x0f,0x0f,0x0f,0x0f,0x0f,0x0f,0x0f,0x0f,0x0f,
    0x0f,0x0f,0x0f,0x0f,0x0f,0x0f,0x0f,0x0f,0x0f,0x0f,0x0f,0x0f,0x0f,0x0f,0x0f,0x0f,
    0x0f,0x0f,0x0f,0x0f,0x0f,0x0f,0x0f,0x0f,0x0f,0x0f,0x0f,0x0f,0x0f,0x0f,0x0f,0x0f,
    0x0f,0x0f,0x0f,0x0f,0x0f,0x0f,0x0f,0x0f,0x0f,0x0f,0x0f,0x0f,0x0f,0x0f,0x0f,0x0f,
    0x0f,0x0f,0x0f,0x0f,0x0f,0x0f,0x0f,0x0f,0x0f,0x0f,0x0f,0x0f,0x0f,0x0f,0x0f,0x0f,
    0x0f,0x0f,0x0f,0x0f,0x0f,0x0f,0x0f,0x0f,0x0f,0x0f,0x0f,0x0f,0x0f,0x0f,0x0f,0x0f,
    0x0f,0x0f,0x0f,0x0f,0x0f,0x0f,0x0f,0x0f,0x0f,0x0f,0x0f,0x0f,0x0f,0x0f,0x0f,0x0f,
    0x0f,0x0f,0x0f,0x0f,0x0f,0x0f,0x0f,0x0f,0x0f,0x0f,0x0f,0x0f,0x0f,0x0f,0x0f,0x0f,
    0x0f,0x0f,0x0f,0x0f,0x0f,0x0f,0x0f,0x0f,0x0f,0x0f,0x0f,0x0f,0x0f,0x0f,0x0f,0x0f,
    0x0f,0x0f,0x0f,0x0f,0x0f,0x0f,0x0f,0x0f,0x0f,0x0f,0x0f,0x0f,0x0f,0x0f,0x0f,0x0f,
    0x0f,0x0f,0x0f,0x0f,0x0f,0x0f,0x0f,0x0f,0x0f,0x0f,0x0f,0x0f,0x0f,0x0f,0x0f,0x0f,
    0x0f,0x0f,0x0f,0x0f,0x0f,0x0f,0x0f,0x0f,0x0f,0x0f,0x0f,0x0f,0x0f,0x0f,0x0f,0x0f,
    0x0f,0x0f,0x0f,0x0f,0x0f,0x0f,0x0f,0x0f,0x0f,0x0f,0x0f,0x0f,0x0f,0x0f,0x0f,0x0f,
    0x0f,0x0f,0x0f,0x0f,0x0f,0x0f,0x0f,0x0f,0x0f,0x0f,0x0f,0x0f,0x0f,0x0f,0x0f,0x0f,
    0x0f,0x0f,0x0f,0x0f,0x0f,0x0f,0x0f,0x0f,0x0f,0x0f,0x0f,0x0f,0x0f,0x0f,0x0f,0x0f,
    0x0f,0x0f,0x0f,0x0f,0x0f,0x0f,0x0f,0x0f,0x0f,0x0f,0x0f,0x0f,0x0f,0x0f,0x0f,0x0f,
    0x0f,0x0f,0x0f,0x0f,0x0f,0x0f,0x0f,0x0f,0x0f,0x0f,0x0f,0x0f,0x0f,0x0f,0x0f,0x0f,
    0x0f,0x0f,0x0f,0x0f,0x0f,0x0f,0x0f,0x0f,0x0f,0x0f,0x0f,0x0f,0x0f,0x0f,0x0f,0x0f,
    0x0f,0x0f,0x0f,0x0f,0x0f,0x0f,0x0f,0x0f,0x0f,0x0f,0x0f,0x0f,0x0f,0x0f,0x0f,0x0f,
    0x0f,0x0f,0x0f,0x0f,0x0f,0x0f,0x0f,0x0f,0x0f,0x0f,0x0f,0x0f,0x0f,0x0f,0x0f,0x0f,
    0x0f,0x0f,0x0f,0x0f,0x0f,0x0f,0x0f,0x0f,0x0f,0x0f,0x0f,0x0f,0x0f,0x0f,0x0f,0x0f,
    0x0f,0x0f,0x0f,0x0f,0x0f,0x0f,0x0f,0x0f,0x0f,0x0f,0x0f,0x0f,0x0f,0x0f,0x0f,0x0f,
    0x0f,0x0f,0x0f,0x0f,0x0f,0x0f,0x0f,0x0f,0x0f,0x0f,0x0f,0x0f,0x0f,0x0f,0x0f,0x0f,
    0x0f,0x0f,0x0f,0x0f,0x0f,0x0f,0x0f,0x0f,0x0f,0x0f,0x0f,0x0f,0x0f,0x0f,0x0f,0x0f,
    0x0f,0x0f,0x0f,0x0f,0x0f,0x0f,0x0f,0x0f,0x0f,0x0f,0x0f,0x0f,0x0f,0x0f,0x0f,0x0f,
    0x0f,0x0f,0x0f,0x0f,0x0f,0x0f,0x0f,0x0f,0x0f,0x0f,0x0f,0x0f,0x0f,0x0f,0x0f,0x0f,
    0x0f,0x0f,0x0f,0x0f,0x0f,0x0f,0x0f,0x0f,0x0f,0x0f,0x0f,0x0f,0x0f,0x0f,0x0f,0x0f,
    0x0f,0x0f,0x0f,0x0f,0x0f,0x0f,0x0f,0x0f,0x0f,0x0f,0x0f,0x0f,0x0f,0x0f,0x0f,0x0f,
    0x0f,0x0f,0x0f,0x0f,0x0f,0x0f,0x0f,0x0f,0x0f,0x0f,0x0f,0x0f,0x0f,0x0f,0x0f,0x0f,
    0x0f,0x0f,0x0f,0x0f,0x0f,0x0f,0x0f,0x0f,0x0f,0x0f,0x0f,0x0f,0x0f,0x0f,0x0f,0x0f,
    0x0f,0x0f,0x0f,0x0f,0x0f,0x0f,0x0f,0x0f,0x0f,0x0f,0x0f,0x0f,0x0f,0x0f,0x0f,0x0f,
    0x0f,0x0f,0x0f,0x0f,0x0f,0x0f,0x0f,0x0f,0x0f,0x0f,0x0f,0x0f,0x0f,0x0f,0x0f,0x0f,
    0x0f,0x0f,0x0f,0x0f,0x0f,0x0f,0x0f,0x0f,0x0f,0x0f,0x0f,0x0f,0x0f,0x0f,0x0f,0x0f,
    0x0f,0x0f,0x0f,0x0f,0x0f,0x0f,0x0f,0x0f,0x0f,0x0f,0x0f,0x0f,0x0f,0x0f,0x0f,0x0f,
    0x0f,0x0f,0x0f,0x0f,0x0f,0x0f,0x0f,0x0f,0x0f,0x0e,0x0e,0x0e,0x0f,0x0f,0x0f,0x0f,
    0x0e,0x0e,0x0e,0x0f,0x0f,0x0f,0x0f,0x0e,0x0e,0x0e,0x0f,0x0f,0x0f,0x0f,0x0e,0x0e,
    0x0e,0x0f,0x0f,0x0f,0x0f,0x0e,0x0e,0x0e,0x0f,0x0f,0x0f,0x0f,0x0e,0x0e,0x0e,0x0f,
    0x0f,0x0f,0x0f,0x0e,0x0e,0x0e,0x0f,0x0f,0x0f,0x0f,0x0e,0x0e,0x0e,0x0f,0x0f,0x0f,
    0x0f,0x0f,0x0f,0x0f,0x0f,0x0f,0x0f,0x0f,0x0f,0x0e,0x0e,0x0e,0x0f,0x0f,0x0f,0x0f,
    0x0e,0x0e,0x0e,0x0f,0x0f,0x0f,0x0f,0x0e,0x0e,0x0e,0x0f,0x0f,0x0f,0x0f,0x0f,0x0f,
    0x0f,0x0e,0x0e,0x0e,0x0f,0x0f,0x0f,0x0f,0x0e,0x0e,0x0e,0x0f,0x0f,0x0f,0x0f,0x0f,
    0x0f,0x0f,0x0f,0x0f,0x0f,0x0f,0x0f,0x0f,0x0f,0x0f,0x0f,0x0f,0x0f,0x0f,0x0f,0x0f,
    0x0f,0x0f,0x0f,0x0f,0x0f,0x0f,0x0f,0x0f,0x0f,0x0e,0x0e,0x0e,0x0f,0x0f,0x0f,0x0f,
    0x0e,0x0e,0x0e,0x0f,0x0f,0x0f,0x0f,0x0e,0x0e,0x0e,0x0f,0x0f,0x0f,0x0f,0x0e,0x0e,
    0x0e,0x0f,0x0f,0x0f,0x0f,0x0e,0x0e,0x0e,0x0f,0x0f,0x0f,0x0f,0x0e,0x0e,0x0e,0x0f,
    0x0f,0x0f,0x0f,0x0e,0x0e,0x0e,0x0f,0x0f,0x0f,0x0f,0x0e,0x0e,0x0e,0x0f,0x0f,0x0f,
    0x0f,0x0f,0x0f,0x0f,0x0f,0x0f,0x0f,0x0f,0x0f,0x0e,0x0e,0x0e,0x0f,0x0f,0x0f,0x0f,
    0x0e,0x0e,0x0e,0x0f,0x0f,0x0f,0x0f,0x0e,0x0e,0x0e,0x0f,0x0f,0x0f,0x0f,0x0f,0x0f,
    0x0f,0x0e,0x0e,0x0e,0x0f,0x0f,0x0f,0x0f,0x0e,0x0e,0x0e,0x0f,0x0f,0x0f,0x0f,0x0f,
    0x0f,0x0f,0x0f,0x0f,0x0f,0x0f,0x0f,0x0f,0x0f,0x0f,0x0f,0x0f,0x0f,0x0f,0x0f,0x0f,
    0x0f,0x0f,0x0f,0x0f,0x0f,0x0f,0x0f,0x0f,0x0f,0x0f,0x0f,0x0f,0x0f,0x0f,0x0f,0x0f,
    0x0f,0x0f,0x0f,0x0f,0x0f,0x0f,0x0f,0x0f,0x0f,0x0f,0x0f,0x0f,0x0f,0x0f,0x0f,0x0f,
    0x0f,0x0f,0x0f,0x0f,0x0f,0x0f,0x0f,0x0f,0x0f,0x0f,0x0f,0x0f,0x0f,0x0f,0x0f,0x0f,
    0x0f,0x0f,0x0f,0x0f,0x0f,0x0f,0x0f,0x0f,0x0f,0x0f,0x0f,0x0f,0x0f,0x0f,0x0f,0x0f,
    0x0f,0x0f,0x0f,0x0f,0x0f,0x0f,0x0f,0x0f,0x0f,0x0f,0x0f,0x0f,0x0f,0x0f,0x0f,0x0f,
    0x0f,0x0f,0x0f,0x0f,0x0f,0x0f,0x0f,0x0f,0x0f,0x0f,0x0f,0x0f,0x0f,0x0f,0x0f,0x0f,
    0x0f,0x0f,0x0f,0x0f,0x0f,0x0f,0x0f,0x0f,0x0f,0x0f,0x0f,0x0f,0x0f,0x0f,0x0f,0x0f,
    0x0f,0x0f,0x0f,0x0f,0x0f,0x0f,0x0f,0x0f,0x0f,0x0f,0x0f,0x0f,0x0f,0x0f,0x0f,0x0f,
    0x0f,0x0f,0x0f,0x0f,0x0f,0x0f,0x0f,0x0f,0x0f,0x0e,0x0f,0x0e,0x0f,0x0f,0x0f,0x0f,
    0x0e,0x0e,0x0e,0x0f,0x0f,0x0f,0x0f,0x0e,0x0f,0x0e,0x0f,0x0f,0x0f,0x0f,0x0e,0x0e,
    0x0e,0x0f,0x0f,0x0f,0x0f,0x0e,0x0f,0x0e,0x0f,0x0f,0x0f,0x0f,0x0e,0x0e,0x0e,0x0f,
    0x0f,0x0f,0x0f,0x0e,0x0f,0x0e,0x0f,0x0f,0x0f,0x0f,0x0e,0x0f,0x0e,0x0f,0x0f,0x0f,
    0x0f,0x0f,0x0f,0x0f,0x0f,0x0f,0x0f,0x0f,0x0f,0x0e,0x0e,0x0e,0x0f,0x0f,0x0f,0x0f,
    0x0e,0x0f,0x0e,0x0f,0x0f,0x0f,0x0f,0x0e,0x0e,0x0e,0x0f,0x0f,0x0f,0x0f,0x0f,0x0f,
    0x0f,0x0e,0x0f,0x0e,0x0f,0x0f,0x0f,0x0f,0x0e,0x0e,0x0e,0x0f,0x0f,0x0f,0x0f,0x0f,
    0x0f,0x0f,0x0f,0x0f,0x0f,0x0f,0x0f,0x0f,0x0f,0x0f,0x0f,0x0f,0x0f,0x0f,0x0f,0x0f,
    0x0f,0x0f,0x0f,0x0f,0x0f,0x0f,0x0f,0x0f,0x0f,0x0e,0x0e,0x0e,0x0f,0x0f,0x0f,0x0f,
    0x0e,0x0e,0x0e,0x0f,0x0f,0x0f,0x0f,0x0e,0x0e,0x0e,0x0f,0x0f,0x0f,0x0f,0x0e,0x0e,
    0x0e,0x0f,0x0f,0x0f,0x0f,0x0e,0x0e,0x0e,0x0f,0x0f,0x0f,0x0f,0x0e,0x0e,0x0e,0x0f,
    0x0f,0x0f,0x0f,0x0e,0x0e,0x0e,0x0f,0x0f,0x0f,0x0f,0x0e,0x0e,0x0e,0x0f,0x0f,0x0f,
    0x0f,0x0f,0x0f,0x0f,0x0f,0x0f,0x0f,0x0f,0x0f,0x0e,0x0e,0x0e,0x0f,0x0f,0x0f,0x0f,
    0x0e,0x0e,0x0e,0x0f,0x0f,0x0f,0x0f,0x0e,0x0e,0x0e,0x0f,0x0f,0x0f,0x0f,0x0f,0x0f,
    0x0f,0x0e,0x0e,0x0e,0x0f,0x0f,0x0f,0x0f,0x0e,0x0e,0x0e,0x0f,0x0f,0x0f,0x0f,0x0f,
    0x0f,0x0f,0x0f,0x0f,0x0f,0x0f,0x0f,0x0f,0x0f,0x0f,0x0f,0x0f,0x0f,0x0f,0x0f,0x0f,
    0x0f,0x0f,0x0f,0x0f,0x0f,0x0f,0x0f,0x0f,0x0f,0x0e,0x0e,0x0e,0x0f,0x0f,0x0f,0x0f,
    0x0f,0x0f,0x0f,0x0f,0x0f,0x0f,0x0f,0x0e,0x0e,0x0e,0x0f,0x0f,0x0f,0x0f,0x0f,0x0f,
    0x0f,0x0f,0x0f,0x0f,0x0f,0x0e,0x0e,0x0e,0x0f,0x0f,0x0f,0x0f,0x0f,0x0f,0x0f,0x0f,
    0x0f,0x0f,0x0f,0x0e,0x0e,0x0e,0x0f,0x0f,0x0f,0x0f,0x0e,0x0e,0x0e,0x0f,0x0f,0x0f,
    0x0f,0x0f,0x0f,0x0f,0x0f,0x0f,0x0f,0x0f,0x0f,0x0f,0x0f,0x0f,0x0f,0x0f,0x0f,0x0f,
    0x0e,0x0e,0x0e,0x0f,0x0f,0x0f,0x0f,0x0f,0x0f,0x0f,0x0f,0x0f,0x0f,0x0f,0x0f,0x0f,
    0x0f,0x0e,0x0e,0x0e,0x0f,0x0f,0x0f,0x0f,0x0f,0x0f,0x0f,0x0f,0x0f,0x0f,0x0f,0x0f,
    0x0f,0x0f,0x0f,0x0f,0x0f,0x0f,0x0f,0x0f,0x0f,0x0f,0x0f,0x0f,0x0f,0x0f,0x0f,0x0f,
    0x0f,0x0f,0x0f,0x0f,0x0f,0x0f,0x0f,0x0f,0x0f,0x0f,0x0f,0x0e,0x0f,0x0f,0x0f,0x0f,
    0x0e,0x0e,0x0e,0x0f,0x0f,0x0f,0x0f,0x0f,0x0f,0x0e,0x0f,0x0f,0x0f,0x0f,0x0e,0x0e,
    0x0e,0x0f,0x0f,0x0f,0x0f,0x0f,0x0f,0x0e,0x0f,0x0f,0x0f,0x0f,0x0e,0x0e,0x0e,0x0f,
    0x0f,0x0f,0x0f,0x0e,0x0f,0x0f,0x0f,0x0f,0x0f,0x0f,0x0e,0x0f,0x0f,0x0f,0x0f,0x0f,
    0x0f,0x0f,0x0f,0x0f,0x0f,0x0f,0x0f,0x0f,0x0f,0x0e,0x0e,0x0e,0x0f,0x0f,0x0f,0x0f,
    0x0e,0x0f,0x0f,0x0f,0x0f,0x0f,0x0f,0x0e,0x0e,0x0e,0x0f,0x0f,0x0f,0x0f,0x0f,0x0f,
    0x0f,0x0e,0x0f,0x0f,0x0f,0x0f,0x0f,0x0f,0x0e,0x0e,0x0e,0x0f,0x0f,0x0f,0x0f,0x0f,
    0x0f,0x0f,0x0f,0x0f,0x0f,0x0f,0x0f,0x0f,0x0f,0x0f,0x0f,0x0f,0x0f,0x0f,0x0f,0x0f,
    0x0f,0x0f,0x0f,0x0f,0x0f,0x0f,0x0f,0x0f,0x0f,0x0e,0x0e,0x0e,0x0f,0x0f,0x0f,0x0f,
    0x0e,0x0e,0x0e,0x0f,0x0f,0x0f,0x0f,0x0e,0x0e,0x0e,0x0f,0x0f,0x0f,0x0f,0x0e,0x0e,
    0x0e,0x0f,0x0f,0x0f,0x0f,0x0e,0x0e,0x0e,0x0f,0x0f,0x0f,0x0f,0x0e,0x0e,0x0e,0x0f,
    0x0f,0x0f,0x0f,0x0e,0x0e,0x0e,0x0f,0x0f,0x0f,0x0f,0x0e,0x0e,0x0e,0x0f,0x0f,0x0f,
    0x0f,0x0f,0x0f,0x0f,0x0f,0x0f,0x0f,0x0f,0x0f,0x0e,0x0e,0x0e,0x0f,0x0f,0x0f,0x0f,
    0x0e,0x0e,0x0e,0x0f,0x0f,0x0f,0x0f,0x0e,0x0e,0x0e,0x0f,0x0f,0x0f,0x0f,0x0f,0x0f,
    0x0f,0x0e,0x0e,0x0e,0x0f,0x0f,0x0f,0x0f,0x0e,0x0e,0x0e,0x0f,0x0f,0x0f,0x0f,0x0f,
    0x0f,0x0f,0x0f,0x0f,0x0f,0x0f,0x0f,0x0f,0x0f,0x0f,0x0f,0x0f,0x0f,0x0f,0x0f,0x0f,
    0x0f,0x0f,0x0f,0x0f,0x0f,0x0f,0x0f,0x0f,0x0f,0x0e,0x0f,0x0e,0x0f,0x0f,0x0f,0x0f,
    0x0f,0x0f,0x0f,0x0f,0x0f,0x0f,0x0f,0x0e,0x0f,0x0e,0x0f,0x0f,0x0f,0x0f,0x0f,0x0f,
    0x0f,0x0f,0x0f,0x0f,0x0f,0x0e,0x0f,0x0e,0x0f,0x0f,0x0f,0x0f,0x0f,0x0f,0x0f,0x0f,
    0x0f,0x0f,0x0f,0x0e,0x0f,0x0e,0x0f,0x0f,0x0f,0x0f,0x0e,0x0f,0x0e,0x0f,0x0f,0x0f,
    0x0f,0x0f,0x0f,0x0f,0x0f,0x0f,0x0f,0x0f,0x0f,0x0f,0x0f,0x0f,0x0f,0x0f,0x0f,0x0f,
    0x0e,0x0f,0x0e,0x0f,0x0f,0x0f,0x0f,0x0f,0x0f,0x0f,0x0f,0x0f,0x0f,0x0f,0x0f,0x0f,
    0x0f,0x0e,0x0f,0x0e,0x0f,0x0f,0x0f,0x0f,0x0f,0x0f,0x0f,0x0f,0x0f,0x0f,0x0f,0x0f,
    0x0f,0x0f,0x0f,0x0f,0x0f,0x0f,0x0f,0x0f,0x0f,0x0f,0x0f,0x0f,0x0f,0x0f,0x0f,0x0f,
    0x0f,0x0f,0x0f,0x0f,0x0f,0x0f,0x0f,0x0f,0x0f,0x0e,0x0e,0x0e,0x0f,0x0f,0x0f,0x0f,
    0x0e,0x0e,0x0e,0x0f,0x0f,0x0f,0x0f,0x0e,0x0e,0x0e,0x0f,0x0f,0x0f,0x0f,0x0e,0x0e,
    0x0e,0x0f,0x0f,0x0f,0x0f,0x0e,0x0e,0x0e,0x0f,0x0f,0x0f,0x0f,0x0e,0x0e,0x0e,0x0f,
    0x0f,0x0f,0x0f,0x0e,0x0e,0x0e,0x0f,0x0f,0x0f,0x0f,0x0e,0x0e,0x0e,0x0f,0x0f,0x0f,
    0x0f,0x0f,0x0f,0x0f,0x0f,0x0f,0x0f,0x0f,0x0f,0x0e,0x0e,0x0e,0x0f,0x0f,0x0f,0x0f,
    0x0e,0x0e,0x0e,0x0f,0x0f,0x0f,0x0f,0x0e,0x0e,0x0e,0x0f,0x0f,0x0f,0x0f,0x0f,0x0f,
    0x0f,0x0e,0x0e,0x0e,0x0f,0x0f,0x0f,0x0f,0x0e,0x0e,0x0e,0x0f,0x0f,0x0f,0x0f,0x0f,
    0x0f,0x0f,0x0f,0x0f,0x0f,0x0f,0x0f,0x0f,0x0f,0x0f,0x0f,0x0f,0x0f,0x0f,0x0f,0x0f,
    0x0f,0x0f,0x0f,0x0f,0x0f,0x0f,0x0f,0x0f,0x0f,0x0e,0x0e,0x0e,0x0f,0x0f,0x0f,0x0f,
    0x0e,0x0e,0x0e,0x0f,0x0f,0x0f,0x0f,0x0e,0x0e,0x0e,0x0f,0x0f,0x0f,0x0f,0x0e,0x0e,
    0x0e,0x0f,0x0f,0x0f,0x0f,0x0e,0x0e,0x0e,0x0f,0x0f,0x0f,0x0f,0x0e,0x0e,0x0e,0x0f,
    0x0f,0x0f,0x0f,0x0e,0x0e,0x0e,0x0f,0x0f,0x0f,0x0f,0x0e,0x0e,0x0e,0x0f,0x0f,0x0f,
    0x0f,0x0f,0x0f,0x0f,0x0f,0x0f,0x0f,0x0f,0x0f,0x0e,0x0e,0x0e,0x0f,0x0f,0x0f,0x0f,
    0x0e,0x0e,0x0e,0x0f,0x0f,0x0f,0x0f,0x0e,0x0e,0x0e,0x0f,0x0f,0x0f,0x0f,0x0f,0x0f,
    0x0f,0x0e,0x0e,0x0e,0x0f,0x0f,0x0f,0x0f,0x0e,0x0e,0x0e,0x0f,0x0f,0x0f,0x0f,0x0f,
    0x0f,0x0f,0x0f,0x0f,0x0f,0x0f,0x0f,0x0f,0x0f,0x0f,0x0f,0x0f,0x0f,0x0f,0x0f,0x0f,
    0x0f,0x0f,0x0f,0x0f,0x0f,0x0f,0x0f,0x0f,0x0f,0x0e,0x0e,0x0e,0x0f,0x0f,0x0f,0x0f,
    0x0e,0x0e,0x0e,0x0f,0x0f,0x0f,0x0f,0x0e,0x0e,0x0e,0x0f,0x0f,0x0f,0x0f,0x0e,0x0e,
    0x0e,0x0f,0x0f,0x0f,0x0f,0x0e,0x0e,0x0e,0x0f,0x0f,0x0f,0x0f,0x0e,0x0e,0x0e,0x0f,
    0x0f,0x0f,0x0f,0x0e,0x0e,0x0e,0x0f,0x0f,0x0f,0x0f,0x0e,0x0e,0x0e,0x0f,0x0f,0x0f,
    0x0f,0x0f,0x0f,0x0f,0x0f,0x0f,0x0f,0x0f,0x0f,0x0e,0x0e,0x0e,0x0f,0x0f,0x0f,0x0f,
    0x0e,0x0e,0x0e,0x0f,0x0f,0x0f,0x0f,0x0e,0x0e,0x0e,0x0f,0x0f,0x0f,0x0f,0x0f,0x0f,
    0x0f,0x0e,0x0e,0x0e,0x0f,0x0f,0x0f,0x0f,0x0e,0x0e,0x0e,0x0f,0x0f,0x0f,0x0f,0x0f,
    0x0f,0x0f,0x0f,0x0f,0x0f,0x0f,0x0f,0x0f,0x0f,0x0f,0x0f,0x0f,0x0f,0x0f,0x0f,0x0f,
    0x0f,0x0f,0x0f,0x0f,0x0f,0x0f,0x0f,0x0f,0x0f,0x0f,0x0f,0x0f,0x0f,0x0f,0x0f,0x0f,
    0x0e,0x0e,0x0e,0x0f,0x0f,0x0f,0x0f,0x0f,0x0f,0x0f,0x0f,0x0f,0x0f,0x0f,0x0e,0x0e,
    0x0e,0x0f,0x0f,0x0f,0x0f,0x0f,0x0f,0x0f,0x0f,0x0f,0x0f,0x0f,0x0e,0x0e,0x0e,0x0f,
    0x0f,0x0f,0x0f,0x0f,0x0f,0x0f,0x0f,0x0f,0x0f,0x0f,0x0f,0x0f,0x0f,0x0f,0x0f,0x0f,
    0x0f,0x0f,0x0f,0x0f,0x0f,0x0f,0x0f,0x0f,0x0f,0x0e,0x0e,0x0e,0x0f,0x0f,0x0f,0x0f,
    0x0f,0x0f,0x0f,0x0f,0x0f,0x0f,0x0f,0x0e,0x0e,0x0e,0x0f,0x0f,0x0f,0x0f,0x0f,0x0f,
    0x0f,0x0f,0x0f,0x0f,0x0f,0x0f,0x0f,0x0f,0x0e,0x0e,0x0e,0x0f,0x0f,0x0f,0x0f,0x0f,
    0x0f,0x0f,0x0f,0x0f,0x0f,0x0f,0x0f,0x0f,0x0f,0x0f,0x0f,0x0f,0x0f,0x0f,0x0f,0x0f,
    0x0f,0x0f,0x0f,0x0f,0x0f,0x0f,0x0f,0x0f,0x0f,0x0e,0x0f,0x0e,0x0f,0x0f,0x0f,0x0f,
    0x0e,0x0e,0x0e,0x0f,0x0f,0x0f,0x0f,0x0e,0x0f,0x0e,0x0f,0x0f,0x0f,0x0f,0x0e,0x0e,
    0x0e,0x0f,0x0f,0x0f,0x0f,0x0e,0x0f,0x0e,0x0f,0x0f,0x0f,0x0f,0x0e,0x0e,0x0e,0x0f,
    0x0f,0x0f,0x0f,0x0e,0x0f,0x0e,0x0f,0x0f,0x0f,0x0f,0x0e,0x0f,0x0e,0x0f,0x0f,0x0f,
    0x0f,0x0f,0x0f,0x0f,0x0f,0x0f,0x0f,0x0f,0x0f,0x0e,0x0e,0x0e,0x0f,0x0f,0x0f,0x0f,
    0x0e,0x0f,0x0e,0x0f,0x0f,0x0f,0x0f,0x0e,0x0e,0x0e,0x0f,0x0f,0x0f,0x0f,0x0f,0x0f,
    0x0f,0x0e,0x0f,0x0e,0x0f,0x0f,0x0f,0x0f,0x0e,0x0e,0x0e,0x0f,0x0f,0x0f,0x0f,0x0f,
    0x0f,0x0f,0x0f,0x0f,0x0f,0x0f,0x0f,0x0f,0x0f,0x0f,0x0f,0x0f,0x0f,0x0f,0x0f,0x0f,
    0x0f,0x0f,0x0f,0x0f,0x0f,0x0f,0x0f,0x0f,0x0f,0x0e,0x0e,0x0e,0x0f,0x0f,0x0f,0x0f,
    0x0f,0x0f,0x0e,0x0f,0x0f,0x0f,0x0f,0x0e,0x0e,0x0e,0x0f,0x0f,0x0f,0x0f,0x0e,0x0f,
    0x0f,0x0f,0x0f,0x0f,0x0f,0x0e,0x0e,0x0e,0x0f,0x0f,0x0f,0x0f,0x0e,0x0f,0x0f,0x0f,
    0x0f,0x0f,0x0f,0x0e,0x0e,0x0e,0x0f,0x0f,0x0f,0x0f,0x0e,0x0e,0x0e,0x0f,0x0f,0x0f,
    0x0f,0x0f,0x0f,0x0f,0x0f,0x0f,0x0f,0x0f,0x0f,0x0e,0x0f,0x0f,0x0f,0x0f,0x0f,0x0f,
    0x0e,0x0e,0x0e,0x0f,0x0f,0x0f,0x0f,0x0e,0x0f,0x0f,0x0f,0x0f,0x0f,0x0f,0x0f,0x0f,
    0x0f,0x0e,0x0e,0x0e,0x0f,0x0f,0x0f,0x0f,0x0e,0x0f,0x0f,0x0f,0x0f,0x0f,0x0f,0x0f,
    0x0f,0x0f,0x0f,0x0f,0x0f,0x0f,0x0f,0x0f,0x0f,0x0f,0x0f,0x0f,0x0f,0x0f,0x0f,0x0f,
    0x0f,0x0f,0x0f,0x0f,0x0f,0x0f,0x0f,0x0f,0x0f,0x0e,0x0e,0x0e,0x0f,0x0f,0x0f,0x0f,
    0x0e,0x0e,0x0f,0x0f,0x0f,0x0f,0x0f,0x0e,0x0e,0x0e,0x0f,0x0f,0x0f,0x0f,0x0f,0x0e,
    0x0e,0x0f,0x0f,0x0f,0x0f,0x0e,0x0e,0x0e,0x0f,0x0f,0x0f,0x0f,0x0f,0x0e,0x0e,0x0f,
    0x0f,0x0f,0x0f,0x0e,0x0e,0x0e,0x0f,0x0f,0x0f,0x0f,0x0e,0x0e,0x0e,0x0f,0x0f,0x0f,
    0x0f,0x0f,0x0f,0x0f,0x0f,0x0f,0x0f,0x0f,0x0f,0x0f,0x0e,0x0e,0x0f,0x0f,0x0f,0x0f,
    0x0e,0x0e,0x0e,0x0f,0x0f,0x0f,0x0f,0x0f,0x0e,0x0e,0x0f,0x0f,0x0f,0x0f,0x0f,0x0f,
    0x0f,0x0e,0x0e,0x0e,0x0f,0x0f,0x0f,0x0f,0x0f,0x0e,0x0e,0x0f,0x0f,0x0f,0x0f,0x0f,
    0x0f,0x0f,0x0f,0x0f,0x0f,0x0f,0x0f,0x0f,0x0f,0x0f,0x0f,0x0f,0x0f,0x0f,0x0f,0x0f,
    0x0f,0x0f,0x0f,0x0f,0x0f,0x0f,0x0f,0x0f,0x0f,0x0e,0x0e,0x0e,0x0f,0x0f,0x0f,0x0f,
    0x0e,0x0e,0x0e,0x0f,0x0f,0x0f,0x0f,0x0e,0x0e,0x0e,0x0f,0x0f,0x0f,0x0f,0x0e,0x0e,
    0x0e,0x0f,0x0f,0x0f,0x0f,0x0e,0x0e,0x0e,0x0f,0x0f,0x0f,0x0f,0x0e,0x0e,0x0e,0x0f,
    0x0f,0x0f,0x0f,0x0e,0x0e,0x0e,0x0f,0x0f,0x0f,0x0f,0x0e,0x0e,0x0e,0x0f,0x0f,0x0f,
    0x0f,0x0f,0x0f,0x0f,0x0f,0x0f,0x0f,0x0f,0x0f,0x0e,0x0e,0x0e,0x0f,0x0f,0x0f,0x0f,
    0x0e,0x0e,0x0e,0x0f,0x0f,0x0f,0x0f,0x0e,0x0e,0x0e,0x0f,0x0f,0x0f,0x0f,0x0f,0x0f,
    0x0f,0x0e,0x0e,0x0e,0x0f,0x0f,0x0f,0x0f,0x0e,0x0e,0x0e,0x0f,0x0f,0x0f,0x0f,0x0f,
    0x0f,0x0f,0x0f,0x0f,0x0f,0x0f,0x0f,0x0f,0x0f,0x0f,0x0f,0x0f,0x0f,0x0f,0x0f,0x0f,
    0x0f,0x0f,0x0f,0x0f,0x0f,0x0f,0x0f,0x0f,0x0f,0x0e,0x0e,0x0f,0x0f,0x0f,0x0f,0x0f,
    0x0e,0x0e,0x0e,0x0f,0x0f,0x0f,0x0f,0x0e,0x0e,0x0f,0x0f,0x0f,0x0f,0x0f,0x0e,0x0e,
    0x0e,0x0f,0x0f,0x0f,0x0f,0x0e,0x0e,0x0f,0x0f,0x0f,0x0f,0x0f,0x0e,0x0e,0x0e,0x0f,
    0x0f,0x0f,0x0f,0x0f,0x0e,0x0e,0x0f,0x0f,0x0f,0x0f,0x0f,0x0e,0x0e,0x0f,0x0f,0x0f,
    0x0f,0x0f,0x0f,0x0f,0x0f,0x0f,0x0f,0x0f,0x0f,0x0e,0x0e,0x0e,0x0f,0x0f,0x0f,0x0f,
    0x0f,0x0e,0x0e,0x0f,0x0f,0x0f,0x0f,0x0e,0x0e,0x0e,0x0f,0x0f,0x0f,0x0f,0x0f,0x0f,
    0x0f,0x0f,0x0e,0x0e,0x0f,0x0f,0x0f,0x0f,0x0e,0x0e,0x0e,0x0f,0x0f,0x0f,0x0f,0x0f,
    0x0f,0x0f,0x0f,0x0f,0x0f,0x0f,0x0f,0x0f,0x0f,0x0f,0x0f,0x0f,0x0f,0x0f,0x0f,0x0f,
    0x0f,0x0f,0x0f,0x0f,0x0f,0x0f,0x0f,0x0f,0x0f,0x0e,0x0e,0x0e,0x0f,0x0f,0x0f,0x0f,
    0x0f,0x0f,0x0f,0x0f,0x0f,0x0f,0x0f,0x0e,0x0e,0x0e,0x0f,0x0f,0x0f,0x0f,0x0f,0x0f,
    0x0f,0x0f,0x0f,0x0f,0x0f,0x0e,0x0e,0x0e,0x0f,0x0f,0x0f,0x0f,0x0f,0x0f,0x0f,0x0f,
    0x0f,0x0f,0x0f,0x0e,0x0e,0x0e,0x0f,0x0f,0x0f,0x0f,0x0e,0x0e,0x0e,0x0f,0x0f,0x0f,
    0x0f,0x0f,0x0f,0x0f,0x0f,0x0f,0x0f,0x0f,0x0f,0x0f,0x0f,0x0f,0x0f,0x0f,0x0f,0x0f,
    0x0e,0x0e,0x0e,0x0f,0x0f,0x0f,0x0f,0x0f,0x0f,0x0f,0x0f,0x0f,0x0f,0x0f,0x0f,0x0f,
    0x0f,0x0e,0x0e,0x0e,0x0f,0x0f,0x0f,0x0f,0x0f,0x0f,0x0f,0x0f,0x0f,0x0f,0x0f,0x0f,
    0x0f,0x0f,0x0f,0x0f,0x0f,0x0f,0x0f,0x0f,0x0f,0x0f,0x0f,0x0f,0x0f,0x0f,0x0f,0x0f,
    0x0f,0x0f,0x0f,0x0f,0x0f,0x0f,0x0f,0x0f,0x0f,0x0e,0x0e,0x0e,0x0f,0x0f,0x0f,0x0f,
    0x0e,0x0e,0x0e,0x0f,0x0f,0x0f,0x0f,0x0e,0x0e,0x0e,0x0f,0x0f,0x0f,0x0f,0x0e,0x0e,
    0x0e,0x0f,0x0f,0x0f,0x0f,0x0e,0x0e,0x0e,0x0f,0x0f,0x0f,0x0f,0x0e,0x0e,0x0e,0x0f,
    0x0f,0x0f,0x0f,0x0e,0x0e,0x0e,0x0f,0x0f,0x0f,0x0f,0x0e,0x0e,0x0e,0x0f,0x0f,0x0f,
    0x0f,0x0f,0x0f,0x0f,0x0f,0x0f,0x0f,0x0f,0x0f,0x0e,0x0e,0x0e,0x0f,0x0f,0x0f,0x0f,
    0x0e,0x0e,0x0e,0x0f,0x0f,0x0f,0x0f,0x0e,0x0e,0x0e,0x0f,0x0f,0x0f,0x0f,0x0f,0x0f,
    0x0f,0x0e,0x0e,0x0e,0x0f,0x0f,0x0f,0x0f,0x0e,0x0e,0x0e,0x0f,0x0f,0x0f,0x0f,0x0f,
    0x0f,0x0f,0x0f,0x0f,0x0f,0x0f,0x0f,0x0f,0x0f,0x0f,0x0f,0x0f,0x0f,0x0f,0x0f,0x0f,
    0x0f,0x0f,0x0f,0x0f,0x0f,0x0f,0x0f,0x0f,0x0f,0x0e,0x0e,0x0e,0x0f,0x0f,0x0f,0x0f,
    0x0e,0x0e,0x0e,0x0f,0x0f,0x0f,0x0f,0x0e,0x0e,0x0e,0x0f,0x0f,0x0f,0x0f,0x0e,0x0e,
    0x0e,0x0f,0x0f,0x0f,0x0f,0x0e,0x0e,0x0e,0x0f,0x0f,0x0f,0x0f,0x0e,0x0e,0x0e,0x0f,
    0x0f,0x0f,0x0f,0x0e,0x0e,0x0e,0x0f,0x0f,0x0f,0x0f,0x0e,0x0e,0x0e,0x0f,0x0f,0x0f,
    0x0f,0x0f,0x0f,0x0f,0x0f,0x0f,0x0f,0x0f,0x0f,0x0e,0x0e,0x0e,0x0f,0x0f,0x0f,0x0f,
    0x0e,0x0e,0x0e,0x0f,0x0f,0x0f,0x0f,0x0e,0x0e,0x0e,0x0f,0x0f,0x0f,0x0f,0x0f,0x0f,
    0x0f,0x0e,0x0e,0x0e,0x0f,0x0f,0x0f,0x0f,0x0e,0x0e,0x0e,0x0f,0x0f,0x0f,0x0f,0x0f,
    0x0f,0x0f,0x0f,0x0f,0x0f,0x0f,0x0f,0x0f,0x0f,0x0f,0x0f,0x0f,0x0f,0x0f,0x0f,0x0f,
    0x0f,0x0f,0x0f,0x0f,0x0f,0x0f,0x0f,0x0f,0x0f,0x0e,0x0f,0x0f,0x0f,0x0f,0x0f,0x0f,
    0x0e,0x0e,0x0e,0x0f,0x0f,0x0f,0x0f,0x0e,0x0f,0x0f,0x0f,0x0f,0x0f,0x0f,0x0e,0x0e,
    0x0e,0x0f,0x0f,0x0f,0x0f,0x0e,0x0f,0x0f,0x0f,0x0f,0x0f,0x0f,0x0e,0x0e,0x0e,0x0f,
    0x0f,0x0f,0x0f,0x0f,0x0f,0x0e,0x0f,0x0f,0x0f,0x0f,0x0f,0x0f,0x0e,0x0f,0x0f,0x0f,
    0x0f,0x0f,0x0f,0x0f,0x0f,0x0f,0x0f,0x0f,0x0f,0x0e,0x0e,0x0e,0x0f,0x0f,0x0f,0x0f,
    0x0f,0x0f,0x0e,0x0f,0x0f,0x0f,0x0f,0x0e,0x0e,0x0e,0x0f,0x0f,0x0f,0x0f,0x0f,0x0f,
    0x0f,0x0f,0x0f,0x0e,0x0f,0x0f,0x0f,0x0f,0x0e,0x0e,0x0e,0x0f,0x0f,0x0f,0x0f,0x0f,
    0x0f,0x0f,0x0f,0x0f,0x0f,0x0f,0x0f,0x0f,0x0f,0x0f,0x0f,0x0f,0x0f,0x0f,0x0f,0x0f,
    0x0f,0x0f,0x0f,0x0f,0x0f,0x0f,0x0f,0x0f,0x0f,0x0e,0x0f,0x0f,0x0f,0x0f,0x0f,0x0f,
    0x0e,0x0e,0x0e,0x0f,0x0f,0x0f,0x0f,0x0e,0x0f,0x0f,0x0f,0x0f,0x0f,0x0f,0x0e,0x0e,
    0x0e,0x0f,0x0f,0x0f,0x0f,0x0e,0x0f,0x0f,0x0f,0x0f,0x0f,0x0f,0x0e,0x0e,0x0e,0x0f,
    0x0f,0x0f,0x0f,0x0f,0x0f,0x0e,0x0f,0x0f,0x0f,0x0f,0x0f,0x0f,0x0e,0x0f,0x0f,0x0f,
    0x0f,0x0f,0x0f,0x0f,0x0f,0x0f,0x0f,0x0f,0x0f,0x0e,0x0e,0x0e,0x0f,0x0f,0x0f,0x0f,
    0x0f,0x0f,0x0e,0x0f,0x0f,0x0f,0x0f,0x0e,0x0e,0x0e,0x0f,0x0f,0x0f,0x0f,0x0f,0x0f,
    0x0f,0x0f,0x0f,0x0e,0x0f,0x0f,0x0f,0x0f,0x0e,0x0e,0x0e,0x0f,0x0f,0x0f,0x0f,0x0f,
    0x0f,0x0f,0x0f,0x0f,0x0f,0x0f,0x0f,0x0f,0x0f,0x0f,0x0f,0x0f,0x0f,0x0f,0x0f,0x0f,
    0x0f,0x0f,0x0f,0x0f,0x0f,0x0f,0x0f,0x0f,0x0f,0x0e,0x0e,0x0e,0x0f,0x0f,0x0f,0x0f,
    0x0e,0x0e,0x0e,0x0f,0x0f,0x0f,0x0f,0x0e,0x0e,0x0e,0x0f,0x0f,0x0f,0x0f,0x0e,0x0e,
    0x0e,0x0f,0x0f,0x0f,0x0f,0x0e,0x0e,0x0e,0x0f,0x0f,0x0f,0x0f,0x0e,0x0e,0x0e,0x0f,
    0x0f,0x0f,0x0f,0x0e,0x0e,0x0e,0x0f,0x0f,0x0f,0x0f,0x0e,0x0e,0x0e,0x0f,0x0f,0x0f,
    0x0f,0x0e,0x0e,0x0e,0x0f,0x0f,0x0f,0x0f,0x0f,0x0e,0x0e,0x0e,0x0f,0x0f,0x0f,0x0f,
    0x0e,0x0e,0x0e,0x0f,0x0f,0x0f,0x0f,0x0e,0x0e,0x0e,0x0f,0x0f,0x0f,0x0f,0x0f,0x0f,
    0x0f,0x0e,0x0e,0x0e,0x0f,0x0f,0x0f,0x0f,0x0e,0x0e,0x0e,0x0f,0x0f,0x0f,0x0f,0x0f,
    0x0f,0x0f,0x0f,0x0f,0x0f,0x0f,0x0f,0x0f,0x0f,0x0f,0x0f,0x0f,0x0f,0x0f,0x0f,0x0f,
    0x0f,0x0f,0x0f,0x0f,0x0f,0x0f,0x0f,0x0f,0x0f,0x0e,0x0e,0x0e,0x0f,0x0f,0x0f,0x0f,
    0x0e,0x0e,0x0e,0x0f,0x0f,0x0f,0x0f,0x0e,0x0e,0x0e,0x0f,0x0f,0x0f,0x0f,0x0e,0x0e,
    0x0e,0x0f,0x0f,0x0f,0x0f,0x0e,0x0e,0x0e,0x0f,0x0f,0x0f,0x0f,0x0e,0x0e,0x0e,0x0f,
    0x0f,0x0f,0x0f,0x0e,0x0e,0x0e,0x0f,0x0f,0x0f,0x0f,0x0e,0x0e,0x0e,0x0f,0x0f,0x0f,
    0x0f,0x0e,0x0e,0x0e,0x0f,0x0f,0x0f,0x0f,0x0f,0x0e,0x0e,0x0e,0x0f,0x0f,0x0f,0x0f,
    0x0e,0x0e,0x0e,0x0f,0x0f,0x0f,0x0f,0x0e,0x0e,0x0e,0x0f,0x0f,0x0f,0x0f,0x0f,0x0f,
    0x0f,0x0f,0x0f,0x0f,0x0f,0x0f,0x0f,0x0f,0x0f,0x0f,0x0f,0x0f,0x0f,0x0f,0x0f,0x0f,
    0x0f,0x0f,0x0f,0x0f,0x0f,0x0f,0x0f,0x0f,0x0f,0x0f,0x0f,0x0f,0x0f,0x0f,0x0f,0x0f,
    0x0f,0x0f,0x0f,0x0f,0x0f,0x0f,0x0f,0x0f,0x0f,0x0e,0x0e,0x0e,0x0f,0x0f,0x0f,0x0f,
    0x0e,0x0f,0x0f,0x0f,0x0f,0x0f,0x0f,0x0e,0x0e,0x0e,0x0f,0x0f,0x0f,0x0f,0x0f,0x0f,
    0x0e,0x0f,0x0f,0x0f,0x0f,0x0e,0x0e,0x0e,0x0f,0x0f,0x0f,0x0f,0x0f,0x0f,0x0e,0x0f,
    0x0f,0x0f,0x0f,0x0e,0x0e,0x0e,0x0f,0x0f,0x0f,0x0f,0x0e,0x0e,0x0e,0x0f,0x0f,0x0f,
    0x0f,0x0e,0x0e,0x0e,0x0f,0x0f,0x0f,0x0f,0x0f,0x0f,0x0f,0x0e,0x0f,0x0f,0x0f,0x0f,
    0x0e,0x0e,0x0e,0x0f,0x0f,0x0f,0x0f,0x0f,0x0f,0x0e,0x0f,0x0f,0x0f,0x0f,0x0f,0x0f,
    0x0f,0x0f,0x0f,0x0f,0x0f,0x0f,0x0f,0x0f,0x0f,0x0f,0x0f,0x0f,0x0f,0x0f,0x0f,0x0f,
    0x0f,0x0f,0x0f,0x0f,0x0f,0x0f,0x0f,0x0f,0x0f,0x0f,0x0f,0x0f,0x0f,0x0f,0x0f,0x0f,
    0x0f,0x0f,0x0f,0x0f,0x0f,0x0f,0x0f,0x0f,0x0f,0x0e,0x0e,0x0e,0x0f,0x0f,0x0f,0x0f,
    0x0e,0x0f,0x0f,0x0f,0x0f,0x0f,0x0f,0x0e,0x0e,0x0e,0x0f,0x0f,0x0f,0x0f,0x0f,0x0f,
    0x0e,0x0f,0x0f,0x0f,0x0f,0x0e,0x0e,0x0e,0x0f,0x0f,0x0f,0x0f,0x0f,0x0f,0x0e,0x0f,
    0x0f,0x0f,0x0f,0x0e,0x0e,0x0e,0x0f,0x0f,0x0f,0x0f,0x0e,0x0e,0x0e,0x0f,0x0f,0x0f,
    0x0f,0x0e,0x0e,0x0e,0x0f,0x0f,0x0f,0x0f,0x0f,0x0f,0x0f,0x0e,0x0f,0x0f,0x0f,0x0f,
    0x0e,0x0e,0x0e,0x0f,0x0f,0x0f,0x0f,0x0f,0x0f,0x0e,0x0f,0x0f,0x0f,0x0f,0x0f,0x0f,
    0x0f,0x0f,0x0f,0x0f,0x0f,0x0f,0x0f,0x0f,0x0f,0x0f,0x0f,0x0f,0x0f,0x0f,0x0f,0x0f,
    0x0f,0x0f,0x0f,0x0f,0x0f,0x0f,0x0f,0x0f,0x0f,0x0f,0x0f,0x0f,0x0f,0x0f,0x0f,0x0f,
    0x0f,0x0f,0x0f,0x0f,0x0f,0x0f,0x0f,0x0f,0x0f,0x0e,0x0e,0x0e,0x0f,0x0f,0x0f,0x0f,
    0x0e,0x0e,0x0e,0x0f,0x0f,0x0f,0x0f,0x0e,0x0e,0x0e,0x0f,0x0f,0x0f,0x0f,0x0e,0x0e,
    0x0e,0x0f,0x0f,0x0f,0x0f,0x0e,0x0e,0x0e,0x0f,0x0f,0x0f,0x0f,0x0e,0x0e,0x0e,0x0f,
    0x0f,0x0f,0x0f,0x0e,0x0e,0x0e,0x0f,0x0f,0x0f,0x0f,0x0e,0x0e,0x0e,0x0f,0x0f,0x0f,
    0x0f,0x0e,0x0e,0x0e,0x0f,0x0f,0x0f,0x0f,0x0f,0x0e,0x0e,0x0e,0x0f,0x0f,0x0f,0x0f,
    0x0e,0x0e,0x0e,0x0f,0x0f,0x0f,0x0f,0x0e,0x0e,0x0e,0x0f,0x0f,0x0f,0x0f,0x0f,0x0f,
    0x0f,0x0f,0x0f,0x0f,0x0f,0x0f,0x0f,0x0f,0x0f,0x0f,0x0f,0x0f,0x0f,0x0f,0x0f,0x0f,
    0x0f,0x0f,0x0f,0x0f,0x0f,0x0f,0x0f,0x0f,0x0f,0x0f,0x0f,0x0f,0x0f,0x0f,0x0f,0x0f,
    0x0f,0x0f,0x0f,0x0f,0x0f,0x0f,0x0f,0x0f,0x0f,0x0e,0x0e,0x0e,0x0f,0x0f,0x0f,0x0f,
    0x0e,0x0e,0x0e,0x0f,0x0f,0x0f,0x0f,0x0e,0x0e,0x0e,0x0f,0x0f,0x0f,0x0f,0x0e,0x0e,
    0x0e,0x0f,0x0f,0x0f,0x0f,0x0e,0x0e,0x0e,0x0f,0x0f,0x0f,0x0f,0x0e,0x0e,0x0e,0x0f,
    0x0f,0x0f,0x0f,0x0e,0x0e,0x0e,0x0f,0x0f,0x0f,0x0f,0x0e,0x0e,0x0e,0x0f,0x0f,0x0f,
    0x0f,0x0e,0x0e,0x0e,0x0f,0x0f,0x0f,0x0f,0x0f,0x0e,0x0e,0x0e,0x0f,0x0f,0x0f,0x0f,
    0x0e,0x0e,0x0e,0x0f,0x0f,0x0f,0x0f,0x0e,0x0e,0x0e,0x0f,0x0f,0x0f,0x0f,0x0f,0x0f,
    0x0f,0x0f,0x0f,0x0f,0x0f,0x0f,0x0f,0x0f,0x0f,0x0f,0x0f,0x0f,0x0f,0x0f,0x0f,0x0f,
    0x0f,0x0f,0x0f,0x0f,0x0f,0x0f,0x0f,0x0f,0x0f,0x0f,0x0f,0x0f,0x0f,0x0f,0x0f,0x0f,
    0x0f,0x0f,0x0f,0x0f,0x0f,0x0f,0x0f,0x0f,0x0f,0x0f,0x0f,0x0f,0x0f,0x0f,0x0f,0x0f,
    0x0e,0x0e,0x0e,0x0f,0x0f,0x0f,0x0f,0x0f,0x0f,0x0f,0x0f,0x0f,0x0f,0x0f,0x0e,0x0e,
    0x0e,0x0f,0x0f,0x0f,0x0f,0x0f,0x0f,0x0f,0x0f,0x0f,0x0f,0x0f,0x0e,0x0e,0x0e,0x0f,
    0x0f,0x0f,0x0f,0x0f,0x0f,0x0f,0x0f,0x0f,0x0f,0x0f,0x0f,0x0f,0x0f,0x0f,0x0f,0x0f,
    0x0f,0x0f,0x0f,0x0f,0x0f,0x0f,0x0f,0x0f,0x0f,0x0e,0x0e,0x0e,0x0f,0x0f,0x0f,0x0f,
    0x0f,0x0f,0x0f,0x0f,0x0f,0x0f,0x0f,0x0e,0x0e,0x0e,0x0f,0x0f,0x0f,0x0f,0x0f,0x0f,
    0x0f,0x0f,0x0f,0x0f,0x0f,0x0f,0x0f,0x0f,0x0f,0x0f,0x0f,0x0f,0x0f,0x0f,0x0f,0x0f,
    0x0f,0x0f,0x0f,0x0f,0x0f,0x0f,0x0f,0x0f,0x0f,0x0f,0x0f,0x0f,0x0f,0x0f,0x0f,0x0f,
    0x0f,0x0f,0x0f,0x0f,0x0f,0x0f,0x0f,0x0f,0x0f,0x0e,0x0e,0x0e,0x0f,0x0f,0x0f,0x0f,
    0x0e,0x0e,0x0f,0x0f,0x0f,0x0f,0x0f,0x0e,0x0e,0x0e,0x0f,0x0f,0x0f,0x0f,0x0f,0x0e,
    0x0e,0x0f,0x0f,0x0f,0x0f,0x0e,0x0e,0x0e,0x0f,0x0f,0x0f,0x0f,0x0f,0x0e,0x0e,0x0f,
    0x0f,0x0f,0x0f,0x0e,0x0e,0x0e,0x0f,0x0f,0x0f,0x0f,0x0e,0x0e,0x0e,0x0f,0x0f,0x0f,
    0x0f,0x0e,0x0e,0x0e,0x0f,0x0f,0x0f,0x0f,0x0f,0x0f,0x0e,0x0e,0x0f,0x0f,0x0f,0x0f,
    0x0e,0x0e,0x0e,0x0f,0x0f,0x0f,0x0f,0x0f,0x0e,0x0e,0x0f,0x0f,0x0f,0x0f,0x0f,0x0f,
    0x0f,0x0f,0x0f,0x0f,0x0f,0x0f,0x0f,0x0f,0x0f,0x0f,0x0f,0x0f,0x0f,0x0f,0x0f,0x0f,
    0x0f,0x0f,0x0f,0x0f,0x0f,0x0f,0x0f,0x0f,0x0f,0x0f,0x0f,0x0f,0x0f,0x0f,0x0f,0x0f,
    0x0f,0x0f,0x0f,0x0f,0x0f,0x0f,0x0f,0x0f,0x0f,0x0e,0x0e,0x0e,0x0f,0x0f,0x0f,0x0f,
    0x0e,0x0e,0x0e,0x0f,0x0f,0x0f,0x0f,0x0e,0x0e,0x0e,0x0f,0x0f,0x0f,0x0f,0x0e,0x0e,
    0x0e,0x0f,0x0f,0x0f,0x0f,0x0e,0x0e,0x0e,0x0f,0x0f,0x0f,0x0f,0x0e,0x0e,0x0e,0x0f,
    0x0f,0x0f,0x0f,0x0e,0x0e,0x0e,0x0f,0x0f,0x0f,0x0f,0x0e,0x0e,0x0e,0x0f,0x0f,0x0f,
    0x0f,0x0e,0x0e,0x0e,0x0f,0x0f,0x0f,0x0f,0x0f,0x0e,0x0e,0x0e,0x0f,0x0f,0x0f,0x0f,
    0x0e,0x0e,0x0e,0x0f,0x0f,0x0f,0x0f,0x0e,0x0e,0x0e,0x0f,0x0f,0x0f,0x0f,0x0f,0x0f,
    0x0f,0x0f,0x0f,0x0f,0x0f,0x0f,0x0f,0x0f,0x0f,0x0f,0x0f,0x0f,0x0f,0x0f,0x0f,0x0f,
    0x0f,0x0f,0x0f,0x0f,0x0f,0x0f,0x0f,0x0f,0x0f,0x0f,0x0f,0x0f,0x0f,0x0f,0x0f,0x0f,
    0x0f,0x0f,0x0f,0x0f,0x0f,0x0f,0x0f,0x0f,0x0f,0x0e,0x0e,0x0f,0x0f,0x0f,0x0f,0x0f,
    0x0e,0x0e,0x0e,0x0f,0x0f,0x0f,0x0f,0x0e,0x0e,0x0f,0x0f,0x0f,0x0f,0x0f,0x0e,0x0e,
    0x0e,0x0f,0x0f,0x0f,0x0f,0x0e,0x0e,0x0f,0x0f,0x0f,0x0f,0x0f,0x0e,0x0e,0x0e,0x0f,
    0x0f,0x0f,0x0f,0x0f,0x0e,0x0e,0x0f,0x0f,0x0f,0x0f,0x0f,0x0e,0x0e,0x0f,0x0f,0x0f,
    0x0f,0x0f,0x0e,0x0e,0x0f,0x0f,0x0f,0x0f,0x0f,0x0e,0x0e,0x0e,0x0f,0x0f,0x0f,0x0f,
    0x0f,0x0e,0x0e,0x0f,0x0f,0x0f,0x0f,0x0e,0x0e,0x0e,0x0f,0x0f,0x0f,0x0f,0x0f,0x0f,
    0x0f,0x0f,0x0f,0x0f,0x0f,0x0f,0x0f,0x0f,0x0f,0x0f,0x0f,0x0f,0x0f,0x0f,0x0f,0x0f,
    0x0f,0x0f,0x0f,0x0f,0x0f,0x0f,0x0f,0x0f,0x0f,0x0f,0x0f,0x0f,0x0f,0x0f,0x0f,0x0f,
    0x0f,0x0f,0x0f,0x0f,0x0f,0x0f,0x0f,0x0f,0x0f,0x0f,0x0f,0x0e,0x0f,0x0f,0x0f,0x0f,
    0x0e,0x0e,0x0e,0x0f,0x0f,0x0f,0x0f,0x0f,0x0f,0x0e,0x0f,0x0f,0x0f,0x0f,0x0e,0x0e,
    0x0e,0x0f,0x0f,0x0f,0x0f,0x0f,0x0f,0x0e,0x0f,0x0f,0x0f,0x0f,0x0e,0x0e,0x0e,0x0f,
    0x0f,0x0f,0x0f,0x0e,0x0f,0x0f,0x0f,0x0f,0x0f,0x0f,0x0e,0x0f,0x0f,0x0f,0x0f,0x0f,
    0x0f,0x0e,0x0f,0x0f,0x0f,0x0f,0x0f,0x0f,0x0f,0x0e,0x0e,0x0e,0x0f,0x0f,0x0f,0x0f,
    0x0e,0x0f,0x0f,0x0f,0x0f,0x0f,0x0f,0x0e,0x0e,0x0e,0x0f,0x0f,0x0f,0x0f,0x0f,0x0f,
    0x0f,0x0f,0x0f,0x0f,0x0f,0x0f,0x0f,0x0f,0x0f,0x0f,0x0f,0x0f,0x0f,0x0f,0x0f,0x0f,
    0x0f,0x0f,0x0f,0x0f,0x0f,0x0f,0x0f,0x0f,0x0f,0x0f,0x0f,0x0f,0x0f,0x0f,0x0f,0x0f,
    0x0f,0x0f,0x0f,0x0f,0x0f,0x0f,0x0f,0x0f,0x0f,0x0e,0x0e,0x0e,0x0f,0x0f,0x0f,0x0f,
    0x0e,0x0f,0x0e,0x0f,0x0f,0x0f,0x0f,0x0e,0x0e,0x0e,0x0f,0x0f,0x0f,0x0f,0x0e,0x0f,
    0x0e,0x0f,0x0f,0x0f,0x0f,0x0e,0x0e,0x0e,0x0f,0x0f,0x0f,0x0f,0x0e,0x0f,0x0e,0x0f,
    0x0f,0x0f,0x0f,0x0e,0x0e,0x0e,0x0f,0x0f,0x0f,0x0f,0x0e,0x0e,0x0e,0x0f,0x0f,0x0f,
    0x0f,0x0e,0x0e,0x0e,0x0f,0x0f,0x0f,0x0f,0x0f,0x0e,0x0f,0x0e,0x0f,0x0f,0x0f,0x0f,
    0x0e,0x0e,0x0e,0x0f,0x0f,0x0f,0x0f,0x0e,0x0f,0x0e,0x0f,0x0f,0x0f,0x0f,0x0f,0x0f,
    0x0f,0x0f,0x0f,0x0f,0x0f,0x0f,0x0f,0x0f,0x0f,0x0f,0x0f,0x0f,0x0f,0x0f,0x0f,0x0f,
    0x0f,0x0f,0x0f,0x0f,0x0f,0x0f,0x0f,0x0f,0x0f,0x0f,0x0f,0x0f,0x0f,0x0f,0x0f,0x0f,
    0x0f,0x0f,0x0f,0x0f,0x0f,0x0f,0x0f,0x0f,0x0f,0x0e,0x0e,0x0e,0x0f,0x0f,0x0f,0x0f,
    0x0f,0x0f,0x0f,0x0f,0x0f,0x0f,0x0f,0x0e,0x0e,0x0e,0x0f,0x0f,0x0f,0x0f,0x0f,0x0f,
    0x0f,0x0f,0x0f,0x0f,0x0f,0x0e,0x0e,0x0e,0x0f,0x0f,0x0f,0x0f,0x0f,0x0f,0x0f,0x0f,
    0x0f,0x0f,0x0f,0x0e,0x0e,0x0e,0x0f,0x0f,0x0f,0x0f,0x0e,0x0e,0x0e,0x0f,0x0f,0x0f,
    0x0f,0x0e,0x0e,0x0e,0x0f,0x0f,0x0f,0x0f,0x0f,0x0f,0x0f,0x0f,0x0f,0x0f,0x0f,0x0f,
    0x0e,0x0e,0x0e,0x0f,0x0f,0x0f,0x0f,0x0f,0x0f,0x0f,0x0f,0x0f,0x0f,0x0f,0x0f,0x0f,
    0x0f,0x0f,0x0f,0x0f,0x0f,0x0f,0x0f,0x0f,0x0f,0x0f,0x0f,0x0f,0x0f,0x0f,0x0f,0x0f,
    0x0f,0x0f,0x0f,0x0f,0x0f,0x0f,0x0f,0x0f,0x0f,0x0f,0x0f,0x0f,0x0f,0x0f,0x0f,0x0f,
    0x0f,0x0f,0x0f,0x0f,0x0f,0x0f,0x0f,0x0f,0x0f,0x0e,0x0e,0x0e,0x0f,0x0f,0x0f,0x0f,
    0x0e,0x0e,0x0e,0x0f,0x0f,0x0f,0x0f,0x0e,0x0e,0x0e,0x0f,0x0f,0x0f,0x0f,0x0e,0x0e,
    0x0e,0x0f,0x0f,0x0f,0x0f,0x0e,0x0e,0x0e,0x0f,0x0f,0x0f,0x0f,0x0e,0x0e,0x0e,0x0f,
    0x0f,0x0f,0x0f,0x0e,0x0e,0x0e,0x0f,0x0f,0x0f,0x0f,0x0e,0x0e,0x0e,0x0f,0x0f,0x0f,
    0x0f,0x0e,0x0e,0x0e,0x0f,0x0f,0x0f,0x0f,0x0f,0x0e,0x0e,0x0e,0x0f,0x0f,0x0f,0x0f,
    0x0e,0x0e,0x0e,0x0f,0x0f,0x0f,0x0f,0x0e,0x0e,0x0e,0x0f,0x0f,0x0f,0x0f,0x0f,0x0f,
    0x0f,0x0f,0x0f,0x0f,0x0f,0x0f,0x0f,0x0f,0x0f,0x0f,0x0f,0x0f,0x0f,0x0f,0x0f,0x0f,
    0x0f,0x0f,0x0f,0x0f,0x0f,0x0f,0x0f,0x0f,0x0f,0x0f,0x0f,0x0f,0x0f,0x0f,0x0f,0x0f,
    0x0f,0x0f,0x0f,0x0f,0x0f,0x0f,0x0f,0x0f,0x0f,0x0e,0x0e,0x0e,0x0f,0x0f,0x0f,0x0f,
    0x0e,0x0e,0x0e,0x0f,0x0f,0x0f,0x0f,0x0e,0x0e,0x0e,0x0f,0x0f,0x0f,0x0f,0x0e,0x0e,
    0x0e,0x0f,0x0f,0x0f,0x0f,0x0e,0x0e,0x0e,0x0f,0x0f,0x0f,0x0f,0x0e,0x0e,0x0e,0x0f,
    0x0f,0x0f,0x0f,0x0e,0x0e,0x0e,0x0f,0x0f,0x0f,0x0f,0x0e,0x0e,0x0e,0x0f,0x0f,0x0f,
    0x0f,0x0e,0x0e,0x0e,0x0f,0x0f,0x0f,0x0f,0x0f,0x0e,0x0e,0x0e,0x0f,0x0f,0x0f,0x0f,
    0x0e,0x0e,0x0e,0x0f,0x0f,0x0f,0x0f,0x0e,0x0e,0x0e,0x0f,0x0f,0x0f,0x0f,0x0f,0x0f,
    0x0f,0x0f,0x0f,0x0f,0x0f,0x0f,0x0f,0x0f,0x0f,0x0f,0x0f,0x0f,0x0f,0x0f,0x0f,0x0f,
    0x0f,0x0f,0x0f,0x0f,0x0f,0x0f,0x0f,0x0f,0x0f,0x0f,0x0f,0x0f,0x0f,0x0f,0x0f,0x0f,
    0x0f,0x0f,0x0f,0x0f,0x0f,0x0f,0x0f,0x0f,0x0f,0x0e,0x0e,0x0e,0x0f,0x0f,0x0f,0x0f,
    0x0e,0x0e,0x0e,0x0f,0x0f,0x0f,0x0f,0x0e,0x0e,0x0e,0x0f,0x0f,0x0f,0x0f,0x0e,0x0e,
    0x0e,0x0f,0x0f,0x0f,0x0f,0x0e,0x0e,0x0e,0x0f,0x0f,0x0f,0x0f,0x0e,0x0e,0x0e,0x0f,
    0x0f,0x0f,0x0f,0x0e,0x0e,0x0e,0x0f,0x0f,0x0f,0x0f,0x0e,0x0e,0x0e,0x0f,0x0f,0x0f,
    0x0f,0x0e,0x0e,0x0e,0x0f,0x0f,0x0f,0x0f,0x0f,0x0e,0x0e,0x0e,0x0f,0x0f,0x0f,0x0f,
    0x0e,0x0e,0x0e,0x0f,0x0f,0x0f,0x0f,0x0e,0x0e,0x0e,0x0f,0x0f,0x0f,0x0f,0x0f,0x0f,
    0x0f,0x0f,0x0f,0x0f,0x0f,0x0f,0x0f,0x0f,0x0f,0x0f,0x0f,0x0f,0x0f,0x0f,0x0f,0x0f,
    0x0f,0x0f,0x0f,0x0f,0x0f,0x0f,0x0f,0x0f,0x0f,0x0f,0x0f,0x0f,0x0f,0x0f,0x0f,0x0f,
    0x0f,0x0f,0x0f,0x0f,0x0f,0x0f,0x0f,0x0f,0x0f,0x0f,0x0f,0x0f,0x0f,0x0f,0x0f,0x0f,
    0x0e,0x0b,0x0e,0x0f,0x0f,0x0f,0x0f,0x0f,0x0f,0x0f,0x0f,0x0f,0x0f,0x0f,0x0e,0x0f,
    0x0e,0x0f,0x0f,0x0f,0x0f,0x0f,0x0f,0x0f,0x0f,0x0f,0x0f,0x0f,0x0e,0x0f,0x0e,0x0f,
    0x0f,0x0f,0x0f,0x0f,0x0f,0x0f,0x0f,0x0f,0x0f,0x0f,0x0f,0x0f,0x0f,0x0f,0x0f,0x0f,
    0x0f,0x0f,0x0f,0x0f,0x0f,0x0f,0x0f,0x0f,0x0f,0x0e,0x0f,0x0e,0x0f,0x0f,0x0f,0x0f,
    0x0f,0x0f,0x0f,0x0f,0x0f,0x0f,0x0f,0x0e,0x0f,0x0e,0x0f,0x0f,0x0f,0x0f,0x0f,0x0f,
    0x0f,0x0f,0x0f,0x0f,0x0f,0x0f,0x0f,0x0f,0x0f,0x0f,0x0f,0x0f,0x0f,0x0f,0x0f,0x0f,
    0x0f,0x0f,0x0f,0x0f,0x0f,0x0f,0x0f,0x0f,0x0f,0x0f,0x0f,0x0f,0x0f,0x0f,0x0f,0x0f,
    0x0f,0x0f,0x0f,0x0f,0x0f,0x0f,0x0f,0x0f,0x0f,0x0e,0x0e,0x0e,0x0f,0x0f,0x0f,0x0f,
    0x0e,0x0e,0x0e,0x0f,0x0f,0x0f,0x0f,0x0e,0x0e,0x0e,0x0f,0x0f,0x0f,0x0f,0x0e,0x0e,
    0x0e,0x0f,0x0f,0x0f,0x0f,0x0e,0x0e,0x0e,0x0f,0x0f,0x0f,0x0f,0x0e,0x0e,0x0e,0x0f,
    0x0f,0x0f,0x0f,0x0e,0x0e,0x0e,0x0f,0x0f,0x0f,0x0f,0x0e,0x0e,0x0e,0x0f,0x0f,0x0f,
    0x0f,0x0e,0x0e,0x0e,0x0f,0x0f,0x0f,0x0f,0x0f,0x0e,0x0e,0x0e,0x0f,0x0f,0x0f,0x0f,
    0x0e,0x0e,0x0e,0x0f,0x0f,0x0f,0x0f,0x0e,0x0e,0x0e,0x0f,0x0f,0x0f,0x0f,0x0f,0x0f,
    0x0f,0x0f,0x0f,0x0f,0x0f,0x0f,0x0f,0x0f,0x0f,0x0f,0x0f,0x0f,0x0f,0x0f,0x0f,0x0f,
    0x0f,0x0f,0x0f,0x0f,0x0f,0x0f,0x0f,0x0f,0x0f,0x0f,0x0f,0x0f,0x0f,0x0f,0x0f,0x0f,
    0x0f,0x0f,0x0f,0x0f,0x0f,0x0f,0x0f,0x0f,0x0f,0x0e,0x0e,0x0e,0x0f,0x0f,0x0f,0x0f,
    0x0f,0x0b,0x0e,0x0f,0x0f,0x0f,0x0f,0x0e,0x0e,0x0e,0x0f,0x0f,0x0f,0x0f,0x0e,0x0f,
    0x0f,0x0f,0x0f,0x0f,0x0f,0x0e,0x0e,0x0e,0x0f,0x0f,0x0f,0x0f,0x0e,0x0f,0x0f,0x0f,
    0x0f,0x0f,0x0f,0x0e,0x0e,0x0e,0x0f,0x0f,0x0f,0x0f,0x0e,0x0e,0x0e,0x0f,0x0f,0x0f,
    0x0f,0x0e,0x0e,0x0e,0x0f,0x0f,0x0f,0x0f,0x0f,0x0e,0x0f,0x0f,0x0f,0x0f,0x0f,0x0f,
    0x0e,0x0e,0x0e,0x0f,0x0f,0x0f,0x0f,0x0e,0x0f,0x0f,0x0f,0x0f,0x0f,0x0f,0x0f,0x0f,
    0x0f,0x0f,0x0f,0x0f,0x0f,0x0f,0x0f,0x0f,0x0f,0x0f,0x0f,0x0f,0x0f,0x0f,0x0f,0x0f,
    0x0f,0x0f,0x0f,0x0f,0x0f,0x0f,0x0f,0x0f,0x0f,0x0f,0x0f,0x0f,0x0f,0x0f,0x0f,0x0f,
    0x0f,0x0f,0x0f,0x0f,0x0f,0x0f,0x0f,0x0f,0x0f,0x0f,0x0f,0x0f,0x0f,0x0f,0x0f,0x0f,
    0x0e,0x0e,0x0e,0x0f,0x0f,0x0f,0x0f,0x0f,0x0f,0x0f,0x0f,0x0f,0x0f,0x0f,0x0e,0x0e,
    0x0e,0x0f,0x0f,0x0f,0x0f,0x0f,0x0f,0x0f,0x0f,0x0f,0x0f,0x0f,0x0e,0x0e,0x0e,0x0f,
    0x0f,0x0f,0x0f,0x0f,0x0f,0x0f,0x0f,0x0f,0x0f,0x0f,0x0f,0x0f,0x0f,0x0f,0x0f,0x0f,
    0x0f,0x0f,0x0f,0x0f,0x0f,0x0f,0x0f,0x0f,0x0f,0x0e,0x0e,0x0e,0x0f,0x0f,0x0f,0x0f,
    0x0f,0x0f,0x0f,0x0f,0x0f,0x0f,0x0f,0x0e,0x0e,0x0e,0x0f,0x0f,0x0f,0x0f,0x0f,0x0f,
    0x0f,0x0f,0x0f,0x0f,0x0f,0x0f,0x0f,0x0f,0x0f,0x0f,0x0f,0x0f,0x0f,0x0f,0x0f,0x0f,
    0x0f,0x0f,0x0f,0x0f,0x0f,0x0f,0x0f,0x0f,0x0f,0x0f,0x0f,0x0f,0x0f,0x0f,0x0f,0x0f,
    0x0f,0x0f,0x0f,0x0f,0x0f,0x0f,0x0f,0x0f,0x0f,0x0e,0x0e,0x0e,0x0f,0x0f,0x0f,0x0f,
    0x0e,0x0b,0x0e,0x0f,0x0f,0x0f,0x0f,0x0e,0x0e,0x0e,0x0f,0x0f,0x0f,0x0f,0x0e,0x0e,
    0x0e,0x0f,0x0f,0x0f,0x0f,0x0e,0x0e,0x0e,0x0f,0x0f,0x0f,0x0f,0x0e,0x0e,0x0e,0x0f,
    0x0f,0x0f,0x0f,0x0e,0x0e,0x0e,0x0f,0x0f,0x0f,0x0f,0x0e,0x0e,0x0e,0x0f,0x0f,0x0f,
    0x0f,0x0e,0x0e,0x0e,0x0f,0x0f,0x0f,0x0f,0x0f,0x0e,0x0e,0x0e,0x0f,0x0f,0x0f,0x0f,
    0x0e,0x0e,0x0e,0x0f,0x0f,0x0f,0x0f,0x0e,0x0e,0x0e,0x0f,0x0f,0x0f,0x0f,0x0f,0x0f,
    0x0f,0x0f,0x0f,0x0f,0x0f,0x0f,0x0f,0x0f,0x0f,0x0f,0x0f,0x0f,0x0f,0x0f,0x0f,0x0f,
    0x0f,0x0f,0x0f,0x0f,0x0f,0x0f,0x0f,0x0f,0x0f,0x0f,0x0f,0x0f,0x0f,0x0f,0x0f,0x0f,
    0x0f,0x0f,0x0f,0x0f,0x0f,0x0f,0x0f,0x0f,0x0f,0x0e,0x0e,0x0e,0x0f,0x0f,0x0f,0x0f,
    0x0b,0x0f,0x0b,0x0f,0x0f,0x0f,0x0f,0x0e,0x0e,0x0e,0x0f,0x0f,0x0f,0x0f,0x0e,0x0f,
    0x0e,0x0f,0x0f,0x0f,0x0f,0x0e,0x0e,0x0e,0x0f,0x0f,0x0f,0x0f,0x0e,0x0f,0x0e,0x0f,
    0x0f,0x0f,0x0f,0x0e,0x0e,0x0e,0x0f,0x0f,0x0f,0x0f,0x0e,0x0e,0x0e,0x0f,0x0f,0x0f,
    0x0f,0x0e,0x0e,0x0e,0x0f,0x0f,0x0f,0x0f,0x0f,0x0e,0x0f,0x0e,0x0f,0x0f,0x0f,0x0f,
    0x0e,0x0e,0x0e,0x0f,0x0f,0x0f,0x0f,0x0e,0x0f,0x0e,0x0f,0x0f,0x0f,0x0f,0x0f,0x0f,
    0x0f,0x0f,0x0f,0x0f,0x0f,0x0f,0x0f,0x0f,0x0f,0x0f,0x0f,0x0f,0x0f,0x0f,0x0f,0x0f,
    0x0f,0x0f,0x0f,0x0f,0x0f,0x0f,0x0f,0x0f,0x0f,0x0f,0x0f,0x0f,0x0f,0x0f,0x0f,0x0f,
    0x0f,0x0f,0x0f,0x0f,0x0f,0x0f,0x0f,0x0f,0x0f,0x0f,0x0f,0x0f,0x0f,0x0f,0x0f,0x0f,
    0x0e,0x0e,0x0e,0x0f,0x0f,0x0f,0x0f,0x0f,0x0f,0x0f,0x0f,0x0f,0x0f,0x0f,0x0f,0x0f,
    0x0f,0x0f,0x0f,0x0f,0x0f,0x0f,0x0f,0x0f,0x0f,0x0f,0x0f,0x0f,0x0f,0x0f,0x0f,0x0f,
    0x0f,0x0f,0x0f,0x0f,0x0f,0x0f,0x0f,0x0f,0x0f,0x0f,0x0f,0x0f,0x0f,0x0f,0x0f,0x0f,
    0x0f,0x0f,0x0f,0x0f,0x0f,0x0f,0x0f,0x0f,0x0f,0x0f,0x0f,0x0f,0x0f,0x0f,0x0f,0x0f,
    0x0f,0x0f,0x0f,0x0f,0x0f,0x0f,0x0f,0x0f,0x0f,0x0f,0x0f,0x0f,0x0f,0x0f,0x0f,0x0f,
    0x0f,0x0f,0x0f,0x0f,0x0f,0x0f,0x0f,0x0f,0x0f,0x0f,0x0f,0x0f,0x0f,0x0f,0x0f,0x0f,
    0x0f,0x0f,0x0f,0x0f,0x0f,0x0f,0x0f,0x0f,0x0f,0x0f,0x0f,0x0f,0x0f,0x0f,0x0f,0x0f,
    0x0f,0x0f,0x0f,0x0f,0x0f,0x0f,0x0f,0x0f,0x0f,0x0e,0x0e,0x0e,0x0f,0x0f,0x0f,0x0f,
    0x0f,0x0e,0x0f,0x0f,0x0f,0x0f,0x0f,0x0e,0x0e,0x0e,0x0f,0x0f,0x0f,0x0f,0x0e,0x0e,
    0x0e,0x0f,0x0f,0x0f,0x0f,0x0e,0x0e,0x0e,0x0f,0x0f,0x0f,0x0f,0x0e,0x0e,0x0e,0x0f,
    0x0f,0x0f,0x0f,0x0e,0x0e,0x0e,0x0f,0x0f,0x0f,0x0f,0x0e,0x0e,0x0e,0x0f,0x0f,0x0f,
    0x0f,0x0e,0x0e,0x0e,0x0f,0x0f,0x0f,0x0f,0x0f,0x0e,0x0e,0x0e,0x0f,0x0f,0x0f,0x0f,
    0x0e,0x0e,0x0e,0x0f,0x0f,0x0f,0x0f,0x0e,0x0e,0x0e,0x0f,0x0f,0x0f,0x0f,0x0f,0x0f,
    0x0f,0x0f,0x0f,0x0f,0x0f,0x0f,0x0f,0x0f,0x0f,0x0f,0x0f,0x0f,0x0f,0x0f,0x0f,0x0f,
    0x0f,0x0f,0x0f,0x0f,0x0f,0x0f,0x0f,0x0f,0x0f,0x0f,0x0f,0x0f,0x0f,0x0f,0x0f,0x0f,
    0x0f,0x0f,0x0f,0x0f,0x0f,0x0f,0x0f,0x0f,0x0f,0x0e,0x0e,0x0e,0x0f,0x0f,0x0f,0x0f,
    0x0e,0x0e,0x0e,0x0f,0x0f,0x0f,0x0f,0x0e,0x0e,0x0e,0x0f,0x0f,0x0f,0x0f,0x0e,0x0e,
    0x0e,0x0f,0x0f,0x0f,0x0f,0x0e,0x0e,0x0e,0x0f,0x0f,0x0f,0x0f,0x0e,0x0e,0x0e,0x0f,
    0x0f,0x0f,0x0f,0x0e,0x0e,0x0e,0x0f,0x0f,0x0f,0x0f,0x0e,0x0e,0x0e,0x0f,0x0f,0x0f,
    0x0f,0x0e,0x0e,0x0e,0x0f,0x0f,0x0f,0x0f,0x0f,0x0e,0x0e,0x0e,0x0f,0x0f,0x0f,0x0f,
    0x0e,0x0e,0x0e,0x0f,0x0f,0x0f,0x0f,0x0e,0x0e,0x0e,0x0f,0x0f,0x0f,0x0f,0x0f,0x0f,
    0x0f,0x0f,0x0f,0x0f,0x0f,0x0f,0x0f,0x0f,0x0f,0x0f,0x0f,0x0f,0x0f,0x0f,0x0f,0x0f,
    0x0f,0x0f,0x0f,0x0f,0x0f,0x0f,0x0f,0x0f,0x0f,0x0f,0x0f,0x0f,0x0f,0x0f,0x0f,0x0f,
    0x0f,0x0f,0x0f,0x0f,0x0f,0x0f,0x0f,0x0f,0x0f,0x0f,0x0f,0x0f,0x0f,0x0f,0x0f,0x0f,
    0x0f,0x0f,0x0f,0x0f,0x0f,0x0f,0x0f,0x0f,0x0f,0x0f,0x0f,0x0f,0x0f,0x0f,0x0f,0x0f,
    0x0f,0x0f,0x0f,0x0f,0x0f,0x0f,0x0f,0x0f,0x0f,0x0f,0x0f,0x0f,0x0f,0x0f,0x0f,0x0f,
    0x0f,0x0f,0x0f,0x0f,0x0f,0x0f,0x0f,0x0f,0x0f,0x0f,0x0f,0x0f,0x0f,0x0f,0x0f,0x0f,
    0x0f,0x0f,0x0f,0x0f,0x0f,0x0f,0x0f,0x0f,0x0f,0x0f,0x0f,0x0f,0x0f,0x0f,0x0f,0x0f,
    0x0f,0x0f,0x0f,0x0f,0x0f,0x0f,0x0f,0x0f,0x0f,0x0f,0x0f,0x0f,0x0f,0x0f,0x0f,0x0f,
    0x0f,0x0f,0x0f,0x0f,0x0f,0x0f,0x0f,0x0f,0x0f,0x0f,0x0f,0x0f,0x0f,0x0f,0x0f,0x0f,
    0x0f,0x0f,0x0f,0x0f,0x0f,0x0f,0x0f,0x0f,0x0f,0x0f,0x0f,0x0f,0x0f,0x0f,0x0f,0x0f,
    0x0f,0x0f,0x0f,0x0f,0x0f,0x0f,0x0f,0x0f,0x0f,0x0f,0x0f,0x0f,0x0f,0x0f,0x0f,0x0f,
    0x0f,0x0f,0x0f,0x0f,0x0f,0x0f,0x0f,0x0f,0x0f,0x0f,0x0f,0x0f,0x0f,0x0f,0x0f,0x0f,
    0x0f,0x0f,0x0f,0x0f,0x0f,0x0f,0x0f,0x0f,0x0f,0x0f,0x0f,0x0f,0x0f,0x0f,0x0f,0x0f,
    0x0f,0x0f,0x0f,0x0f,0x0f,0x0f,0x0f,0x0f,0x0f,0x0f,0x0f,0x0f,0x0f,0x0f,0x0f,0x0f,
    0x0f,0x0f,0x0f,0x0f,0x0f,0x0f,0x0f,0x0f,0x0f,0x0f,0x0f,0x0f,0x0f,0x0f,0x0f,0x0f,
    0x0f,0x0f,0x0f,0x0f,0x0f,0x0f,0x0f,0x0f,0x0f,0x0f,0x0f,0x0f,0x0f,0x0f,0x0f,0x0f,
    0x0f,0x0f,0x0f,0x0f,0x0f,0x0f,0x0f,0x0f,0x0f,0x0f,0x0f,0x0f,0x0f,0x0f,0x0f,0x0f,
    0x0f,0x0f,0x0f,0x0f,0x0f,0x0f,0x0f,0x0f,0x0f,0x0f,0x0f,0x0f,0x0f,0x0f,0x0f,0x0f,
    0x0f,0x0f,0x0f,0x0f,0x0f,0x0f,0x0f,0x0f,0x0f,0x0f,0x0f,0x0f,0x0f,0x0f,0x0f,0x0f,
    0x0f,0x0f,0x0f,0x0f,0x0f,0x0f,0x0f,0x0f,0x0f,0x0f,0x0f,0x0f,0x0f,0x0f,0x0f,0x0f,
    0x0f,0x0f,0x0f,0x0f,0x0f,0x0f,0x0f,0x0f,0x0f,0x0f,0x0f,0x0f,0x0f,0x0f,0x0f,0x0f,
    0x0f,0x0f,0x0f,0x0f,0x0f,0x0f,0x0f,0x0f,0x0f,0x0f,0x0f,0x0f,0x0f,0x0f,0x0f,0x0f,
    0x0f,0x0f,0x0f,0x0f,0x0f,0x0f,0x0f,0x0f,0x0f,0x0f,0x0f,0x0f,0x0f,0x0f,0x0f,0x0f,
    0x0f,0x0f,0x0f,0x0f,0x0f,0x0f,0x0f,0x0f,0x0f,0x0f,0x0f,0x0f,0x0f,0x0f,0x0f,0x0f,
    0x0f,0x0f,0x0f,0x0f,0x0f,0x0f,0x0f,0x0f,0x0f,0x0f,0x0f,0x0f,0x0f,0x0f,0x0f,0x0f,
    0x0f,0x0f,0x0f,0x0f,0x0f,0x0f,0x0f,0x0f,0x0f,0x0f,0x0f,0x0f,0x0f,0x0f,0x0f,0x0f,
    0x0f,0x0f,0x0f,0x0f,0x0f,0x0f,0x0f,0x0f,0x0f,0x0f,0x0f,0x0f,0x0f,0x0f,0x0f,0x0f,
    0x0f,0x0f,0x0f,0x0f,0x0f,0x0f,0x0f,0x0f,0x0f,0x0f,0x0f,0x0f,0x0f,0x0f,0x0f,0x0f,
    0x0f,0x0f,0x0f,0x0f,0x0f,0x0f,0x0f,0x0f,0x0f,0x0f,0x0f,0x0f,0x0f,0x0f,0x0f,0x0f,
    0x0f,0x0f,0x0f,0x0f,0x0f,0x0f,0x0f,0x0f,0x0f,0x0f,0x0f,0x0f,0x0f,0x0f,0x0f,0x0f,
    0x0f,0x0f,0x0f,0x0f,0x0f,0x0f,0x0f,0x0f,0x0f,0x0f,0x0f,0x0f,0x0f,0x0f,0x0f,0x0f,
    0x0f,0x0f,0x0f,0x0f,0x0f,0x0f,0x0f,0x0f,0x0f,0x0f,0x0f,0x0f,0x0f,0x0f,0x0f,0x0f,
    0x0f,0x0f,0x0f,0x0f,0x0f,0x0f,0x0f,0x0f,0x0f,0x0f,0x0f,0x0f,0x0f,0x0f,0x0f,0x0f,
    0x0f,0x0f,0x0f,0x0f,0x0f,0x0f,0x0f,0x0f,0x0f,0x0f,0x0f,0x0f,0x0f,0x0f,0x0f,0x0f,
    0x0f,0x0f,0x0f,0x0f,0x0f,0x0f,0x0f,0x0f,0x0f,0x0f,0x0f,0x0f,0x0f,0x0f,0x0f,0x0f,
    0x0f,0x0f,0x0f,0x0f,0x0f,0x0f,0x0f,0x0f,0x0f,0x0f,0x0f,0x0f,0x0f,0x0f,0x0f,0x0f,
    0x0f,0x0f,0x0f,0x0f,0x0f,0x0f,0x0f,0x0f,0x0f,0x0f,0x0f,0x0f,0x0f,0x0f,0x0f,0x0f,
    0x0f,0x0f,0x0f,0x0f,0x0f,0x0f,0x0f,0x0f,0x0f,0x0f,0x0f,0x0f,0x0f,0x0f,0x0f,0x0f,
    0x0f,0x0f,0x0f,0x0f,0x0f,0x0f,0x0f,0x0f,0x0f,0x0f,0x0f,0x0f,0x0f,0x0f,0x0f,0x0f,
    0x0f,0x0f,0x0f,0x0f,0x0f,0x0f,0x0f,0x0f,0x0f,0x0f,0x0f,0x0f,0x0f,0x0f,0x0f,0x0f,
    0x0f,0x0f,0x0f,0x0f,0x0f,0x0f,0x0f,0x0f,0x0f,0x0f,0x0f,0x0f,0x0f,0x0f,0x0f,0x0f,
    0x0f,0x0f,0x0f,0x0f,0x0f,0x0f,0x0f,0x0f,0x0f,0x0f,0x0f,0x0f,0x0f,0x0f,0x0f,0x0f,
    0x0f,0x0f,0x0f,0x0f,0x0f,0x0f,0x0f,0x0f,0x0f,0x0f,0x0f,0x0f,0x0f,0x0f,0x0f,0x0f,
    0x0f,0x0f,0x0f,0x0f,0x0f,0x0f,0x0f,0x0f,0x0f,0x0f,0x0f,0x0f,0x0f,0x0f,0x0f,0x0f,
    0x0f,0x0f,0x0f,0x0f,0x0f,0x0f,0x0f,0x0f,0x0f,0x0f,0x0f,0x0f,0x0f,0x0f,0x0f,0x0f,
    0x0f,0x0f,0x0f,0x0f,0x0f,0x0f,0x0f,0x0f,0x0f,0x0f,0x0f,0x0f,0x0f,0x0f,0x0f,0x0f,
    0x0f,0x0f,0x0f,0x0f,0x0f,0x0f,0x0f,0x0f,0x0f,0x0f,0x0f,0x0f,0x0f,0x0f,0x0f,0x0f,
    0x0f,0x0f,0x0f,0x0f,0x0f,0x0f,0x0f,0x0f,0x0f,0x0f,0x0f,0x0f,0x0f,0x0f,0x0f,0x0f,
    0x0f,0x0f,0x0f,0x0f,0x0f,0x0f,0x0f,0x0f,0x0f,0x0f,0x0f,0x0f,0x0f,0x0f,0x0f,0x0f,
    0x0f,0x0f,0x0f,0x0f,0x0f,0x0f,0x0f,0x0f,0x0f,0x0f,0x0f,0x0f,0x0f,0x0f,0x0f,0x0f,
    0x0f,0x0f,0x0f,0x0f,0x0f,0x0f,0x0f,0x0f,0x0f,0x0f,0x0f,0x0f,0x0f,0x0f,0x0f,0x0f,
    0x0f,0x0f,0x0f,0x0f,0x0f,0x0f,0x0f,0x0f,0x0f,0x0f,0x0f,0x0f,0x0f,0x0f,0x0f,0x0f,
    0x0f,0x0f,0x0f,0x0f,0x0f,0x0f,0x0f,0x0f,0x0f,0x0f,0x0f,0x0f,0x0f,0x0f,0x0f,0x0f,
    0x0f,0x0f,0x0f,0x0f,0x0f,0x0f,0x0f,0x0f,0x0f,0x0f,0x0f,0x0f,0x0f,0x0f,0x0f,0x0f,
    0x0f,0x0f,0x0f,0x0f,0x0f,0x0f,0x0f,0x0f,0x0f,0x0f,0x0f,0x0f,0x0f,0x0f,0x0f,0x0f,
    0x0f,0x0f,0x0f,0x0f,0x0f,0x0f,0x0f,0x0f,0x0f,0x0f,0x0f,0x0f,0x0f,0x0f,0x0f,0x0f,
    0x0f,0x0f,0x0f,0x0f,0x0f,0x0f,0x0f,0x0f,0x0f,0x0f,0x0f,0x0f,0x0f,0x0f,0x0f,0x0f,
    0x0f,0x0f,0x0f,0x0f,0x0f,0x0f,0x0f,0x0f,0x0f,0x0f,0x0f,0x0f,0x0f,0x0f,0x0f,0x0f,
    0x0f,0x0f,0x0f,0x0f,0x0f,0x0f,0x0f,0x0f,0x0f,0x0f,0x0f,0x0f,0x0f,0x0f,0x0f,0x0f,
    0x0f,0x0f,0x0f,0x0f,0x0f,0x0f,0x0f,0x0f,0x0f,0x0f,0x0f,0x0f,0x0f,0x0f,0x0f,0x0f,
    0x0f,0x0f,0x0f,0x0f,0x0f,0x0f,0x0f,0x0f,0x0f,0x0f,0x0f,0x0f,0x0f,0x0f,0x0f,0x0f,
    0x0f,0x0f,0x0f,0x0f,0x0f,0x0f,0x0f,0x0f,0x0f,0x0f,0x0f,0x0f,0x0f,0x0f,0x0f,0x0f,
    0x0f,0x0f,0x0f,0x0f,0x0f,0x0f,0x0f,0x0f,0x0f,0x0f,0x0f,0x0f,0x0f,0x0f,0x0f,0x0f,
    0x0f,0x0f,0x0f,0x0f,0x0f,0x0f,0x0f,0x0f,0x0f,0x0f,0x0f,0x0f,0x0f,0x0f,0x0f,0x0f,
    0x0f,0x0f,0x0f,0x0f,0x0f,0x0f,0x0f,0x0f,0x0f,0x0f,0x0f,0x0f,0x0f,0x0f,0x0f,0x0f,
    0x0f,0x0f,0x0f,0x0f,0x0f,0x0f,0x0f,0x0f,0x0f,0x0f,0x0f,0x0f,0x0f,0x0f,0x0f,0x0f,
    0x62,0x62,0x62,0x62,0x62,0x62,0x62,0x62,0x62,0x62,0x62,0x62,0x62,0x62,0x62,0x62,
    0x62,0x62,0x62,0x62,0x62,0x62,0x62,0x62,0x62,0x62,0x62,0x62,0x62,0x62,0x62,0x62,
    0x62,0x62,0x62,0x62,0x62,0x62,0x62,0x62,0x62,0x62,0x62,0x62,0x62,0x62,0x62,0x62,
    0x62,0x62,0x62,0x62,0x62,0x62,0x62,0x62,0x62,0x62,0x62,0x62,0x62,0x62,0x62,0x62,
    0x62,0x62,0x62,0x62,0x62,0x62,0x62,0x62,0x62,0x62,0x62,0x62,0x62,0x62,0x62,0x62,
    0x62,0x62,0x62,0x62,0x62,0x62,0x62,0x62,0x62,0x62,0x62,0x62,0x62,0x62,0x62,0x62,
    0x62,0x62,0x62,0x62,0x62,0x62,0x00,0x00,0x00,0x00,0x00,0x00,0x00,0x00,0x00,0x00,
    0x00,0x00,0x00,0x00,0x00,0x00,0x00,0x00,0x00,0x00,0x00,0x00,0x00,0x00,0x00,0x00,
    0x62,0x62,0x62,0x62,0x62,0x62,0x62,0x62,0x62,0x62,0x62,0x62,0x62,0x62,0x62,0x62,
    0x62,0x62,0x62,0x62,0x62,0x62,0x62,0x62,0x62,0x62,0x62,0x62,0x62,0x62,0x62,0x62,
    0x62,0x62,0x62,0x62,0x62,0x62,0x62,0x62,0x62,0x62,0x62,0x62,0x62,0x62,0x62,0x62,
    0x62,0x62,0x62,0x62,0x62,0x62,0x62,0x62,0x62,0x62,0x62,0x62,0x62,0x62,0x62,0x62,
    0x62,0x62,0x62,0x62,0x62,0x62,0x62,0x62,0x62,0x62,0x62,0x62,0x62,0x62,0x62,0x62,
    0x62,0x62,0x62,0x62,0x62,0x62,0x62,0x62,0x62,0x62,0x62,0x62,0x62,0x62,0x62,0x62,
    0x62,0x62,0x62,0x62,0x62,0x62,0x00,0x00,0x00,0x00,0x00,0x00,0x00,0x00,0x00,0x00,
    0x00,0x00,0x00,0x00,0x00,0x00,0x00,0x00,0x00,0x00,0x00,0x00,0x00,0x00,0x00,0x00,
    0x62,0x62,0x62,0x62,0x62,0x62,0x62,0x62,0x62,0x62,0x62,0x62,0x62,0x62,0x62,0x62,
    0x62,0x62,0x62,0x62,0x62,0x62,0x62,0x62,0x62,0x62,0x62,0x62,0x62,0x62,0x62,0x62,
    0x62,0x62,0x62,0x62,0x62,0x62,0x62,0x62,0x62,0x62,0x62,0x62,0x62,0x62,0x62,0x62,
    0x62,0x62,0x62,0x62,0x62,0x62,0x62,0x62,0x62,0x62,0x62,0x62,0x62,0x62,0x62,0x62,
    0x62,0x62,0x62,0x62,0x62,0x62,0x62,0x62,0x62,0x62,0x62,0x62,0x62,0x62,0x62,0x62,
    0x62,0x62,0x62,0x62,0x62,0x62,0x62,0x62,0x62,0x62,0x62,0x62,0x62,0x62,0x62,0x62,
    0x62,0x62,0x62,0x62,0x62,0x62,0x00,0x00,0x00,0x00,0x00,0x00,0x00,0x00,0x00,0x00,
    0x00,0x00,0x00,0x00,0x00,0x00,0x00,0x00,0x00,0x00,0x00,0x00,0x00,0x00,0x00,0x00,
    0x62,0x62,0x62,0x62,0x62,0x62,0x62,0x62,0x62,0x62,0x62,0x62,0x62,0x62,0x62,0x4c,
    0x72,0x36,0x46,0x72,0x66,0x6c,0x62,0x62,0x4f,0x58,0x5a,0x62,0x62,0x3d,0x36,0x46,
    0x36,0x34,0x46,0x36,0x36,0x5c,0x34,0x46,0x5a,0x72,0x58,0x4f,0x62,0x62,0x4f,0x2d,
    0x58,0x34,0x36,0x6c,0x3b,0x64,0x72,0x62,0x62,0x4c,0x34,0x5c,0x4e,0x59,0x46,0x34,
    0x2b,0x3b,0x72,0x46,0x34,0x71,0x46,0x36,0x46,0x2d,0x34,0x46,0x58,0x36,0x5a,0x6d,
    0x58,0x33,0x4c,0x62,0x62,0x62,0x4c,0x34,0x46,0x4f,0x62,0x62,0x62,0x62,0x62,0x62,
    0x62,0x62,0x62,0x62,0x62,0x62,0x00,0x00,0x00,0x00,0x00,0x00,0x00,0x00,0x00,0x00,
    0x00,0x00,0x00,0x00,0x00,0x00,0x00,0x00,0x00,0x00,0x00,0x00,0x00,0x00,0x00,0x00,
    0x62,0x62,0x62,0x62,0x62,0x62,0x62,0x62,0x62,0x62,0x62,0x62,0x62,0x62,0x46,0x31,
    0x63,0x58,0x5a,0x34,0x42,0x2d,0x62,0x62,0x5c,0x83,0x80,0x4e,0x62,0x58,0x33,0x34,
    0x84,0x19,0x66,0x70,0x64,0x64,0x15,0x22,0x5e,0x36,0x33,0x4c,0x62,0x51,0x64,0x83,
    0x2b,0x36,0x55,0x58,0x5c,0x25,0x19,0x5e,0x62,0x34,0x55,0x46,0x54,0x85,0x5c,0x33,
    0x55,0x71,0x33,0x36,0x83,0x80,0x29,0x34,0x64,0x64,0x78,0x64,0x5c,0x34,0x71,0x4c,
    0x29,0x78,0x84,0x62,0x62,0x62,0x54,0x17,0x31,0x4f,0x62,0x62,0x62,0x62,0x62,0x62,
    0x62,0x62,0x62,0x62,0x62,0x62,0x00,0x00,0x00,0x00,0x00,0x00,0x00,0x00,0x00,0x00,
    0x00,0x00,0x00,0x00,0x00,0x00,0x00,0x00,0x00,0x00,0x00,0x00,0x00,0x00,0x00,0x00,
    0x62,0x62,0x62,0x62,0x62,0x62,0x62,0x62,0x62,0x62,0x62,0x62,0x62,0x59,0x80,0x19,
    0x2d,0x62,0x62,0x2d,0x64,0x2d,0x62,0x4f,0x34,0x19,0x77,0x63,0x62,0x4c,0x4e,0x6c,
    0x80,0x78,0x58,0x4f,0x3b,0x63,0x77,0x63,0x6e,0x36,0x34,0x4f,0x62,0x51,0x55,0x77,
    0x42,0x36,0x46,0x4c,0x30,0x66,0x15,0x26,0x46,0x23,0x2c,0x4e,0x26,0x17,0x63,0x58,
    0x2b,0x5e,0x4c,0x4f,0x19,0x78,0x46,0x4f,0x5c,0x63,0x01,0x66,0x6c,0x70,0x36,0x51,
    0x46,0x17,0x01,0x34,0x62,0x4c,0x1c,0x01,0x26,0x62,0x62,0x62,0x62,0x62,0x62,0x62,
    0x62,0x62,0x62,0x62,0x62,0x62,0x00,0x00,0x00,0x00,0x00,0x00,0x00,0x00,0x00,0x00,
    0x00,0x00,0x00,0x00,0x00,0x00,0x00,0x00,0x00,0x00,0x00,0x00,0x00,0x00,0x00,0x00,
    0x62,0x62,0x62,0x62,0x62,0x62,0x62,0x62,0x62,0x62,0x62,0x62,0x62,0x63,0x77,0x85,
    0x62,0x62,0x51,0x34,0x42,0x72,0x62,0x58,0x54,0x22,0x1c,0x78,0x3d,0x62,0x62,0x4e,
    0x25,0x19,0x3b,0x62,0x62,0x23,0x77,0x64,0x5c,0x23,0x34,0x62,0x62,0x62,0x4e,0x42,
    0x78,0x80,0x66,0x6e,0x62,0x62,0x66,0x77,0x19,0x71,0x62,0x62,0x5a,0x25,0x78,0x26,
    0x46,0x62,0x62,0x62,0x83,0x19,0x5a,0x62,0x62,0x64,0x77,0x33,0x58,0x22,0x36,0x62,
    0x5c,0x31,0x7b,0x19,0x46,0x36,0x54,0x15,0x31,0x62,0x62,0x62,0x62,0x62,0x62,0x62,
    0x62,0x62,0x62,0x62,0x62,0x62,0x00,0x00,0x00,0x00,0x00,0x00,0x00,0x00,0x00,0x00,
    0x00,0x00,0x00,0x00,0x00,0x00,0x00,0x00,0x00,0x00,0x00,0x00,0x00,0x00,0x00,0x00,
    0x62,0x62,0x62,0x62,0x62,0x62,0x62,0x62,0x62,0x62,0x62,0x62,0x62,0x34,0x78,0x1c,
    0x6d,0x62,0x62,0x55,0x77,0x33,0x4f,0x63,0x42,0x58,0x63,0x77,0x54,0x4e,0x62,0x6d,
    0x1c,0x15,0x59,0x62,0x30,0x22,0x77,0x66,0x62,0x5c,0x46,0x40,0x62,0x62,0x6e,0x51,
    0x5c,0x80,0x77,0x22,0x62,0x62,0x51,0x80,0x78,0x5c,0x62,0x51,0x4f,0x4f,0x33,0x78,
    0x78,0x5a,0x62,0x30,0x1c,0x7b,0x58,0x62,0x4f,0x23,0x77,0x36,0x51,0x5a,0x58,0x6d,
    0x58,0x55,0x70,0x17,0x7b,0x71,0x34,0x7b,0x26,0x30,0x62,0x62,0x62,0x62,0x62,0x62,
    0x62,0x62,0x62,0x62,0x62,0x62,0x00,0x00,0x00,0x00,0x00,0x00,0x00,0x00,0x00,0x00,
    0x00,0x00,0x00,0x00,0x00,0x00,0x00,0x00,0x00,0x00,0x00,0x00,0x00,0x00,0x00,0x00,
    0x62,0x62,0x62,0x62,0x62,0x62,0x62,0x62,0x62,0x62,0x62,0x62,0x62,0x30,0x55,0x15,
    0x42,0x3d,0x40,0x42,0x78,0x36,0x71,0x31,0x71,0x62,0x4c,0x1c,0x77,0x34,0x62,0x4c,
    0x19,0x77,0x34,0x62,0x51,0x54,0x77,0x42,0x5c,0x58,0x64,0x36,0x62,0x51,0x64,0x54,
    0x4e,0x36,0x80,0x54,0x62,0x62,0x4e,0x19,0x78,0x58,0x62,0x3d,0x55,0x23,0x6e,0x23,
    0x7b,0x46,0x62,0x4f,0x7b,0x77,0x34,0x62,0x4f,0x1f,0x01,0x54,0x5a,0x36,0x29,0x36,
    0x33,0x42,0x5c,0x26,0x17,0x5e,0x34,0x77,0x1c,0x4f,0x62,0x62,0x62,0x62,0x62,0x62,
    0x62,0x62,0x62,0x62,0x62,0x62,0x00,0x00,0x00,0x00,0x00,0x00,0x00,0x00,0x00,0x00,
    0x00,0x00,0x00,0x00,0x00,0x00,0x00,0x00,0x00,0x00,0x00,0x00,0x00,0x00,0x00,0x00,
    0x62,0x62,0x62,0x62,0x62,0x62,0x62,0x62,0x62,0x62,0x62,0x62,0x62,0x62,0x4f,0x58,
    0x64,0x34,0x46,0x66,0x36,0x4f,0x2c,0x34,0x4c,0x62,0x51,0x58,0x55,0x58,0x62,0x4f,
    0x66,0x54,0x59,0x62,0x62,0x46,0x55,0x66,0x58,0x71,0x34,0x3d,0x62,0x30,0x46,0x64,
    0x36,0x34,0x36,0x4c,0x62,0x62,0x4e,0x66,0x23,0x3d,0x62,0x6e,0x34,0x64,0x46,0x34,
    0x46,0x51,0x62,0x4f,0x64,0x1f,0x2d,0x62,0x51,0x46,0x55,0x33,0x46,0x34,0x36,0x5c,
    0x5a,0x34,0x4e,0x3d,0x58,0x62,0x5a,0x55,0x34,0x4f,0x62,0x62,0x62,0x62,0x62,0x62,
    0x62,0x62,0x62,0x62,0x62,0x62,0x00,0x00,0x00,0x00,0x00,0x00,0x00,0x00,0x00,0x00,
    0x00,0x00,0x00,0x00,0x00,0x00,0x00,0x00,0x00,0x00,0x00,0x00,0x00,0x00,0x00,0x00,
    0x62,0x62,0x62,0x62,0x62,0x62,0x62,0x62,0x62,0x62,0x62,0x62,0x62,0x62,0x62,0x30,
    0x4f,0x4f,0x51,0x4f,0x51,0x62,0x51,0x51,0x62,0x62,0x62,0x30,0x4f,0x51,0x62,0x62,
    0x51,0x4f,0x51,0x62,0x62,0x51,0x4f,0x4f,0x51,0x51,0x51,0x62,0x62,0x62,0x51,0x4f,
    0x51,0x4f,0x51,0x62,0x62,0x62,0x62,0x51,0x4f,0x62,0x62,0x62,0x51,0x4f,0x51,0x51,
    0x30,0x62,0x62,0x62,0x4f,0x4f,0x30,0x62,0x62,0x51,0x4f,0x4f,0x51,0x4f,0x51,0x30,
    0x51,0x51,0x62,0x62,0x62,0x62,0x51,0x4f,0x51,0x62,0x62,0x62,0x62,0x62,0x62,0x62,
    0x62,0x62,0x62,0x62,0x62,0x62,0x00,0x00,0x00,0x00,0x00,0x00,0x00,0x00,0x00,0x00,
    0x00,0x00,0x00,0x00,0x00,0x00,0x00,0x00,0x00,0x00,0x00,0x00,0x00,0x00,0x00,0x00,
    0x62,0x62,0x62,0x62,0x62,0x62,0x62,0x62,0x62,0x62,0x62,0x62,0x62,0x62,0x62,0x62,
    0x62,0x62,0x62,0x62,0x62,0x62,0x62,0x62,0x62,0x62,0x62,0x62,0x62,0x62,0x62,0x62,
    0x62,0x62,0x62,0x62,0x62,0x62,0x62,0x62,0x62,0x62,0x62,0x62,0x62,0x62,0x62,0x62,
    0x62,0x62,0x62,0x62,0x62,0x62,0x62,0x62,0x62,0x62,0x62,0x62,0x62,0x62,0x62,0x62,
    0x62,0x62,0x62,0x62,0x62,0x62,0x62,0x62,0x62,0x62,0x62,0x62,0x62,0x62,0x62,0x62,
    0x62,0x62,0x62,0x62,0x62,0x62,0x62,0x62,0x62,0x62,0x62,0x62,0x62,0x62,0x62,0x62,
    0x62,0x62,0x62,0x62,0x62,0x62,0x00,0x00,0x00,0x00,0x00,0x00,0x00,0x00,0x00,0x00,
    0x00,0x00,0x00,0x00,0x00,0x00,0x00,0x00,0x00,0x00,0x00,0x00,0x00,0x00,0x00,0x00,
    0x62,0x62,0x62,0x62,0x62,0x62,0x62,0x62,0x62,0x62,0x62,0x62,0x62,0x62,0x62,0x62,
    0x62,0x62,0x62,0x62,0x62,0x62,0x62,0x62,0x62,0x62,0x62,0x62,0x62,0x62,0x62,0x62,
    0x62,0x62,0x62,0x62,0x62,0x62,0x62,0x62,0x62,0x62,0x62,0x62,0x62,0x62,0x62,0x62,
    0x62,0x62,0x62,0x62,0x62,0x62,0x62,0x62,0x62,0x62,0x62,0x62,0x62,0x62,0x62,0x62,
    0x62,0x62,0x62,0x62,0x62,0x62,0x62,0x62,0x62,0x62,0x62,0x62,0x62,0x62,0x62,0x62,
    0x62,0x62,0x62,0x62,0x62,0x62,0x62,0x62,0x62,0x62,0x62,0x62,0x62,0x62,0x62,0x62,
    0x62,0x62,0x62,0x62,0x62,0x62,0x00,0x00,0x00,0x00,0x00,0x00,0x00,0x00,0x00,0x00,
    0x00,0x00,0x00,0x00,0x00,0x00,0x00,0x00,0x00,0x00,0x00,0x00,0x00,0x00,0x00,0x00,
    0x62,0x62,0x62,0x62,0x62,0x62,0x62,0x62,0x62,0x62,0x62,0x62,0x62,0x62,0x62,0x62,
    0x62,0x62,0x62,0x62,0x62,0x62,0x62,0x62,0x62,0x62,0x62,0x62,0x62,0x62,0x62,0x62,
    0x62,0x62,0x62,0x62,0x62,0x62,0x62,0x62,0x62,0x62,0x62,0x62,0x62,0x62,0x62,0x62,
    0x62,0x62,0x62,0x62,0x62,0x62,0x62,0x62,0x62,0x62,0x62,0x62,0x62,0x62,0x62,0x62,
    0x62,0x62,0x62,0x62,0x62,0x62,0x62,0x62,0x62,0x62,0x62,0x62,0x62,0x62,0x62,0x62,
    0x62,0x62,0x62,0x62,0x62,0x62,0x62,0x62,0x62,0x62,0x62,0x62,0x62,0x62,0x62,0x62,
    0x62,0x62,0x62,0x62,0x62,0x62,0x00,0x00,0x00,0x00,0x00,0x00,0x00,0x00,0x00,0x00,
    0x00,0x00,0x00,0x00,0x00,0x00,0x00,0x00,0x00,0x00,0x00,0x00,0x00,0x00,0x00,0x00,
    0x76,0x76,0x76,0x76,0x76,0x76,0x76,0x76,0x76,0x76,0x76,0x76,0x76,0x76,0x76,0x76,
    0x76,0x76,0x76,0x76,0x76,0x76,0x76,0x76,0x76,0x76,0x76,0x76,0x76,0x76,0x76,0x76,
    0x76,0x76,0x76,0x76,0x76,0x76,0x76,0x76,0x76,0x76,0x76,0x76,0x76,0x76,0x76,0x76,
    0x76,0x76,0x76,0x76,0x76,0x76,0x76,0x76,0x76,0x76,0x76,0x76,0x76,0x76,0x76,0x76,
    0x76,0x76,0x76,0x76,0x76,0x76,0x76,0x76,0x76,0x76,0x76,0x76,0x76,0x76,0x76,0x76,
    0x76,0x76,0x76,0x76,0x76,0x76,0x76,0x76,0x76,0x76,0x76,0x76,0x76,0x76,0x76,0x76,
    0x76,0x76,0x76,0x76,0x76,0x76,0x00,0x00,0x00,0x00,0x00,0x00,0x00,0x00,0x00,0x00,
    0x00,0x00,0x00,0x00,0x00,0x00,0x00,0x00,0x00,0x00,0x00,0x00,0x00,0x00,0x00,0x00,
    0x2a,0x2a,0x2a,0x2a,0x2a,0x2a,0x2a,0x2a,0x2a,0x2a,0x2a,0x2a,0x2a,0x2a,0x2a,0x2a,
    0x2a,0x2a,0x2a,0x2a,0x2a,0x2a,0x2a,0x2a,0x2a,0x2a,0x2a,0x2a,0x37,0x2a,0x2a,0x2a,
    0x2a,0x2a,0x2a,0x2a,0x2a,0x2a,0x2a,0x2a,0x2a,0x2a,0x2a,0x2a,0x2a,0x2a,0x2a,0x2a,
    0x2a,0x2a,0x2a,0x2a,0x2a,0x37,0x2a,0x2a,0x2a,0x2a,0x2a,0x2a,0x2a,0x2a,0x2a,0x2a,
    0x2a,0x2a,0x2a,0x2a,0x2a,0x2a,0x2a,0x2a,0x2a,0x2a,0x2a,0x2a,0x2a,0x2a,0x2a,0x2a,
    0x2a,0x2a,0x2a,0x2a,0x2a,0x2a,0x2a,0x2a,0x2a,0x2a,0x2a,0x2a,0x2a,0x2a,0x2a,0x2a,
    0x2a,0x2a,0x2a,0x2a,0x2a,0x2a,0x00,0x00,0x00,0x00,0x00,0x00,0x00,0x00,0x00,0x00,
    0x00,0x00,0x00,0x00,0x00,0x00,0x00,0x00,0x00,0x00,0x00,0x00,0x00,0x00,0x00,0x00,
    0x05,0x05,0x05,0x05,0x05,0x05,0x05,0x05,0x05,0x05,0x05,0x05,0x05,0x05,0x05,0x05,
    0x05,0x05,0x05,0x05,0x05,0x05,0x05,0x05,0x05,0x05,0x05,0x05,0x05,0x05,0x05,0x05,
    0x05,0x05,0x05,0x05,0x05,0x05,0x05,0x05,0x05,0x05,0x05,0x05,0x05,0x05,0x05,0x05,
    0x05,0x05,0x05,0x05,0x05,0x05,0x05,0x05,0x05,0x05,0x05,0x05,0x05,0x05,0x05,0x05,
    0x05,0x05,0x05,0x05,0x05,0x05,0x05,0x05,0x05,0x05,0x05,0x05,0x05,0x05,0x05,0x05,
    0x05,0x05,0x05,0x05,0x05,0x05,0x05,0x05,0x05,0x05,0x05,0x05,0x05,0x05,0x05,0x05,
    0x05,0x05,0x05,0x05,0x05,0x05,0x00,0x00,0x00,0x00,0x00,0x00,0x00,0x00,0x00,0x00,
    0x00,0x00,0x00,0x00,0x00,0x00,0x00,0x00,0x00,0x00,0x00,0x00,0x00,0x00,0x00,0x00,
    0x05,0x05,0x05,0x05,0x05,0x06,0x07,0x07,0x06,0x05,0x05,0x05,0x06,0x06,0x05,0x05,
    0x05,0x06,0x07,0x07,0x06,0x05,0x06,0x07,0x07,0x06,0x05,0x05,0x07,0x07,0x06,0x05,
    0x05,0x06,0x07,0x07,0x05,0x05,0x06,0x06,0x05,0x06,0x06,0x05,0x05,0x05,0x06,0x07,
    0x07,0x06,0x05,0x05,0x07,0x07,0x06,0x05,0x06,0x06,0x05,0x05,0x05,0x06,0x06,0x06,
    0x05,0x06,0x07,0x06,0x06,0x06,0x07,0x07,0x06,0x05,0x05,0x05,0x05,0x05,0x05,0x05,
    0x05,0x05,0x05,0x05,0x05,0x05,0x05,0x05,0x05,0x05,0x05,0x05,0x05,0x05,0x05,0x05,
    0x05,0x05,0x05,0x05,0x05,0x05,0x00,0x00,0x00,0x00,0x00,0x00,0x00,0x00,0x00,0x00,
    0x00,0x00,0x00,0x00,0x00,0x00,0x00,0x00,0x00,0x00,0x00,0x00,0x00,0x00,0x00,0x00,
    0x05,0x05,0x05,0x05,0x05,0x09,0x0e,0x0b,0x0b,0x07,0x04,0x07,0x0c,0x09,0x05,0x05,
    0x07,0x0b,0x0b,0x0b,0x08,0x06,0x0a,0x0c,0x0b,0x0a,0x06,0x09,0x0d,0x0c,0x0a,0x06,
    0x06,0x0a,0x0c,0x0c,0x09,0x06,0x0b,0x0e,0x08,0x0a,0x0c,0x07,0x04,0x06,0x0b,0x0d,
    0x0c,0x0a,0x06,0x07,0x0c,0x0c,0x0a,0x06,0x0a,0x0b,0x07,0x05,0x05,0x08,0x0d,0x08,
    0x07,0x0c,0x0c,0x0a,0x09,0x0b,0x0c,0x0a,0x0a,0x06,0x05,0x05,0x05,0x05,0x05,0x05,
    0x05,0x05,0x05,0x05,0x05,0x05,0x05,0x05,0x05,0x05,0x05,0x05,0x05,0x05,0x05,0x05,
    0x05,0x05,0x05,0x05,0x05,0x05,0x00,0x00,0x00,0x00,0x00,0x00,0x00,0x00,0x00,0x00,
    0x00,0x00,0x00,0x00,0x00,0x00,0x00,0x00,0x00,0x00,0x00,0x00,0x00,0x00,0x00,0x00,
    0x05,0x05,0x05,0x05,0x05,0x0b,0x10,0x0a,0x0d,0x08,0x05,0x0b,0x11,0x0d,0x05,0x07,
    0x0d,0x0b,0x07,0x07,0x06,0x0c,0x0d,0x08,0x06,0x07,0x09,0x0d,0x08,0x08,0x0c,0x0b,
    0x0b,0x0c,0x08,0x08,0x0d,0x0a,0x0e,0x12,0x0c,0x0d,0x0f,0x08,0x04,0x07,0x0d,0x0d,
    0x0b,0x0d,0x0d,0x0c,0x09,0x07,0x0c,0x0c,0x0c,0x0d,0x07,0x05,0x04,0x09,0x10,0x0c,
    0x0c,0x0b,0x07,0x05,0x08,0x0e,0x0e,0x09,0x07,0x05,0x05,0x05,0x05,0x05,0x05,0x05,
    0x05,0x05,0x05,0x05,0x05,0x05,0x05,0x05,0x05,0x05,0x05,0x05,0x05,0x05,0x05,0x05,
    0x05,0x05,0x05,0x05,0x05,0x05,0x00,0x00,0x00,0x00,0x00,0x00,0x00,0x00,0x00,0x00,
    0x00,0x00,0x00,0x00,0x00,0x00,0x00,0x00,0x00,0x00,0x00,0x00,0x00,0x00,0x00,0x00,
    0x05,0x05,0x05,0x05,0x05,0x0b,0x11,0x0d,0x0c,0x05,0x08,0x0e,0x10,0x0e,0x09,0x09,
    0x0f,0x0a,0x04,0x04,0x05,0x10,0x0d,0x04,0x03,0x05,0x0b,0x0f,0x04,0x05,0x0c,0x0e,
    0x0e,0x0c,0x05,0x04,0x0e,0x0c,0x0f,0x0e,0x0e,0x10,0x0f,0x07,0x04,0x07,0x0d,0x0e,
    0x0a,0x09,0x0d,0x0e,0x07,0x03,0x0b,0x10,0x0d,0x0c,0x06,0x03,0x04,0x0a,0x10,0x0d,
    0x0e,0x09,0x04,0x02,0x08,0x0e,0x0c,0x07,0x05,0x05,0x05,0x05,0x05,0x05,0x05,0x05,
    0x05,0x05,0x05,0x05,0x05,0x05,0x05,0x05,0x05,0x05,0x05,0x05,0x05,0x05,0x05,0x05,
    0x05,0x05,0x05,0x05,0x05,0x05,0x00,0x00,0x00,0x00,0x00,0x00,0x00,0x00,0x00,0x00,
    0x00,0x00,0x00,0x00,0x00,0x00,0x00,0x00,0x00,0x00,0x00,0x00,0x00,0x00,0x00,0x00,
    0x05,0x05,0x05,0x05,0x05,0x0b,0x10,0x0a,0x0d,0x0b,0x0d,0x0c,0x09,0x0c,0x0e,0x0a,
    0x0c,0x0d,0x09,0x09,0x06,0x0b,0x0e,0x0a,0x08,0x08,0x09,0x0d,0x0b,0x0b,0x0d,0x0a,
    0x0a,0x0c,0x0b,0x0a,0x0e,0x09,0x11,0x0c,0x0b,0x11,0x10,0x07,0x04,0x07,0x0e,0x0e,
    0x07,0x05,0x08,0x0c,0x0c,0x09,0x0d,0x0b,0x0c,0x0f,0x0b,0x08,0x06,0x0a,0x11,0x0c,
    0x0b,0x0d,0x09,0x07,0x0a,0x0f,0x0e,0x09,0x08,0x06,0x05,0x05,0x05,0x05,0x05,0x05,
    0x05,0x05,0x05,0x05,0x05,0x05,0x05,0x05,0x05,0x05,0x05,0x05,0x05,0x05,0x05,0x05,
    0x05,0x05,0x05,0x05,0x05,0x05,0x00,0x00,0x00,0x00,0x00,0x00,0x00,0x00,0x00,0x00,
    0x00,0x00,0x00,0x00,0x00,0x00,0x00,0x00,0x00,0x00,0x00,0x00,0x00,0x00,0x00,0x00,
    0x05,0x05,0x05,0x05,0x05,0x08,0x0a,0x06,0x0a,0x0a,0x0a,0x07,0x04,0x08,0x0b,0x08,
    0x07,0x0a,0x09,0x09,0x06,0x06,0x09,0x0a,0x09,0x08,0x06,0x08,0x0b,0x0a,0x09,0x06,
    0x06,0x09,0x0a,0x0a,0x09,0x05,0x0b,0x08,0x07,0x0b,0x0b,0x06,0x05,0x06,0x0a,0x09,
    0x05,0x04,0x05,0x08,0x0b,0x0a,0x09,0x06,0x08,0x0b,0x0a,0x09,0x06,0x07,0x0b,0x08,
    0x06,0x0a,0x09,0x08,0x08,0x0a,0x0a,0x08,0x08,0x06,0x05,0x05,0x05,0x05,0x05,0x05,
    0x05,0x05,0x05,0x05,0x05,0x05,0x05,0x05,0x05,0x05,0x05,0x05,0x05,0x05,0x05,0x05,
    0x05,0x05,0x05,0x05,0x05,0x05,0x00,0x00,0x00,0x00,0x00,0x00,0x00,0x00,0x00,0x00,
    0x00,0x00,0x00,0x00,0x00,0x00,0x00,0x00,0x00,0x00,0x00,0x00,0x00,0x00,0x00,0x00,
    0x05,0x05,0x05,0x05,0x05,0x05,0x05,0x05,0x05,0x05,0x05,0x05,0x05,0x05,0x05,0x05,
    0x05,0x05,0x05,0x05,0x05,0x05,0x05,0x05,0x06,0x05,0x05,0x05,0x06,0x05,0x05,0x05,
    0x05,0x05,0x05,0x05,0x05,0x05,0x05,0x05,0x05,0x05,0x05,0x05,0x05,0x05,0x05,0x05,
    0x05,0x05,0x05,0x05,0x05,0x06,0x05,0x05,0x05,0x05,0x05,0x05,0x05,0x05,0x05,0x05,
    0x05,0x05,0x05,0x05,0x05,0x05,0x05,0x06,0x05,0x05,0x05,0x05,0x05,0x05,0x05,0x05,
    0x05,0x05,0x05,0x05,0x05,0x05,0x05,0x05,0x05,0x05,0x05,0x05,0x05,0x05,0x05,0x05,
    0x05,0x05,0x05,0x05,0x05,0x05,0x00,0x00,0x00,0x00,0x00,0x00,0x00,0x00,0x00,0x00,
    0x00,0x00,0x00,0x00,0x00,0x00,0x00,0x00,0x00,0x00,0x00,0x00,0x00,0x00,0x00,0x00,
    0x05,0x05,0x05,0x05,0x05,0x05,0x05,0x05,0x05,0x05,0x05,0x05,0x05,0x05,0x05,0x05,
    0x05,0x05,0x05,0x05,0x05,0x05,0x05,0x05,0x05,0x05,0x05,0x05,0x05,0x05,0x05,0x05,
    0x05,0x05,0x05,0x05,0x05,0x05,0x05,0x05,0x05,0x05,0x05,0x05,0x05,0x05,0x05,0x05,
    0x05,0x05,0x05,0x05,0x05,0x05,0x05,0x05,0x05,0x05,0x05,0x05,0x05,0x05,0x05,0x05,
    0x05,0x05,0x05,0x05,0x05,0x05,0x05,0x05,0x05,0x05,0x05,0x05,0x05,0x05,0x05,0x05,
    0x05,0x05,0x05,0x05,0x05,0x05,0x05,0x05,0x05,0x05,0x05,0x05,0x05,0x05,0x05,0x05,
    0x05,0x05,0x05,0x05,0x05,0x05,0x00,0x00,0x00,0x00,0x00,0x00,0x00,0x00,0x00,0x00,
    0x00,0x00,0x00,0x00,0x00,0x00,0x00,0x00,0x00,0x00,0x00,0x00,0x00,0x00,0x00,0x00,
    0x05,0x05,0x05,0x05,0x05,0x05,0x05,0x05,0x05,0x05,0x05,0x05,0x05,0x05,0x05,0x05,
    0x05,0x05,0x05,0x05,0x05,0x05,0x05,0x05,0x05,0x05,0x05,0x05,0x05,0x05,0x05,0x05,
    0x05,0x05,0x05,0x05,0x05,0x05,0x05,0x05,0x05,0x05,0x05,0x05,0x05,0x05,0x05,0x05,
    0x05,0x05,0x05,0x05,0x05,0x05,0x05,0x05,0x05,0x05,0x05,0x05,0x05,0x05,0x05,0x05,
    0x05,0x05,0x05,0x05,0x05,0x05,0x05,0x05,0x05,0x05,0x05,0x05,0x05,0x05,0x05,0x05,
    0x05,0x05,0x05,0x05,0x05,0x05,0x05,0x05,0x05,0x05,0x05,0x05,0x05,0x05,0x05,0x05,
    0x05,0x05,0x05,0x05,0x05,0x05,0x00,0x00,0x00,0x00,0x00,0x00,0x00,0x00,0x00,0x00,
    0x00,0x00,0x00,0x00,0x00,0x00,0x00,0x00,0x00,0x00,0x00,0x00,0x00,0x00,0x00,0x00,
    0x05,0x05,0x05,0x05,0x05,0x05,0x05,0x05,0x05,0x05,0x05,0x05,0x05,0x05,0x05,0x05,
    0x05,0x05,0x05,0x05,0x05,0x05,0x05,0x05,0x05,0x05,0x05,0x05,0x05,0x05,0x05,0x05,
    0x05,0x05,0x05,0x05,0x05,0x05,0x05,0x05,0x05,0x05,0x05,0x05,0x05,0x05,0x05,0x05,
    0x05,0x05,0x05,0x05,0x05,0x05,0x05,0x05,0x05,0x05,0x05,0x05,0x05,0x05,0x05,0x05,
    0x05,0x05,0x05,0x05,0x05,0x05,0x05,0x05,0x05,0x05,0x05,0x05,0x05,0x05,0x05,0x05,
    0x05,0x05,0x05,0x05,0x05,0x05,0x05,0x05,0x05,0x05,0x05,0x05,0x05,0x05,0x05,0x05,
    0x05,0x05,0x05,0x05,0x05,0x05,0x00,0x00,0x00,0x00,0x00,0x00,0x00,0x00,0x00,0x00,
    0x00,0x00,0x00,0x00,0x00,0x00,0x00,0x00,0x00,0x00,0x00,0x00,0x00,0x00,0x00,0x00,
    0x05,0x05,0x05,0x05,0x05,0x05,0x05,0x05,0x05,0x05,0x05,0x05,0x05,0x05,0x05,0x05,
    0x05,0x05,0x05,0x05,0x05,0x05,0x05,0x05,0x05,0x05,0x05,0x05,0x05,0x05,0x05,0x05,
    0x05,0x05,0x05,0x05,0x05,0x05,0x05,0x05,0x05,0x05,0x05,0x05,0x05,0x05,0x05,0x05,
    0x05,0x05,0x05,0x05,0x05,0x05,0x05,0x05,0x05,0x05,0x05,0x05,0x05,0x05,0x05,0x05,
    0x05,0x05,0x05,0x05,0x05,0x05,0x05,0x05,0x05,0x05,0x05,0x05,0x05,0x05,0x05,0x05,
    0x05,0x05,0x05,0x05,0x05,0x05,0x05,0x05,0x05,0x05,0x05,0x05,0x05,0x05,0x05,0x05,
    0x05,0x05,0x05,0x05,0x05,0x05,0x00,0x00,0x00,0x00,0x00,0x00,0x00,0x00,0x00,0x00,
    0x00,0x00,0x00,0x00,0x00,0x00,0x00,0x00,0x00,0x00,0x00,0x00,0x00,0x00,0x00,0x00,
    0x05,0x05,0x05,0x05,0x05,0x05,0x05,0x05,0x05,0x05,0x05,0x05,0x05,0x05,0x05,0x05,
    0x05,0x05,0x05,0x05,0x05,0x05,0x05,0x05,0x05,0x05,0x05,0x05,0x05,0x05,0x05,0x05,
    0x05,0x05,0x05,0x05,0x05,0x05,0x05,0x05,0x05,0x05,0x05,0x05,0x05,0x05,0x05,0x05,
    0x05,0x05,0x05,0x05,0x05,0x05,0x05,0x05,0x05,0x05,0x05,0x05,0x05,0x05,0x05,0x05,
    0x05,0x05,0x05,0x05,0x05,0x05,0x05,0x05,0x05,0x05,0x05,0x05,0x05,0x05,0x05,0x05,
    0x05,0x05,0x05,0x05,0x05,0x05,0x05,0x05,0x05,0x05,0x05,0x05,0x05,0x05,0x05,0x05,
    0x05,0x05,0x05,0x05,0x05,0x05,0x00,0x00,0x00,0x00,0x00,0x00,0x00,0x00,0x00,0x00,
    0x00,0x00,0x00,0x00,0x00,0x00,0x00,0x00,0x00,0x00,0x00,0x00,0x00,0x00,0x00,0x00,
    0x05,0x05,0x05,0x05,0x05,0x05,0x05,0x05,0x05,0x05,0x05,0x05,0x05,0x05,0x05,0x05,
    0x05,0x05,0x05,0x05,0x05,0x05,0x05,0x05,0x05,0x05,0x05,0x05,0x05,0x05,0x05,0x05,
    0x05,0x05,0x05,0x05,0x05,0x05,0x05,0x05,0x05,0x05,0x05,0x05,0x05,0x05,0x05,0x05,
    0x05,0x05,0x05,0x05,0x05,0x05,0x05,0x05,0x05,0x05,0x05,0x05,0x05,0x05,0x05,0x05,
    0x05,0x05,0x05,0x05,0x05,0x05,0x05,0x05,0x05,0x05,0x05,0x05,0x05,0x05,0x05,0x05,
    0x05,0x05,0x05,0x05,0x05,0x05,0x05,0x05,0x05,0x05,0x05,0x05,0x05,0x05,0x05,0x05,
    0x05,0x05,0x05,0x05,0x05,0x05,0x00,0x00,0x00,0x00,0x00,0x00,0x00,0x00,0x00,0x00,
    0x00,0x00,0x00,0x00,0x00,0x00,0x00,0x00,0x00,0x00,0x00,0x00,0x00,0x00,0x00,0x00,
    0x05,0x05,0x05,0x05,0x05,0x05,0x05,0x05,0x05,0x05,0x05,0x05,0x05,0x05,0x05,0x05,
    0x05,0x05,0x05,0x05,0x05,0x05,0x05,0x05,0x05,0x05,0x05,0x05,0x05,0x05,0x05,0x05,
    0x05,0x05,0x05,0x05,0x05,0x05,0x05,0x05,0x05,0x05,0x05,0x05,0x05,0x05,0x05,0x05,
    0x05,0x05,0x05,0x05,0x05,0x05,0x05,0x05,0x05,0x05,0x05,0x05,0x05,0x05,0x05,0x05,
    0x05,0x05,0x05,0x05,0x05,0x05,0x05,0x05,0x05,0x05,0x05,0x05,0x05,0x05,0x05,0x05,
    0x05,0x05,0x05,0x05,0x05,0x05,0x05,0x05,0x05,0x05,0x05,0x05,0x05,0x05,0x05,0x05,
    0x05,0x05,0x05,0x05,0x05,0x05,0x00,0x00,0x00,0x00,0x00,0x00,0x00,0x00,0x00,0x00,
    0x00,0x00,0x00,0x00,0x00,0x00,0x00,0x00,0x00,0x00,0x00,0x00,0x00,0x00,0x00,0x00,
    0x05,0x05,0x05,0x05,0x05,0x05,0x05,0x05,0x05,0x05,0x05,0x05,0x05,0x05,0x05,0x05,
    0x05,0x05,0x05,0x05,0x05,0x05,0x05,0x05,0x05,0x05,0x05,0x05,0x05,0x05,0x05,0x05,
    0x05,0x05,0x05,0x05,0x05,0x05,0x05,0x05,0x05,0x05,0x05,0x05,0x05,0x05,0x05,0x05,
    0x05,0x05,0x05,0x05,0x05,0x05,0x05,0x05,0x05,0x05,0x05,0x05,0x05,0x05,0x05,0x05,
    0x05,0x05,0x05,0x05,0x05,0x05,0x05,0x05,0x05,0x05,0x05,0x05,0x05,0x05,0x05,0x05,
    0x05,0x05,0x05,0x05,0x05,0x05,0x05,0x05,0x05,0x05,0x05,0x05,0x05,0x05,0x05,0x05,
    0x05,0x05,0x05,0x05,0x05,0x05,0x00,0x00,0x00,0x00,0x00,0x00,0x00,0x00,0x00,0x00,
    0x00,0x00,0x00,0x00,0x00,0x00,0x00,0x00,0x00,0x00,0x00,0x00,0x00,0x00,0x00,0x00,
    0x05,0x05,0x05,0x05,0x05,0x05,0x05,0x05,0x05,0x05,0x05,0x05,0x05,0x05,0x05,0x05,
    0x05,0x05,0x05,0x05,0x05,0x05,0x05,0x05,0x05,0x05,0x05,0x05,0x05,0x05,0x05,0x05,
    0x05,0x05,0x05,0x05,0x05,0x05,0x05,0x05,0x05,0x05,0x05,0x05,0x05,0x05,0x05,0x05,
    0x05,0x05,0x05,0x05,0x05,0x05,0x05,0x05,0x05,0x05,0x05,0x05,0x05,0x05,0x05,0x05,
    0x05,0x05,0x05,0x05,0x05,0x05,0x05,0x05,0x05,0x05,0x05,0x05,0x05,0x05,0x05,0x05,
    0x05,0x05,0x05,0x05,0x05,0x05,0x05,0x05,0x05,0x05,0x05,0x05,0x05,0x05,0x05,0x05,
    0x05,0x05,0x05,0x05,0x05,0x05,0x00,0x00,0x00,0x00,0x00,0x00,0x00,0x00,0x00,0x00,
    0x00,0x00,0x00,0x00,0x00,0x00,0x00,0x00,0x00,0x00,0x00,0x00,0x00,0x00,0x00,0x00,
    0x05,0x05,0x05,0x05,0x05,0x05,0x05,0x05,0x05,0x05,0x05,0x05,0x05,0x05,0x05,0x05,
    0x05,0x05,0x05,0x05,0x05,0x05,0x05,0x05,0x05,0x05,0x05,0x05,0x05,0x05,0x05,0x05,
    0x05,0x05,0x05,0x05,0x05,0x05,0x05,0x05,0x07,0x09,0x08,0x05,0x05,0x06,0x09,0x0a,
    0x0a,0x0a,0x06,0x05,0x07,0x0a,0x0a,0x0a,0x09,0x05,0x08,0x0a,0x07,0x05,0x07,0x0a,
    0x07,0x05,0x05,0x05,0x05,0x06,0x09,0x0a,0x0a,0x09,0x07,0x05,0x05,0x05,0x05,0x08,
    0x09,0x06,0x05,0x05,0x05,0x05,0x05,0x07,0x0a,0x0a,0x0a,0x09,0x06,0x05,0x05,0x07,
    0x09,0x08,0x05,0x05,0x05,0x05,0x00,0x00,0x00,0x00,0x00,0x00,0x00,0x00,0x00,0x00,
    0x00,0x00,0x00,0x00,0x00,0x00,0x00,0x00,0x00,0x00,0x00,0x00,0x00,0x00,0x00,0x00,
    0x05,0x05,0x05,0x05,0x05,0x05,0x05,0x05,0x05,0x05,0x05,0x05,0x05,0x05,0x05,0x05,
    0x05,0x05,0x05,0x05,0x05,0x05,0x05,0x05,0x05,0x05,0x05,0x05,0x05,0x05,0x05,0x05,
    0x05,0x05,0x05,0x05,0x05,0x05,0x05,0x08,0x0b,0x0f,0x0c,0x05,0x05,0x0b,0x0f,0x0c,
    0x0b,0x0f,0x0b,0x07,0x0c,0x0f,0x0b,0x0d,0x0f,0x08,0x09,0x0f,0x0c,0x07,0x0c,0x10,
    0x07,0x05,0x05,0x05,0x05,0x0a,0x0e,0x0d,0x0c,0x0e,0x0d,0x07,0x05,0x05,0x08,0x0f,
    0x10,0x08,0x04,0x05,0x05,0x05,0x06,0x0d,0x0e,0x0b,0x0d,0x0e,0x0a,0x06,0x07,0x0a,
    0x10,0x0c,0x04,0x05,0x05,0x05,0x00,0x00,0x00,0x00,0x00,0x00,0x00,0x00,0x00,0x00,
    0x00,0x00,0x00,0x00,0x00,0x00,0x00,0x00,0x00,0x00,0x00,0x00,0x00,0x00,0x00,0x00,
    0x05,0x05,0x05,0x05,0x05,0x05,0x05,0x05,0x05,0x05,0x05,0x05,0x05,0x05,0x05,0x05,
    0x05,0x05,0x05,0x05,0x05,0x05,0x05,0x05,0x05,0x05,0x05,0x05,0x05,0x05,0x05,0x05,
    0x05,0x05,0x05,0x05,0x05,0x05,0x05,0x07,0x0b,0x0f,0x0d,0x04,0x05,0x0f,0x10,0x07,
    0x05,0x0e,0x10,0x0c,0x0e,0x0e,0x06,0x08,0x10,0x0c,0x07,0x0d,0x0e,0x0c,0x0f,0x0d,
    0x04,0x05,0x06,0x05,0x06,0x0d,0x10,0x08,0x06,0x0c,0x11,0x08,0x05,0x08,0x0e,0x12,
    0x10,0x08,0x04,0x05,0x05,0x05,0x09,0x10,0x0d,0x05,0x09,0x0f,0x0d,0x06,0x06,0x0a,
    0x11,0x0c,0x04,0x05,0x05,0x05,0x00,0x00,0x00,0x00,0x00,0x00,0x00,0x00,0x00,0x00,
    0x00,0x00,0x00,0x00,0x00,0x00,0x00,0x00,0x00,0x00,0x00,0x00,0x00,0x00,0x00,0x00,
    0x05,0x05,0x05,0x05,0x05,0x05,0x05,0x05,0x05,0x05,0x05,0x05,0x05,0x05,0x05,0x05,
    0x05,0x05,0x05,0x05,0x05,0x05,0x05,0x05,0x05,0x05,0x05,0x05,0x05,0x05,0x05,0x05,
    0x05,0x05,0x05,0x05,0x05,0x05,0x05,0x04,0x07,0x0e,0x0d,0x05,0x05,0x0c,0x0f,0x0a,
    0x08,0x0f,0x10,0x0b,0x0c,0x0e,0x08,0x0a,0x11,0x0c,0x06,0x06,0x0c,0x12,0x0d,0x04,
    0x05,0x08,0x09,0x08,0x08,0x0e,0x0f,0x08,0x05,0x0b,0x11,0x09,0x0c,0x0f,0x0c,0x0e,
    0x10,0x08,0x06,0x09,0x09,0x08,0x0a,0x10,0x0c,0x04,0x08,0x0f,0x0d,0x06,0x04,0x07,
    0x10,0x0c,0x04,0x05,0x05,0x05,0x00,0x00,0x00,0x00,0x00,0x00,0x00,0x00,0x00,0x00,
    0x00,0x00,0x00,0x00,0x00,0x00,0x00,0x00,0x00,0x00,0x00,0x00,0x00,0x00,0x00,0x00,
    0x05,0x05,0x05,0x05,0x05,0x05,0x05,0x05,0x05,0x05,0x05,0x05,0x05,0x05,0x05,0x05,
    0x05,0x05,0x05,0x05,0x05,0x05,0x05,0x05,0x05,0x05,0x05,0x05,0x05,0x05,0x05,0x05,
    0x05,0x05,0x05,0x05,0x05,0x05,0x05,0x04,0x07,0x0e,0x0d,0x05,0x04,0x06,0x08,0x08,
    0x0a,0x11,0x0f,0x07,0x05,0x08,0x08,0x0c,0x11,0x0b,0x06,0x0a,0x0e,0x0f,0x0f,0x09,
    0x04,0x08,0x09,0x09,0x08,0x0e,0x0f,0x07,0x04,0x0b,0x11,0x09,0x0e,0x0d,0x0b,0x0f,
    0x11,0x0b,0x07,0x09,0x09,0x08,0x0a,0x10,0x0c,0x03,0x07,0x0f,0x0e,0x06,0x04,0x07,
    0x10,0x0c,0x04,0x05,0x05,0x05,0x00,0x00,0x00,0x00,0x00,0x00,0x00,0x00,0x00,0x00,
    0x00,0x00,0x00,0x00,0x00,0x00,0x00,0x00,0x00,0x00,0x00,0x00,0x00,0x00,0x00,0x00,
    0x05,0x05,0x05,0x05,0x05,0x05,0x05,0x05,0x05,0x05,0x05,0x05,0x05,0x05,0x05,0x05,
    0x05,0x05,0x05,0x05,0x05,0x05,0x05,0x05,0x05,0x05,0x05,0x05,0x05,0x05,0x05,0x05,
    0x05,0x05,0x05,0x05,0x05,0x05,0x05,0x04,0x08,0x10,0x0e,0x05,0x04,0x06,0x0a,0x0a,
    0x0f,0x0f,0x08,0x04,0x07,0x0a,0x0c,0x0f,0x0d,0x06,0x08,0x10,0x0e,0x09,0x0e,0x11,
    0x07,0x05,0x05,0x05,0x05,0x0c,0x10,0x0c,0x0a,0x0f,0x10,0x08,0x07,0x06,0x08,0x0f,
    0x12,0x09,0x05,0x05,0x05,0x05,0x07,0x0f,0x0f,0x0a,0x0c,0x10,0x0c,0x06,0x04,0x07,
    0x11,0x0d,0x04,0x05,0x05,0x05,0x00,0x00,0x00,0x00,0x00,0x00,0x00,0x00,0x00,0x00,
    0x00,0x00,0x00,0x00,0x00,0x00,0x00,0x00,0x00,0x00,0x00,0x00,0x00,0x00,0x00,0x00,
    0x05,0x05,0x05,0x05,0x05,0x05,0x05,0x05,0x05,0x05,0x05,0x05,0x05,0x05,0x05,0x05,
    0x05,0x05,0x05,0x05,0x05,0x05,0x05,0x05,0x05,0x05,0x05,0x05,0x05,0x05,0x05,0x05,
    0x05,0x05,0x05,0x05,0x05,0x05,0x05,0x05,0x06,0x09,0x09,0x05,0x05,0x06,0x08,0x08,
    0x0a,0x08,0x05,0x05,0x07,0x08,0x09,0x09,0x07,0x05,0x07,0x0a,0x08,0x05,0x08,0x0b,
    0x07,0x05,0x05,0x05,0x05,0x07,0x09,0x09,0x09,0x0a,0x08,0x05,0x04,0x04,0x05,0x09,
    0x0a,0x06,0x05,0x05,0x05,0x05,0x05,0x08,0x0a,0x09,0x09,0x09,0x07,0x05,0x05,0x06,
    0x0a,0x08,0x05,0x05,0x05,0x05,0x00,0x00,0x00,0x00,0x00,0x00,0x00,0x00,0x00,0x00,
    0x00,0x00,0x00,0x00,0x00,0x00,0x00,0x00,0x00,0x00,0x00,0x00,0x00,0x00,0x00,0x00,
    0x43,0x43,0x43,0x43,0x43,0x43,0x43,0x43,0x43,0x43,0x43,0x43,0x43,0x43,0x43,0x43,
    0x43,0x43,0x43,0x43,0x43,0x43,0x43,0x43,0x43,0x43,0x43,0x43,0x43,0x43,0x43,0x43,
    0x43,0x43,0x43,0x43,0x43,0x43,0x43,0x43,0x43,0x43,0x43,0x43,0x43,0x43,0x44,0x44,
    0x44,0x43,0x56,0x43,0x43,0x44,0x44,0x43,0x56,0x56,0x57,0x43,0x1b,0x05,0x05,0x05,
    0x05,0x05,0x05,0x28,0x43,0x43,0x43,0x44,0x44,0x28,0x05,0x05,0x05,0x05,0x05,0x05,
    0x05,0x05,0x05,0x05,0x05,0x05,0x05,0x05,0x05,0x06,0x05,0x05,0x05,0x05,0x28,0x43,
    0x43,0x43,0x43,0x43,0x43,0x43,0x00,0x00,0x00,0x00,0x00,0x00,0x00,0x00,0x00,0x00,
    0x00,0x00,0x00,0x00,0x00,0x00,0x00,0x00,0x00,0x00,0x00,0x00,0x00,0x00,0x00,0x00,
    0x76,0x76,0x76,0x76,0x76,0x76,0x76,0x76,0x76,0x76,0x76,0x76,0x76,0x76,0x76,0x76,
    0x76,0x76,0x76,0x76,0x76,0x76,0x76,0x76,0x76,0x76,0x76,0x76,0x76,0x76,0x76,0x76,
    0x76,0x76,0x76,0x76,0x76,0x76,0x76,0x76,0x76,0x76,0x76,0x76,0x76,0x76,0x76,0x76,
    0x76,0x76,0x76,0x76,0x76,0x76,0x76,0x76,0x76,0x76,0x76,0x75,0x86,0x05,0x05,0x05,
    0x05,0x05,0x88,0x76,0x76,0x76,0x76,0x76,0x76,0x74,0x05,0x05,0x05,0x05,0x05,0x05,
    0x05,0x05,0x05,0x05,0x05,0x05,0x05,0x05,0x05,0x05,0x05,0x05,0x05,0x65,0x76,0x76,
    0x76,0x76,0x76,0x76,0x76,0x76,0x00,0x00,0x00,0x00,0x00,0x00,0x00,0x00,0x00,0x00,
    0x00,0x00,0x00,0x00,0x00,0x00,0x00,0x00,0x00,0x00,0x00,0x00,0x00,0x00,0x00,0x00,
    0x62,0x62,0x62,0x62,0x62,0x62,0x62,0x62,0x62,0x62,0x62,0x62,0x62,0x62,0x62,0x62,
    0x62,0x62,0x62,0x62,0x62,0x62,0x62,0x62,0x62,0x62,0x62,0x62,0x62,0x62,0x62,0x62,
    0x62,0x62,0x62,0x62,0x62,0x62,0x62,0x62,0x62,0x62,0x62,0x62,0x62,0x62,0x62,0x62,
    0x62,0x62,0x62,0x62,0x62,0x62,0x62,0x62,0x62,0x62,0x30,0x57,0x05,0x05,0x05,0x05,
    0x05,0x7f,0x4f,0x62,0x62,0x62,0x62,0x62,0x3e,0x7a,0x05,0x05,0x05,0x05,0x05,0x05,
    0x05,0x05,0x05,0x05,0x05,0x05,0x05,0x05,0x05,0x05,0x05,0x05,0x7f,0x4f,0x62,0x62,
    0x62,0x62,0x62,0x62,0x62,0x62,0x00,0x00,0x00,0x00,0x00,0x00,0x00,0x00,0x00,0x00,
    0x00,0x00,0x00,0x00,0x00,0x00,0x00,0x00,0x00,0x00,0x00,0x00,0x00,0x00,0x00,0x00,
    0x62,0x62,0x62,0x62,0x62,0x62,0x62,0x62,0x62,0x62,0x62,0x62,0x62,0x62,0x62,0x62,
    0x62,0x62,0x62,0x62,0x62,0x62,0x62,0x62,0x62,0x62,0x62,0x62,0x62,0x62,0x62,0x62,
    0x62,0x62,0x62,0x62,0x62,0x62,0x62,0x62,0x62,0x62,0x62,0x62,0x62,0x62,0x62,0x62,
    0x62,0x62,0x62,0x62,0x62,0x62,0x62,0x62,0x62,0x62,0x49,0x1b,0x05,0x05,0x05,0x05,
    0x05,0x2a,0x30,0x62,0x62,0x62,0x62,0x51,0x65,0x05,0x05,0x05,0x05,0x05,0x05,0x05,
    0x05,0x05,0x05,0x05,0x05,0x05,0x05,0x05,0x05,0x05,0x05,0x7a,0x68,0x62,0x62,0x62,
    0x62,0x62,0x62,0x62,0x62,0x62,0x00,0x00,0x00,0x00,0x00,0x00,0x00,0x00,0x00,0x00,
    0x00,0x00,0x00,0x00,0x00,0x00,0x00,0x00,0x00,0x00,0x00,0x00,0x00,0x00,0x00,0x00,
    0x62,0x62,0x62,0x62,0x62,0x62,0x62,0x62,0x62,0x62,0x62,0x62,0x62,0x62,0x62,0x62,
    0x62,0x62,0x62,0x62,0x62,0x62,0x62,0x62,0x62,0x62,0x62,0x62,0x62,0x62,0x62,0x62,
    0x62,0x62,0x62,0x62,0x62,0x62,0x62,0x62,0x62,0x62,0x62,0x62,0x62,0x62,0x62,0x62,
    0x62,0x62,0x62,0x62,0x62,0x62,0x62,0x62,0x62,0x30,0x28,0x05,0x05,0x05,0x05,0x05,
    0x14,0x62,0x62,0x62,0x62,0x62,0x62,0x3c,0x05,0x05,0x05,0x05,0x05,0x05,0x05,0x05,
    0x05,0x05,0x05,0x05,0x05,0x05,0x05,0x05,0x05,0x05,0x05,0x1b,0x51,0x62,0x62,0x62,
    0x62,0x62,0x62,0x62,0x62,0x62,0x00,0x00,0x00,0x00,0x00,0x00,0x00,0x00,0x00,0x00,
    0x00,0x00,0x00,0x00,0x00,0x00,0x00,0x00,0x00,0x00,0x00,0x00,0x00,0x00,0x00,0x00,
    0x62,0x62,0x62,0x62,0x62,0x62,0x62,0x62,0x62,0x62,0x62,0x62,0x62,0x62,0x62,0x62,
    0x62,0x62,0x62,0x62,0x62,0x62,0x62,0x62,0x62,0x62,0x62,0x62,0x62,0x62,0x62,0x62,
    0x62,0x62,0x62,0x62,0x62,0x62,0x62,0x62,0x62,0x62,0x62,0x62,0x62,0x62,0x62,0x62,
    0x62,0x62,0x62,0x62,0x62,0x62,0x62,0x62,0x62,0x73,0x7f,0x05,0x05,0x05,0x05,0x7a,
    0x73,0x62,0x62,0x62,0x62,0x62,0x4f,0x65,0x05,0x05,0x05,0x05,0x05,0x05,0x05,0x05,
    0x05,0x05,0x05,0x05,0x05,0x05,0x05,0x05,0x05,0x05,0x7a,0x68,0x62,0x62,0x62,0x62,
    0x62,0x62,0x62,0x62,0x62,0x62,0x00,0x00,0x00,0x00,0x00,0x00,0x00,0x00,0x00,0x00,
    0x00,0x00,0x00,0x00,0x00,0x00,0x00,0x00,0x00,0x00,0x00,0x00,0x00,0x00,0x00,0x00,
    0x62,0x62,0x62,0x62,0x62,0x62,0x62,0x62,0x62,0x62,0x62,0x62,0x62,0x62,0x62,0x62,
    0x62,0x62,0x62,0x62,0x62,0x62,0x62,0x62,0x62,0x62,0x62,0x62,0x62,0x62,0x62,0x62,
    0x62,0x62,0x62,0x62,0x62,0x62,0x62,0x62,0x62,0x62,0x62,0x62,0x62,0x62,0x62,0x62,
    0x62,0x62,0x62,0x62,0x62,0x62,0x62,0x62,0x62,0x1e,0x05,0x05,0x05,0x05,0x05,0x1e,
    0x62,0x62,0x62,0x62,0x62,0x62,0x2f,0x7a,0x05,0x05,0x05,0x05,0x05,0x05,0x05,0x05,
    0x05,0x05,0x05,0x05,0x05,0x05,0x05,0x05,0x05,0x05,0x1e,0x30,0x62,0x62,0x62,0x62,
    0x62,0x62,0x62,0x62,0x62,0x62,0x00,0x00,0x00,0x00,0x00,0x00,0x00,0x00,0x00,0x00,
    0x00,0x00,0x00,0x00,0x00,0x00,0x00,0x00,0x00,0x00,0x00,0x00,0x00,0x00,0x00,0x00,
    0x62,0x62,0x62,0x62,0x62,0x62,0x62,0x62,0x62,0x62,0x62,0x62,0x62,0x62,0x62,0x62,
    0x62,0x62,0x62,0x62,0x62,0x62,0x62,0x62,0x62,0x62,0x62,0x62,0x62,0x62,0x62,0x62,
    0x62,0x62,0x62,0x62,0x62,0x62,0x62,0x62,0x62,0x62,0x62,0x62,0x62,0x62,0x62,0x62,
    0x62,0x62,0x62,0x62,0x62,0x62,0x62,0x62,0x69,0x7a,0x05,0x05,0x05,0x05,0x7f,0x49,
    0x62,0x62,0x62,0x62,0x62,0x4f,0x20,0x05,0x05,0x05,0x05,0x05,0x05,0x05,0x05,0x05,
    0x05,0x05,0x05,0x05,0x05,0x05,0x05,0x05,0x05,0x7f,0x39,0x62,0x62,0x62,0x62,0x62,
    0x62,0x62,0x62,0x62,0x62,0x62,0x00,0x00,0x00,0x00,0x00,0x00,0x00,0x00,0x00,0x00,
    0x00,0x00,0x00,0x00,0x00,0x00,0x00,0x00,0x00,0x00,0x00,0x00,0x00,0x00,0x00,0x00,
    0x62,0x62,0x62,0x62,0x62,0x62,0x62,0x62,0x62,0x62,0x62,0x62,0x62,0x62,0x62,0x62,
    0x62,0x62,0x62,0x62,0x62,0x62,0x62,0x62,0x62,0x62,0x62,0x62,0x62,0x62,0x62,0x62,
    0x62,0x62,0x62,0x62,0x62,0x62,0x62,0x62,0x62,0x62,0x62,0x62,0x62,0x62,0x62,0x62,
    0x62,0x62,0x62,0x62,0x62,0x62,0x62,0x4f,0x1b,0x05,0x05,0x05,0x05,0x05,0x28,0x30,
    0x62,0x62,0x62,0x62,0x62,0x48,0x7a,0x05,0x05,0x05,0x05,0x05,0x05,0x05,0x05,0x05,
    0x05,0x05,0x05,0x05,0x05,0x05,0x05,0x05,0x05,0x27,0x6f,0x62,0x62,0x62,0x62,0x62,
    0x62,0x62,0x62,0x62,0x62,0x62,0x00,0x00,0x00,0x00,0x00,0x00,0x00,0x00,0x00,0x00,
    0x00,0x00,0x00,0x00,0x00,0x00,0x00,0x00,0x00,0x00,0x00,0x00,0x00,0x00,0x00,0x00,
    0x62,0x62,0x62,0x62,0x62,0x62,0x62,0x62,0x62,0x62,0x62,0x62,0x62,0x62,0x62,0x62,
    0x62,0x62,0x62,0x62,0x62,0x62,0x62,0x62,0x62,0x62,0x62,0x62,0x62,0x62,0x62,0x62,
    0x62,0x62,0x62,0x62,0x62,0x62,0x62,0x62,0x62,0x62,0x62,0x62,0x62,0x62,0x62,0x62,
    0x62,0x62,0x62,0x62,0x62,0x62,0x62,0x24,0x05,0x05,0x05,0x05,0x05,0x1d,0x3c,0x62,
    0x62,0x62,0x62,0x62,0x40,0x43,0x05,0x05,0x05,0x05,0x05,0x05,0x05,0x05,0x05,0x05,
    0x05,0x05,0x05,0x05,0x05,0x05,0x05,0x05,0x7e,0x38,0x62,0x62,0x62,0x62,0x62,0x62,
    0x62,0x62,0x62,0x62,0x62,0x62,0x00,0x00,0x00,0x00,0x00,0x00,0x00,0x00,0x00,0x00,
    0x00,0x00,0x00,0x00,0x00,0x00,0x00,0x00,0x00,0x00,0x00,0x00,0x00,0x00,0x00,0x00,
    0x62,0x62,0x62,0x62,0x62,0x62,0x62,0x62,0x62,0x62,0x62,0x62,0x62,0x62,0x62,0x62,
    0x62,0x62,0x62,0x62,0x62,0x62,0x62,0x62,0x62,0x62,0x62,0x62,0x62,0x62,0x62,0x62,
    0x62,0x62,0x62,0x62,0x62,0x62,0x62,0x62,0x62,0x62,0x62,0x62,0x62,0x62,0x62,0x62,
    0x62,0x62,0x62,0x62,0x62,0x62,0x3c,0x79,0x03,0x03,0x03,0x03,0x7c,0x6b,0x62,0x62,
    0x62,0x62,0x62,0x62,0x35,0x7d,0x03,0x03,0x03,0x03,0x03,0x03,0x03,0x03,0x03,0x03,
    0x03,0x03,0x03,0x03,0x03,0x03,0x03,0x02,0x67,0x62,0x62,0x62,0x62,0x62,0x62,0x62,
    0x62,0x62,0x62,0x62,0x62,0x62,0x00,0x00,0x00,0x00,0x00,0x00,0x00,0x00,0x00,0x00,
    0x00,0x00,0x00,0x00,0x00,0x00,0x00,0x00,0x00,0x00,0x00,0x00,0x00,0x00,0x00,0x00,
    0x52,0x52,0x52,0x52,0x52,0x52,0x52,0x52,0x52,0x52,0x52,0x52,0x52,0x52,0x52,0x52,
    0x52,0x52,0x52,0x52,0x52,0x52,0x52,0x52,0x52,0x52,0x52,0x52,0x52,0x52,0x52,0x52,
    0x52,0x52,0x52,0x52,0x52,0x52,0x52,0x52,0x52,0x52,0x52,0x52,0x52,0x52,0x52,0x52,
    0x52,0x52,0x52,0x52,0x52,0x50,0x45,0x0c,0x0c,0x0c,0x0c,0x0c,0x81,0x2e,0x52,0x52,
    0x52,0x52,0x52,0x4d,0x87,0x0c,0x0c,0x0c,0x0c,0x0c,0x0c,0x0c,0x0c,0x0c,0x0c,0x0c,
    0x0c,0x0c,0x0c,0x0c,0x0c,0x0c,0x0c,0x0b,0x5b,0x52,0x52,0x52,0x52,0x52,0x52,0x52,
    0x52,0x52,0x52,0x52,0x52,0x52,0x00,0x00,0x00,0x00,0x00,0x00,0x00,0x00,0x00,0x00,
    0x00,0x00,0x00,0x00,0x00,0x00,0x00,0x00,0x00,0x00,0x00,0x00,0x00,0x00,0x00,0x00,
    0x13,0x13,0x13,0x13,0x13,0x13,0x13,0x13,0x13,0x13,0x13,0x13,0x13,0x13,0x13,0x13,
    0x13,0x13,0x13,0x13,0x13,0x13,0x13,0x13,0x13,0x13,0x13,0x13,0x13,0x13,0x13,0x13,
    0x13,0x13,0x13,0x13,0x13,0x13,0x13,0x13,0x13,0x13,0x13,0x13,0x13,0x13,0x13,0x13,
    0x13,0x13,0x13,0x13,0x13,0x89,0x89,0x89,0x89,0x89,0x89,0x89,0x89,0x89,0x13,0x13,
    0x13,0x13,0x13,0x89,0x89,0x89,0x89,0x89,0x89,0x89,0x89,0x89,0x89,0x89,0x89,0x89,
    0x89,0x89,0x89,0x89,0x89,0x89,0x89,0x89,0x89,0x13,0x13,0x13,0x13,0x13,0x13,0x13,
    0x13,0x13,0x13,0x13,0x13,0x13,0x00,0x00,0x00,0x00,0x00,0x00,0x00,0x00,0x00,0x00,
    0x00,0x00,0x00,0x00,0x00,0x00,0x00,0x00,0x00,0x00,0x00,0x00,0x00,0x00,0x00,0x00,
    0x13,0x13,0x13,0x13,0x13,0x13,0x13,0x13,0x13,0x13,0x13,0x13,0x13,0x13,0x13,0x13,
    0x13,0x13,0x13,0x13,0x13,0x13,0x13,0x13,0x13,0x13,0x13,0x13,0x13,0x13,0x13,0x13,
    0x13,0x13,0x13,0x13,0x13,0x13,0x13,0x13,0x13,0x13,0x13,0x13,0x13,0x13,0x13,0x13,
    0x13,0x13,0x13,0x13,0x13,0x13,0x13,0x13,0x13,0x13,0x13,0x13,0x13,0x13,0x13,0x13,
    0x13,0x13,0x13,0x13,0x13,0x13,0x13,0x13,0x13,0x13,0x13,0x13,0x13,0x13,0x13,0x13,
    0x13,0x13,0x13,0x13,0x13,0x13,0x13,0x13,0x13,0x13,0x13,0x13,0x13,0x13,0x13,0x13,
    0x13,0x13,0x13,0x13,0x13,0x13,0x00,0x00,0x00,0x00,0x00,0x00,0x00,0x00,0x00,0x00,
    0x00,0x00,0x00,0x00,0x00,0x00,0x00,0x00,0x00,0x00,0x00,0x00,0x00,0x00,0x00,0x00,
    0x13,0x13,0x13,0x13,0x13,0x13,0x13,0x13,0x13,0x13,0x13,0x13,0x13,0x13,0x13,0x13,
    0x13,0x13,0x13,0x13,0x13,0x13,0x13,0x13,0x13,0x13,0x13,0x13,0x13,0x13,0x13,0x13,
    0x13,0x13,0x13,0x13,0x13,0x13,0x13,0x13,0x13,0x13,0x13,0x13,0x13,0x13,0x13,0x13,
    0x13,0x13,0x13,0x13,0x13,0x13,0x13,0x13,0x13,0x13,0x13,0x13,0x13,0x13,0x13,0x13,
    0x13,0x13,0x13,0x13,0x13,0x13,0x13,0x13,0x13,0x13,0x13,0x13,0x13,0x13,0x13,0x13,
    0x13,0x13,0x13,0x13,0x13,0x13,0x13,0x13,0x13,0x13,0x13,0x13,0x13,0x13,0x13,0x13,
    0x13,0x13,0x13,0x13,0x13,0x13,0x00,0x00,0x00,0x00,0x00,0x00,0x00,0x00,0x00,0x00,
    0x00,0x00,0x00,0x00,0x00,0x00,0x00,0x00,0x00,0x00,0x00,0x00,0x00,0x00,0x00,0x00,
    0x13,0x13,0x13,0x13,0x13,0x13,0x13,0x13,0x13,0x13,0x13,0x13,0x13,0x13,0x13,0x13,
    0x13,0x13,0x13,0x13,0x13,0x13,0x13,0x13,0x13,0x13,0x13,0x13,0x13,0x13,0x13,0x13,
    0x13,0x13,0x13,0x13,0x13,0x13,0x13,0x13,0x13,0x13,0x13,0x13,0x13,0x13,0x13,0x13,
    0x13,0x13,0x13,0x13,0x13,0x13,0x13,0x13,0x13,0x13,0x13,0x13,0x13,0x13,0x13,0x13,
    0x13,0x13,0x13,0x13,0x13,0x13,0x13,0x13,0x13,0x13,0x13,0x13,0x13,0x13,0x13,0x13,
    0x13,0x13,0x13,0x13,0x13,0x13,0x13,0x13,0x13,0x13,0x13,0x13,0x13,0x13,0x13,0x13,
    0x13,0x13,0x13,0x13,0x13,0x13,0x00,0x00,0x00,0x00,0x00,0x00,0x00,0x00,0x00,0x00,
    0x00,0x00,0x00,0x00,0x00,0x00,0x00,0x00,0x00,0x00,0x00,0x00,0x00,0x00,0x00,0x00,
    0x13,0x13,0x13,0x13,0x13,0x13,0x13,0x13,0x13,0x13,0x13,0x13,0x13,0x13,0x13,0x13,
    0x13,0x13,0x13,0x13,0x13,0x13,0x13,0x13,0x13,0x13,0x13,0x13,0x13,0x13,0x13,0x13,
    0x13,0x13,0x13,0x13,0x13,0x13,0x13,0x13,0x13,0x13,0x13,0x13,0x13,0x13,0x13,0x13,
    0x13,0x13,0x13,0x13,0x13,0x13,0x13,0x13,0x13,0x13,0x13,0x13,0x13,0x13,0x13,0x13,
    0x13,0x13,0x13,0x13,0x13,0x13,0x13,0x13,0x13,0x13,0x13,0x13,0x13,0x13,0x13,0x13,
    0x13,0x13,0x13,0x13,0x13,0x13,0x13,0x13,0x13,0x13,0x13,0x13,0x13,0x13,0x13,0x13,
    0x13,0x13,0x13,0x13,0x13,0x13,0x00,0x00,0x00,0x00,0x00,0x00,0x00,0x00,0x00,0x00,
    0x00,0x00,0x00,0x00,0x00,0x00,0x00,0x00,0x00,0x00,0x00,0x00,0x00,0x00,0x00,0x00,
    0x13,0x13,0x13,0x13,0x13,0x13,0x13,0x89,0x89,0x89,0x89,0x89,0x13,0x13,0x13,0x13,
    0x13,0x13,0x13,0x13,0x13,0x13,0x13,0x13,0x13,0x13,0x13,0x13,0x13,0x13,0x13,0x13,
    0x13,0x13,0x13,0x13,0x13,0x13,0x13,0x13,0x13,0x13,0x13,0x13,0x13,0x13,0x13,0x13,
    0x13,0x89,0x89,0x89,0x89,0x89,0x89,0x89,0x89,0x89,0x13,0x13,0x13,0x13,0x89,0x89,
    0x89,0x89,0x89,0x89,0x89,0x89,0x89,0x89,0x89,0x89,0x89,0x89,0x89,0x89,0x89,0x89,
    0x89,0x89,0x89,0x89,0x89,0x89,0x13,0x13,0x13,0x13,0x13,0x13,0x13,0x13,0x13,0x13,
    0x13,0x13,0x13,0x13,0x13,0x13,0x00,0x00,0x00,0x00,0x00,0x00,0x00,0x00,0x00,0x00,
    0x00,0x00,0x00,0x00,0x00,0x00,0x00,0x00,0x00,0x00,0x00,0x00,0x00,0x00,0x00,0x00,
    0x53,0x53,0x53,0x53,0x53,0x53,0x53,0x53,0x4b,0x60,0x61,0x52,0x53,0x53,0x53,0x53,
    0x53,0x53,0x53,0x53,0x53,0x53,0x53,0x53,0x53,0x53,0x53,0x53,0x53,0x53,0x53,0x53,
    0x53,0x53,0x53,0x53,0x53,0x53,0x53,0x53,0x53,0x53,0x53,0x53,0x53,0x53,0x53,0x53,
    0x53,0x3f,0x21,0x0d,0x0d,0x0d,0x0d,0x0d,0x16,0x41,0x53,0x53,0x53,0x53,0x52,0x3a,
    0x18,0x0d,0x0d,0x0d,0x0d,0x0d,0x0d,0x0d,0x0d,0x0d,0x0d,0x0d,0x0d,0x0d,0x0d,0x0d,
    0x0d,0x0d,0x0d,0x0d,0x6a,0x50,0x53,0x53,0x53,0x53,0x53,0x53,0x53,0x53,0x53,0x53,
    0x53,0x53,0x53,0x53,0x53,0x53,0x00,0x00,0x00,0x00,0x00,0x00,0x00,0x00,0x00,0x00,
    0x00,0x00,0x00,0x00,0x00,0x00,0x00,0x00,0x00,0x00,0x00,0x00,0x00,0x00,0x00,0x00,
    0x62,0x62,0x62,0x62,0x62,0x62,0x62,0x62,0x62,0x4f,0x47,0x62,0x62,0x62,0x62,0x62,
    0x62,0x62,0x62,0x62,0x62,0x62,0x62,0x62,0x62,0x62,0x62,0x62,0x62,0x62,0x62,0x62,
    0x62,0x62,0x62,0x62,0x62,0x62,0x62,0x62,0x62,0x62,0x62,0x62,0x62,0x62,0x62,0x62,
    0x62,0x5f,0x1a,0x03,0x03,0x03,0x03,0x03,0x38,0x62,0x62,0x62,0x62,0x62,0x62,0x6e,
    0x1a,0x03,0x03,0x03,0x03,0x03,0x03,0x03,0x03,0x03,0x03,0x03,0x03,0x03,0x03,0x03,
    0x03,0x03,0x03,0x7d,0x6e,0x62,0x62,0x62,0x62,0x62,0x62,0x62,0x62,0x62,0x62,0x62,
    0x62,0x62,0x62,0x62,0x62,0x62,0x00,0x00,0x00,0x00,0x00,0x00,0x00,0x00,0x00,0x00,
    0x00,0x00,0x00,0x00,0x00,0x00,0x00,0x00,0x00,0x00,0x00,0x00,0x00,0x00,0x00,0x00,
    0x62,0x62,0x62,0x62,0x62,0x62,0x51,0x3c,0x39,0x28,0x05,0x3e,0x62,0x62,0x62,0x62,
    0x62,0x62,0x62,0x62,0x62,0x62,0x62,0x62,0x62,0x62,0x62,0x62,0x62,0x62,0x62,0x62,
    0x62,0x62,0x62,0x62,0x62,0x62,0x62,0x62,0x62,0x62,0x62,0x62,0x62,0x62,0x62,0x62,
    0x4f,0x32,0x05,0x05,0x05,0x05,0x05,0x1b,0x51,0x62,0x62,0x62,0x62,0x62,0x6f,0x57,
    0x05,0x05,0x05,0x05,0x05,0x05,0x05,0x05,0x05,0x05,0x05,0x05,0x05,0x05,0x05,0x05,
    0x05,0x05,0x05,0x69,0x62,0x62,0x62,0x62,0x62,0x62,0x62,0x62,0x62,0x62,0x62,0x62,
    0x62,0x62,0x62,0x62,0x62,0x62,0x00,0x00,0x00,0x00,0x00,0x00,0x00,0x00,0x00,0x00,
    0x00,0x00,0x00,0x00,0x00,0x00,0x00,0x00,0x00,0x00,0x00,0x00,0x00,0x00,0x00,0x00,
    0x62,0x62,0x62,0x62,0x62,0x40,0x65,0x14,0x05,0x05,0x05,0x69,0x5d,0x5d,0x5d,0x5d,
    0x5d,0x3c,0x62,0x62,0x62,0x62,0x62,0x62,0x62,0x62,0x62,0x62,0x62,0x62,0x62,0x62,
    0x62,0x62,0x62,0x62,0x62,0x62,0x62,0x62,0x62,0x62,0x62,0x62,0x62,0x62,0x62,0x62,
    0x69,0x7f,0x05,0x05,0x05,0x05,0x7a,0x49,0x62,0x62,0x62,0x62,0x62,0x62,0x4a,0x05,
    0x05,0x05,0x05,0x05,0x05,0x05,0x05,0x05,0x05,0x05,0x05,0x05,0x05,0x05,0x05,0x05,
    0x05,0x05,0x82,0x62,0x62,0x62,0x62,0x62,0x62,0x62,0x62,0x62,0x62,0x62,0x62,0x62,
    0x62,0x62,0x62,0x62,0x62,0x62,0x00,0x00,0x00,0x00,0x00,0x00,0x00,0x00,0x00,0x00,
    0x00,0x00,0x00,0x00,0x00,0x00,0x00,0x00,0x00,0x00,0x00,0x00,0x00,0x00,0x00,0x00,
    0x62,0x62,0x62,0x62,0x62,0x48,0x14,0x7f,0x1b,0x1b,0x1b,0x14,0x7a,0x7a,0x7a,0x7a,
    0x7a,0x82,0x62,0x62,0x62,0x62,0x62,0x62,0x62,0x62,0x62,0x62,0x62,0x62,0x62,0x62,
    0x62,0x62,0x62,0x62,0x62,0x62,0x62,0x62,0x62,0x62,0x62,0x62,0x62,0x62,0x62,0x51,
    0x1b,0x05,0x05,0x05,0x05,0x05,0x27,0x62,0x62,0x62,0x62,0x62,0x62,0x4f,0x57,0x05,
    0x05,0x05,0x05,0x05,0x05,0x05,0x05,0x05,0x05,0x05,0x05,0x05,0x05,0x05,0x05,0x05,
    0x05,0x14,0x69,0x62,0x62,0x62,0x62,0x62,0x62,0x62,0x62,0x62,0x62,0x62,0x62,0x62,
    0x62,0x62,0x62,0x62,0x62,0x62,0x00,0x00,0x00,0x00,0x00,0x00,0x00,0x00,0x00,0x00,
    0x00,0x00,0x00,0x00,0x00,0x00,0x00,0x00,0x00,0x00,0x00,0x00,0x00,0x00,0x00,0x00,
    0x62,0x62,0x62,0x62,0x62,0x62,0x62,0x62,0x62,0x62,0x62,0x62,0x62,0x62,0x62,0x62,
    0x62,0x62,0x62,0x62,0x62,0x62,0x62,0x62,0x62,0x62,0x62,0x62,0x62,0x62,0x62,0x62,
    0x62,0x62,0x62,0x62,0x62,0x62,0x62,0x62,0x62,0x62,0x62,0x62,0x62,0x62,0x62,0x68,
    0x7a,0x05,0x05,0x05,0x05,0x7f,0x5d,0x62,0x62,0x62,0x62,0x62,0x62,0x49,0x05,0x05,
    0x05,0x05,0x05,0x05,0x05,0x05,0x05,0x05,0x05,0x05,0x05,0x05,0x05,0x05,0x05,0x05,
    0x05,0x1e,0x62,0x62,0x62,0x62,0x62,0x62,0x62,0x62,0x62,0x62,0x62,0x62,0x62,0x62,
    0x62,0x62,0x62,0x62,0x62,0x62,0x00,0x00,0x00,0x00,0x00,0x00,0x00,0x00,0x00,0x00,
    0x00,0x00,0x00,0x00,0x00,0x00,0x00,0x00,0x00,0x00,0x00,0x00,0x00,0x00,0x00,0x00,
    0xff,0xff,0xff,0xff,0xff,0xff,0xff,0xff,0xff,0xff,0xff,0xff,0xff,0xff,0xff,0xff,
    0xff,0xff,0xff,0xff,0xff,0xff,0xff,0xff,0xff,0xff,0xff,0xff,0xff,0xff,0xff,0xff,
    0xff,0xff,0xff,0xff,0xff,0xff,0xff,0xff,0xff,0xff,0xff,0xff,0xff,0xff,0xff,0xff,
    0xff,0xff,0xff,0xff,0xff,0xff,0xff,0xff,0xff,0xff,0xff,0xff,0xff,0xff,0xff,0xff,
    0xff,0xff,0xff,0xff,0xff,0xff,0xff,0xff,0xff,0xff,0xff,0xff,0xff,0xff,0xff,0xff,
    0xff,0xff,0xff,0xff,0xff,0xff,0xff,0xff,0xff,0xff,0xff,0xff,0xff,0xff,0xff,0xff,
    0xff,0xff,0xff,0xff,0xff,0xff,0xff,0xff,0xff,0xff,0xff,0xff,0xff,0xff,0xff,0xff,
    0xff,0xff,0xff,0xff,0xff,0xff,0xff,0xff,0xff,0xff,0xff,0xff,0xff,0xff,0xff,0xff,
    0xff,0xff,0xff,0xff,0xff,0xff,0xff,0xff,0xff,0xff,0xff,0xff,0xff,0xff,0xff,0xff,
    0xff,0xff,0xff,0xff,0xff,0xff,0xff,0xff,0xff,0xff,0xff,0xff,0xff,0xff,0xff,0xff,
    0xff,0xff,0xff,0xff,0xff,0xff,0xff,0xff,0xff,0xff,0xff,0xff,0xff,0xff,0xff,0xff,
    0xff,0xff,0xff,0xff,0xff,0xff,0xff,0xff,0xff,0xff,0xff,0xff,0xff,0xff,0xff,0xff,
    0xff,0xff,0xff,0xff,0xff,0xff,0xff,0xff,0xff,0xff,0xff,0xff,0xff,0xff,0xff,0xff,
    0xff,0xff,0xff,0xff,0xff,0xff,0xff,0xff,0xff,0xff,0xff,0xff,0xff,0xff,0xff,0xff,
    0xff,0xff,0xff,0xff,0xff,0xff,0xff,0xff,0xff,0xff,0xff,0xff,0xff,0xff,0xff,0xff,
    0xff,0xff,0xff,0xff,0xff,0xff,0xff,0xff,0xff,0xff,0xff,0xff,0xff,0xff,0xff,0xff,
    0xff,0xff,0xff,0xff,0xff,0xff,0xff,0xff,0xff,0xff,0xff,0xff,0xff,0xff,0xff,0xff,
    0xff,0xff,0xff,0xff,0xff,0xff,0xff,0xff,0xff,0xff,0xff,0xff,0xff,0xff,0xff,0xff,
    0xff,0xff,0xff,0xff,0xff,0xff,0xff,0xff,0xff,0xff,0xff,0xff,0xff,0xff,0xff,0xff,
    0xff,0xff,0xff,0xff,0xff,0xff,0xff,0xff,0xff,0xff,0xff,0xff,0xff,0xff,0xff,0xff,
    0xff,0xff,0xff,0xff,0xff,0xff,0xff,0xff,0xff,0xff,0xff,0xff,0xff,0xff,0xff,0xff,
    0xff,0xff,0xff,0xff,0xff,0xff,0xff,0xff,0xff,0xff,0xff,0xff,0xff,0xff,0xff,0xff,
    0xff,0xff,0xff,0xff,0xff,0xff,0xff,0xff,0xff,0xff,0xff,0xff,0xff,0xff,0xff,0xff,
    0xff,0xff,0xff,0xff,0xff,0xff,0xff,0xff,0xff,0xff,0xff,0xff,0xff,0xff,0xff,0xff,
    0xff,0xff,0xff,0xff,0xff,0xff,0xff,0xff,0xff,0xff,0xff,0xff,0xff,0xff,0xff,0xff,
    0xff,0xff,0xff,0xff,0xff,0xff,0xff,0xff,0xff,0xff,0xff,0xff,0xff,0xff,0xff,0xff,
    0xff,0xff,0xff,0xff,0xff,0xff,0xff,0xff,0xff,0xff,0xff,0xff,0xff,0xff,0xff,0xff,
    0xff,0xff,0xff,0xff,0xff,0xff,0xff,0xff,0xff,0xff,0xff,0xff,0xff,0xff,0xff,0xff,
    0xff,0xff,0xff,0xff,0xff,0xff,0xff,0xff,0xff,0xff,0xff,0xff,0xff,0xff,0xff,0xff,
    0xff,0xff,0xff,0xff,0xff,0xff,0xff,0xff,0xff,0xff,0xff,0xff,0xff,0xff,0xff,0xff,
    0xff,0xff,0xff,0xff,0xff,0xff,0xff,0xff,0xff,0xff,0xff,0xff,0xff,0xff,0xff,0xff,
    0xff,0xff,0xff,0xff,0xff,0xff,0xff,0xff,0xff,0xff,0xff,0xff,0xff,0xff,0xff,0xff,
    0xff,0xff,0xff,0xff,0xff,0xff,0xff,0xff,0xff,0xff,0xff,0xff,0xff,0xff,0xff,0xff,
    0xff,0xff,0xff,0xff,0xff,0xff,0xff,0xff,0xff,0xff,0xff,0xff,0xff,0xff,0xff,0xff,
    0xff,0xff,0xff,0xff,0xff,0xff,0xff,0xff,0xff,0xff,0xff,0xff,0xff,0xff,0xff,0xff,
    0xff,0xff,0xff,0xff,0xff,0xff,0xff,0xff,0xff,0xff,0xff,0xff,0xff,0xff,0xff,0xff,
    0xff,0xff,0xff,0xff,0xff,0xff,0xff,0xff,0xff,0xff,0xff,0xff,0xff,0xff,0xff,0xff,
    0xff,0xff,0xff,0xff,0xff,0xff,0xff,0xff,0xff,0xff,0xff,0xff,0xff,0xff,0xff,0xff,
    0xff,0xff,0xff,0xff,0xff,0xff,0xff,0xff,0xff,0xff,0xff,0xff,0xff,0xff,0xff,0xff,
    0xff,0xff,0xff,0xff,0xff,0xff,0xff,0xff,0xff,0xff,0xff,0xff,0xff,0xff,0xff,0xff,
    0xff,0xff,0xff,0xff,0xff,0xff,0xff,0xff,0xff,0xff,0xff,0xff,0xff,0xff,0xff,0xff,
    0xff,0xff,0xff,0xff,0xff,0xff,0xff,0xff,0xff,0xff,0xff,0xff,0xff,0xff,0xff,0xff,
    0xff,0xff,0xff,0xff,0xff,0xff,0xff,0xff,0xff,0xff,0xff,0xff,0xff,0xff,0xff,0xff,
    0xff,0xff,0xff,0xff,0xff,0xff,0xff,0xff,0xff,0xff,0xff,0xff,0xff,0xff,0xff,0xff,
    0xff,0xff,0xff,0xff,0xff,0xff,0xff,0xff,0xff,0xff,0xff,0xff,0xff,0xff,0xff,0xff,
    0xff,0xff,0xff,0xff,0xff,0xff,0xff,0xff,0xff,0xff,0xff,0xff,0xff,0xff,0xff,0xff,
    0xff,0xff,0xff,0xff,0xff,0xff,0xff,0xff,0xff,0xff,0xff,0xff,0xff,0xff,0xff,0xff,
    0xff,0xff,0xff,0xff,0xff,0xff,0xff,0xff,0xff,0xff,0xff,0xff,0xff,0xff,0xff,0xff,
    0xff,0xff,0xff,0xff,0xff,0xff,0xff,0xff,0xff,0xff,0xff,0xff,0xff,0xff,0xff,0xff,
    0xff,0xff,0xff,0xff,0xff,0xff,0xff,0xff,0xff,0xff,0xff,0xff,0xff,0xff,0xff,0xff,
    0xff,0xff,0xff,0xff,0xff,0xff,0xff,0xff,0xff,0xff,0xff,0xff,0xff,0xff,0xff,0xff,
    0xff,0xff,0xff,0xff,0xff,0xff,0xff,0xff,0xff,0xff,0xff,0xff,0xff,0xff,0xff,0xff,
    0xff,0xff,0xff,0xff,0xff,0xff,0xff,0xff,0xff,0xff,0xff,0xff,0xff,0xff,0xff,0xff,
    0xff,0xff,0xff,0xff,0xff,0xff,0xff,0xff,0xff,0xff,0xff,0xff,0xff,0xff,0xff,0xff,
    0xff,0xff,0xff,0xff,0xff,0xff,0xff,0xff,0xff,0xff,0xff,0xff,0xff,0xff,0xff,0xff,
    0xff,0xff,0xff,0xff,0xff,0xff,0xff,0xff,0xff,0xff,0xff,0xff,0xff,0xff,0xff,0xff,
    0xff,0xff,0xff,0xff,0xff,0xff,0xff,0xff,0xff,0xff,0xff,0xff,0xff,0xff,0xff,0xff,
    0xff,0xff,0xff,0xff,0xff,0xff,0xff,0xff,0xff,0xff,0xff,0xff,0xff,0xff,0xff,0xff,
    0xff,0xff,0xff,0xff,0xff,0xff,0xff,0xff,0xff,0xff,0xff,0xff,0xff,0xff,0xff,0xff,
    0xff,0xff,0xff,0xff,0xff,0xff,0xff,0xff,0xff,0xff,0xff,0xff,0xff,0xff,0xff,0xff,
    0xff,0xff,0xff,0xff,0xff,0xff,0xff,0xff,0xff,0xff,0xff,0xff,0xff,0xff,0xff,0xff,
    0xff,0xff,0xff,0xff,0xff,0xff,0xff,0xff,0xff,0xff,0xff,0xff,0xff,0xff,0xff,0xff,
    0xff,0xff,0xff,0xff,0xff,0xff,0xff,0xff,0xff,0xff,0xff,0xff,0xff,0xff,0xff,0xff,
    0xff,0xff,0xff,0xff,0xff,0xff,0xff,0xff,0xff,0xff,0xff,0xff,0xff,0xff,0xff,0xff,
    0xff,0xff,0xff,0xff,0xff,0xff,0xff,0xff,0xff,0xff,0xff,0xff,0xff,0xff,0xff,0xff,
    0xff,0xff,0xff,0xff,0xff,0xff,0xff,0xff,0xff,0xff,0xff,0xff,0xff,0xff,0xff,0xff,
    0xff,0xff,0xff,0xff,0xff,0xff,0xff,0xff,0xff,0xff,0xff,0xff,0xff,0xff,0xff,0xff,
    0xff,0xff,0xff,0xff,0xff,0xff,0xff,0xff,0xff,0xff,0xff,0xff,0xff,0xff,0xff,0xff,
    0xff,0xff,0xff,0xff,0xff,0xff,0xff,0xff,0xff,0xff,0xff,0xff,0xff,0xff,0xff,0xff,
    0xff,0xff,0xff,0xff,0xff,0xff,0xff,0xff,0xff,0xff,0xff,0xff,0xff,0xff,0xff,0xff,
    0xff,0xff,0xff,0xff,0xff,0xff,0xff,0xff,0xff,0xff,0xff,0xff,0xff,0xff,0xff,0xff,
    0xff,0xff,0xff,0xff,0xff,0xff,0xff,0xff,0xff,0xff,0xff,0xff,0xff,0xff,0xff,0xff,
    0xff,0xff,0xff,0xff,0xff,0xff,0xff,0xff,0xff,0xff,0xff,0xff,0xff,0xff,0xff,0xff,
    0xff,0xff,0xff,0xff,0xff,0xff,0xff,0xff,0xff,0xff,0xff,0xff,0xff,0xff,0xff,0xff,
    0xff,0xff,0xff,0xff,0xff,0xff,0xff,0xff,0xff,0xff,0xff,0xff,0xff,0xff,0xff,0xff,
    0xff,0xff,0xff,0xff,0xff,0xff,0xff,0xff,0xff,0xff,0xff,0xff,0xff,0xff,0xff,0xff,
    0xff,0xff,0xff,0xff,0xff,0xff,0xff,0xff,0xff,0xff,0xff,0xff,0xff,0xff,0xff,0xff,
    0xff,0xff,0xff,0xff,0xff,0xff,0xff,0xff,0xff,0xff,0xff,0xff,0xff,0xff,0xff,0xff,
    0xff,0xff,0xff,0xff,0xff,0xff,0xff,0xff,0xff,0xff,0xff,0xff,0xff,0xff,0xff,0xff,
    0xff,0xff,0xff,0xff,0xff,0xff,0xff,0xff,0xff,0xff,0xff,0xff,0xff,0xff,0xff,0xff,
    0xff,0xff,0xff,0xff,0xff,0xff,0xff,0xff,0xff,0xff,0xff,0xff,0xff,0xff,0xff,0xff,
    0xff,0xff,0xff,0xff,0xff,0xff,0xff,0xff,0xff,0xff,0xff,0xff,0xff,0xff,0xff,0xff,
    0xff,0xff,0xff,0xff,0xff,0xff,0xff,0xff,0xff,0xff,0xff,0xff,0xff,0xff,0xff,0xff,
    0xff,0xff,0xff,0xff,0xff,0xff,0xff,0xff,0xff,0xff,0xff,0xff,0xff,0xff,0xff,0xff,
    0xff,0xff,0xff,0xff,0xff,0xff,0xff,0xff,0xff,0xff,0xff,0xff,0xff,0xff,0xff,0xff,
    0xff,0xff,0xff,0xff,0xff,0xff,0xff,0xff,0xff,0xff,0xff,0xff,0xff,0xff,0xff,0xff,
    0xff,0xff,0xff,0xff,0xff,0xff,0xff,0xff,0xff,0xff,0xff,0xff,0xff,0x02,0x04,0x04,
    0x03,0xff,0xff,0xff,0xff,0xff,0xff,0xff,0xff,0xff,0xff,0xff,0xff,0xff,0xff,0xff,
    0xff,0xff,0xff,0xff,0xff,0xff,0xff,0xff,0xff,0xff,0xff,0xff,0xff,0xff,0xff,0xff,
    0xff,0xff,0xff,0xff,0xff,0xff,0xff,0xff,0xff,0xff,0xff,0xff,0xff,0xff,0xff,0xff,
    0xff,0xff,0xff,0xff,0xff,0xff,0xff,0xff,0xff,0xff,0xff,0xff,0xff,0xff,0xff,0xff,
    0xff,0xff,0xff,0xff,0xff,0xff,0xff,0xff,0xff,0xff,0xff,0xff,0xff,0xff,0xff,0xff,
    0xff,0xff,0xff,0xff,0xff,0xff,0xff,0xff,0xff,0xff,0xff,0xff,0xff,0xff,0xff,0xff,
    0xff,0xff,0xff,0xff,0xff,0xff,0xff,0xff,0xff,0xff,0xff,0xff,0xff,0xff,0xff,0xff,
    0xff,0xff,0xff,0xff,0xff,0xff,0xff,0xff,0xff,0xff,0xff,0x04,0x10,0x16,0x17,0xf1,
    0xe6,0x13,0x0f,0x03,0xff,0xff,0xff,0xff,0xff,0xff,0xff,0xff,0xff,0xff,0xff,0xff,
    0xff,0xff,0xff,0xff,0xff,0xff,0xff,0xff,0xff,0xff,0xff,0xff,0xff,0xff,0xff,0xff,
    0xff,0xff,0xff,0xff,0xff,0xff,0xff,0xff,0xff,0xff,0xff,0xff,0xff,0xff,0xff,0xff,
    0xff,0xff,0xff,0xff,0xff,0xff,0xff,0xff,0xff,0xff,0xff,0xff,0xff,0xff,0xff,0xff,
    0xff,0xff,0xff,0xff,0xff,0xff,0xff,0xff,0xff,0xff,0xff,0xff,0xff,0xff,0xff,0xff,
    0xff,0xff,0xff,0xff,0xff,0xff,0xff,0xff,0xff,0xff,0xff,0xff,0xff,0xff,0xff,0xff,
    0xff,0xff,0xff,0xff,0xff,0xff,0xff,0xff,0xff,0xff,0xff,0xff,0xff,0xff,0xff,0xff,
    0xff,0xff,0xff,0xff,0xff,0xff,0xff,0xff,0xff,0xff,0x0d,0x16,0x11,0x46,0xde,0x7f,
    0x81,0x32,0x0e,0xf1,0x0c,0x01,0xff,0xff,0xff,0xff,0xff,0xff,0xff,0xff,0xff,0xff,
    0xff,0xff,0xff,0xff,0xff,0xff,0xff,0xff,0xff,0xff,0xff,0xff,0xff,0xff,0xff,0xff,
    0xff,0xff,0xff,0xff,0xff,0xff,0xff,0xff,0xff,0xff,0xff,0xff,0xff,0xff,0xff,0xff,
    0xff,0xff,0xff,0xff,0xff,0xff,0xff,0xff,0xff,0xff,0xff,0xff,0xff,0xff,0xff,0xff,
    0xff,0xff,0xff,0xff,0xff,0xff,0xff,0xff,0xff,0xff,0xff,0xff,0xff,0xff,0xff,0xff,
    0xff,0xff,0xff,0xff,0xff,0xff,0xff,0xff,0xff,0xff,0xff,0xff,0xff,0xff,0xff,0xff,
    0xff,0xff,0xff,0xff,0xff,0xff,0xff,0xff,0xff,0xff,0xff,0xff,0xff,0xff,0xff,0xff,
    0xff,0xff,0xff,0xff,0xff,0xff,0xff,0xff,0x01,0x11,0x16,0xdd,0x92,0x95,0x93,0xb4,
    0x93,0x9d,0x62,0xe3,0xe8,0x12,0x02,0xff,0xff,0xff,0xff,0xff,0xff,0xff,0xff,0xff,
    0xff,0xff,0xff,0xff,0xff,0xff,0xff,0xff,0xff,0xff,0xff,0xff,0xff,0xff,0xff,0xff,
    0xff,0xff,0xff,0xff,0xff,0xff,0xff,0xff,0xff,0xff,0xff,0xff,0xff,0xff,0xff,0xff,
    0xff,0xff,0xff,0xff,0xff,0xff,0xff,0xff,0xff,0xff,0xff,0xff,0xff,0xff,0xff,0xff,
    0xff,0xff,0xff,0xff,0xff,0xff,0xff,0xff,0xff,0xff,0xff,0xff,0xff,0xff,0xff,0xff,
    0xff,0xff,0xff,0xff,0xff,0xff,0xff,0xff,0xff,0xff,0xff,0xff,0xff,0xff,0xff,0xff,
    0xff,0xff,0xff,0xff,0xff,0xff,0xff,0xff,0xff,0xff,0xff,0xff,0xff,0xff,0xff,0xff,
    0xff,0xff,0xff,0xff,0xff,0xff,0xff,0xff,0x12,0xf1,0x7f,0x97,0x6d,0x6e,0x71,0x40,
    0x4b,0xb6,0xb4,0xa0,0x21,0x13,0x14,0x01,0xff,0xff,0xff,0xff,0xff,0xff,0xff,0xff,
    0xff,0xff,0xff,0xff,0xff,0xff,0xff,0xff,0xff,0xff,0xff,0xff,0xff,0xff,0xff,0xff,
    0xff,0xff,0xff,0xff,0xff,0xff,0xff,0xff,0xff,0xff,0xff,0xff,0xff,0xff,0xff,0xff,
    0xff,0xff,0xff,0xff,0xff,0xff,0xff,0xff,0xff,0xff,0xff,0xff,0xff,0xff,0xff,0xff,
    0xff,0xff,0xff,0xff,0xff,0xff,0xff,0xff,0xff,0xff,0xff,0xff,0xff,0xff,0xff,0xff,
    0xff,0xff,0xff,0xff,0xff,0xff,0xff,0xff,0xff,0xff,0xff,0xff,0xff,0xff,0xff,0xff,
    0xff,0xff,0xff,0xff,0xff,0xff,0xff,0xff,0xff,0xff,0xff,0xff,0xff,0xff,0xff,0xff,
    0xff,0xff,0xff,0xff,0xff,0xff,0xff,0x0f,0x19,0x38,0x9b,0xa0,0x78,0xab,0x59,0x78,
    0x43,0x76,0xb7,0xb5,0x78,0xb0,0xf0,0x09,0xff,0xff,0xff,0xff,0xff,0xff,0xff,0xff,
    0xff,0xff,0xff,0xff,0xff,0xff,0xff,0xff,0xff,0xff,0xff,0xff,0xff,0xff,0xff,0xff,
    0xff,0xff,0xff,0xff,0xff,0xff,0xff,0xff,0xff,0xff,0xff,0xff,0xff,0xff,0xff,0xff,
    0xff,0xff,0xff,0xff,0xff,0xff,0xff,0xff,0xff,0xff,0xff,0xff,0xff,0xff,0xff,0xff,
    0xff,0xff,0xff,0xff,0xff,0xff,0xff,0xff,0xff,0xff,0xff,0xff,0xff,0xff,0xff,0xff,
    0xff,0xff,0xff,0xff,0xff,0xff,0xff,0xff,0xff,0xff,0xff,0xff,0xff,0xff,0xff,0xff,
    0xff,0xff,0xff,0xff,0xff,0xff,0xff,0xff,0xff,0xff,0xff,0xff,0xff,0xff,0xff,0xff,
    0xff,0xff,0xff,0xff,0xff,0xff,0x08,0x19,0xf9,0x5f,0x4e,0xab,0x4d,0x59,0x74,0x94,
    0x4b,0x3d,0x57,0x8f,0x70,0x36,0x09,0xe5,0xff,0xff,0xff,0xff,0xff,0xff,0xff,0xff,
    0xff,0xff,0xff,0xff,0xff,0xff,0xff,0xff,0xff,0xff,0xff,0xff,0xff,0xff,0xff,0xff,
    0xff,0xff,0xff,0xff,0xff,0xff,0xff,0xff,0xff,0xff,0xff,0xff,0xff,0xff,0xff,0xff,
    0xff,0xff,0xff,0xff,0xff,0xff,0xff,0xff,0xff,0xff,0xff,0xff,0xff,0xff,0xff,0xff,
    0xff,0xff,0xff,0xff,0xff,0xff,0xff,0xff,0xff,0xff,0xff,0xff,0xff,0xff,0xff,0xff,
    0xff,0xff,0xff,0xff,0xff,0xff,0xff,0xff,0xff,0xff,0xff,0xff,0xff,0xff,0xff,0xff,
    0xff,0xff,0xff,0xff,0xff,0xff,0xff,0xff,0xff,0xff,0xff,0xff,0xff,0xff,0xff,0xff,
    0xff,0xff,0xff,0xff,0x02,0x01,0x18,0xf5,0x81,0x59,0x3c,0x4f,0x2e,0x4f,0x52,0xb9,
    0x71,0x52,0x79,0x91,0x6c,0x5b,0x33,0x14,0x05,0xff,0xff,0xff,0xff,0xff,0xff,0xff,
    0xff,0xff,0xff,0xff,0xff,0xff,0xff,0xff,0xff,0xff,0xff,0xff,0xff,0xff,0xff,0xff,
    0xff,0xff,0xff,0xff,0xff,0xff,0xff,0xff,0xff,0xff,0xff,0xff,0xff,0xff,0xff,0xff,
    0xff,0xff,0xff,0xff,0xff,0xff,0xff,0xff,0xff,0xff,0xff,0xff,0xff,0xff,0xff,0xff,
    0xff,0xff,0xff,0xff,0xff,0xff,0xff,0xff,0xff,0xff,0xff,0xff,0xff,0xff,0xff,0xff,
    0xff,0xff,0xff,0xff,0xff,0xff,0xff,0xff,0xff,0xff,0xff,0xff,0xff,0xff,0xff,0xff,
    0xff,0xff,0xff,0xff,0xff,0xff,0xff,0xff,0xff,0xff,0xff,0xff,0xff,0xff,0xff,0xff,
    0xff,0xff,0xff,0x01,0x09,0x0b,0x16,0xe1,0x6e,0x5c,0x2f,0x2f,0x3f,0x8d,0x40,0x75,
    0x4d,0x77,0x43,0xb9,0x6f,0x59,0xa7,0x11,0x0a,0xff,0xff,0xff,0xff,0xff,0xff,0xff,
    0xff,0xff,0xff,0xff,0xff,0xff,0xff,0xff,0xff,0xff,0xff,0xff,0xff,0xff,0xff,0xff,
    0xff,0xff,0xff,0xff,0xff,0xff,0xff,0xff,0xff,0xff,0xff,0xff,0xff,0xff,0xff,0xff,
    0xff,0xff,0xff,0xff,0xff,0xff,0xff,0xff,0xff,0xff,0xff,0xff,0xff,0xff,0xff,0xff,
    0xff,0xff,0xff,0xff,0xff,0xff,0xff,0xff,0xff,0xff,0xff,0xff,0xff,0xff,0xff,0xff,
    0xff,0xff,0xff,0xff,0xff,0xff,0xff,0xff,0xff,0xff,0xff,0xff,0xff,0xff,0xff,0xff,
    0xff,0xff,0xff,0xff,0xff,0xff,0xff,0xff,0xff,0xff,0xff,0xff,0xff,0xff,0xff,0xff,
    0xff,0xff,0xff,0x07,0x10,0x16,0x0a,0xc7,0x4f,0x52,0x9f,0x72,0x69,0xb4,0x4f,0xbe,
    0x9f,0x3d,0x61,0x95,0x57,0x59,0xae,0x10,0x0f,0xff,0xff,0xff,0xff,0xff,0xff,0xff,
    0xff,0xff,0xff,0xff,0xff,0xff,0xff,0xff,0xff,0xff,0xff,0xff,0xff,0xff,0xff,0xff,
    0xff,0xff,0xff,0xff,0xff,0xff,0xff,0xff,0xff,0xff,0xff,0xff,0xff,0xff,0xff,0xff,
    0xff,0xff,0xff,0xff,0xff,0xff,0xff,0xff,0xff,0xff,0xff,0xff,0xff,0xff,0xff,0xff,
    0xff,0xff,0xff,0xff,0xff,0xff,0xff,0xff,0xff,0xff,0xff,0xff,0xff,0xff,0xff,0xff,
    0xff,0xff,0xff,0xff,0xff,0xff,0xff,0xff,0xff,0xff,0xff,0xff,0xff,0xff,0xff,0xff,
    0xff,0xff,0xff,0xff,0xff,0xff,0xff,0xff,0xff,0xff,0xff,0xff,0xff,0xff,0xff,0xff,
    0xff,0xff,0x04,0x15,0x0f,0xfc,0xe3,0x4b,0x42,0x4e,0x70,0x71,0x40,0xb6,0x9f,0x62,
    0x62,0x4b,0x94,0x4d,0x76,0x63,0x2d,0x10,0x0e,0xff,0xff,0xff,0xff,0xff,0xff,0xff,
    0xff,0xff,0xff,0xff,0xff,0xff,0xff,0xff,0xff,0xff,0xff,0xff,0xff,0xff,0xff,0xff,
    0xff,0xff,0xff,0xff,0xff,0xff,0xff,0xff,0xff,0xff,0xff,0xff,0xff,0xff,0xff,0xff,
    0xff,0xff,0xff,0xff,0xff,0xff,0xff,0xff,0xff,0xff,0xff,0xff,0xff,0xff,0xff,0xff,
    0xff,0xff,0xff,0xff,0xff,0xff,0xff,0xff,0xff,0xff,0xff,0xff,0xff,0xff,0xff,0xff,
    0xff,0xff,0xff,0xff,0xff,0xff,0xff,0xff,0xff,0xff,0xff,0xff,0xff,0xff,0xff,0xff,
    0xff,0xff,0xff,0xff,0xff,0xff,0xff,0xff,0xff,0x24,0xff,0xff,0xff,0xff,0xff,0xff,
    0x03,0x08,0x14,0xf4,0x04,0x22,0xd1,0x4b,0x4f,0x52,0x43,0x40,0x40,0x4b,0xb8,0x9d,
    0x69,0x6e,0x4e,0x4e,0x74,0x5c,0xa1,0xe6,0x05,0xff,0xff,0xff,0xff,0xff,0xff,0xff,
    0xff,0xff,0xff,0xff,0xff,0xff,0xff,0xff,0xff,0xff,0xff,0xff,0xff,0xff,0xff,0xff,
    0xff,0xff,0xff,0xff,0xff,0xff,0xff,0xff,0xff,0xff,0xff,0xff,0xff,0xff,0xff,0xff,
    0xff,0xff,0xff,0xff,0xff,0xff,0xff,0xff,0xff,0xff,0xff,0xff,0xff,0xff,0xff,0xff,
    0xff,0x24,0x3e,0x24,0x24,0x2d,0x24,0xff,0xae,0x24,0xff,0xff,0xff,0xff,0xff,0xff,
    0xff,0xff,0xff,0xff,0xff,0xff,0xff,0xff,0xff,0xff,0xff,0xff,0xff,0xff,0xff,0xff,
    0xff,0xff,0xff,0xff,0xff,0xff,0x2d,0x2e,0x2e,0x4f,0x62,0x24,0xfe,0x09,0x0c,0x0f,
    0x16,0xf6,0x07,0xe4,0x3a,0xc4,0x99,0x3d,0x3c,0x52,0x4f,0xc5,0x7e,0x4f,0x64,0x65,
    0x53,0x50,0x4d,0xa6,0xac,0x43,0x38,0x14,0xff,0xff,0xff,0xff,0xff,0xff,0xff,0xff,
    0xff,0xff,0xff,0xff,0xff,0xff,0x24,0x25,0x2d,0x84,0x84,0x84,0x84,0x36,0x84,0x84,
    0x84,0x84,0x84,0x84,0x36,0x3e,0x24,0x24,0x24,0x24,0x24,0x24,0x24,0x24,0xae,0xae,
    0xae,0xae,0xae,0xae,0xae,0xae,0xae,0xae,0xae,0xae,0xae,0xae,0xae,0xae,0x24,0x24,
    0x53,0xac,0xbf,0x3b,0x52,0x54,0x82,0x35,0x59,0x4f,0x2d,0xae,0xae,0xae,0x3e,0x3e,
    0x2d,0x2d,0x3e,0x3e,0x2d,0x2d,0x2d,0x3e,0x3e,0x26,0x26,0x25,0x24,0x24,0x24,0x24,
    0xff,0xff,0xff,0x24,0x24,0x53,0x77,0x6d,0xa2,0xc0,0xbd,0x60,0xdd,0x44,0x14,0x1b,
    0xd7,0x82,0xc6,0x9a,0x68,0x98,0x63,0x58,0x52,0x20,0xe2,0xef,0xfc,0xe0,0x4b,0x70,
    0x36,0x71,0xb1,0x59,0x52,0x4e,0x10,0xeb,0xff,0xff,0xff,0xff,0xff,0xff,0xff,0xff,
    0xff,0xff,0xff,0xff,0xff,0x3e,0x63,0x4e,0x4e,0x70,0x6f,0x70,0x70,0x70,0x70,0x70,
    0x70,0x70,0xbf,0xbf,0xbf,0x70,0x70,0x70,0xc0,0x70,0xa6,0xc0,0xc0,0xc0,0x73,0x73,
    0xa5,0xa5,0x73,0xa5,0xa5,0xa5,0xa5,0xa5,0xa5,0x73,0xa5,0xa5,0x73,0xa5,0xa5,0x73,
    0x70,0x6c,0x94,0x73,0x73,0xb3,0xb9,0x9b,0xb6,0x99,0x6f,0xc0,0x74,0x74,0x76,0x77,
    0x77,0x77,0x77,0x77,0x41,0x4e,0x77,0x77,0x77,0x77,0x77,0x4e,0x78,0x78,0x51,0x78,
    0x4f,0x4f,0x78,0x51,0x63,0x76,0xbf,0xb6,0x9b,0xb8,0x97,0x6f,0xb5,0xb6,0xc4,0xa4,
    0x51,0x57,0x9b,0x9f,0x39,0x71,0xa3,0x59,0xb0,0x0d,0x0d,0x08,0x09,0x0f,0x29,0x4d,
    0x63,0x4f,0x72,0x65,0x77,0x46,0x15,0x03,0xff,0xff,0xff,0xff,0xff,0xff,0xff,0xff,
    0xff,0xff,0xff,0xff,0xff,0x35,0xbc,0x9d,0x73,0x97,0xca,0x94,0xb6,0xd4,0x8f,0x8f,
    0xb5,0xb5,0xd3,0xd3,0xd3,0xd3,0xb5,0xb6,0xb7,0x94,0x94,0x94,0x94,0x94,0x94,0x94,
    0x94,0x94,0x94,0x94,0x94,0x94,0x94,0x94,0x94,0x94,0x94,0x94,0x94,0x94,0x94,0x94,
    0xb6,0x8f,0xd3,0xb2,0xc0,0x8e,0xb8,0x90,0xc2,0xb6,0xb7,0x94,0x94,0x94,0x95,0x97,
    0x97,0x97,0xbc,0x99,0xcc,0x99,0x97,0x95,0x95,0xbb,0x97,0x97,0xbc,0xbc,0x97,0xcb,
    0x97,0x97,0xbc,0x6c,0x6d,0xbd,0xb7,0xc2,0xb6,0xc2,0xd3,0xd3,0xc8,0xc8,0xd8,0xc1,
    0xc3,0xb9,0xa5,0x5d,0x51,0x97,0x70,0x5a,0xed,0x0f,0x03,0xff,0xff,0x01,0xfb,0xde,
    0x42,0x3d,0x27,0x5c,0x47,0xe8,0xfd,0xff,0xff,0xff,0xff,0xff,0xff,0xff,0xff,0xff,
    0xff,0xff,0xff,0xff,0x24,0x65,0xca,0x9b,0x70,0xb6,0xc3,0xc2,0xc2,0xc2,0xc2,0xc2,
    0xc2,0xc2,0xc2,0xc2,0xc2,0xc2,0xc2,0xc2,0xd2,0x8e,0xd2,0xd2,0xd2,0xd2,0xd2,0xd2,
    0xd2,0xd2,0xd2,0xd2,0xd2,0xd2,0xd2,0xc2,0xc2,0xd2,0xd2,0xd2,0xc2,0xc2,0xc1,0xd9,
    0xd9,0xc1,0xd8,0x97,0xc0,0x8e,0x8f,0xc3,0xc1,0xc2,0xc1,0xc1,0xc1,0xc1,0xc1,0xc1,
    0xc1,0xc1,0xc1,0xc1,0xc1,0xc1,0xc1,0xc1,0x8b,0xc1,0xc1,0xc1,0xc1,0xc1,0xc1,0xc1,
    0xc1,0xc1,0xc1,0xc1,0xc2,0x8e,0xd2,0xd8,0xc3,0xc1,0xc2,0xc8,0xdb,0xdb,0xdb,0x86,
    0x7a,0xc8,0xc1,0x67,0xa5,0x74,0x4f,0x23,0xea,0x04,0xff,0xff,0xff,0xff,0x01,0x11,
    0x83,0x52,0x4a,0x0c,0x13,0x07,0xff,0xff,0xff,0xff,0xff,0xff,0xff,0xff,0xff,0xff,
    0xff,0xff,0xff,0xff,0xff,0x35,0x94,0x99,0x9b,0xd2,0xc2,0xd9,0xc1,0xc1,0xc1,0xc1,
    0xc1,0xc1,0xc1,0xc1,0xc1,0xc1,0xc1,0xc1,0xc1,0xc1,0xc1,0xc1,0xc1,0xc1,0xc1,0xc1,
    0xc1,0xc1,0xc1,0xc1,0xc1,0xc1,0x8b,0x8b,0x8b,0x8b,0x8b,0x8b,0x8b,0xd8,0xd8,0xce,
    0xd8,0x8b,0xc8,0x90,0xc0,0xd2,0xc2,0xd9,0x8b,0x8a,0xc8,0xc8,0xc8,0xc8,0xc8,0xc8,
    0xc8,0xc8,0xc8,0xc8,0xc8,0xc8,0xc8,0xc8,0xc8,0xc8,0xc8,0xc8,0xc8,0xc8,0x8a,0x8a,
    0xd8,0xd8,0xd8,0x8b,0x8b,0xd9,0xc1,0xce,0x8e,0xc1,0x8e,0xd9,0x8b,0xcf,0x87,0x30,
    0xd6,0x7b,0x7b,0x8a,0xc1,0x71,0x2c,0x49,0xf3,0x01,0xff,0xff,0xff,0xff,0xff,0x0f,
    0x11,0x1c,0xe5,0x14,0x07,0xff,0xff,0xff,0xff,0xff,0xff,0xff,0xff,0xff,0xff,0xff,
    0xff,0xff,0xff,0xff,0xff,0x35,0x95,0x9b,0xb2,0xd3,0xc3,0xd2,0xd2,0xd3,0xd3,0xd3,
    0xd3,0x8e,0xc2,0xc2,0xc2,0xc2,0xc2,0x8e,0xc3,0xd3,0xd3,0xd3,0xd3,0xd3,0xd3,0xd3,
    0xd3,0xd3,0xd3,0xd3,0xd3,0xc3,0xc2,0xc2,0xc2,0xc2,0xc2,0xc2,0xc2,0xc1,0x8b,0xc1,
    0xc2,0xc1,0x8a,0x68,0xc0,0xd2,0xc3,0xc2,0xd9,0xc2,0xd3,0xc2,0x8b,0xc1,0xc2,0xc2,
    0xc2,0xc2,0xc2,0xc2,0xc2,0xc2,0xc2,0xc2,0xc2,0xc2,0x8d,0xc1,0x8d,0x8d,0xc2,0xc2,
    0xc2,0xc2,0xc2,0xd2,0xd3,0x8f,0xc2,0xce,0x8e,0x8b,0x8e,0x99,0x76,0x76,0x74,0xa8,
    0x73,0x9f,0x9d,0x5e,0xc1,0x6b,0x3d,0x55,0x12,0x01,0xff,0xff,0xff,0xff,0xff,0x0c,
    0xf8,0x11,0xf2,0x14,0x09,0xff,0xff,0xff,0xff,0xff,0xff,0xff,0xff,0xff,0xff,0xff,
    0xff,0xff,0xff,0xff,0xff,0x53,0x73,0x74,0x70,0xb6,0xb6,0xb7,0xb8,0x9b,0x70,0x9d,
    0x6f,0x97,0x95,0xb6,0xb5,0x8f,0xb6,0xb7,0x95,0x97,0xbc,0xbc,0xbc,0xbc,0xbc,0xbc,
    0xbc,0xbc,0xbc,0xbc,0xbc,0xbc,0x6a,0xbb,0x97,0x97,0x97,0x97,0x95,0x93,0xb5,0xb6,
    0xbb,0xb5,0xc2,0xc0,0x70,0xd2,0xb9,0xb6,0xb6,0xbc,0xa3,0xc0,0x9d,0x6f,0x70,0xc0,
    0xc0,0xa6,0xa6,0xc0,0xa6,0xc0,0x70,0x70,0x70,0x70,0x6f,0x6d,0xbd,0x9b,0x6d,0x6d,
    0xbd,0x99,0xbd,0x6d,0xbc,0x99,0xd3,0xd8,0xc3,0x8b,0xc3,0xb2,0x70,0xa6,0x70,0xb2,
    0x68,0xd3,0xb5,0x97,0xa5,0xa9,0x51,0x83,0xfa,0x0b,0xff,0xff,0xff,0xff,0x04,0x0b,
    0x22,0x55,0x81,0x0d,0x14,0x0b,0xff,0xff,0xff,0xff,0xff,0xff,0xff,0xff,0xff,0xff,
    0xff,0xff,0xff,0xff,0xff,0x3e,0x2e,0x78,0x74,0x73,0x74,0x59,0x4e,0x51,0x51,0x51,
    0x51,0x41,0x76,0x74,0x73,0x74,0x74,0x57,0x76,0x62,0xad,0x5a,0x5a,0x5a,0x5a,0x5a,
    0x5a,0x5a,0x5a,0x5a,0x5a,0x5a,0x5a,0xad,0x3a,0x62,0x5a,0xad,0x5a,0x5a,0x55,0xcd,
    0x57,0xbc,0x94,0x76,0x9f,0xb4,0xc0,0x70,0xbf,0x4e,0x65,0x36,0x36,0x53,0x43,0x43,
    0x43,0x43,0x43,0x43,0x43,0x2e,0x43,0x43,0x2e,0x2e,0x52,0x52,0x52,0x2e,0x65,0x65,
    0x52,0x3d,0x52,0x2e,0x62,0x73,0x95,0xc2,0xb6,0xc2,0xd3,0xbb,0xc1,0x8d,0xd2,0x8d,
    0xd2,0x67,0x4b,0x5d,0x78,0xb7,0x99,0x2e,0x7c,0xf7,0x12,0x08,0x06,0xee,0x0d,0x09,
    0x72,0x5d,0x28,0x50,0x89,0x15,0x09,0xff,0xff,0xff,0xff,0xff,0xff,0xff,0xff,0xff,
    0xff,0xff,0xff,0xff,0xff,0x24,0x24,0x53,0x77,0x74,0x76,0x77,0x77,0x77,0x77,0x41,
    0x77,0x77,0x41,0x41,0x77,0x41,0x42,0x42,0x42,0x3e,0xff,0xff,0xff,0xff,0xff,0xff,
    0xff,0xff,0xff,0xff,0xff,0xff,0xff,0xff,0xff,0xff,0xff,0xff,0xff,0xff,0xff,0xff,
    0x24,0xda,0x5a,0x24,0x3a,0x4d,0x65,0x53,0x3e,0x24,0xff,0xff,0xff,0xff,0x24,0x24,
    0x24,0x24,0x24,0x24,0x24,0x24,0x24,0x24,0x24,0x24,0x24,0x24,0x24,0x24,0x24,0x24,
    0x24,0x24,0x24,0xff,0xff,0x36,0x70,0xb6,0x9b,0xb8,0xba,0x96,0x88,0xd0,0x8c,0x9c,
    0x62,0x57,0x9b,0x6e,0x4c,0x4b,0x99,0x76,0x62,0xdf,0xfa,0xf7,0x0f,0x0d,0x7d,0x99,
    0x4e,0x4f,0x72,0x2e,0x75,0x1e,0x15,0x03,0xff,0xff,0xff,0xff,0xff,0xff,0xff,0xff,
    0xff,0xff,0xff,0xff,0xff,0xff,0x24,0x2d,0xc0,0x97,0x97,0x97,0x97,0xbc,0x99,0x99,
    0xb8,0xb8,0x97,0x97,0x97,0x97,0x99,0x9b,0xa6,0xad,0xff,0xff,0xff,0xff,0xff,0xff,
    0xff,0xff,0xff,0xff,0xff,0xff,0xff,0xff,0xff,0xff,0xff,0xff,0xff,0xff,0xff,0xff,
    0xff,0xff,0xff,0xff,0xff,0x25,0xff,0xff,0xff,0xff,0xff,0xff,0xff,0xff,0xff,0xff,
    0xff,0xff,0xff,0xff,0xff,0xff,0xff,0xff,0xff,0xff,0xff,0xff,0xff,0xff,0xff,0xff,
    0xff,0xff,0xff,0xff,0xff,0xff,0x4f,0x6d,0xa2,0xc0,0xa2,0xaf,0xf5,0xf4,0x14,0xf6,
    0x0b,0x7c,0xd5,0x6e,0x68,0x48,0x51,0x74,0x79,0x55,0x61,0x64,0x35,0x62,0xb9,0x6f,
    0x36,0x71,0xb1,0x59,0x52,0x40,0x10,0x10,0xff,0xff,0xff,0xff,0xff,0xff,0xff,0xff,
    0xff,0xff,0xff,0xff,0xff,0xff,0x24,0x53,0xbd,0xb5,0xb5,0xd4,0xb6,0xb6,0xb6,0xb5,
    0xb5,0xb5,0xb5,0xb5,0xb5,0xd3,0xd2,0x94,0xac,0x28,0xff,0xff,0xff,0xff,0xff,0xff,
    0xff,0xff,0xff,0xff,0xff,0xff,0xff,0xff,0xff,0xff,0xff,0xff,0xff,0xff,0xff,0xff,
    0xff,0xff,0xff,0xff,0xff,0xff,0xff,0xff,0xff,0xff,0xff,0xff,0xff,0xff,0xff,0xff,
    0xff,0xff,0xff,0xff,0xff,0xff,0xff,0xff,0xff,0xff,0xff,0xff,0xff,0xff,0xff,0xff,
    0xff,0xff,0xff,0xff,0xff,0xff,0x25,0x2e,0x2e,0x4f,0xaa,0xff,0xfe,0x09,0x0c,0x0f,
    0x16,0xf6,0x07,0x21,0x55,0xb8,0x68,0x3d,0x3c,0x2e,0x3d,0xbc,0xbb,0x3c,0x3a,0x2e,
    0x53,0x50,0x4d,0xa6,0xac,0x43,0x38,0x14,0x01,0xff,0xff,0xff,0xff,0xff,0xff,0xff,
    0xff,0xff,0xff,0xff,0xff,0xff,0x24,0x28,0x99,0xb5,0xb6,0xb6,0xb6,0xb6,0xb6,0xb7,
    0xcb,0x95,0x95,0x95,0xb6,0xb5,0x8e,0xb7,0x2e,0x24,0xff,0xff,0xff,0xff,0xff,0xff,
    0xff,0xff,0xff,0xff,0xff,0xff,0xff,0xff,0xff,0xff,0xff,0xff,0xff,0xff,0xff,0xff,
    0xff,0xff,0xff,0xff,0xff,0xff,0xff,0xff,0xff,0xff,0xff,0xff,0xff,0xff,0xff,0xff,
    0xff,0xff,0xff,0xff,0xff,0xff,0xff,0xff,0xff,0xff,0xff,0xff,0xff,0xff,0xff,0xff,
    0xff,0xff,0xff,0xff,0xff,0xff,0xff,0xff,0xff,0x24,0xff,0xff,0xff,0xff,0xff,0xff,
    0x03,0x08,0x14,0xe7,0x05,0x53,0xba,0x4b,0x4f,0x52,0x43,0x56,0x56,0x4b,0xb8,0x9d,
    0x69,0x6e,0x4e,0x4e,0x74,0x5c,0xa1,0xe6,0x04,0xff,0xff,0xff,0xff,0xff,0xff,0xff,
    0xff,0xff,0xff,0xff,0xff,0xff,0x24,0x53,0x99,0xb5,0xb6,0xb6,0xb6,0xb6,0xb5,0x98,
    0x3e,0x50,0x2e,0x4f,0x97,0xb5,0xd3,0xd3,0x95,0x83,0xff,0xff,0xff,0xff,0xff,0xff,
    0xff,0xff,0xff,0xff,0xff,0xff,0xff,0xff,0xff,0xff,0xff,0xff,0xff,0xff,0xff,0xff,
    0xff,0xff,0xff,0xff,0xff,0xff,0xff,0xff,0xff,0xff,0xff,0xff,0xff,0xff,0xff,0xff,
    0xff,0xff,0xff,0xff,0xff,0xff,0xff,0xff,0xff,0xff,0xff,0xff,0xff,0xff,0xff,0xff,
    0xff,0xff,0xff,0xff,0xff,0xff,0xff,0xff,0xff,0xff,0xff,0xff,0xff,0xff,0xff,0xff,
    0xff,0xff,0x04,0x15,0x13,0xfd,0xcd,0x73,0x51,0x4e,0x70,0x71,0x40,0xb6,0x9f,0x62,
    0x62,0x4b,0x94,0x4d,0x76,0x63,0x34,0xe9,0x08,0xff,0xff,0xff,0xff,0xff,0xff,0xff,
    0xff,0xff,0xff,0xff,0xff,0xff,0x24,0x36,0x97,0xb5,0xb6,0x6c,0x9b,0xb6,0xb5,0x80,
    0xff,0xff,0x24,0x2d,0x70,0xbb,0xbb,0xd3,0xb4,0x55,0xff,0xff,0xff,0xff,0xff,0xff,
    0xff,0xff,0xff,0xff,0xff,0xff,0xff,0xff,0xff,0xff,0xff,0xff,0xff,0xff,0xff,0xff,
    0xff,0xff,0xff,0xff,0xff,0xff,0xff,0xff,0xff,0xff,0xff,0xff,0xff,0xff,0xff,0xff,
    0xff,0xff,0xff,0xff,0xff,0xff,0xff,0xff,0xff,0xff,0xff,0xff,0xff,0xff,0xff,0xff,
    0xff,0xff,0xff,0xff,0xff,0xff,0xff,0xff,0xff,0xff,0xff,0xff,0xff,0xff,0xff,0xff,
    0xff,0xff,0xff,0x08,0x11,0x0f,0x0a,0xa0,0x4f,0x52,0x9f,0x72,0x69,0xb4,0x4f,0xbe,
    0x9f,0x3d,0x61,0x95,0x57,0x59,0x26,0x1a,0x0b,0xff,0xff,0xff,0xff,0xff,0xff,0xff,
    0xff,0xff,0xff,0xff,0xff,0xff,0x24,0x36,0x97,0xb5,0xb6,0x59,0x4f,0xcb,0xb5,0x80,
    0xff,0xff,0xff,0x24,0x53,0x83,0x62,0xb6,0xb4,0x72,0xff,0xff,0xff,0xff,0xff,0xff,
    0xff,0xff,0xff,0xff,0xff,0xff,0xff,0xff,0xff,0xff,0xff,0xff,0xff,0xff,0xff,0xff,
    0xff,0xff,0xff,0xff,0xff,0xff,0xff,0xff,0xff,0xff,0xff,0xff,0xff,0xff,0xff,0xff,
    0xff,0xff,0xff,0xff,0xff,0xff,0xff,0xff,0xff,0xff,0xff,0xff,0xff,0xff,0xff,0xff,
    0xff,0xff,0xff,0xff,0xff,0xff,0xff,0xff,0xff,0xff,0xff,0xff,0xff,0xff,0xff,0xff,
    0xff,0xff,0xff,0x01,0x09,0x08,0xf2,0xd7,0xc0,0x5c,0x2f,0x2f,0x3f,0x8d,0x40,0x75,
    0x4d,0x77,0x43,0xb9,0x6f,0x59,0x28,0x11,0x0b,0xff,0xff,0xff,0xff,0xff,0xff,0xff,
    0xff,0xff,0xff,0xff,0xff,0xff,0x24,0x36,0x99,0xb5,0xc9,0x64,0x53,0x6c,0x93,0x60,
    0xff,0xff,0xff,0xff,0xff,0xff,0x34,0x94,0xb5,0x4d,0x24,0xff,0xff,0xff,0xff,0xff,
    0xff,0xff,0xff,0xff,0xff,0xff,0xff,0xff,0xff,0xff,0xff,0xff,0xff,0xff,0xff,0xff,
    0xff,0xff,0xff,0xff,0xff,0xff,0xff,0xff,0xff,0xff,0xff,0xff,0xff,0xff,0xff,0xff,
    0xff,0xff,0xff,0xff,0xff,0xff,0xff,0xff,0xff,0xff,0xff,0xff,0xff,0xff,0xff,0xff,
    0xff,0xff,0xff,0xff,0xff,0xff,0xff,0xff,0xff,0xff,0xff,0xff,0xff,0xff,0xff,0xff,
    0xff,0xff,0xff,0xff,0x02,0x01,0x18,0xf5,0x63,0x77,0x3c,0x4f,0x2e,0x4f,0x52,0xb9,
    0x71,0x52,0x79,0x91,0x6c,0x3c,0x50,0x14,0x05,0xff,0xff,0xff,0xff,0xff,0xff,0xff,
    0xff,0xff,0xff,0xff,0xff,0xff,0x24,0x35,0x6c,0x93,0x97,0x24,0x24,0xbd,0x94,0x5a,
    0xff,0xff,0xff,0xff,0xff,0xff,0xda,0xbd,0x97,0xaa,0xff,0xff,0xff,0xff,0xff,0xff,
    0xff,0xff,0xff,0xff,0xff,0xff,0xff,0xff,0xff,0xff,0xff,0xff,0xff,0xff,0xff,0xff,
    0xff,0xff,0xff,0xff,0xff,0xff,0xff,0xff,0xff,0xff,0xff,0xff,0xff,0xff,0xff,0xff,
    0xff,0xff,0xff,0xff,0xff,0xff,0xff,0xff,0xff,0xff,0xff,0xff,0xff,0xff,0xff,0xff,
    0xff,0xff,0xff,0xff,0xff,0xff,0xff,0xff,0xff,0xff,0xff,0xff,0xff,0xff,0xff,0xff,
    0xff,0xff,0xff,0xff,0xff,0xff,0x08,0x19,0x1d,0x4d,0x4e,0xab,0x4d,0x59,0x74,0x94,
    0x4b,0x3d,0x57,0x66,0x70,0x27,0x1f,0xe5,0xff,0xff,0xff,0xff,0xff,0xff,0xff,0xff,
    0xff,0xff,0xff,0xff,0xff,0xff,0xff,0x50,0x63,0x82,0x2b,0xff,0xff,0x35,0x5a,0xff,
    0xff,0xff,0xff,0xff,0xff,0xff,0xff,0x35,0x83,0xff,0xff,0xff,0xff,0xff,0xff,0xff,
    0xff,0xff,0xff,0xff,0xff,0xff,0xff,0xff,0xff,0xff,0xff,0xff,0xff,0xff,0xff,0xff,
    0xff,0xff,0xff,0xff,0xff,0xff,0xff,0xff,0xff,0xff,0xff,0xff,0xff,0xff,0xff,0xff,
    0xff,0xff,0xff,0xff,0xff,0xff,0xff,0xff,0xff,0xff,0xff,0xff,0xff,0xff,0xff,0xff,
    0xff,0xff,0xff,0xff,0xff,0xff,0xff,0xff,0xff,0xff,0xff,0xff,0xff,0xff,0xff,0xff,
    0xff,0xff,0xff,0xff,0xff,0xff,0xff,0x0f,0x19,0xe0,0x9b,0xa0,0x78,0xab,0x59,0x78,
    0x43,0x76,0xb7,0xb5,0x78,0x2b,0x17,0x08,0xff,0xff,0xff,0xff,0xff,0xff,0xff,0xff,
    0xff,0xff,0xff,0xff,0xff,0xff,0xff,0xff,0xff,0xff,0xff,0xff,0xff,0xff,0xff,0xff,
    0xff,0xff,0xff,0xff,0xff,0xff,0xff,0xff,0xff,0xff,0xff,0xff,0xff,0xff,0xff,0xff,
    0xff,0xff,0xff,0xff,0xff,0xff,0xff,0xff,0xff,0xff,0xff,0xff,0xff,0xff,0xff,0xff,
    0xff,0xff,0xff,0xff,0xff,0xff,0xff,0xff,0xff,0xff,0xff,0xff,0xff,0xff,0xff,0xff,
    0xff,0xff,0xff,0xff,0xff,0xff,0xff,0xff,0xff,0xff,0xff,0xff,0xff,0xff,0xff,0xff,
    0xff,0xff,0xff,0xff,0xff,0xff,0xff,0xff,0xff,0xff,0xff,0xff,0xff,0xff,0xff,0xff,
    0xff,0xff,0xff,0xff,0xff,0xff,0xff,0xff,0x12,0xf1,0x47,0x9e,0x6d,0x6e,0x71,0x40,
    0x4b,0xb6,0xb4,0x71,0x37,0x31,0x14,0xff,0xff,0xff,0xff,0xff,0xff,0xff,0xff,0xff,
    0xff,0xff,0xff,0xff,0xff,0xff,0xff,0xff,0xff,0xff,0xff,0xff,0xff,0xff,0xff,0xff,
    0xff,0xff,0xff,0xff,0xff,0xff,0xff,0xff,0xff,0xff,0xff,0xff,0xff,0xff,0xff,0xff,
    0xff,0xff,0xff,0xff,0xff,0xff,0xff,0xff,0xff,0xff,0xff,0xff,0xff,0xff,0xff,0xff,
    0xff,0xff,0xff,0xff,0xff,0xff,0xff,0xff,0xff,0xff,0xff,0xff,0xff,0xff,0xff,0xff,
    0xff,0xff,0xff,0xff,0xff,0xff,0xff,0xff,0xff,0xff,0xff,0xff,0xff,0xff,0xff,0xff,
    0xff,0xff,0xff,0xff,0xff,0xff,0xff,0xff,0xff,0xff,0xff,0xff,0xff,0xff,0xff,0xff,
    0xff,0xff,0xff,0xff,0xff,0xff,0xff,0xff,0x01,0x11,0x16,0x45,0x92,0x95,0x93,0xb4,
    0x93,0x9d,0x62,0x2a,0xdc,0x13,0x02,0xff,0xff,0xff,0xff,0xff,0xff,0xff,0xff,0xff,
    0xff,0xff,0xff,0xff,0xff,0xff,0xff,0xff,0xff,0xff,0xff,0xff,0xff,0xff,0xff,0xff,
    0xff,0xff,0xff,0xff,0xff,0xff,0xff,0xff,0xff,0xff,0xff,0xff,0xff,0xff,0xff,0xff,
    0xff,0xff,0xff,0xff,0xff,0xff,0xff,0xff,0xff,0xff,0xff,0xff,0xff,0xff,0xff,0xff,
    0xff,0xff,0xff,0xff,0xff,0xff,0xff,0xff,0xff,0xff,0xff,0xff,0xff,0xff,0xff,0xff,
    0xff,0xff,0xff,0xff,0xff,0xff,0xff,0xff,0xff,0xff,0xff,0xff,0xff,0xff,0xff,0xff,
    0xff,0xff,0xff,0xff,0xff,0xff,0xff,0xff,0xff,0xff,0xff,0xff,0xff,0xff,0xff,0xff,
    0xff,0xff,0xff,0xff,0xff,0xff,0xff,0xff,0xff,0xff,0x0d,0x16,0x85,0x46,0xde,0x7f,
    0x81,0x32,0x0e,0x14,0xec,0x01,0xff,0xff,0xff,0xff,0xff,0xff,0xff,0xff,0xff,0xff,
    0xff,0xff,0xff,0xff,0xff,0xff,0xff,0xff,0xff,0xff,0xff,0xff,0xff,0xff,0xff,0xff,
    0xff,0xff,0xff,0xff,0xff,0xff,0xff,0xff,0xff,0xff,0xff,0xff,0xff,0xff,0xff,0xff,
    0xff,0xff,0xff,0xff,0xff,0xff,0xff,0xff,0xff,0xff,0xff,0xff,0xff,0xff,0xff,0xff,
    0xff,0xff,0xff,0xff,0xff,0xff,0xff,0xff,0xff,0xff,0xff,0xff,0xff,0xff,0xff,0xff,
    0xff,0xff,0xff,0xff,0xff,0xff,0xff,0xff,0xff,0xff,0xff,0xff,0xff,0xff,0xff,0xff,
    0xff,0xff,0xff,0xff,0xff,0xff,0xff,0xff,0xff,0xff,0xff,0xff,0xff,0xff,0xff,0xff,
    0xff,0xff,0xff,0xff,0xff,0xff,0xff,0xff,0xff,0xff,0xff,0x04,0x10,0x16,0x17,0xf1,
    0xe6,0x13,0x0f,0xfe,0xff,0xff,0xff,0xff,0xff,0xff,0xff,0xff,0xff,0xff,0xff,0xff,
    0xff,0xff,0xff,0xff,0xff,0xff,0xff,0xff,0xff,0xff,0xff,0xff,0xff,0xff,0xff,0xff,
    0xff,0xff,0xff,0xff,0xff,0xff,0xff,0xff,0xff,0xff,0xff,0xff,0xff,0xff,0xff,0xff,
    0xff,0xff,0xff,0xff,0xff,0xff,0xff,0xff,0xff,0xff,0xff,0xff,0xff,0xff,0xff,0xff,
    0xff,0xff,0xff,0xff,0xff,0xff,0xff,0xff,0xff,0xff,0xff,0xff,0xff,0xff,0xff,0xff,
    0xff,0xff,0xff,0xff,0xff,0xff,0xff,0xff,0xff,0xff,0xff,0xff,0xff,0xff,0xff,0xff,
    0xff,0xff,0xff,0xff,0xff,0xff,0xff,0xff,0xff,0xff,0xff,0xff,0xff,0xff,0xff,0xff,
    0xff,0xff,0xff,0xff,0xff,0xff,0xff,0xff,0xff,0xff,0xff,0xff,0xff,0x02,0x04,0x04,
    0x03,0xff,0xff,0xff,0xff,0xff,0xff,0xff,0xff,0xff,0xff,0xff,0xff,0xff,0xff,0xff,
    0xff,0xff,0xff,0xff,0xff,0xff,0xff,0xff,0xff,0xff,0xff,0xff,0xff,0xff,0xff,0xff,
    0xff,0xff,0xff,0xff,0xff,0xff,0xff,0xff,0xff,0xff,0xff,0xff,0xff,0xff,0xff,0xff,
    0xff,0xff,0xff,0xff,0xff,0xff,0xff,0xff,0xff,0xff,0xff,0xff,0xff,0xff,0xff,0xff,
    0xff,0xff,0xff,0xff,0xff,0xff,0xff,0xff,0xff,0xff,0xff,0xff,0xff,0xff,0xff,0xff,
    0xff,0xff,0xff,0xff,0xff,0xff,0xff,0xff,0xff,0xff,0xff,0xff,0xff,0xff,0xff,0xff,
    0xff,0xff,0xff,0xff,0xff,0xff,0xff,0xff,0xff,0xff,0xff,0xff,0xff,0xff,0xff,0xff,
    0xff,0xff,0xff,0xff,0xff,0xff,0xff,0xff,0xff,0xff,0xff,0xff,0xff,0xff,0xff,0xff,
    0xff,0xff,0xff,0xff,0xff,0xff,0xff,0xff,0xff,0xff,0xff,0xff,0xff,0xff,0xff,0xff,
    0xff,0xff,0xff,0xff,0xff,0xff,0xff,0xff,0xff,0xff,0xff,0xff,0xff,0xff,0xff,0xff,
    0xff,0xff,0xff,0xff,0xff,0xff,0xff,0xff,0xff,0xff,0xff,0xff,0xff,0xff,0xff,0xff,
    0xff,0xff,0xff,0xff,0xff,0xff,0xff,0xff,0xff,0xff,0xff,0xff,0xff,0xff,0xff,0xff,
    0xff,0xff,0xff,0xff,0xff,0xff,0xff,0xff,0xff,0xff,0xff,0xff,0xff,0xff,0xff,0xff,
    0xff,0xff,0xff,0xff,0xff,0xff,0xff,0xff,0xff,0xff,0xff,0xff,0xff,0xff,0xff,0xff,
    0xff,0xff,0xff,0xff,0xff,0xff,0xff,0xff,0xff,0xff,0xff,0xff,0xff,0xff,0xff,0xff,
    0xff,0xff,0xff,0xff,0xff,0xff,0xff,0xff,0xff,0xff,0xff,0xff,0xff,0xff,0xff,0xff,
    0xff,0xff,0xff,0xff,0xff,0xff,0xff,0xff,0xff,0xff,0xff,0xff,0xff,0xff,0xff,0xff,
    0xff,0xff,0xff,0xff,0xff,0xff,0xff,0xff,0xff,0xff,0xff,0xff,0xff,0xff,0xff,0xff,
    0xff,0xff,0xff,0xff,0xff,0xff,0xff,0xff,0xff,0xff,0xff,0xff,0xff,0xff,0xff,0xff,
    0xff,0xff,0xff,0xff,0xff,0xff,0xff,0xff,0xff,0xff,0xff,0xff,0xff,0xff,0xff,0xff,
    0xff,0xff,0xff,0xff,0xff,0xff,0xff,0xff,0xff,0xff,0xff,0xff,0xff,0xff,0xff,0xff,
    0xff,0xff,0xff,0xff,0xff,0xff,0xff,0xff,0xff,0xff,0xff,0xff,0xff,0xff,0xff,0xff,
    0xff,0xff,0xff,0xff,0xff,0xff,0xff,0xff,0xff,0xff,0xff,0xff,0xff,0xff,0xff,0xff,
    0xff,0xff,0xff,0xff,0xff,0xff,0xff,0xff,0xff,0xff,0xff,0xff,0xff,0xff,0xff,0xff,
    0xff,0xff,0xff,0xff,0xff,0xff,0xff,0xff,0xff,0xff,0xff,0xff,0xff,0xff,0xff,0xff,
    0xff,0xff,0xff,0xff,0xff,0xff,0xff,0xff,0xff,0xff,0xff,0xff,0xff,0xff,0xff,0xff,
    0xff,0xff,0xff,0xff,0xff,0xff,0xff,0xff,0xff,0xff,0xff,0xff,0xff,0xff,0xff,0xff,
    0xff,0xff,0xff,0xff,0xff,0xff,0xff,0xff,0xff,0xff,0xff,0xff,0xff,0xff,0xff,0xff,
    0xff,0xff,0xff,0xff,0xff,0xff,0xff,0xff,0xff,0xff,0xff,0xff,0xff,0xff,0xff,0xff,
    0xff,0xff,0xff,0xff,0xff,0xff,0xff,0xff,0xff,0xff,0xff,0xff,0xff,0xff,0xff,0xff,
    0xff,0xff,0xff,0xff,0xff,0xff,0xff,0xff,0xff,0xff,0xff,0xff,0xff,0xff,0xff,0xff,
    0xff,0xff,0xff,0xff,0xff,0xff,0xff,0xff,0xff,0xff,0xff,0xff,0xff,0xff,0xff,0xff,
    0xff,0xff,0xff,0xff,0xff,0xff,0xff,0xff,0xff,0xff,0xff,0xff,0xff,0xff,0xff,0xff,
    0xff,0xff,0xff,0xff,0xff,0xff,0xff,0xff,0xff,0xff,0xff,0xff,0xff,0xff,0xff,0xff,
    0xff,0xff,0xff,0xff,0xff,0xff,0xff,0xff,0xff,0xff,0xff,0xff,0xff,0xff,0xff,0xff,
    0xff,0xff,0xff,0xff,0xff,0xff,0xff,0xff,0xff,0xff,0xff,0xff,0xff,0xff,0xff,0xff,
    0xff,0xff,0xff,0xff,0xff,0xff,0xff,0xff,0xff,0xff,0xff,0xff,0xff,0xff,0xff,0xff,
    0xff,0xff,0xff,0xff,0xff,0xff,0xff,0xff,0xff,0xff,0xff,0xff,0xff,0xff,0xff,0xff,
    0xff,0xff,0xff,0xff,0xff,0xff,0xff,0xff,0xff,0xff,0xff,0xff,0xff,0xff,0xff,0xff,
    0xff,0xff,0xff,0xff,0xff,0xff,0xff,0xff,0xff,0xff,0xff,0xff,0xff,0xff,0xff,0xff,
    0xff,0xff,0xff,0xff,0xff,0xff,0xff,0xff,0xff,0xff,0xff,0xff,0xff,0xff,0xff,0xff,
    0xff,0xff,0xff,0xff,0xff,0xff,0xff,0xff,0xff,0xff,0xff,0xff,0xff,0xff,0xff,0xff,
    0xff,0xff,0xff,0xff,0xff,0xff,0xff,0xff,0xff,0xff,0xff,0xff,0xff,0xff,0xff,0xff,
    0xff,0xff,0xff,0xff,0xff,0xff,0xff,0xff,0xff,0xff,0xff,0xff,0xff,0xff,0xff,0xff,
    0xff,0xff,0xff,0xff,0xff,0xff,0xff,0xff,0xff,0xff,0xff,0xff,0xff,0xff,0xff,0xff,
    0xff,0xff,0xff,0xff,0xff,0xff,0xff,0xff,0xff,0xff,0xff,0xff,0xff,0xff,0xff,0xff,
    0xff,0xff,0xff,0xff,0xff,0xff,0xff,0xff,0xff,0xff,0xff,0xff,0xff,0xff,0xff,0xff,
    0xff,0xff,0xff,0xff,0xff,0xff,0xff,0xff,0xff,0xff,0xff,0xff,0xff,0xff,0xff,0xff,
    0xff,0xff,0xff,0xff,0xff,0xff,0xff,0xff,0xff,0xff,0xff,0xff,0xff,0xff,0xff,0xff,
    0xff,0xff,0xff,0xff,0xff,0xff,0xff,0xff,0xff,0xff,0xff,0xff,0xff,0xff,0xff,0xff,
    0xff,0xff,0xff,0xff,0xff,0xff,0xff,0xff,0xff,0xff,0xff,0xff,0xff,0xff,0xff,0xff,
    0xff,0xff,0xff,0xff,0xff,0xff,0xff,0xff,0xff,0xff,0xff,0xff,0xff,0xff,0xff,0xff,
    0xff,0xff,0xff,0xff,0xff,0xff,0xff,0xff,0xff,0xff,0xff,0xff,0xff,0xff,0xff,0xff,
    0xff,0xff,0xff,0xff,0xff,0xff,0xff,0xff,0xff,0xff,0xff,0xff,0xff,0xff,0xff,0xff,
    0xff,0xff,0xff,0xff,0xff,0xff,0xff,0xff,0xff,0xff,0xff,0xff,0xff,0xff,0xff,0xff,
    0xff,0xff,0xff,0xff,0xff,0xff,0xff,0xff,0xff,0xff,0xff,0xff,0xff,0xff,0xff,0xff,
    0xff,0xff,0xff,0xff,0xff,0xff,0xff,0xff,0xff,0xff,0xff,0xff,0xff,0xff,0xff,0xff,
    0xff,0xff,0xff,0xff,0xff,0xff,0xff,0xff,0xff,0xff,0xff,0xff,0xff,0xff,0xff,0xff,
    0xff,0xff,0xff,0xff,0xff,0xff,0xff,0xff,0xff,0xff,0xff,0xff,0xff,0xff,0xff,0xff,
    0xff,0xff,0xff,0xff,0xff,0xff,0xff,0xff,0xff,0xff,0xff,0xff,0xff,0xff,0xff,0xff,
    0xff,0xff,0xff,0xff,0xff,0xff,0xff,0xff,0xff,0xff,0xff,0xff,0xff,0xff,0xff,0xff,
    0xff,0xff,0xff,0xff,0xff,0xff,0xff,0xff,0xff,0xff,0xff,0xff,0xff,0xff,0xff,0xff,
    0xff,0xff,0xff,0xff,0xff,0xff,0xff,0xff,0xff,0xff,0xff,0xff,0xff,0xff,0xff,0xff,
    0xff,0xff,0xff,0xff,0xff,0xff,0xff,0xff,0xff,0xff,0xff,0xff,0xff,0xff,0xff,0xff,
    0xff,0xff,0xff,0xff,0xff,0xff,0xff,0xff,0xff,0xff,0xff,0xff,0xff,0xff,0xff,0xff,
    0xff,0xff,0xff,0xff,0xff,0xff,0xff,0xff,0xff,0xff,0xff,0xff,0xff,0xff,0xff,0xff,
    0xff,0xff,0xff,0xff,0xff,0xff,0xff,0xff,0xff,0xff,0xff,0xff,0xff,0xff,0xff,0xff,
    0xff,0xff,0xff,0xff,0xff,0xff,0xff,0xff,0xff,0xff,0xff,0xff,0xff,0xff,0xff,0xff,
    0xff,0xff,0xff,0xff,0xff,0xff,0xff,0xff,0xff,0xff,0xff,0xff,0xff,0xff,0xff,0xff,
    0xff,0xff,0xff,0xff,0xff,0xff,0xff,0xff,0xff,0xff,0xff,0xff,0xff,0xff,0xff,0xff,
    0xff,0xff,0xff,0xff,0xff,0xff,0xff,0xff,0xff,0xff,0xff,0xff,0xff,0xff,0xff,0xff,
    0xff,0xff,0xff,0xff,0xff,0xff,0xff,0xff,0xff,0xff,0xff,0xff,0xff,0xff,0xff,0xff,
    0xff,0xff,0xff,0xff,0xff,0xff,0xff,0xff,0xff,0xff,0xff,0xff,0xff,0xff,0xff,0xff,
    0xff,0xff,0xff,0xff,0xff,0xff,0xff,0xff,0xff,0xff,0xff,0xff,0xff,0xff,0xff,0xff,
    0xff,0xff,0xff,0xff,0xff,0xff,0xff,0xff,0xff,0xff,0xff,0xff,0xff,0xff,0xff,0xff,
    0xff,0xff,0xff,0xff,0xff,0xff,0xff,0xff,0xff,0xff,0xff,0xff,0xff,0xff,0xff,0xff,
    0xff,0xff,0xff,0xff,0xff,0xff,0xff,0xff,0xff,0xff,0xff,0xff,0xff,0xff,0xff,0xff,
    0xff,0xff,0xff,0xff,0xff,0xff,0xff,0xff,0xff,0xff,0xff,0xff,0xff,0xff,0xff,0xff,
    0xff,0xff,0xff,0xff,0xff,0xff,0xff,0xff,0xff,0xff,0xff,0xff,0xff,0xff,0xff,0xff,
    0xff,0xff,0xff,0xff,0xff,0xff,0xff,0xff,0xff,0xff,0xff,0xff,0xff,0xff,0xff,0xff,
    0xff,0xff,0xff,0xff,0xff,0xff,0xff,0xff,0xff,0xff,0xff,0xff,0xff,0xff,0xff,0xff,
    0xff,0xff,0xff,0xff,0xff,0xff,0xff,0xff,0xff,0xff,0xff,0xff,0xff,0xff,0xff,0xff,
    0xff,0xff,0xff,0xff,0xff,0xff,0xff,0xff,0xff,0xff,0xff,0xff,0xff,0xff,0xff,0xff,
    0xff,0xff,0xff,0xff,0xff,0xff,0xff,0xff,0xff,0xff,0xff,0xff,0xff,0xff,0xff,0xff,
    0xff,0xff,0xff,0xff,0xff,0xff,0xff,0xff,0xff,0xff,0xff,0xff,0xff,0xff,0xff,0xff,
    0xff,0xff,0xff,0xff,0xff,0xff,0xff,0xff,0xff,0xff,0xff,0xff,0xff,0xff,0xff,0xff,
    0xff,0xff,0xff,0xff,0xff,0xff,0xff,0xff,0xff,0xff,0xff,0xff,0xff,0xff,0xff,0xff,
    0xff,0xff,0xff,0xff,0xff,0xff,0xff,0xff,0xff,0xff,0xff,0xff,0xff,0xff,0xff,0xff,
    0xff,0xff,0xff,0xff,0xff,0xff,0xff,0xff,0xff,0xff,0xff,0xff,0xff,0xff,0xff,0xff,
    0xff,0xff,0xff,0xff,0xff,0xff,0xff,0xff,0xff,0xff,0xff,0xff,0xff,0xff,0xff,0xff,
    0xff,0xff,0xff,0xff,0xff,0xff,0xff,0xff,0xff,0xff,0xff,0xff,0xff,0xff,0xff,0xff,
    0xff,0xff,0xff,0xff,0xff,0xff,0xff,0xff,0xff,0xff,0xff,0xff,0xff,0xff,0xff,0xff,
    0xff,0xff,0xff,0xff,0xff,0xff,0xff,0xff,0xff,0xff,0xff,0xff,0xff,0xff,0xff,0xff,
    0xff,0xff,0xff,0xff,0xff,0xff,0xff,0xff,0xff,0xff,0xff,0xff,0xff,0xff,0xff,0xff,
    0xff,0xff,0xff,0xff,0xff,0xff,0xff,0xff,0xff,0xff,0xff,0xff,0xff,0xff,0xff,0xff,
    0xff,0xff,0xff,0xff,0xff,0xff,0xff,0xff,0xff,0xff,0xff,0xff,0xff,0xff,0xff,0xff,
    0xff,0xff,0xff,0xff,0xff,0xff,0xff,0xff,0xff,0xff,0xff,0xff,0xff,0xff,0xff,0xff,
    0xff,0xff,0xff,0xff,0xff,0xff,0xff,0xff,0xff,0xff,0xff,0xff,0xff,0xff,0xff,0xff,
    0xff,0xff,0xff,0xff,0xff,0xff,0xff,0xff,0xff,0xff,0xff,0xff,0xff,0xff,0xff,0xff,
    0xff,0xff,0xff,0xff,0xff,0xff,0xff,0xff,0xff,0xff,0xff,0xff,0xff,0xff,0xff,0xff,
    0xff,0xff,0xff,0xff,0xff,0xff,0xff,0xff,0xff,0xff,0xff,0xff,0xff,0xff,0xff,0xff,
    0xff,0xff,0xff,0xff,0xff,0xff,0xff,0xff,0xff,0xff,0xff,0xff,0xff,0xff,0xff,0xff,
    0xff,0xff,0xff,0xff,0xff,0xff,0xff,0xff,0xff,0xff,0xff,0xff,0xff,0xff,0xff,0xff,
    0xff,0xff,0xff,0xff,0xff,0xff,0xff,0xff,0xff,0xff,0xff,0xff,0xff,0xff,0xff,0xff,
    0xff,0xff,0xff,0xff,0xff,0xff,0xff,0xff,0xff,0xff,0xff,0xff,0xff,0xff,0xff,0xff,
    0xff,0xff,0xff,0xff,0xff,0xff,0xff,0xff,0xff,0xff,0xff,0xff,0xff,0xff,0xff,0xff,
    0xff,0xff,0xff,0xff,0xff,0xff,0xff,0xff,0xff,0xff,0xff,0xff,0xff,0xff,0xff,0xff,
    0xff,0xff,0xff,0xff,0xff,0xff,0xff,0xff,0xff,0xff,0xff,0xff,0xff,0xff,0xff,0xff,
    0xff,0xff,0xff,0xff,0xff,0xff,0xff,0xff,0xff,0xff,0xff,0xff,0xff,0xff,0xff,0xff,
    0xff,0xff,0xff,0xff,0xff,0xff,0xff,0xff,0xff,0xff,0xff,0xff,0xff,0xff,0xff,0xff,
    0xff,0xff,0xff,0xff,0xff,0xff,0xff,0xff,0xff,0xff,0xff,0xff,0xff,0xff,0xff,0xff,
    0xff,0xff,0xff,0xff,0xff,0xff,0xff,0xff,0xff,0xff,0xff,0xff,0xff,0xff,0xff,0xff,
    0xff,0xff,0xff,0xff,0xff,0xff,0xff,0xff,0xff,0xff,0xff,0xff,0xff,0xff,0xff,0xff,
    0xff,0xff,0xff,0xff,0xff,0xff,0xff,0xff,0xff,0xff,0xff,0xff,0xff,0xff,0xff,0xff,
    0xff,0xff,0xff,0xff,0xff,0xff,0xff,0xff,0xff,0xff,0xff,0xff,0xff,0xff,0xff,0xff,
    0xff,0xff,0xff,0xff,0xff,0xff,0xff,0xff,0xff,0xff,0xff,0xff,0xff,0xff,0xff,0xff,
    0xff,0xff,0xff,0xff,0xff,0xff,0xff,0xff,0xff,0xff,0xff,0xff,0xff,0xff,0xff,0xff,
    0xff,0xff,0xff,0xff,0xff,0xff,0xff,0xff,0xff,0xff,0xff,0xff,0xff,0xff,0xff,0xff,
    0xff,0xff,0xff,0xff,0xff,0xff,0xff,0xff,0xff,0xff,0xff,0xff,0xff,0xff,0xff,0xff,
    0xff,0xff,0xff,0xff,0xff,0xff,0xff,0xff,0xff,0xff,0xff,0xff,0xff,0xff,0xff,0xff,
    0xff,0xff,0xff,0xff,0xff,0xff,0xff,0xff,0xff,0xff,0xff,0xff,0xff,0xff,0xff,0xff,
    0xff,0xff,0xff,0xff,0xff,0xff,0xff,0xff,0xff,0xff,0xff,0xff,0xff,0xff,0xff,0xff,
    0xff,0xff,0xff,0xff,0xff,0xff,0xff,0xff,0xff,0xff,0xff,0xff,0xff,0xff,0xff,0xff,
    0xff,0xff,0xff,0xff,0xff,0xff,0xff,0xff,0xff,0xff,0xff,0xff,0xff,0xff,0xff,0xff,
    0xff,0xff,0xff,0xff,0xff,0xff,0xff,0xff,0xff,0xff,0xff,0xff,0xff,0xff,0xff,0xff,
    0xff,0xff,0xff,0xff,0xff,0xff,0xff,0xff,0xff,0xff,0xff,0xff,0xff,0xff,0xff,0xff,
    0xff,0xff,0xff,0xff,0xff,0xff,0xff,0xff,0xff,0xff,0xff,0xff,0xff,0xff,0xff,0xff,
    0xff,0xff,0xff,0xff,0xff,0xff,0xff,0xff,0xff,0xff,0xff,0xff,0xff,0xff,0xff,0xff,
    0xff,0xff,0xff,0xff,0xff,0xff,0xff,0xff,0xff,0xff,0xff,0xff,0xff,0xff,0xff,0xff,
    0xff,0xff,0xff,0xff,0xff,0xff,0xff,0xff,0xff,0xff,0xff,0xff,0xff,0xff,0xff,0xff,
    0xff,0xff,0xff,0xff,0xff,0xff,0xff,0xff,0xff,0xff,0xff,0xff,0xff,0xff,0xff,0xff,
    0xff,0xff,0xff,0xff,0xff,0xff,0xff,0xff,0xff,0xff,0xff,0xff,0xff,0xff,0xff,0xff,
    0xff,0xff,0xff,0xff,0xff,0xff,0xff,0xff,0xff,0xff,0xff,0xff,0xff,0xff,0xff,0xff,
    0xff,0xff,0xff,0xff,0xff,0xff,0xff,0xff,0xff,0xff,0xff,0xff,0xff,0xff,0xff,0xff,
    0xff,0xff,0xff,0xff,0xff,0xff,0xff,0xff,0xff,0xff,0xff,0xff,0xff,0xff,0xff,0xff,
    0xff,0xff,0xff,0xff,0xff,0xff,0xff,0xff,0xff,0xff,0xff,0xff,0xff,0xff,0xff,0xff,
    0xff,0xff,0xff,0xff,0xff,0xff,0xff,0xff,0xff,0xff,0xff,0xff,0xff,0xff,0xff,0xff,
    0xff,0xff,0xff,0xff,0xff,0xff,0xff,0xff,0xff,0xff,0xff,0xff,0xff,0xff,0xff,0xff,
    0xff,0xff,0xff,0xff,0xff,0xff,0xff,0xff,0xff,0xff,0xff,0xff,0xff,0xff,0xff,0xff,
    0xff,0xff,0xff,0xff,0xff,0xff,0xff,0xff,0xff,0xff,0xff,0xff,0xff,0xff,0xff,0xff,
    0xff,0xff,0xff,0xff,0xff,0xff,0xff,0xff,0xff,0xff,0xff,0xff,0xff,0xff,0xff,0xff,
    0xff,0xff,0xff,0xff,0xff,0xff,0xff,0xff,0xff,0xff,0xff,0xff,0xff,0xff,0xff,0xff,
    0xff,0xff,0xff,0xff,0xff,0xff,0xff,0xff,0xff,0xff,0xff,0xff,0xff,0xff,0xff,0xff,
    0xff,0xff,0xff,0xff,0xff,0xff,0xff,0xff,0xff,0xff,0xff,0xff,0xff,0xff,0xff,0xff,
    0xff,0xff,0xff,0xff,0xff,0xff,0xff,0xff,0xff,0xff,0xff,0xff,0xff,0xff,0xff,0xff,
    0x48,0x59,0x59,0x47,0x47,0x5d,0x5f,0x5f,0x5f,0x49,0x49,0x49,0x3b,0x3a,0x48,0x3b,
    0x37,0x43,0x3d,0x25,0x43,0x63,0x63,0x3d,0x3d,0x28,0x4a,0x3e,0x29,0x40,0x29,0x33,
    0x26,0x45,0x26,0x66,0x75,0x0f,0x0f,0x00,0x00,0x00,0x00,0x00,0x00,0x00,0x00,0x00,
    0x00,0x00,0x00,0x00,0x00,0x00,0x00,0x00,0x00,0x00,0x00,0x00,0x00,0x00,0x00,0x00,
    0x00,0x00,0x00,0x00,0x00,0x00,0x00,0x00,0x00,0x00,0x00,0x00,0x00,0x00,0x00,0x00,
    0x00,0x00,0x00,0x00,0x00,0x00,0x00,0x00,0x00,0x00,0x00,0x00,0x00,0x00,0x00,0x00,
    0x00,0x00,0x00,0x00,0x00,0x00,0x00,0x00,0x00,0x00,0x00,0x00,0x00,0x00,0x00,0x00,
    0x00,0x00,0x00,0x00,0x00,0x00,0x00,0x00,0x00,0x00,0x00,0x00,0x00,0x00,0x00,0x00,
    0x47,0x58,0x58,0x41,0x5b,0x5f,0x5f,0x3b,0x5d,0x5b,0x3a,0x3b,0x5f,0x3b,0x37,0x25,
    0x3d,0x3d,0x3d,0x3d,0x4a,0x3d,0x3d,0x3d,0x3d,0x28,0x29,0x4d,0x4d,0x26,0x26,0x26,
    0x26,0x26,0x26,0x1b,0x57,0x0f,0x0f,0x00,0x00,0x00,0x00,0x00,0x00,0x00,0x00,0x00,
    0x00,0x00,0x00,0x00,0x67,0x1f,0x4c,0x43,0x5d,0x5d,0x5d,0x5d,0x5d,0x43,0x44,0x55,
    0x89,0x00,0x00,0x00,0x00,0x00,0x00,0x00,0x00,0x00,0x00,0x00,0x00,0x00,0x00,0x00,
    0x00,0x00,0x00,0x00,0x00,0x00,0x00,0x00,0x00,0x00,0x00,0x00,0x00,0x00,0x00,0x00,
    0x00,0x00,0x00,0x00,0x00,0x00,0x00,0x00,0x00,0x00,0x00,0x00,0x00,0x00,0x00,0x00,
    0x00,0x00,0x00,0x00,0x00,0x00,0x00,0x00,0x00,0x00,0x00,0x00,0x00,0x00,0x00,0x00,
    0x47,0x58,0x46,0x41,0x3a,0x50,0x5d,0x5d,0x5b,0x6c,0x38,0x5b,0x48,0x48,0x49,0x43,
    0x43,0x37,0x25,0x4a,0x4c,0x28,0x28,0x28,0x4a,0x3e,0x29,0x4d,0x26,0x2f,0x2f,0x2f,
    0x2f,0x2f,0x2f,0x3f,0x3f,0x0f,0x0f,0x00,0x00,0x00,0x00,0x00,0x00,0x00,0x00,0x00,
    0x00,0x89,0x2c,0x39,0x48,0x38,0x5f,0x63,0x61,0x72,0x72,0x72,0x61,0x4a,0x3d,0x4f,
    0x43,0x64,0x5e,0x0f,0x00,0x00,0x00,0x00,0x00,0x00,0x00,0x00,0x00,0x00,0x00,0x00,
    0x00,0x00,0x00,0x00,0x00,0x00,0x00,0x00,0x00,0x00,0x00,0x00,0x00,0x00,0x00,0x00,
    0x00,0x00,0x00,0x00,0x00,0x00,0x00,0x00,0x00,0x00,0x00,0x00,0x00,0x00,0x00,0x00,
    0x00,0x00,0x00,0x00,0x00,0x00,0x00,0x00,0x00,0x00,0x00,0x00,0x00,0x00,0x00,0x00,
    0x48,0x59,0x59,0x47,0x5d,0x6f,0x3b,0x49,0x5f,0x5f,0x50,0x5f,0x5f,0x3b,0x3b,0x37,
    0x37,0x3b,0x37,0x4a,0x4c,0x28,0x25,0x4a,0x29,0x29,0x33,0x26,0x2f,0x1b,0x3f,0x2f,
    0x2f,0x2f,0x2f,0x2f,0x3f,0x0f,0x0f,0x00,0x00,0x00,0x00,0x00,0x00,0x00,0x00,0x0f,
    0x2e,0x2a,0x3a,0x5b,0x39,0x53,0x82,0x89,0x0f,0x0f,0x0f,0x0f,0x0f,0x0f,0x5e,0x60,
    0x33,0x2d,0x5f,0x33,0x09,0x0f,0x00,0x00,0x00,0x00,0x00,0x00,0x00,0x00,0x00,0x00,
    0x00,0x00,0x00,0x00,0x00,0x00,0x00,0x00,0x00,0x00,0x00,0x00,0x00,0x00,0x00,0x00,
    0x00,0x00,0x00,0x00,0x00,0x00,0x00,0x00,0x00,0x00,0x00,0x00,0x00,0x00,0x00,0x00,
    0x00,0x00,0x00,0x00,0x00,0x00,0x00,0x00,0x00,0x00,0x00,0x00,0x00,0x00,0x00,0x00,
    0x49,0x5b,0x5b,0x3a,0x49,0x49,0x5f,0x49,0x3b,0x4b,0x3d,0x4b,0x4b,0x5f,0x37,0x63,
    0x3d,0x43,0x3d,0x28,0x28,0x28,0x29,0x4c,0x29,0x29,0x29,0x33,0x1a,0x3f,0x1b,0x3f,
    0x2f,0x3f,0x1b,0x1b,0x3f,0x0f,0x0f,0x00,0x00,0x00,0x00,0x00,0x00,0x00,0x67,0x61,
    0x5d,0x3a,0x42,0x8a,0xff,0xff,0xff,0x0f,0xa8,0xa8,0x0f,0x0f,0x05,0x84,0x67,0x67,
    0x0c,0x11,0x60,0x25,0x25,0x44,0x89,0x00,0x00,0x00,0x00,0x00,0x00,0x00,0x00,0x00,
    0x00,0x00,0x00,0x00,0x00,0x00,0x00,0x00,0x00,0x00,0x00,0x00,0x00,0x00,0x00,0x00,
    0x00,0x00,0x00,0x00,0x00,0x00,0x00,0x00,0x00,0x00,0x00,0x00,0x86,0x94,0xb1,0xa9,
    0x95,0x89,0x00,0x00,0x00,0x00,0x00,0x00,0x00,0x00,0x00,0x00,0x00,0x00,0x00,0x00,
    0x49,0x47,0x47,0x47,0x47,0x48,0x5d,0x4f,0x3a,0x24,0x5f,0x3d,0x43,0x43,0x25,0x4a,
    0x3d,0x28,0x28,0x3e,0x29,0x29,0x29,0x29,0x29,0x29,0x33,0x16,0x16,0x2f,0x1a,0x2f,
    0x1b,0x21,0x1b,0x1b,0x55,0x0f,0x0f,0x00,0x00,0x00,0x00,0x00,0x00,0x09,0x43,0x4e,
    0x54,0x09,0x89,0x67,0xf0,0x89,0x8a,0x67,0x87,0x99,0x0f,0x8a,0x84,0x80,0x5e,0x67,
    0x2e,0x09,0xff,0x0f,0x33,0x37,0x61,0x10,0x00,0x00,0x00,0x00,0x00,0x00,0x00,0x00,
    0x00,0x00,0x00,0x00,0x00,0x00,0x00,0x00,0x00,0x00,0x00,0x00,0x00,0x00,0x00,0x00,
    0x00,0x00,0x00,0x00,0x00,0x00,0x00,0x00,0x00,0x00,0x00,0x8a,0x91,0xa1,0xc6,0xeb,
    0xde,0x86,0x8a,0x00,0x00,0x00,0x00,0x00,0x00,0x00,0x00,0x00,0x00,0x00,0x00,0x00,
    0x37,0x3a,0x47,0x47,0x47,0x3a,0x5d,0x5f,0x5f,0x43,0x25,0x3d,0x63,0x37,0x49,0x49,
    0x3d,0x28,0x29,0x29,0x26,0x40,0x33,0x33,0x33,0x1a,0x2f,0x26,0x1a,0x2f,0x2f,0x3f,
    0x21,0x21,0x21,0x21,0x21,0x0f,0x0f,0x00,0x00,0x00,0x00,0x00,0x76,0x48,0x3a,0x44,
    0xff,0x8a,0x87,0x5e,0x8a,0x89,0xf0,0x8a,0x8a,0x8a,0x0f,0xf0,0xff,0xf0,0x86,0x82,
    0x89,0x67,0x86,0xfb,0xff,0x2e,0x2b,0x28,0x34,0x00,0x00,0x00,0x00,0x00,0x00,0x00,
    0x00,0x00,0x00,0x00,0x00,0x00,0x00,0x00,0x00,0x00,0x00,0x00,0x00,0x00,0x00,0x00,
    0x00,0x00,0x00,0x00,0x00,0x00,0x00,0x00,0x00,0x00,0x8a,0x92,0x9d,0xaa,0xde,0xee,
    0xd6,0x96,0x84,0x00,0x00,0x00,0x00,0x00,0x00,0x00,0x00,0x00,0x00,0x00,0x00,0x00,
    0x43,0x37,0x2a,0x43,0x2a,0x49,0x49,0x43,0x43,0x37,0x37,0x37,0x65,0x3d,0x43,0x43,
    0x43,0x43,0x28,0x4c,0x4c,0x33,0x33,0x33,0x1a,0x1a,0x1a,0x2f,0x4d,0x2f,0x2f,0x2f,
    0x1b,0x21,0x21,0x21,0x21,0x0f,0x0f,0x00,0x00,0x00,0x00,0x09,0x6d,0x3a,0x2c,0xff,
    0xff,0x99,0xaf,0xff,0x8a,0xf0,0xf0,0x8a,0xf0,0x89,0x0f,0xf0,0x8a,0xf0,0xaf,0xf0,
    0xaf,0xf0,0x86,0x86,0x82,0x89,0x09,0x28,0x3d,0x67,0x00,0x00,0x00,0x00,0x00,0x00,
    0x00,0x00,0x00,0x00,0x00,0x00,0x00,0x00,0x00,0x00,0x00,0x00,0x00,0x00,0x00,0x00,
    0x00,0x00,0x00,0x00,0x00,0x00,0x00,0x00,0x00,0x8a,0x8c,0xaa,0xc8,0xbb,0xde,0xde,
    0xd6,0xa1,0x91,0x67,0x00,0x00,0x00,0x00,0x00,0x00,0x00,0x00,0x00,0x00,0x00,0x00,
    0x2b,0x3d,0x28,0x4a,0x43,0x24,0x25,0x4a,0x4a,0x3d,0x43,0x25,0x29,0x32,0x28,0x4a,
    0x2b,0x32,0x33,0x33,0x28,0x29,0x33,0x1a,0x1a,0x1a,0x1a,0x1f,0x1a,0x1f,0x1a,0x1a,
    0x1a,0x21,0x21,0x21,0x1b,0x0f,0x0f,0x00,0x00,0x00,0x06,0x24,0x3a,0x55,0xff,0xf0,
    0xf0,0xf0,0x89,0xf1,0xf1,0xf0,0xff,0xf0,0xf0,0xf1,0xf0,0xff,0x89,0xf0,0xf0,0xaf,
    0x8a,0x89,0x89,0x8a,0x01,0x82,0xf0,0x11,0x20,0x32,0x89,0x00,0x00,0x00,0x00,0x00,
    0x00,0x00,0x00,0x00,0x00,0x00,0x00,0x00,0x00,0x00,0x00,0x00,0x00,0x00,0x00,0x00,
    0x00,0x00,0x00,0x00,0x00,0x00,0x00,0x00,0xf0,0x93,0x9f,0xce,0xc6,0xc0,0xde,0xd6,
    0xdd,0xd9,0x9e,0x93,0xf1,0x00,0x00,0x00,0x00,0x00,0x00,0x00,0x00,0x00,0x00,0x00,
    0x16,0x18,0x16,0x16,0x1a,0x16,0x16,0x1a,0x0b,0x0b,0x0b,0x17,0x0e,0x0e,0x0e,0x0e,
    0x0e,0x0e,0x0e,0x0e,0x0e,0x0d,0x0c,0x0c,0x09,0x09,0x09,0x0c,0x0d,0x0c,0x0c,0x09,
    0x67,0x67,0x67,0x67,0x09,0x0f,0x0f,0x00,0x00,0x0f,0x19,0x35,0x23,0xff,0xff,0xaf,
    0xf0,0xff,0xf0,0xaf,0xf1,0xf0,0x89,0xff,0xf0,0xf1,0xf0,0xf1,0xf1,0xff,0xf0,0x7d,
    0x8a,0x8a,0xff,0x8a,0x89,0x89,0x82,0xf0,0x0c,0x1e,0x60,0x00,0x00,0x00,0x00,0x00,
    0x00,0x00,0x00,0x00,0x00,0x00,0x00,0x00,0x00,0x00,0x00,0x00,0x00,0x00,0x00,0x00,
    0x00,0x00,0x00,0x00,0x00,0x00,0x00,0x00,0x82,0xa7,0xb8,0xc5,0xa9,0xd7,0xd7,0xea,
    0xd6,0xdd,0xbb,0xa9,0x99,0x00,0x00,0x00,0x00,0x00,0x00,0x00,0x00,0x00,0x00,0x00,
    0x25,0x43,0x2b,0x54,0x54,0x2b,0x2b,0x2b,0x25,0x2b,0x14,0x18,0x18,0x18,0x16,0x16,
    0x16,0x1f,0x1a,0x1b,0x1b,0x1b,0x1b,0x0d,0x0d,0x21,0x21,0x21,0x1b,0x1b,0x1b,0x1b,
    0x21,0x21,0x21,0x21,0x21,0x34,0x0f,0x00,0x00,0x2e,0x3a,0x73,0xff,0xf0,0x89,0x01,
    0xf0,0xff,0xcc,0xaf,0xff,0xf0,0xf0,0xf0,0xff,0xff,0xe6,0xca,0xf1,0xf0,0xff,0x02,
    0xf0,0xf0,0xff,0x89,0x8a,0xff,0x67,0x7e,0xaf,0x75,0x2b,0x09,0x00,0x00,0x00,0x00,
    0x00,0x00,0x00,0x00,0x00,0x00,0x00,0x00,0x00,0x00,0x00,0x00,0x00,0x00,0x00,0x00,
    0x00,0x00,0x00,0x00,0x00,0x00,0x00,0x82,0x97,0xbb,0x9f,0xdd,0xdd,0xd6,0xe8,0xea,
    0xea,0xeb,0xe1,0xbb,0x86,0xcc,0xaf,0x89,0x00,0x00,0x00,0x00,0x00,0x00,0x00,0x00,
    0x3b,0x27,0x27,0x3b,0x27,0x5d,0x5d,0x5d,0x6f,0x27,0x3b,0x24,0x43,0x70,0x63,0x4a,
    0x54,0x54,0x43,0x28,0x32,0x32,0x32,0x4a,0x32,0x32,0x33,0x1a,0x1a,0x1a,0x1b,0x1b,
    0x21,0x21,0x21,0x21,0x21,0x0c,0x0f,0x00,0x89,0x54,0x5b,0x02,0xff,0xf0,0x0f,0x67,
    0xf1,0xe6,0xaf,0xf0,0xf0,0xcc,0xf1,0xff,0x01,0xf1,0x82,0x56,0x89,0x67,0x89,0xf0,
    0xf0,0xf0,0xff,0xf0,0xf0,0xff,0x0f,0x86,0xaf,0x89,0x28,0x33,0x0f,0x00,0x00,0x00,
    0x00,0x00,0x00,0x00,0x00,0x00,0x00,0x00,0x00,0x00,0x00,0x00,0x00,0x00,0x00,0x00,
    0x00,0x00,0x00,0x00,0x00,0x00,0x00,0xc2,0xb1,0xbb,0xa4,0xe1,0xcb,0xb3,0xc9,0xdd,
    0xea,0xea,0xe4,0xe4,0x9f,0xa0,0xb4,0xf0,0x00,0x00,0x00,0x00,0x00,0x00,0x00,0x00,
    0x27,0x3b,0x49,0x49,0x3b,0x3b,0x49,0x49,0x49,0x24,0x43,0x37,0x37,0x5f,0x49,0x2a,
    0x43,0x43,0x43,0x4a,0x28,0x28,0x2b,0x2b,0x14,0x28,0x32,0x33,0x1a,0x1a,0x0a,0x21,
    0x21,0x2e,0x0c,0x0c,0x21,0x0c,0x10,0x00,0x07,0x38,0x42,0xff,0xf0,0xa8,0x89,0xff,
    0x86,0xf2,0xf0,0xff,0x67,0x8a,0xff,0xf0,0xec,0x84,0x11,0x67,0xff,0x67,0x8a,0x67,
    0xff,0xf0,0xf0,0x67,0x8a,0xff,0xf0,0xf0,0xf0,0xff,0x55,0x3d,0x67,0x00,0x00,0x00,
    0x00,0x00,0x00,0x00,0x00,0x00,0x00,0x00,0x00,0x00,0x00,0x00,0x00,0x00,0x00,0x00,
    0x00,0x00,0x00,0x00,0x00,0x00,0x00,0x80,0x90,0xbb,0xcb,0xad,0xad,0xc0,0xc0,0xc0,
    0xdd,0xe2,0xe2,0xb9,0xc5,0xbb,0xca,0xf0,0x00,0x00,0x00,0x00,0x00,0x00,0x00,0x00,
    0x27,0x3b,0x74,0x3b,0x3b,0x3b,0x30,0x49,0x49,0x5f,0x4a,0x71,0x70,0x70,0x2a,0x70,
    0x43,0x43,0x28,0x28,0x28,0x28,0x28,0x28,0x28,0x28,0x28,0x29,0x33,0x1a,0x1b,0x21,
    0x21,0x21,0x0c,0x0c,0x0d,0x0c,0x10,0x0f,0x4a,0x5d,0x06,0xff,0x10,0x82,0x68,0x82,
    0xff,0x02,0x99,0xff,0x89,0x79,0x89,0xf0,0x99,0x89,0x89,0x8a,0x67,0xaf,0x89,0xff,
    0xf0,0x01,0xf0,0xff,0xf0,0xff,0x89,0x89,0xf0,0x89,0x89,0x28,0x44,0x00,0x00,0x00,
    0x00,0x00,0x00,0x00,0x00,0x00,0x00,0x00,0x00,0x00,0x00,0x00,0x00,0x00,0x00,0x00,
    0x00,0x00,0x00,0x00,0x00,0x89,0x89,0x87,0x91,0xcb,0xde,0xcb,0xbb,0xdd,0xde,0xd7,
    0xcb,0xe1,0xa0,0xbb,0xc6,0x97,0xb3,0x89,0x00,0x00,0x00,0x00,0x00,0x00,0x00,0x00,
    0x3b,0x49,0x5f,0x3b,0x48,0x30,0x49,0x3b,0x49,0x63,0x43,0x43,0x70,0x43,0x43,0x71,
    0x4a,0x4a,0x28,0x4a,0x4a,0x4a,0x28,0x28,0x3e,0x22,0x18,0x18,0x33,0x16,0x1f,0x3f,
    0x1f,0x0a,0x0c,0x0c,0x21,0x0c,0x10,0x0f,0x3b,0x39,0xff,0xff,0xff,0xf0,0x53,0x82,
    0xff,0x5e,0x06,0xf0,0xff,0x89,0x8a,0xff,0x89,0xaf,0xf0,0xff,0xaf,0xaf,0xff,0xf0,
    0xb6,0xe9,0xf0,0xff,0xf0,0xf0,0x89,0x8a,0xf0,0x8a,0xff,0x3f,0x28,0x00,0x00,0x00,
    0x00,0x00,0x00,0x00,0x00,0x00,0x00,0x00,0x00,0x00,0x00,0x00,0x00,0x00,0x00,0x00,
    0x00,0x00,0x00,0x00,0xf0,0x8f,0x8f,0xa0,0xbb,0xdd,0xc6,0xdd,0xc0,0xcb,0xeb,0xde,
    0xe2,0xdd,0xdd,0xe2,0xcb,0x9f,0x97,0x8a,0x00,0x00,0x00,0x00,0x00,0x00,0x00,0x00,
    0x49,0x49,0x5f,0x49,0x30,0x49,0x49,0x5f,0x49,0x5f,0x5f,0x5a,0x43,0x4a,0x4a,0x4a,
    0x4a,0x4a,0x4a,0x4a,0x2b,0x4a,0x28,0x28,0x28,0x28,0x28,0x18,0x16,0x1a,0x1a,0x1a,
    0x1f,0x21,0x0c,0x0c,0x21,0x0c,0x10,0x2c,0x69,0x55,0xff,0xf0,0xff,0xf0,0x82,0x82,
    0xf0,0x0f,0x67,0xf1,0xff,0xf0,0xf0,0xf0,0x86,0xe6,0xf0,0xaf,0xf1,0xf0,0xf0,0xf0,
    0xf0,0xf0,0xf0,0xf0,0x8a,0xfb,0xff,0xf0,0xf0,0xf0,0xff,0x34,0x37,0x0c,0x00,0x00,
    0x00,0x00,0x00,0x00,0x00,0x00,0x00,0x00,0x00,0x00,0x00,0x00,0x00,0x00,0x00,0x00,
    0x00,0x00,0x00,0x00,0x89,0x8e,0xae,0xc6,0xeb,0xe1,0xc6,0xeb,0xe2,0xb5,0xc0,0xe1,
    0xcf,0xe2,0xde,0xe1,0xd3,0xcf,0x91,0xb6,0x00,0x00,0x00,0x00,0x00,0x00,0x00,0x00,
    0x6f,0x49,0x3b,0x3b,0x49,0x49,0x49,0x49,0x49,0x49,0x30,0x24,0x43,0x63,0x63,0x43,
    0x4a,0x32,0x32,0x4a,0x4a,0x28,0x28,0x2b,0x32,0x28,0x32,0x33,0x1a,0x16,0x1a,0x1f,
    0x21,0x21,0x21,0x0c,0x21,0x0c,0x0f,0x61,0x3b,0x67,0xff,0xf0,0xf0,0xaf,0x5e,0x0f,
    0xf0,0xa8,0xe6,0xf0,0xff,0x99,0xf1,0xff,0xff,0xaf,0xa8,0x86,0x89,0xcc,0xaf,0xf0,
    0xf0,0xf0,0xf0,0x89,0x99,0xf1,0xff,0xaf,0xaf,0xf0,0xff,0xf0,0x29,0x1a,0x00,0x00,
    0x00,0x00,0x00,0x00,0x00,0x00,0x00,0x00,0x00,0x00,0x00,0x00,0x00,0x00,0x00,0x00,
    0x00,0x00,0x00,0x00,0x89,0x94,0xaa,0xcb,0xcd,0xc0,0xc0,0xeb,0xc0,0xb5,0xde,0xea,
    0xd6,0xe8,0xc0,0xb8,0xd9,0xb8,0x91,0xb6,0x89,0x00,0x00,0x00,0x00,0x00,0x00,0x00,
    0x3b,0x49,0x3b,0x5f,0x3b,0x49,0x49,0x3b,0x49,0x24,0x49,0x5f,0x43,0x43,0x43,0x43,
    0x32,0x61,0x28,0x28,0x28,0x28,0x28,0x28,0x29,0x18,0x29,0x33,0x1a,0x1a,0x1a,0x1a,
    0x21,0x21,0x2e,0x0c,0x21,0x09,0x0f,0x74,0x24,0x89,0xff,0x89,0xaf,0x8b,0xaf,0xf0,
    0xf0,0x82,0x86,0xf0,0xff,0x89,0x8a,0xff,0xaf,0x82,0xa8,0x7e,0x7e,0x2c,0xe5,0xca,
    0xaf,0xff,0xff,0x89,0x89,0xf0,0x89,0x5e,0x06,0x0f,0xf0,0x0f,0x1c,0x4d,0x00,0x00,
    0x00,0x00,0x00,0x00,0x00,0x00,0x00,0x00,0x00,0x00,0x00,0x00,0x00,0x00,0x00,0x00,
    0x00,0x00,0x00,0x00,0x01,0x94,0xaa,0xea,0xd6,0xd6,0xc0,0xe1,0xcb,0xb4,0xd7,0xbb,
    0xe8,0xc9,0xa9,0xb3,0xd7,0xc5,0xc3,0xca,0x00,0x00,0x00,0x00,0x00,0x00,0x00,0x00,
    0x27,0x5d,0x5f,0x37,0x3b,0x3b,0x49,0x70,0x37,0x24,0x37,0x5f,0x49,0x5f,0x43,0x43,
    0x4a,0x4a,0x4a,0x25,0x28,0x28,0x28,0x28,0x18,0x29,0x29,0x29,0x33,0x1a,0x1a,0x1a,
    0x0a,0x21,0x0c,0x0c,0x21,0x34,0x0f,0x5d,0x2b,0xff,0xf0,0xff,0x04,0x53,0x89,0xf0,
    0xa8,0xff,0x89,0xaf,0xff,0xf0,0xf0,0xf0,0x5e,0xaf,0xff,0x67,0x53,0x2c,0x87,0x7a,
    0x0f,0xf0,0xf0,0xf0,0xff,0xf0,0xaf,0x89,0xff,0x67,0xf0,0x0f,0x1a,0x71,0x00,0x00,
    0x00,0x00,0x00,0x00,0x00,0x00,0x00,0x00,0x00,0x00,0x00,0x00,0x00,0x00,0x00,0x00,
    0x00,0x00,0x00,0x89,0x81,0xa6,0xa1,0xb5,0xe2,0xe1,0xb3,0xd3,0xbc,0xb4,0x95,0xc0,
    0xea,0xeb,0xc0,0xc0,0xc6,0xc5,0x9f,0xca,0xf1,0x00,0x00,0x00,0x00,0x00,0x00,0x00,
    0x27,0x5f,0x5f,0x49,0x3b,0x3b,0x49,0x37,0x43,0x43,0x49,0x49,0x5f,0x43,0x43,0x43,
    0x63,0x43,0x4a,0x2b,0x4a,0x28,0x28,0x14,0x28,0x29,0x29,0x18,0x33,0x1a,0x1a,0x1a,
    0x1f,0x1f,0x2e,0x2e,0x21,0x67,0x0f,0x31,0x61,0xff,0xcc,0xf0,0xf0,0xfb,0xf0,0xf0,
    0x99,0x89,0xff,0x86,0x82,0x89,0xf1,0xf0,0xaf,0xf0,0xf0,0xf1,0x8a,0x7c,0x79,0x86,
    0x09,0xf1,0xcc,0xaf,0xf0,0xf0,0xf0,0xf0,0xf0,0xf0,0xf0,0x0f,0x44,0x13,0x00,0x00,
    0x00,0x00,0x00,0x00,0x00,0x00,0x00,0x00,0x00,0x00,0x00,0x00,0x00,0x00,0x00,0x00,
    0x00,0x00,0x00,0x82,0x73,0x9b,0xb2,0xb5,0xe2,0xe1,0xb3,0xc0,0x95,0x99,0x95,0xde,
    0xcb,0xd6,0xde,0xe2,0xb8,0xae,0xde,0xcc,0xf0,0x00,0x00,0x00,0x00,0x00,0x00,0x00,
    0x49,0x5f,0x49,0x3b,0x3b,0x3b,0x3b,0x49,0x49,0x49,0x49,0x49,0x5f,0x43,0x4a,0x4a,
    0x25,0x43,0x2b,0x4a,0x2b,0x32,0x28,0x28,0x28,0x32,0x33,0x18,0x16,0x33,0x1a,0x1f,
    0x1b,0x1f,0x1f,0x21,0x21,0x67,0x0f,0x6a,0x61,0xff,0x86,0xe6,0xff,0xff,0xf0,0x89,
    0xaf,0x89,0xf0,0xa8,0x89,0x67,0x53,0xf0,0xf0,0xf0,0xaf,0x99,0x8a,0x7c,0x89,0x87,
    0x76,0xe6,0x7a,0xa8,0xe9,0x89,0xff,0xf0,0xf0,0xff,0x89,0x0f,0x60,0x20,0x00,0x00,
    0x00,0x00,0x00,0x00,0x00,0x00,0x00,0x00,0x00,0x00,0x00,0x00,0x00,0x00,0x00,0x00,
    0x00,0x00,0x00,0x82,0x7f,0xbd,0xa1,0xc0,0xde,0xdd,0xb3,0x95,0xd7,0xd7,0xd7,0x95,
    0xb4,0xec,0xea,0xcf,0xb8,0xcb,0xd7,0xcc,0xf1,0x00,0x00,0x00,0x00,0x00,0x00,0x00,
    0x49,0x49,0x24,0x49,0x3b,0x3b,0x49,0x49,0x49,0x49,0x3b,0x49,0x5f,0x43,0x43,0x43,
    0x43,0x43,0x25,0x4a,0x32,0x32,0x32,0x4a,0x4a,0x32,0x18,0x33,0x33,0x33,0x1a,0x1f,
    0x08,0x1f,0x1f,0x21,0x21,0x67,0x0f,0x4f,0x78,0xfb,0x82,0xf1,0xff,0xf0,0xf0,0x67,
    0x8a,0xf0,0xf0,0xf0,0xf0,0xf0,0x7e,0x7d,0xf0,0xf0,0x86,0x7a,0x5e,0xf0,0xff,0x36,
    0x76,0xfb,0x68,0xa8,0xf1,0xf0,0xff,0xf0,0xf0,0x82,0x5e,0x0f,0x60,0x12,0x00,0x00,
    0x00,0x00,0x00,0x00,0x00,0x00,0x00,0x00,0x00,0x00,0x00,0x00,0x00,0x00,0x00,0x00,
    0x00,0x00,0x00,0x00,0xc9,0xab,0xaa,0xc9,0xd7,0xcb,0xc0,0xd7,0xef,0xef,0xb4,0xd7,
    0xa8,0x99,0xc0,0xac,0xcf,0xde,0xca,0xcc,0xaf,0x00,0x00,0x00,0x00,0x00,0x00,0x00,
    0x3b,0x3b,0x49,0x49,0x3b,0x3b,0x3b,0x30,0x49,0x49,0x49,0x5f,0x70,0x43,0x43,0x43,
    0x43,0x70,0x43,0x28,0x29,0x32,0x33,0x32,0x32,0x18,0x18,0x18,0x1c,0x1a,0x1f,0x1f,
    0x1f,0x1f,0x1f,0x21,0x21,0x67,0x0f,0x5d,0x2b,0x7e,0x82,0xf0,0xa8,0xe6,0xf0,0xff,
    0xaf,0xf0,0xff,0x82,0xf0,0xff,0x89,0x53,0xf0,0x89,0x34,0x86,0xe6,0xff,0xf0,0x7c,
    0x7e,0xff,0x82,0xf0,0xf0,0xf0,0x89,0x8a,0x89,0xaf,0xb6,0x0f,0x1f,0x3d,0x00,0x00,
    0x00,0x00,0x00,0x00,0x00,0x00,0x00,0x00,0x00,0x00,0x00,0x00,0x00,0x00,0x00,0x00,
    0x00,0x00,0x00,0x00,0x00,0xaa,0xc6,0xea,0xc0,0xcd,0xde,0xf4,0xf5,0xec,0xb4,0xc1,
    0xb3,0xb3,0xc0,0xac,0xcb,0xc1,0xb4,0x99,0xf1,0x00,0x00,0x00,0x00,0x00,0x00,0x00,
    0x3b,0x49,0x49,0x49,0x49,0x70,0x24,0x24,0x37,0x43,0x43,0x70,0x70,0x70,0x43,0x70,
    0x70,0x43,0x3d,0x3d,0x28,0x32,0x33,0x32,0x32,0x33,0x18,0x32,0x1c,0x33,0x1a,0x1a,
    0x1a,0x1f,0x21,0x21,0x21,0x06,0x0f,0x5a,0x2a,0x99,0x68,0x67,0xe9,0xe6,0xf0,0xf0,
    0xf0,0xf0,0x86,0xa8,0xf0,0xff,0x89,0x04,0x89,0xf0,0x0f,0x0f,0xf0,0xf0,0xf0,0xaf,
    0xaf,0xff,0xe6,0x82,0xf0,0xf0,0xf0,0x8a,0xaf,0xf0,0xe6,0x0f,0x33,0x33,0x00,0x00,
    0x00,0x00,0x00,0x00,0x00,0x00,0x00,0x00,0x00,0x00,0x00,0x00,0x00,0x00,0x00,0x00,
    0x00,0x00,0x00,0x00,0x82,0x90,0xb8,0xcb,0xb3,0xc1,0xa2,0xee,0xf7,0xca,0x99,0xb4,
    0xd7,0xde,0xcb,0xb8,0xa9,0xca,0xb4,0xb4,0xf0,0x00,0x00,0x00,0x00,0x00,0x00,0x00,
    0x49,0x5f,0x5f,0x49,0x24,0x49,0x2a,0x37,0x43,0x25,0x4a,0x4a,0x43,0x43,0x43,0x43,
    0x63,0x63,0x3d,0x25,0x28,0x32,0x32,0x18,0x32,0x28,0x28,0x32,0x18,0x33,0x1a,0x1f,
    0x1f,0x0a,0x21,0x21,0x2e,0x09,0x0f,0x32,0x3b,0x8a,0x82,0xf1,0xf0,0xf0,0xff,0xaf,
    0xf0,0x67,0xe6,0xf0,0xff,0xf1,0xaf,0x79,0xff,0xaf,0xb6,0x89,0xff,0x82,0xca,0xf0,
    0xf0,0xf1,0x8b,0xaf,0xff,0xf0,0x89,0x89,0xf0,0x0f,0x0f,0x0f,0x29,0x0f,0x00,0x00,
    0x00,0x00,0x00,0x00,0x00,0x00,0x00,0x00,0x00,0x00,0x00,0x00,0x00,0x00,0x00,0x00,
    0x00,0x00,0x00,0x0f,0x98,0x9a,0xb7,0xcb,0xd8,0xca,0xc1,0xee,0xf5,0xee,0xcc,0xcc,
    0xee,0xde,0xcb,0xc6,0xdd,0xee,0xca,0x99,0xf1,0x00,0x00,0x00,0x00,0x00,0x00,0x00,
    0x5f,0x49,0x70,0x49,0x49,0x30,0x49,0x43,0x2b,0x43,0x43,0x25,0x43,0x43,0x43,0x4a,
    0x71,0x43,0x2b,0x43,0x4a,0x32,0x18,0x29,0x18,0x18,0x18,0x18,0x29,0x33,0x1a,0x1f,
    0x1a,0x1f,0x1f,0x0a,0x21,0x09,0x0f,0x21,0x3c,0x53,0xff,0xf0,0x89,0xff,0xf0,0x8a,
    0x79,0xf0,0xf0,0xf1,0xe6,0x8b,0x8a,0xf0,0xf0,0xf0,0xe6,0xe6,0xff,0xaf,0xa8,0xf0,
    0xf0,0x86,0x89,0xf0,0xf0,0xf0,0xf0,0xf2,0xf1,0xf0,0x0f,0x67,0x1d,0x10,0x00,0x00,
    0x00,0x00,0x00,0x00,0x00,0x00,0x00,0x00,0x00,0x00,0x00,0x00,0x00,0x00,0x00,0x00,
    0x00,0x00,0x00,0x00,0xa8,0x9f,0xac,0xad,0xc1,0xec,0xee,0xe8,0xf5,0xd7,0xca,0xcc,
    0xee,0xe8,0xd6,0xdd,0xea,0xe3,0xd8,0xf2,0x00,0x00,0x00,0x00,0x00,0x00,0x00,0x00,
    0x2a,0x25,0x25,0x43,0x5f,0x49,0x49,0x43,0x43,0x43,0x25,0x4a,0x4a,0x43,0x4a,0x71,
    0x2b,0x28,0x4a,0x63,0x43,0x28,0x32,0x29,0x29,0x29,0x33,0x33,0x33,0x33,0x1a,0x1a,
    0x1f,0x0a,0x08,0x21,0x21,0x09,0x0f,0x0f,0x6a,0x32,0xff,0xf0,0xf1,0xff,0xf0,0xf0,
    0x89,0xf0,0xff,0x5e,0xa8,0x68,0xe5,0xf0,0x82,0x82,0xff,0xf0,0xe6,0xa8,0xa8,0xf0,
    0x89,0x80,0xaf,0x8a,0xf0,0xf1,0xcc,0xf0,0xe9,0xe7,0x0f,0x0d,0x28,0x00,0x00,0x00,
    0x00,0x00,0x00,0x00,0x00,0x00,0x00,0x00,0x00,0x00,0x00,0x00,0x00,0x00,0x00,0x00,
    0x00,0x00,0x00,0x00,0x00,0x82,0x93,0xc0,0xde,0xec,0xec,0xec,0xf5,0xd7,0x95,0xca,
    0xec,0xec,0xde,0xd7,0xd7,0xec,0xcc,0xf0,0x00,0x00,0x00,0x00,0x00,0x00,0x00,0x00,
    0x2a,0x2b,0x2b,0x2b,0x43,0x5f,0x5f,0x5f,0x43,0x4a,0x4a,0x2b,0x4a,0x4a,0x25,0x4a,
    0x4a,0x28,0x3d,0x3d,0x3e,0x4a,0x32,0x18,0x33,0x33,0x33,0x1a,0x1f,0x1a,0x1a,0x1a,
    0x21,0x1f,0x0a,0x21,0x2e,0x09,0x0f,0x0f,0x32,0x4f,0x06,0xff,0xf0,0x89,0x99,0xaf,
    0xf1,0xff,0xf0,0xf0,0xff,0x89,0xf0,0xf1,0xf1,0xff,0xf0,0x5e,0xa8,0xa5,0xfa,0xf0,
    0x89,0xcc,0xf0,0x82,0xf0,0x0f,0x89,0x8a,0xf0,0x89,0x89,0x29,0x1f,0x00,0x00,0x00,
    0x00,0x00,0x00,0x00,0x00,0x00,0x00,0x00,0x00,0x00,0x00,0x00,0x00,0x00,0x00,0x00,
    0x00,0x00,0x00,0x00,0x00,0x00,0xe9,0xc1,0x95,0xb4,0xcc,0xec,0xec,0xec,0xee,0xe8,
    0xec,0xf3,0xec,0xec,0xaf,0xfd,0xfc,0x00,0x00,0x00,0x00,0x00,0x00,0x00,0x00,0x00,
    0x2a,0x2b,0x4a,0x4a,0x25,0x43,0x43,0x37,0x43,0x43,0x2b,0x43,0x25,0x25,0x43,0x25,
    0x4a,0x4a,0x25,0x3d,0x4a,0x4a,0x32,0x18,0x33,0x1a,0x1a,0x1f,0x0a,0x08,0x1a,0x1f,
    0x21,0x1f,0x21,0x2e,0x2e,0x09,0x0f,0x00,0x09,0x3a,0x42,0xff,0x8a,0xe7,0x03,0x68,
    0xaf,0xe9,0xff,0xaf,0xf2,0xff,0xf0,0xe6,0x7e,0xaf,0xe6,0xb6,0x89,0x06,0x67,0xca,
    0xe5,0x68,0x7e,0x0f,0xaf,0x0f,0xf0,0xf0,0x0f,0xa8,0x2c,0x28,0x67,0x00,0x00,0x00,
    0x00,0x00,0x00,0x00,0x00,0x00,0x00,0x00,0x00,0x00,0x00,0x00,0x00,0x00,0x00,0x00,
    0x00,0x00,0x00,0x00,0x00,0x00,0x00,0xaf,0x99,0xaf,0xf2,0xf1,0xf2,0xf2,0xf5,0xe8,
    0xec,0xf3,0xf2,0xf1,0x00,0x00,0x00,0x00,0x00,0x00,0x00,0x00,0x00,0x00,0x00,0x00,
    0x43,0x43,0x4a,0x28,0x4a,0x43,0x43,0x43,0x43,0x43,0x43,0x43,0x43,0x25,0x4a,0x4a,
    0x28,0x4a,0x4a,0x2b,0x28,0x28,0x18,0x33,0x1a,0x1a,0x1a,0x1a,0x1f,0x1f,0x1f,0x1a,
    0x1f,0x1f,0x21,0x0c,0x0c,0x09,0x0f,0x00,0x0f,0x54,0x3a,0x10,0xff,0x89,0x89,0x89,
    0xf0,0xf0,0xf0,0x8b,0xaf,0xf0,0xca,0x86,0xf0,0xf0,0x7e,0x76,0x67,0x5e,0xf0,0x89,
    0x8a,0x89,0x89,0x0f,0xf0,0xf0,0xf1,0xaf,0x89,0xf0,0x5c,0x33,0x0f,0x00,0x00,0x00,
    0x00,0x00,0x00,0x00,0x00,0x00,0x00,0x00,0x00,0x00,0x00,0x00,0x00,0x00,0x00,0x00,
    0x00,0x00,0x00,0x00,0x00,0x00,0x00,0x00,0x00,0x00,0x00,0x00,0xf0,0xf3,0xe8,0xe8,
    0xf2,0xf0,0x00,0x00,0x00,0x00,0x00,0x00,0x00,0x00,0x00,0x00,0x00,0x00,0x00,0x00,
    0x43,0x25,0x43,0x2b,0x25,0x2b,0x25,0x4a,0x25,0x43,0x25,0x25,0x2b,0x4a,0x4a,0x32,
    0x32,0x61,0x28,0x28,0x28,0x32,0x33,0x33,0x44,0x1f,0x1a,0x33,0x1a,0x1f,0x1f,0x1f,
    0x1f,0x0a,0x21,0x0c,0x0c,0x09,0x10,0x00,0x00,0x2e,0x4f,0x3d,0x0f,0xe6,0x82,0xf0,
    0x99,0xf0,0xf0,0x8a,0x8b,0xf0,0x8a,0xaf,0x89,0xaf,0x5e,0x36,0x89,0x09,0x82,0xf0,
    0x0f,0x79,0xf0,0xf0,0x0f,0x8a,0x79,0x0f,0x0f,0x0d,0x4a,0x67,0x00,0x00,0x00,0x00,
    0x00,0x00,0x00,0x00,0x00,0x00,0x00,0x00,0x00,0x00,0x00,0x00,0x00,0x00,0x00,0x00,
    0x00,0x00,0x00,0x00,0x00,0x00,0x00,0x00,0x00,0x00,0x00,0x00,0x00,0xf0,0xf2,0xe8,
    0xec,0xf0,0x00,0x00,0x00,0x00,0x00,0x00,0x00,0x00,0x00,0x00,0x00,0x00,0x00,0x00,
    0x43,0x4a,0x4a,0x2b,0x43,0x43,0x25,0x4a,0x2b,0x25,0x25,0x43,0x2b,0x4a,0x32,0x32,
    0x32,0x32,0x32,0x32,0x32,0x33,0x33,0x1a,0x1a,0x1a,0x1a,0x1a,0x1a,0x1f,0x1f,0x1f,
    0x1f,0x0a,0x2e,0x0c,0x0c,0x09,0x10,0x00,0x00,0x0f,0x18,0x31,0x1f,0x8b,0xe9,0xf0,
    0x8a,0xaf,0xf0,0xf0,0x8a,0xaf,0x0f,0xff,0x7e,0xa8,0xff,0x86,0xf0,0x06,0x84,0xf0,
    0xf0,0x8a,0x8a,0xaf,0x0f,0xaf,0x8a,0x0f,0x67,0x15,0x1a,0x00,0x00,0x00,0x00,0x00,
    0x00,0x00,0x00,0x00,0x00,0x00,0x00,0x00,0x00,0x00,0x00,0x00,0x00,0x00,0x00,0x00,
    0x00,0x00,0x00,0x00,0x00,0x00,0x00,0x00,0x00,0x00,0x00,0x00,0xf0,0xf2,0xee,0xf5,
    0xf5,0xec,0xf1,0x00,0x00,0x00,0x00,0x00,0x00,0x00,0x00,0x00,0x00,0x00,0x00,0x00,
    0x2b,0x28,0x32,0x4a,0x2b,0x2b,0x2b,0x2b,0x4a,0x4a,0x4a,0x28,0x28,0x32,0x32,0x32,
    0x32,0x18,0x32,0x32,0x18,0x33,0x1a,0x1a,0x1a,0x1a,0x1a,0x1a,0x1a,0x1a,0x08,0x21,
    0x08,0x21,0x2e,0x0c,0x0c,0x09,0x0f,0x00,0x00,0x00,0xfe,0x2a,0x5d,0x60,0xe6,0xe6,
    0x0f,0xaf,0xff,0xf0,0xff,0x8a,0x0f,0xf0,0x67,0x8a,0x89,0x89,0xf0,0xf0,0x06,0xaf,
    0x0f,0x0f,0x8a,0xf1,0x0f,0x82,0x06,0x67,0x4a,0x32,0x89,0x00,0x00,0x00,0x00,0x00,
    0x00,0x00,0x00,0x00,0x00,0x00,0x00,0x00,0x00,0x00,0x00,0x00,0x00,0x00,0x00,0x00,
    0x00,0x00,0x00,0x00,0x00,0x00,0x00,0x00,0x00,0x00,0x00,0x00,0xf1,0xee,0xee,0x8f,
    0xee,0xf5,0xf2,0x00,0x00,0x00,0x00,0x00,0x00,0x00,0x00,0x00,0x00,0x00,0x00,0x00,
    0x4a,0x32,0x32,0x32,0x32,0x32,0x4a,0x4a,0x4a,0x28,0x28,0x28,0x28,0x28,0x32,0x32,
    0x32,0x33,0x32,0x1c,0x1c,0x1a,0x1a,0x1a,0x1a,0x1a,0x1f,0x1a,0x1a,0x0a,0x21,0x21,
    0x0a,0x2e,0x0c,0x0c,0x0c,0x09,0x0f,0x00,0x00,0x00,0x00,0x09,0x5d,0x3a,0x08,0xaf,
    0x89,0xe9,0x89,0xaf,0xf1,0xf0,0x0f,0x0f,0xf0,0x8a,0x8a,0x0f,0xf0,0xf1,0x0f,0xe6,
    0x0f,0xf0,0xf1,0xf0,0xe9,0xf0,0x10,0x19,0x14,0x67,0x00,0x00,0x00,0x00,0x00,0x00,
    0x00,0x00,0x00,0x00,0x00,0x00,0x00,0x00,0x00,0x00,0x00,0x00,0x00,0x00,0x00,0x00,
    0x00,0x00,0x00,0x00,0x00,0x00,0x82,0x99,0xaf,0xaf,0xaf,0xaf,0xcc,0xf6,0xec,0x8d,
    0x8f,0xca,0xe9,0xaf,0xaf,0xfd,0x00,0x00,0x00,0x00,0x00,0x00,0x00,0x00,0x00,0x00,
    0x32,0x32,0x32,0x32,0x32,0x32,0x32,0x32,0x32,0x32,0x32,0x32,0x32,0x32,0x32,0x32,
    0x32,0x32,0x18,0x1c,0x1c,0x1a,0x1f,0x1f,0x1f,0x1a,0x0a,0x21,0x21,0x21,0x21,0x21,
    0x21,0x2e,0x0c,0x0c,0x0c,0x09,0x0f,0x00,0x00,0x00,0x00,0x00,0x55,0x3b,0x3b,0x2c,
    0xff,0xe9,0x5e,0xaf,0x99,0xf0,0x89,0xf1,0xff,0xf0,0xf0,0x0f,0xf9,0xaf,0x0f,0xaf,
    0x89,0x8b,0x99,0x8a,0xe6,0x8a,0x28,0x2b,0x34,0x00,0x00,0x00,0x00,0x00,0x00,0x00,
    0x00,0x00,0x00,0x00,0x00,0x00,0x00,0x00,0x00,0x00,0x00,0x00,0x00,0x00,0x00,0x00,
    0x00,0x00,0x00,0x00,0x00,0x82,0x93,0xc0,0xc0,0xca,0x99,0xcc,0xf2,0xcc,0xb3,0x88,
    0x8b,0xec,0xf5,0xd7,0xd7,0xe7,0xcc,0x00,0x00,0x00,0x00,0x00,0x00,0x00,0x00,0x00,
    0x32,0x32,0x32,0x32,0x32,0x32,0x42,0x1c,0x42,0x32,0x32,0x32,0x42,0x32,0x64,0x33,
    0x33,0x33,0x1c,0x1c,0x1c,0x33,0x44,0x1f,0x1a,0x1a,0x1f,0x0a,0x08,0x21,0x2e,0x21,
    0x2e,0x2e,0x0c,0x0c,0x2e,0x0c,0x67,0x00,0x00,0x00,0x00,0x00,0x00,0x09,0x43,0x47,
    0x52,0x89,0xff,0x82,0x7a,0xff,0x0f,0xf1,0xf0,0xf1,0xf0,0xf0,0xaf,0xf0,0x0f,0x89,
    0x89,0xaf,0x0f,0x67,0x1b,0x3d,0x32,0x67,0x00,0x00,0x00,0x00,0x00,0x00,0x00,0x00,
    0x00,0x00,0x00,0x00,0x00,0x00,0x00,0x00,0x00,0x00,0x00,0x00,0x00,0x00,0x00,0x00,
    0x00,0x00,0x00,0x00,0xaf,0x92,0x9f,0xbb,0xea,0xec,0xec,0xec,0xec,0xca,0x86,0x86,
    0xf6,0xec,0xd6,0xdd,0xd6,0xe3,0xc1,0xcc,0x00,0x00,0x00,0x00,0x00,0x00,0x00,0x00,
    0x2b,0x32,0x42,0x42,0x32,0x1c,0x33,0x33,0x33,0x1c,0x33,0x33,0x1a,0x44,0x44,0x44,
    0x33,0x33,0x44,0x1a,0x1a,0x1a,0x1f,0x1f,0x1f,0x1f,0x0a,0x08,0x08,0x2e,0x2e,0x2e,
    0x2e,0x2e,0x0c,0x0c,0x2e,0x0c,0x06,0x00,0x00,0x00,0x00,0x00,0x00,0x00,0x67,0x61,
    0x48,0x24,0x86,0x82,0xff,0xff,0xf0,0xff,0xff,0xf2,0xf1,0xf0,0xf0,0x0f,0x0f,0x0f,
    0x0f,0x0f,0x21,0x28,0x28,0x16,0x0f,0x00,0x00,0x00,0x00,0x00,0x00,0x00,0x00,0x00,
    0x00,0x00,0x00,0x00,0x00,0x00,0x00,0x00,0x00,0x00,0x00,0x00,0x00,0x00,0x00,0x00,
    0x00,0x00,0x00,0x0f,0x98,0xaa,0xb7,0xc0,0xca,0xca,0xd7,0xd7,0xe8,0xf5,0xf8,0xf2,
    0xee,0xea,0xdd,0xc6,0xdd,0xf5,0xd7,0xb3,0xf9,0x00,0x00,0x00,0x00,0x00,0x00,0x00,
    0x32,0x32,0x33,0x33,0x33,0x33,0x33,0x33,0x44,0x33,0x33,0x33,0x44,0x44,0x33,0x1a,
    0x44,0x1c,0x33,0x33,0x16,0x1a,0x1a,0x1f,0x0a,0x0a,0x1f,0x1f,0x21,0x21,0x2e,0x2e,
    0x2e,0x2e,0x0c,0x0c,0x2e,0x0c,0x06,0x00,0x00,0x00,0x00,0x00,0x00,0x00,0x00,0x0f,
    0x2e,0x2b,0x48,0x6b,0x44,0x2e,0xf1,0xec,0x7e,0x86,0xf0,0x0f,0x0f,0x0f,0x0f,0x79,
    0x3f,0x28,0x4a,0x32,0x34,0x0f,0x00,0x00,0x00,0x00,0x00,0x00,0x00,0x00,0x00,0x00,
    0x00,0x00,0x00,0x00,0x00,0x00,0x00,0x00,0x00,0x00,0x00,0x00,0x00,0x00,0x00,0x00,
    0x00,0x00,0x00,0x00,0x86,0x90,0xb8,0xdd,0xd7,0xb4,0xa2,0xee,0xf7,0xca,0x99,0xb4,
    0xee,0xea,0xe1,0xb8,0xd6,0xca,0xc1,0xa9,0xe9,0x00,0x00,0x00,0x00,0x00,0x00,0x00,
    0x19,0x42,0x1c,0x33,0x1c,0x1c,0x33,0x33,0x44,0x44,0x33,0x33,0x33,0x33,0x33,0x33,
    0x44,0x33,0x33,0x1a,0x1a,0x1f,0x1f,0x0a,0x1b,0x1f,0x1f,0x08,0x21,0x2e,0x2e,0x2e,
    0x2e,0x2e,0x2e,0x2e,0x2e,0x0c,0x67,0x00,0x00,0x00,0x00,0x00,0x00,0x00,0x00,0x00,
    0x00,0x89,0x2c,0x32,0x5f,0x62,0x2b,0x77,0x73,0x2a,0x1c,0x42,0x64,0x42,0x2b,0x37,
    0x20,0x1c,0x5e,0x0f,0x00,0x00,0x00,0x00,0x00,0x00,0x00,0x00,0x00,0x00,0x00,0x00,
    0x00,0x00,0x00,0x00,0x00,0x00,0x00,0x00,0x00,0x00,0x00,0x00,0x00,0x00,0x00,0x00,
    0x00,0x00,0x00,0x00,0x00,0xaa,0xbb,0xd6,0xa0,0xde,0xde,0xf4,0xf5,0xec,0xb4,0xc1,
    0xb3,0xb3,0xcb,0xac,0xad,0xc1,0xb4,0x98,0xe7,0x00,0x00,0x00,0x00,0x00,0x00,0x00,
    0x51,0x6e,0x39,0x52,0x39,0x42,0x72,0x42,0x5c,0x5c,0x44,0x44,0x44,0x33,0x44,0x33,
    0x33,0x44,0x1a,0x1f,0x1f,0x0a,0x1f,0x0a,0x0a,0x1f,0x1f,0x21,0x21,0x2e,0x2e,0x2e,
    0x21,0x2e,0x2e,0x2e,0x21,0x09,0x67,0x00,0x00,0x00,0x00,0x00,0x00,0x00,0x00,0x00,
    0x00,0x00,0x00,0x00,0x67,0x2c,0x4c,0x63,0x74,0x50,0x3b,0x50,0x37,0x14,0x23,0x55,
    0x0f,0x00,0x00,0x00,0x00,0x00,0x00,0x00,0x00,0x00,0x00,0x00,0x00,0x00,0x00,0x00,
    0x00,0x00,0x00,0x00,0x00,0x00,0x00,0x00,0x00,0x00,0x00,0x00,0x00,0x00,0x00,0x00,
    0x00,0x00,0x00,0x00,0xb6,0xab,0xaa,0xc9,0xd6,0xac,0xdd,0xd7,0xef,0xef,0xb4,0xd7,
    0xa8,0x99,0xc0,0xac,0xcf,0xde,0xb4,0x86,0x86,0x00,0x00,0x00,0x00,0x00,0x00,0x00,
    0xa8,0xa8,0xa8,0xa8,0xa8,0xa8,0xa8,0xa8,0xa8,0xa8,0xa8,0xa8,0xa8,0xca,0xca,0xca,
    0xca,0xca,0xca,0xca,0xca,0xca,0xca,0xca,0xca,0xca,0xca,0xca,0xca,0xca,0xca,0xd7,
    0xd7,0xd7,0xc9,0xc9,0xc9,0xd7,0xd7,0xe8,0xe8,0xe8,0xe8,0xe8,0xc9,0xc9,0xc9,0xd6,
    0xd6,0xd6,0xd6,0xd6,0xd6,0xd6,0xd6,0xd6,0xd6,0xd6,0xd6,0xd6,0xd6,0xd6,0xd6,0xd6,
    0xd6,0xd6,0xd6,0xd6,0xd6,0xd6,0xd6,0xd6,0xd6,0xd6,0xd6,0xd6,0xd6,0xd6,0xd6,0xd6,
    0xd6,0xd6,0xdd,0xdd,0xdd,0xbb,0xd9,0xc5,0xc5,0xdb,0xce,0xce,0xce,0x00,0x00,0x00,
    0x00,0x00,0x00,0x06,0xb0,0xbd,0xa1,0xd6,0xe2,0xc6,0xd6,0xc1,0xd7,0xd7,0xca,0x95,
    0x99,0xec,0xd6,0xcf,0xb8,0xe2,0xd7,0xca,0xe5,0x00,0x00,0x00,0x00,0x00,0x00,0x00,
    0xa8,0xa8,0xa8,0xa8,0xa8,0xa8,0xa8,0xa8,0xa8,0xa8,0xa8,0xa8,0xa8,0xa8,0xa8,0xca,
    0xca,0xca,0xca,0xca,0xca,0xca,0xca,0xca,0xca,0xca,0xca,0xca,0xca,0xca,0xca,0xd7,
    0xd7,0xd7,0xb3,0xd7,0xd7,0xd7,0xc9,0xc9,0xc9,0xc9,0xd6,0xc9,0xd6,0xd6,0xd6,0xc9,
    0xd6,0xd6,0xd6,0xd6,0xd6,0xd6,0xd6,0xd6,0xd6,0xd6,0xd6,0xd6,0xd6,0xd6,0xd6,0xd6,
    0xd6,0xdd,0xdd,0xdd,0xdd,0xdd,0xdd,0xdd,0xdd,0xdd,0xdd,0xbb,0xdd,0xbb,0xbb,0xbb,
    0xdd,0xbb,0xbb,0xbb,0xd9,0xc5,0xc8,0xc8,0xda,0xc7,0xc7,0xdf,0xd2,0x00,0x00,0x00,
    0x00,0x00,0x00,0x5e,0x73,0x9c,0xb2,0xc0,0xe2,0xc4,0xd6,0xc0,0x95,0x99,0xc1,0xde,
    0xc0,0xea,0xde,0xcb,0xb8,0xa4,0xa0,0x98,0xe9,0x00,0x00,0x00,0x00,0x00,0x00,0x00,
    0xa8,0xa8,0xa8,0xa8,0xa8,0xa8,0xa8,0xa8,0xa8,0xa8,0xa8,0xa8,0xa8,0xa8,0xa8,0xca,
    0xca,0xca,0xca,0xca,0xca,0xca,0xca,0xca,0xca,0xca,0xca,0xca,0xca,0xca,0xca,0xca,
    0xca,0xd7,0xd7,0xd7,0xd7,0xd7,0xc9,0xd6,0xd6,0xd6,0xd6,0xd6,0xd6,0xd6,0xd6,0xd6,
    0xd6,0xd6,0xd6,0xd6,0xd6,0xd6,0xd6,0xd6,0xd6,0xd6,0xdd,0xbb,0xbb,0xbb,0xbb,0xd6,
    0xd6,0xdd,0xdd,0xdd,0xdd,0xdd,0xc6,0xd9,0xd9,0xd9,0xd9,0xd9,0xd9,0xd9,0xd9,0xd9,
    0xd9,0xd9,0xd9,0xd9,0xbf,0xc5,0xdb,0xdb,0xe0,0xc8,0xc8,0xc8,0xc8,0x00,0x00,0x00,
    0x00,0x00,0x00,0x67,0x7b,0xa6,0xa1,0xc0,0xe1,0xcf,0xd6,0xd3,0xb5,0x8b,0x95,0xdd,
    0xea,0xeb,0xde,0xde,0xcf,0xb8,0x9f,0xc9,0xf1,0x00,0x00,0x00,0x00,0x00,0x00,0x00,
    0xa8,0xa8,0xa8,0xa8,0xa8,0xa8,0xa8,0xca,0xca,0xca,0xca,0xca,0xca,0xca,0xca,0xca,
    0xca,0xca,0xca,0xca,0xca,0xca,0xca,0xca,0xca,0xca,0xca,0xca,0xca,0xd7,0xca,0xca,
    0xd7,0xd7,0xca,0xca,0xd7,0xd7,0xc9,0xc9,0xc9,0xc9,0xc9,0xd6,0xc9,0xd6,0xd6,0xd6,
    0xd6,0xd6,0xd6,0xd6,0xd6,0xd6,0xd6,0xdd,0xd0,0xd0,0xbf,0xbf,0xbf,0xbf,0xd0,0xdd,
    0xd6,0xdd,0xdd,0xdd,0xdd,0xdd,0xbb,0xbb,0xbb,0xbb,0xbb,0xbb,0xbb,0xbb,0xbb,0xbb,
    0xbb,0xbb,0xbb,0xbb,0xc6,0xd9,0xd9,0xd9,0xd9,0xd9,0xd9,0xc5,0xc5,0x00,0x00,0x00,
    0x00,0x00,0x00,0x00,0x82,0xb0,0xaa,0xeb,0xdd,0xe1,0xeb,0xe1,0xcb,0xca,0xd7,0xbb,
    0xe8,0xc9,0xa0,0xd7,0xd7,0xc5,0xb7,0xb4,0x00,0x00,0x00,0x00,0x00,0x00,0x00,0x00,
    0xa8,0xa8,0xca,0xca,0xca,0xca,0xca,0xca,0xca,0xca,0xca,0xca,0xca,0xca,0xca,0xca,
    0xca,0xca,0xca,0xca,0xca,0xca,0xca,0xb3,0xc9,0xc9,0xc9,0xc9,0xc9,0xc9,0xb3,0xb3,
    0xd7,0xd7,0xd7,0xd7,0xd7,0xd7,0xd7,0xd7,0xd7,0xd7,0xc9,0xc9,0xc9,0xc9,0xd6,0xd6,
    0xd6,0xd6,0xd6,0xd6,0xd6,0xd6,0xd6,0xd0,0xd0,0xd0,0xd0,0xbb,0xbb,0xbb,0xdd,0xd6,
    0xd6,0xdd,0xdd,0xdd,0xdd,0xdd,0xbb,0xbb,0xdd,0xbb,0xbb,0xc6,0xc6,0xd9,0xbb,0xdd,
    0xdd,0xdd,0xdd,0xdd,0xdd,0xdd,0xbb,0xdd,0xe1,0xc6,0xc6,0xc6,0xc6,0x00,0x00,0x00,
    0x00,0x00,0x00,0x00,0x89,0x94,0xaa,0xcb,0xdd,0xa0,0xc0,0xeb,0xa9,0x98,0xea,0xd6,
    0xe8,0xb3,0xdd,0xd9,0xc6,0xaa,0x91,0xa8,0x00,0x00,0x00,0x00,0x00,0x00,0x00,0x00,
    0xa8,0xa8,0xa8,0xa8,0xa8,0xca,0xca,0xca,0xca,0xa8,0xa8,0xca,0xca,0xca,0xca,0xca,
    0xca,0xca,0xca,0xca,0xc9,0xc9,0xc9,0xc9,0xc9,0xc9,0xc9,0xc9,0xc9,0xc9,0xc9,0xd7,
    0xd7,0xd7,0xd7,0xd7,0xd7,0xd7,0xd7,0xd7,0xd7,0xd7,0xd7,0xc9,0xc9,0xc9,0xc9,0xc9,
    0xc9,0xd6,0xd6,0xd6,0xd6,0xd6,0xd6,0xd6,0xd6,0xd6,0xd6,0xd6,0xd6,0xd6,0xd6,0xd6,
    0xd6,0xdd,0xdd,0xbb,0xbb,0xbb,0xbb,0xc6,0xc6,0xd9,0xbf,0xbf,0xbf,0xc5,0xbf,0xbb,
    0xdd,0xdd,0xdd,0xdd,0xdd,0xdd,0xdd,0xdd,0xc6,0xc6,0xc6,0xc6,0xc6,0x00,0x00,0x00,
    0x00,0x00,0x00,0x00,0x89,0x92,0xb8,0xcf,0xc5,0xbf,0xc6,0xeb,0xeb,0xdd,0xeb,0xe1,
    0xcf,0xde,0xcb,0xc6,0xc6,0xc5,0xa9,0x8a,0x00,0x00,0x00,0x00,0x00,0x00,0x00,0x00,
    0xa8,0xa8,0xa8,0xa8,0xa8,0xa8,0xa8,0xa8,0xa8,0xa8,0xca,0xca,0xa8,0xca,0xca,0xca,
    0xca,0xca,0xca,0xca,0xc9,0xc9,0xc9,0xc9,0xb3,0xd7,0xc9,0xe8,0xca,0xca,0xca,0xca,
    0xca,0xd7,0xd7,0xd7,0xd7,0xd7,0xd7,0xc9,0xc9,0xd6,0xd6,0xd6,0xd6,0xd6,0xd6,0xd6,
    0xd6,0xd6,0xd6,0xd6,0xd6,0xd6,0xd6,0xd6,0xd6,0xd6,0xd6,0xd6,0xd6,0xd6,0xd6,0xd6,
    0xd6,0xdd,0xdd,0xbb,0xbb,0xbb,0xc6,0xc6,0xc6,0xd9,0xbf,0xbf,0xbf,0xbf,0xd9,0xbb,
    0xdd,0xdd,0xdd,0xbb,0xc6,0xc6,0xc6,0xc6,0xc6,0xd9,0xc6,0xc6,0xc5,0x00,0x00,0x00,
    0x00,0x00,0x00,0x00,0xf0,0x8f,0x8e,0xad,0xaa,0xac,0xae,0xdd,0xc0,0xcb,0xeb,0xcb,
    0xe2,0xdd,0xdd,0xed,0xd3,0xbf,0x98,0x89,0x00,0x00,0x00,0x00,0x00,0x00,0x00,0x00,
    0xa8,0xa8,0xa8,0xa8,0xa8,0xa8,0xa8,0xa8,0xa8,0xca,0xca,0xca,0xca,0xca,0xca,0xca,
    0xca,0xca,0xca,0xca,0xca,0x86,0xca,0xca,0xca,0xca,0xca,0xca,0xca,0xca,0xca,0xca,
    0xd7,0xd7,0xd7,0xd7,0xd7,0xd7,0xd7,0xc9,0xa9,0xd0,0xa7,0xa7,0xa7,0xa7,0xa7,0xa7,
    0xd0,0xa9,0xd6,0xd6,0xd6,0xd6,0xd6,0xd6,0xd6,0xd6,0xd6,0xd6,0xd6,0xd6,0xd6,0xd6,
    0xd6,0xd6,0xdd,0xdd,0xdd,0xdd,0xdd,0xbb,0xbb,0xbb,0xbb,0xc6,0xbb,0xc6,0xc6,0xc6,
    0xc6,0xc6,0xd9,0xd9,0xd9,0xd9,0xdc,0xc5,0xc5,0xc5,0xc5,0xc5,0xce,0x00,0x00,0x00,
    0x00,0x00,0x00,0x00,0x00,0x8a,0x06,0x86,0xa3,0xac,0xcb,0xdd,0xbb,0xdd,0xea,0xd7,
    0xe2,0xe1,0xa9,0xa9,0xc6,0x9f,0xd7,0x89,0x00,0x00,0x00,0x00,0x00,0x00,0x00,0x00,
    0xa8,0xa8,0xa8,0xa8,0xa8,0xa8,0xa8,0xa8,0xa8,0xca,0xa8,0xa8,0xca,0xca,0xca,0xca,
    0xca,0xca,0xca,0xca,0xca,0xca,0xca,0xca,0xca,0xca,0xca,0xca,0xca,0xca,0xd7,0xd7,
    0xd7,0xd7,0xd7,0xd7,0xd7,0xd7,0xd7,0xc9,0xd6,0xd6,0xd6,0xd6,0xd6,0xd6,0xd6,0xd6,
    0xd6,0xd6,0xd6,0xd6,0xd6,0xd6,0xd6,0xd6,0xd6,0xd6,0xd6,0xd6,0xd6,0xd6,0xd6,0xd6,
    0xd6,0xd6,0xdd,0xdd,0xdd,0xdd,0xdd,0xdd,0xdd,0xdd,0xdd,0xdd,0xbb,0xd9,0xd9,0xd9,
    0xd9,0xd9,0xbf,0xc5,0xc5,0xc5,0xdb,0xdb,0xdb,0xdb,0xc8,0xc8,0xc8,0x00,0x00,0x00,
    0x00,0x00,0x00,0x00,0x00,0x00,0x00,0x99,0xc8,0xc6,0xd3,0xad,0xbb,0xdd,0xde,0xc0,
    0xdd,0xe2,0xd4,0xb9,0xc5,0xbb,0xd7,0xf0,0x00,0x00,0x00,0x00,0x00,0x00,0x00,0x00,
    0xa8,0xa8,0xa8,0xa8,0xa8,0xa8,0xa8,0xa8,0xca,0xca,0xa8,0xa8,0xca,0xca,0xca,0xca,
    0xca,0xca,0xca,0xca,0xe7,0xca,0xca,0xca,0xca,0xd7,0xd7,0xca,0xca,0xca,0xca,0xd7,
    0xd7,0xd7,0xd7,0xd7,0xd7,0xd7,0xc9,0xc9,0xc9,0xc9,0xc9,0xd6,0xc9,0xc9,0xd6,0xd6,
    0xd6,0xd6,0xd6,0xd6,0xd6,0xd6,0xd6,0xd6,0xd6,0xd6,0xd6,0xd6,0xd6,0xd6,0xd6,0xd6,
    0xdd,0xd6,0xdd,0xdd,0xdd,0xdd,0xdd,0xdd,0xdd,0xdd,0xdd,0xdd,0xdd,0xdd,0xc6,0xd9,
    0xc6,0xd9,0xd9,0xd9,0xd9,0xd9,0xd9,0xd9,0xbf,0xc5,0xc5,0xc5,0xce,0x00,0x00,0x00,
    0x00,0x00,0x00,0x00,0x00,0x00,0x00,0x99,0xaa,0xc6,0xa4,0xb8,0xad,0xb3,0xe8,0xdd,
    0xea,0xea,0xe4,0xcf,0xac,0xbb,0xca,0xf0,0x00,0x00,0x00,0x00,0x00,0x00,0x00,0x00,
    0xa8,0xa8,0xa8,0xa8,0xa8,0xa8,0xa8,0xa8,0xa8,0xca,0xa8,0xca,0xca,0xca,0xca,0xca,
    0xca,0xe7,0xca,0xca,0xca,0xca,0xca,0xd7,0xca,0xca,0xca,0xca,0xca,0xd7,0xd7,0xd7,
    0xd7,0xd7,0xd7,0xd7,0xd7,0xd7,0xd7,0xd7,0xb3,0xc9,0xc9,0xc9,0xc9,0xc9,0xd6,0xd6,
    0xd6,0xd6,0xd6,0xd6,0xd6,0xd6,0xd6,0xd6,0xd6,0xd6,0xd6,0xd6,0xd6,0xd6,0xd6,0xdd,
    0xbb,0xbb,0xbb,0xbb,0xdd,0xbb,0xbb,0xbb,0xbb,0xbb,0xc6,0xbb,0xc6,0xbb,0xdd,0xc6,
    0xc6,0xc6,0xc6,0xc6,0xc6,0xc6,0xc6,0xc6,0xd9,0xd9,0xc5,0xc5,0xc5,0x00,0x00,0x00,
    0x00,0x00,0x00,0x00,0x00,0x00,0x00,0xaf,0xa9,0xc5,0xac,0xdd,0xdd,0xd6,0xea,0xea,
    0xeb,0xd6,0xe1,0xc6,0xb3,0x86,0x99,0x89,0x00,0x00,0x00,0x00,0x00,0x00,0x00,0x00,
    0xa8,0xa8,0xa8,0xa8,0xa8,0xa8,0xa8,0xa8,0xa8,0xa8,0xca,0xca,0xca,0xca,0xca,0xca,
    0xd7,0xe8,0xe8,0xd7,0xb3,0xd7,0xd7,0xd7,0xd7,0xca,0xca,0xca,0xd7,0xca,0xd7,0xd7,
    0xd7,0xd7,0xd7,0xd7,0xd7,0xd7,0xd7,0xd7,0xd7,0xe8,0xc9,0xc9,0xc9,0xd6,0xd6,0xc9,
    0xd6,0xd6,0xd6,0xd6,0xd6,0xd6,0xd6,0xd6,0xd6,0xd6,0xd6,0xd6,0xd6,0xd6,0xd6,0xd6,
    0xdd,0xdd,0xbb,0xd0,0xd0,0xd9,0xd9,0xd9,0xbf,0xd9,0xbf,0xd9,0xd9,0xd9,0xc6,0xc6,
    0xc6,0xc6,0xc6,0xc6,0xc6,0xc6,0xc6,0xc6,0xc6,0xdc,0xc5,0xc5,0xce,0x00,0x00,0x00,
    0x00,0x00,0x00,0x00,0x00,0x00,0x00,0x00,0x89,0xc6,0xce,0xc5,0xa0,0xd7,0xe8,0xea,
    0xd6,0xdd,0xbb,0xa9,0x99,0x00,0x00,0x00,0x00,0x00,0x00,0x00,0x00,0x00,0x00,0x00,
    0xa8,0xa8,0xa8,0xa8,0xa8,0xa8,0xa8,0xa8,0xa8,0xa8,0xca,0xca,0xca,0xca,0xd7,0xd7,
    0xb3,0xb3,0xb3,0xc9,0xb3,0xb3,0xb3,0xc9,0xb3,0xd7,0xca,0xca,0xca,0xca,0xc9,0xc9,
    0xc9,0xc9,0xc9,0xb3,0xd7,0xd7,0xd7,0xd7,0xd7,0xd7,0xd7,0xd6,0xd6,0xd6,0xd6,0xd6,
    0xd6,0xd6,0xd6,0xd6,0xd6,0xd6,0xd6,0xd6,0xd6,0xd6,0xd6,0xd6,0xd6,0xd6,0xd6,0xd6,
    0xd6,0xd6,0xbb,0xd0,0xd0,0xd9,0xd9,0xd9,0xd9,0xd9,0xd9,0xd9,0xbf,0xd9,0xd9,0xd9,
    0xd9,0xc6,0xc6,0xc6,0xc6,0xc6,0xc6,0xd9,0xdc,0xdc,0xc5,0xc5,0xce,0x00,0x00,0x00,
    0x00,0x00,0x00,0x00,0x00,0x00,0x00,0x00,0x0f,0x95,0xac,0xce,0xc6,0xc0,0xea,0xd6,
    0xdd,0xc6,0xa7,0x98,0xf1,0x00,0x00,0x00,0x00,0x00,0x00,0x00,0x00,0x00,0x00,0x00,
    0xa8,0xa8,0xa8,0xa8,0xa8,0xa8,0xa8,0xa8,0xa8,0xa8,0xca,0xca,0xca,0xca,0xca,0xca,
    0xca,0xca,0xca,0xca,0xca,0xca,0xca,0xd7,0xd7,0xd7,0xca,0xca,0xca,0xca,0xc9,0xc9,
    0xc9,0xc9,0xc9,0xc9,0xd7,0xd7,0xd7,0xd7,0xd7,0xd7,0xc9,0xd6,0xd6,0xd6,0xd6,0xd6,
    0xd6,0xd6,0xd6,0xd6,0xd6,0xd6,0xd6,0xd6,0xd6,0xd6,0xd6,0xd6,0xd6,0xd6,0xd6,0xd6,
    0xd6,0xd6,0xdd,0xdd,0xdd,0xdd,0xdd,0xbb,0xdd,0xdd,0xdd,0xbb,0xbb,0xc6,0xc6,0xd9,
    0xd9,0xd9,0xd9,0xc6,0xd9,0xd9,0xc5,0xc5,0xc5,0xc5,0xc5,0xc5,0xc5,0x00,0x00,0x00,
    0x00,0x00,0x00,0x00,0x00,0x00,0x00,0x00,0xf0,0x8a,0x8c,0xc5,0xce,0xc6,0xde,0xde,
    0xdd,0xbe,0x85,0x8a,0x00,0x00,0x00,0x00,0x00,0x00,0x00,0x00,0x00,0x00,0x00,0x00,
    0xa8,0xa8,0xa8,0xa8,0xa8,0xa8,0xa8,0xa8,0xa8,0xa8,0xa8,0xca,0xca,0xca,0xca,0xca,
    0xca,0xca,0xca,0xca,0xca,0xca,0xca,0xca,0xca,0xca,0xca,0xca,0xca,0xca,0xca,0xe8,
    0xd7,0xc9,0xc9,0xc9,0xd7,0xd7,0xd7,0xd7,0xd7,0xb3,0xb3,0xd6,0xd6,0xd6,0xd6,0xd6,
    0xd6,0xd6,0xd6,0xd6,0xd6,0xd6,0xd6,0xd6,0xd6,0xd6,0xd6,0xd6,0xd6,0xd6,0xd6,0xd6,
    0xd6,0xd6,0xd6,0xd6,0xdd,0xdd,0xdd,0xdd,0xdd,0xdd,0xdd,0xdd,0xdd,0xbb,0xbb,0xc6,
    0xc6,0xc6,0xc6,0xc6,0xd9,0xd9,0xd9,0xd9,0xd9,0xdc,0xc5,0xc5,0xc5,0x00,0x00,0x00,
    0x00,0x00,0x00,0x00,0x00,0x00,0x00,0x00,0x00,0x00,0x8a,0xa7,0x9d,0xaa,0xcd,0xee,
    0xd6,0xb1,0xa5,0x00,0x00,0x00,0x00,0x00,0x00,0x00,0x00,0x00,0x00,0x00,0x00,0x00,
    0xa8,0xa8,0xa8,0xa8,0xa8,0xa8,0xa8,0xa8,0xa8,0xa8,0xca,0xa8,0xa8,0xca,0xca,0xca,
    0xca,0xca,0xca,0xca,0xca,0xca,0xca,0xca,0xca,0xca,0xca,0xca,0xca,0xca,0xca,0xca,
    0xca,0xca,0xd7,0xd7,0xd7,0xd7,0xd7,0xd7,0xd7,0xd7,0xc9,0xc9,0xd6,0xd6,0xd6,0xd6,
    0xd6,0xd6,0xd6,0xd6,0xd6,0xd6,0xd6,0xd6,0xd6,0xd6,0xd6,0xd6,0xd6,0xdd,0xd6,0xdd,
    0xdd,0xdd,0xdd,0xdd,0xbb,0xdd,0xbb,0xbb,0xdd,0xbb,0xbb,0xbb,0xc6,0xc6,0xc6,0xbb,
    0xbb,0xc6,0xc6,0xc6,0xd9,0xd9,0xd9,0xd9,0xc5,0xc5,0xc5,0xc5,0xce,0x00,0x00,0x00,
    0x00,0x00,0x00,0x00,0x00,0x00,0x00,0x00,0x00,0x00,0x00,0xa8,0x9e,0xa1,0xe1,0xde,
    0xde,0xb6,0x82,0x00,0x00,0x00,0x00,0x00,0x00,0x00,0x00,0x00,0x00,0x00,0x00,0x00,
    0xa8,0xa8,0xa8,0xa8,0xa8,0xa8,0xa8,0xa8,0xa8,0xa8,0xa8,0xa8,0xca,0xca,0xca,0xca,
    0xca,0xca,0xca,0xca,0xca,0xd7,0xd7,0xd7,0xd7,0xd7,0xd7,0xd7,0xca,0xca,0xca,0xca,
    0xca,0xca,0xca,0xd7,0xd7,0xd7,0xd7,0xc9,0xc9,0xc9,0xd6,0xd6,0xd6,0xd6,0xd6,0xd6,
    0xd6,0xd6,0xd6,0xd6,0xd6,0xd6,0xd6,0xd6,0xd6,0xdd,0xa9,0xdd,0xdd,0xbb,0xbb,0xbb,
    0xbb,0xbb,0xd0,0xd0,0xd9,0xd9,0xd9,0xd9,0xd9,0xd9,0xbf,0xbf,0xbf,0xd9,0xd9,0xbb,
    0xbb,0xc6,0xc6,0xc6,0xd9,0xd9,0xd9,0xc5,0xc5,0xc5,0xc5,0xc5,0xce,0x00,0x00,0x00,
    0x00,0x00,0x00,0x00,0x00,0x00,0x00,0x00,0x00,0x00,0x00,0x00,0x86,0x83,0xb1,0xbb,
    0xb4,0x89,0x00,0x00,0x00,0x00,0x00,0x00,0x00,0x00,0x00,0x00,0x00,0x00,0x00,0x00,
    0xa8,0xa8,0xa8,0xa8,0xa8,0xa8,0xa8,0xa8,0xa8,0xa8,0xa8,0xca,0xca,0xca,0xca,0xca,
    0xca,0xca,0xca,0xca,0xca,0xc9,0xc9,0xc9,0xc9,0xc9,0xb3,0xb3,0xca,0xca,0xd7,0xca,
    0xca,0xca,0xd7,0xd7,0xc9,0xc9,0xc9,0xd6,0xd6,0xd6,0xa9,0xbb,0xd0,0xd0,0xbb,0xd6,
    0xd6,0xd6,0xd6,0xd6,0xd6,0xd6,0xd6,0xd6,0xd6,0xd6,0xd6,0xd6,0xdd,0xdd,0xdd,0xdd,
    0xdd,0xbb,0xbb,0xbb,0xbb,0xbb,0xd0,0xd0,0xd0,0xd0,0xbb,0xc6,0xc6,0xc6,0xbb,0xdd,
    0xbb,0xdd,0xc6,0xc6,0xc6,0xc6,0xc6,0xd9,0xd9,0xdc,0xdc,0xc5,0xc5,0x00,0x00,0x00,
    0x00,0x00,0x00,0x00,0x00,0x00,0x00,0x00,0x00,0x00,0x00,0x00,0x00,0x82,0x82,0x89,
    0xf0,0x00,0x00,0x00,0x00,0x00,0x00,0x00,0x00,0x00,0x00,0x00,0x00,0x00,0x00,0x00,
    0xa8,0xa8,0xa8,0xa8,0xa8,0xa8,0xa8,0xa8,0xa8,0xca,0xca,0xca,0xca,0xca,0xca,0xca,
    0xca,0xca,0xca,0xca,0xca,0xd7,0xd7,0xd7,0xd7,0xd7,0xd7,0xd7,0xca,0xca,0xca,0xca,
    0xca,0xca,0xd7,0xc9,0xc9,0xc9,0xd6,0xa9,0xa9,0xa9,0xa9,0xbb,0xa9,0xd0,0xd0,0xbb,
    0xa9,0xa9,0xa9,0xd6,0xd6,0xd6,0xd6,0xd6,0xd6,0xd6,0xd6,0xd6,0xd6,0xd6,0xd6,0xd6,
    0xd6,0xd6,0xd6,0xd6,0xdd,0xdd,0xdd,0xdd,0xdd,0xdd,0xdd,0xdd,0xdd,0xdd,0xbb,0xdd,
    0xdd,0xdd,0xc6,0xdd,0xdd,0xc6,0xc6,0xc6,0xc6,0xc6,0xc6,0xcf,0xc5,0x00,0x00,0x00,
    0x00,0x00,0x00,0x00,0x00,0x00,0x00,0x00,0x00,0x00,0x00,0x00,0x00,0x00,0x00,0x00,
    0x00,0x00,0x00,0x00,0x00,0x00,0x00,0x00,0x00,0x00,0x00,0x00,0x00,0x00,0x00,0x00,
    0xa8,0xa8,0xa8,0xa8,0xa8,0xa8,0xa8,0xa8,0xca,0xca,0xca,0xca,0xca,0xca,0xca,0xca,
    0xca,0xca,0xca,0xca,0xca,0xca,0xca,0xca,0xca,0xca,0xca,0xca,0xca,0xca,0xca,0xca,
    0xca,0xca,0xd7,0xc9,0xc9,0xc9,0xd6,0xd6,0xd6,0xd6,0xd6,0xd6,0xd6,0xd6,0xd6,0xa9,
    0xd6,0xd6,0xd6,0xd6,0xd6,0xc9,0xd6,0xd6,0xd6,0xd6,0xd6,0xd6,0xd6,0xd6,0xd6,0xd6,
    0xd6,0xd6,0xd6,0xdd,0xd6,0xd6,0xdd,0xdd,0xdd,0xdd,0xdd,0xdd,0xdd,0xdd,0xdd,0xdd,
    0xdd,0xbb,0xc6,0xc6,0xc6,0xc6,0xd9,0xd9,0xc6,0xd9,0xcf,0xc5,0xc5,0x00,0x00,0x00,
    0x00,0x00,0x00,0x00,0x00,0x00,0x00,0x00,0x00,0x00,0x00,0x00,0x00,0x00,0x00,0x00,
    0x00,0x00,0x00,0x00,0x00,0x00,0x00,0x00,0x00,0x00,0x00,0x00,0x00,0x00,0x00,0x00,
    0xa8,0xa8,0xa8,0xa8,0xa8,0xa8,0xca,0xca,0xca,0xca,0xca,0xca,0xca,0xa8,0xca,0xca,
    0xca,0xca,0xca,0xca,0xca,0xca,0xca,0xca,0xca,0xca,0xca,0xca,0xca,0xca,0xca,0xca,
    0xca,0xca,0xca,0xd7,0xd7,0xd7,0xc9,0xc9,0xc9,0xc9,0xc9,0xc9,0xd6,0xc9,0xd6,0xd6,
    0xd6,0xd6,0xd6,0xc9,0xc9,0xd6,0xd6,0xd6,0xd6,0xbb,0xbb,0xbb,0xbb,0xd6,0xdd,0xbb,
    0xbb,0xbb,0xd0,0xbb,0xdd,0xdd,0xdd,0xdd,0xdd,0xdd,0xdd,0xdd,0xdd,0xdd,0xdd,0xdd,
    0xdd,0xbb,0xc6,0xd9,0xd9,0xbf,0xc5,0xc5,0xc5,0xc5,0xdc,0xc5,0xc5,0x00,0x00,0x00,
    0x00,0x00,0x00,0x00,0x00,0x00,0x00,0x00,0x00,0x00,0x00,0x00,0x00,0x00,0x00,0x00,
    0x00,0x00,0x00,0x00,0x00,0x00,0x00,0x00,0x00,0x00,0x00,0x00,0x00,0x00,0x00,0x00,
    0xa8,0xa8,0xa8,0xa8,0xa8,0xa8,0xa8,0xa8,0xca,0xa8,0xca,0xa8,0xca,0xca,0xca,0xca,
    0xca,0xca,0xca,0xca,0xca,0xca,0xca,0xca,0xca,0xe7,0xca,0xca,0xca,0xca,0xca,0xca,
    0xca,0xca,0xca,0xca,0xd7,0xd7,0xd7,0xd7,0xd7,0xd7,0xd7,0xd7,0xd7,0xc9,0xd6,0xd6,
    0xd6,0xd6,0xd6,0xd6,0xd6,0xd6,0xd6,0xd0,0xd0,0xa7,0xbf,0xa7,0xbf,0xbf,0xbf,0xbf,
    0xbf,0xbf,0xd0,0xd0,0xbb,0xd0,0xbb,0xd0,0xd0,0xbb,0xdd,0xdd,0xdd,0xbb,0xc6,0xc6,
    0xd9,0xd9,0xc6,0xd9,0xd9,0xd9,0xd9,0xcf,0xd9,0xc5,0xc5,0xce,0xce,0x00,0x00,0x00,
    0x00,0x00,0x00,0x00,0x00,0x00,0x00,0x00,0x00,0x00,0x00,0x00,0x00,0x00,0x00,0x00,
    0x00,0x00,0x00,0x00,0x00,0x00,0x00,0x00,0x00,0x00,0x00,0x00,0x00,0x00,0x00,0x00,
    0xa8,0xa8,0xa8,0xa8,0xa8,0xa8,0xa8,0xa8,0xa8,0xa8,0xa8,0xa8,0xa8,0xa8,0xca,0xca,
    0xca,0xca,0xca,0xca,0xca,0xca,0xca,0xca,0xd7,0xe8,0xca,0xca,0xca,0xca,0xca,0xca,
    0xca,0xca,0xca,0xca,0xca,0xd7,0xd7,0xd7,0xd7,0xd7,0xd7,0xd7,0xd7,0xc9,0xc9,0xd6,
    0xd6,0xd6,0xc9,0xd6,0xd6,0xd6,0xa9,0xd0,0xbf,0xbf,0xbf,0xbf,0xbf,0xd5,0xb1,0xd5,
    0xbf,0xbf,0xbf,0xbf,0xd9,0xd9,0xd9,0xd9,0xd9,0xd9,0xd9,0xd9,0xd9,0xd9,0xbf,0xdb,
    0xc8,0xbe,0xdb,0xdb,0xdb,0xdb,0xc8,0xe0,0xce,0xb7,0xc8,0xc8,0xb7,0x00,0x00,0x00,
    0x00,0x00,0x00,0x00,0x00,0x00,0x00,0x00,0x00,0x00,0x00,0x00,0x00,0x00,0x00,0x00,
    0x00,0x00,0x00,0x00,0x00,0x00,0x00,0x00,0x00,0x00,0x00,0x00,0x00,0x00,0x00,0x00,
    0xa8,0xa8,0xa8,0xa8,0xa8,0xa8,0xa8,0xa8,0xa8,0xa8,0xa8,0xa8,0xa8,0xca,0xca,0xca,
    0xca,0xca,0xca,0xca,0xca,0xca,0xd7,0xd7,0xd7,0xd7,0xca,0xca,0xca,0xca,0xca,0xca,
    0xca,0xca,0xca,0xca,0xd7,0xd7,0xd7,0xd7,0xd7,0xd7,0xd7,0xd7,0xd7,0xd7,0xc9,0xc9,
    0xc9,0xb3,0xc9,0xc9,0xc9,0xc9,0xd6,0xd6,0xa9,0xd0,0xd0,0xd0,0xd0,0xd0,0xbf,0xbf,
    0xd9,0xd9,0xd0,0xd9,0xd9,0xbf,0xbf,0xbf,0xbf,0xbf,0xd9,0xbf,0xdb,0xdb,0xc8,0xda,
    0xc7,0xc7,0xc7,0xc7,0xc7,0xc7,0xc7,0xc7,0xc7,0xc7,0xd1,0xc7,0xba,0x00,0x00,0x00,
    0x00,0x00,0x00,0x00,0x00,0x00,0x00,0x00,0x00,0x00,0x00,0x00,0x00,0x00,0x00,0x00,
    0x00,0x00,0x00,0x00,0x00,0x00,0x00,0x00,0x00,0x00,0x00,0x00,0x00,0x00,0x00,0x00,
};

static const unsigned char re15_dokument4_md1[404] = {
    0x34,0x01,0x00,0x00,0x00,0x00,0x00,0x00,0x02,0x00,0x00,0x00,0x38,0x00,0x00,0x00,
    0x09,0x00,0x00,0x00,0x80,0x00,0x00,0x00,0x09,0x00,0x00,0x00,0xc8,0x00,0x00,0x00,
    0x08,0x00,0x00,0x00,0x28,0x01,0x00,0x00,0x38,0x00,0x00,0x00,0x09,0x00,0x00,0x00,
    0x80,0x00,0x00,0x00,0x09,0x00,0x00,0x00,0x28,0x01,0x00,0x00,0x00,0x00,0x00,0x00,
    0x88,0x01,0x00,0x00,0x70,0xff,0xf8,0xff,0x00,0x00,0x00,0x00,0x8e,0x00,0xeb,0xff,
    0x00,0x00,0x00,0x00,0x00,0x00,0x00,0x00,0x00,0x00,0x00,0x00,0x75,0xff,0xaa,0xff,
    0xd3,0x00,0x00,0x00,0x00,0x00,0x00,0x00,0x1f,0xff,0x00,0x00,0xf5,0xff,0xb3,0xff,
    0xd3,0x00,0x00,0x00,0x8e,0x00,0xeb,0xff,0x1f,0xff,0x00,0x00,0x70,0xff,0xf8,0xff,
    0x1f,0xff,0x00,0x00,0x83,0x00,0x9e,0xff,0xd3,0x00,0x00,0x00,0x53,0xff,0x43,0xf0,
    0x34,0xfd,0x00,0x00,0xf7,0x00,0xfe,0xf0,0x8a,0xfa,0x00,0x00,0xe4,0xfe,0x04,0xf1,
    0x7f,0xfa,0x00,0x00,0xbd,0xfd,0x9b,0xf0,0x45,0xfc,0x00,0x00,0xd1,0xfd,0x24,0xf1,
    0x7c,0xfa,0x00,0x00,0xd7,0xff,0x00,0xf0,0x00,0x00,0x00,0x00,0xec,0x00,0x23,0xf0,
    0x23,0xfe,0x00,0x00,0xac,0xfd,0x2c,0xf0,0x00,0x00,0x00,0x00,0xed,0x00,0x07,0xf0,
    0x00,0x00,0x00,0x00,0x00,0x00,0x02,0x00,0x01,0x00,0x03,0x00,0x02,0x00,0x05,0x00,
    0x03,0x00,0x01,0x00,0x02,0x00,0x05,0x00,0x04,0x00,0x08,0x00,0x05,0x00,0x04,0x00,
    0x06,0x00,0x00,0x00,0x00,0x00,0x02,0x00,0x07,0x00,0x06,0x00,0x00,0x00,0x02,0x00,
    0x03,0x00,0x01,0x00,0x00,0x00,0x02,0x00,0x07,0x00,0x06,0x00,0x05,0x00,0x04,0x00,
    0x06,0x00,0x00,0x00,0x05,0x00,0x04,0x00,0x08,0x00,0x07,0x00,0x02,0x00,0x05,0x00,
    0x03,0x00,0x01,0x00,0x00,0x00,0x02,0x00,0x01,0x00,0x03,0x00,0x00,0x00,0x02,0x00,
    0x06,0x00,0x00,0x00,0x3f,0x5f,0x40,0x78,0x00,0x7f,0x80,0x00,0x00,0x62,0x00,0x00,
    0x3f,0x40,0x40,0x78,0x00,0x62,0x80,0x00,0x00,0x40,0x00,0x00,0x7e,0x5f,0x40,0x78,
    0x3f,0x7e,0x80,0x00,0x3f,0x5f,0x00,0x00,0x7f,0x40,0x40,0x78,0x3f,0x5f,0x80,0x00,
    0x3f,0x40,0x00,0x00,0x3f,0x5f,0x40,0x78,0x7f,0x40,0x80,0x00,0x7e,0x5f,0x00,0x00,
    0x3f,0x7e,0x40,0x78,0x7e,0x5f,0x80,0x00,0x7e,0x7e,0x00,0x00,0x00,0x62,0x40,0x78,
    0x3f,0x40,0x80,0x00,0x3f,0x5f,0x00,0x00,0x00,0x7f,0x40,0x78,0x3f,0x5f,0x80,0x00,
    0x3f,0x7e,0x00,0x00,
};

static const unsigned char re15_dokument4_tim[34848] = {
    0x10,0x00,0x00,0x00,0x09,0x00,0x00,0x00,0x0c,0x08,0x00,0x00,0x00,0x00,0xe0,0x01,
    0x00,0x01,0x04,0x00,0x00,0x00,0x10,0x42,0xef,0x3d,0xce,0x39,0xad,0x35,0x8c,0x31,
    0x6b,0x2d,0x4a,0x29,0x29,0x25,0x08,0x21,0xe7,0x1c,0xc6,0x18,0xa5,0x14,0x84,0x10,
    0x63,0x0c,0x42,0x08,0x21,0x04,0xae,0x35,0x8d,0x31,0x4b,0x29,0x6c,0x2d,0x2a,0x25,
    0x09,0x21,0xe8,0x1c,0xc7,0x18,0xa6,0x14,0x2b,0x25,0x0a,0x21,0x85,0x10,0xe9,0x1c,
    0x4d,0x29,0x2c,0x25,0xc8,0x18,0x0b,0x21,0x64,0x0c,0xa7,0x14,0x4e,0x29,0x2d,0x25,
    0xea,0x1c,0x86,0x10,0x0c,0x21,0x43,0x08,0xc9,0x18,0xeb,0x1c,0xa8,0x14,0x0d,0x21,
    0xca,0x18,0x65,0x0c,0xec,0x1c,0xa9,0x14,0xcb,0x18,0xaa,0x14,0x88,0x10,0x22,0x04,
    0xcc,0x18,0x66,0x0c,0x44,0x08,0xab,0x14,0x89,0x10,0x67,0x0c,0xac,0x14,0x8a,0x10,
    0x45,0x08,0x8b,0x10,0x68,0x0c,0x8c,0x10,0x23,0x04,0x69,0x0c,0x46,0x08,0x8d,0x10,
    0x6a,0x0c,0x8e,0x10,0x47,0x08,0x6b,0x0c,0x6c,0x0c,0x48,0x08,0x6d,0x0c,0x49,0x08,
    0x6e,0x0c,0x4a,0x08,0x25,0x04,0x4b,0x08,0x4c,0x08,0x4d,0x08,0x27,0x04,0x29,0x04,
    0x2a,0x04,0x0e,0x00,0x01,0x00,0x6d,0x08,0x6e,0x08,0x4c,0x04,0x4d,0x04,0x8d,0x0c,
    0x8e,0x0c,0x6b,0x08,0x6c,0x08,0x4a,0x04,0x4b,0x04,0xab,0x10,0x8b,0x0c,0x8c,0x0c,
    0x69,0x08,0x6a,0x08,0x48,0x04,0x49,0x04,0x27,0x00,0xcb,0x14,0xaa,0x10,0x8a,0x0c,
    0x68,0x08,0x47,0x04,0x6d,0x04,0x89,0x0c,0x6c,0x04,0x2d,0x21,0xeb,0x18,0xa9,0x10,
    0x67,0x08,0x0c,0x1d,0x88,0x0c,0x4d,0x25,0x66,0x08,0xc8,0x14,0x65,0x08,0x2b,0x21,
    0xe8,0x18,0x64,0x08,0x2a,0x21,0xc7,0x14,0x09,0x1d,0xce,0x35,0xad,0x31,0x6b,0x29,
    0x8c,0x2d,0x4a,0x25,0x29,0x21,0x08,0x1d,0xe7,0x18,0xc6,0x14,0xa5,0x10,0x84,0x0c,
    0x0f,0x3e,0xac,0x31,0x49,0x25,0x83,0x0c,0x41,0x04,0x20,0x00,0x0f,0x42,0xcd,0x39,
    0xac,0x35,0x28,0x25,0x07,0x21,0xe6,0x1c,0xc5,0x18,0xa4,0x14,0x27,0x25,0x83,0x10,
    0x62,0x0c,0x41,0x08,0x20,0x04,0x84,0x14,0x00,0x04,0x8d,0x35,0xa6,0x18,0x43,0x0c,
    0xea,0x20,0x2d,0x29,0x6d,0x10,0x01,0x00,0x00,0x00,0x00,0x00,0x00,0x00,0x00,0x00,
    0x00,0x00,0x00,0x00,0x00,0x00,0x00,0x00,0x00,0x00,0x00,0x00,0x00,0x00,0x00,0x00,
    0x00,0x00,0x00,0x00,0x00,0x00,0x00,0x00,0x00,0x00,0x00,0x00,0x00,0x00,0x00,0x00,
    0x00,0x00,0x00,0x00,0x00,0x00,0x00,0x00,0x00,0x00,0x00,0x00,0x00,0x00,0x00,0x00,
    0x00,0x00,0x00,0x00,0x00,0x00,0x00,0x00,0x00,0x00,0x00,0x00,0x00,0x00,0x00,0x00,
    0x00,0x00,0x00,0x00,0x00,0x00,0x00,0x00,0x00,0x00,0x00,0x00,0x00,0x00,0x00,0x00,
    0x00,0x00,0x00,0x00,0x00,0x00,0x00,0x00,0x00,0x00,0x00,0x00,0x00,0x00,0x00,0x00,
    0x00,0x00,0x00,0x00,0x00,0x00,0x00,0x00,0x00,0x00,0x00,0x00,0x00,0x00,0x00,0x00,
    0x00,0x00,0x00,0x00,0x00,0x00,0x00,0x00,0x00,0x00,0x00,0x00,0x00,0x00,0x00,0x00,
    0x00,0x00,0x00,0x00,0x00,0x00,0x00,0x00,0x00,0x00,0x00,0x00,0x00,0x00,0x00,0x00,
    0x00,0x00,0x00,0x00,0x00,0x00,0x00,0x00,0x00,0x00,0x00,0x00,0x00,0x00,0x00,0x00,
    0x00,0x00,0x00,0x00,0x00,0x00,0xe0,0xff,0x94,0xd2,0x52,0xca,0x31,0xc6,0x10,0xc2,
    0xef,0xbd,0xce,0xb9,0xad,0xb5,0x6b,0xad,0x4a,0xa9,0x29,0xa5,0x08,0xa1,0xe7,0x9c,
    0xc6,0x98,0x4a,0x29,0x00,0x80,0x00,0x80,0x00,0x80,0x00,0x80,0x00,0x80,0x00,0x80,
    0x00,0x80,0x00,0x80,0x00,0x80,0x00,0x80,0x00,0x80,0x00,0x80,0x00,0x80,0x00,0x80,
    0x00,0x80,0x00,0x80,0x00,0x80,0x00,0x80,0x00,0x80,0x00,0x80,0x00,0x80,0x00,0x80,
    0x00,0x80,0x00,0x80,0x00,0x80,0x00,0x80,0x00,0x80,0x00,0x80,0x00,0x80,0x00,0x80,
    0x00,0x80,0x00,0x80,0x00,0x80,0x00,0x80,0x00,0x80,0x00,0x80,0x00,0x80,0x00,0x80,
    0x00,0x80,0x00,0x80,0x00,0x80,0x00,0x80,0x00,0x80,0x00,0x80,0x00,0x80,0x00,0x80,
    0x00,0x80,0x00,0x80,0x00,0x80,0x00,0x80,0x00,0x80,0x00,0x80,0x00,0x80,0x00,0x80,
    0x00,0x80,0x00,0x80,0x00,0x80,0x00,0x80,0x00,0x80,0x00,0x80,0x00,0x80,0x00,0x80,
    0x00,0x80,0x00,0x80,0x00,0x80,0x00,0x80,0x00,0x80,0x00,0x80,0x00,0x80,0x00,0x80,
    0x00,0x80,0x00,0x80,0x00,0x80,0x00,0x80,0x00,0x80,0x00,0x80,0x00,0x80,0x00,0x80,
    0x00,0x80,0x00,0x80,0x00,0x80,0x00,0x80,0x00,0x80,0x00,0x80,0x00,0x80,0x00,0x80,
    0x00,0x80,0x00,0x80,0x00,0x80,0x00,0x80,0x00,0x80,0x00,0x80,0x00,0x80,0x00,0x80,
    0x00,0x80,0x00,0x80,0x00,0x80,0x00,0x80,0x00,0x80,0x00,0x80,0x00,0x80,0x00,0x80,
    0x00,0x80,0x00,0x80,0x00,0x80,0x00,0x80,0x00,0x80,0x00,0x80,0x00,0x80,0x00,0x80,
    0x00,0x80,0x00,0x80,0x00,0x80,0x00,0x80,0x00,0x80,0x00,0x80,0x00,0x80,0x00,0x80,
    0x00,0x80,0x00,0x80,0x00,0x80,0x00,0x80,0x00,0x80,0x00,0x80,0x00,0x80,0x00,0x80,
    0x00,0x80,0x00,0x80,0x00,0x80,0x00,0x80,0x00,0x80,0x00,0x80,0x00,0x80,0x00,0x80,
    0x00,0x80,0x00,0x80,0x00,0x80,0x00,0x80,0x00,0x80,0x00,0x80,0x00,0x80,0x00,0x80,
    0x00,0x80,0x00,0x80,0x00,0x80,0x00,0x80,0x00,0x80,0x00,0x80,0x00,0x80,0x00,0x80,
    0x00,0x80,0x00,0x80,0x00,0x80,0x00,0x80,0x00,0x80,0x00,0x80,0x00,0x80,0x00,0x80,
    0x00,0x80,0x00,0x80,0x00,0x80,0x00,0x80,0x00,0x80,0x00,0x80,0x00,0x80,0x00,0x80,
    0x00,0x80,0x00,0x80,0x00,0x80,0x00,0x80,0x00,0x80,0x00,0x80,0x00,0x80,0x00,0x80,
    0x00,0x80,0x00,0x80,0x00,0x80,0x00,0x80,0x00,0x80,0x00,0x80,0x00,0x80,0x00,0x80,
    0x00,0x80,0x00,0x80,0x00,0x80,0x00,0x80,0x00,0x80,0x00,0x80,0x00,0x80,0x00,0x80,
    0x00,0x80,0x00,0x80,0x00,0x80,0x00,0x80,0x00,0x80,0x00,0x80,0x00,0x80,0x00,0x80,
    0x00,0x80,0x00,0x80,0x00,0x80,0x00,0x80,0x00,0x80,0x00,0x80,0x00,0x80,0x00,0x80,
    0x00,0x80,0x00,0x80,0x00,0x80,0x00,0x80,0x00,0x80,0x00,0x80,0x00,0x80,0x00,0x80,
    0x00,0x80,0x00,0x80,0x00,0x80,0x00,0x80,0x00,0x80,0x00,0x80,0x00,0x80,0x00,0x80,
    0x00,0x80,0x00,0x80,0x00,0x80,0x00,0x80,0x00,0x80,0x00,0x80,0x00,0x80,0x00,0x80,
    0x00,0x80,0x00,0x80,0x00,0x80,0x00,0x80,0x00,0x80,0x00,0x80,0x00,0x80,0x00,0x80,
    0x00,0x80,0x00,0x80,0x00,0x00,0xde,0x7b,0xbd,0x77,0x9c,0x73,0x7b,0x6f,0x5a,0x6b,
    0x39,0x67,0x18,0x63,0xf7,0x5e,0xd6,0x5a,0xb5,0x56,0x94,0x52,0x73,0x4e,0x52,0x4a,
    0x31,0x46,0x10,0x42,0xef,0x3d,0xce,0x39,0xad,0x35,0x8c,0x31,0x6b,0x2d,0x4a,0x29,
    0x29,0x25,0x08,0x21,0xe7,0x1c,0xc6,0x18,0xa5,0x14,0x84,0x10,0x63,0x0c,0x42,0x08,
    0x21,0x04,0xd7,0x5a,0xb6,0x56,0x95,0x52,0x96,0x52,0x75,0x4e,0x54,0x4a,0xd9,0x5a,
    0x76,0x4e,0x8e,0x31,0x55,0x4a,0xa6,0x14,0x56,0x4a,0x35,0x46,0x85,0x10,0x14,0x42,
    0x78,0x4e,0xf3,0x3d,0xd2,0x39,0x79,0x4e,0x58,0x4a,0xf4,0x3d,0x37,0x46,0xd3,0x39,
    0x6f,0x2d,0x16,0x42,0x64,0x0c,0xb2,0x35,0xf5,0x3d,0x38,0x46,0x91,0x31,0x17,0x42,
    0xd4,0x39,0xb3,0x35,0xf6,0x3d,0x86,0x10,0x92,0x31,0xd5,0x39,0x4f,0x29,0x43,0x08,
    0xf7,0x3d,0xb4,0x35,0x71,0x2d,0xd6,0x39,0x21,0x04,0x50,0x29,0xb5,0x35,0xd7,0x39,
    0x72,0x2d,0x94,0x31,0x51,0x29,0x73,0x2d,0x95,0x31,0x30,0x25,0x52,0x29,0x96,0x31,
    0x74,0x2d,0x31,0x25,0x53,0x29,0x75,0x2d,0x76,0x2d,0x54,0x29,0x32,0x25,0x10,0x21,
    0x44,0x08,0x55,0x29,0x33,0x25,0x11,0x21,0x34,0x25,0xf0,0x1c,0x35,0x25,0x13,0x21,
    0x67,0x0c,0xf1,0x1c,0x14,0x21,0xcf,0x18,0x45,0x08,0xf2,0x1c,0x15,0x21,0xd0,0x18,
    0x16,0x21,0xf3,0x1c,0xd1,0x18,0xf4,0x1c,0xaf,0x14,0x23,0x04,0xf5,0x1c,0xd2,0x18,
    0x69,0x0c,0xf6,0x1c,0xd3,0x18,0xb0,0x14,0xd4,0x18,0xb1,0x14,0x6a,0x0c,0xb2,0x14,
    0x8f,0x10,0x6b,0x0c,0xb3,0x14,0xb4,0x14,0x90,0x10,0x6c,0x0c,0xb5,0x14,0x91,0x10,
    0x92,0x10,0x6d,0x0c,0x93,0x10,0x6e,0x0c,0x94,0x10,0x6f,0x0c,0x95,0x10,0x70,0x0c,
    0x71,0x0c,0x72,0x0c,0x4c,0x08,0x73,0x0c,0x4d,0x08,0x4e,0x08,0x4f,0x08,0x50,0x08,
    0x51,0x08,0x52,0x08,0x53,0x08,0x2b,0x04,0x2c,0x04,0x2d,0x04,0x2e,0x04,0x2f,0x04,
    0x30,0x04,0x31,0x04,0x33,0x04,0x32,0x04,0x34,0x04,0x35,0x04,0x15,0x00,0x14,0x00,
    0x13,0x00,0x12,0x00,0x11,0x00,0x10,0x00,0x0f,0x00,0x0e,0x00,0x0d,0x00,0x0c,0x00,
    0x0b,0x00,0x0a,0x00,0x09,0x00,0x08,0x00,0x07,0x00,0x06,0x00,0x05,0x00,0x04,0x00,
    0x03,0x00,0x02,0x00,0x01,0x00,0x17,0x5f,0x30,0x42,0x8b,0x2d,0x28,0x21,0xe6,0x18,
    0x20,0x00,0x0e,0x3e,0x8a,0x2d,0xab,0x31,0x7a,0x6f,0x59,0x6b,0x38,0x67,0xf6,0x5e,
    0x17,0x63,0xd5,0x5a,0xb4,0x56,0x93,0x52,0x72,0x4e,0x51,0x4a,0x30,0x46,0xee,0x3d,
    0x0f,0x42,0x9a,0x73,0x79,0x6f,0x58,0x6b,0xac,0x35,0x37,0x67,0x16,0x63,0xf5,0x5e,
    0x8b,0x31,0x49,0x29,0xb3,0x56,0xba,0x77,0x92,0x52,0x71,0x4e,0x50,0x4a,0x07,0x21,
    0xe6,0x1c,0xc5,0x18,0x83,0x10,0x62,0x0c,0x41,0x08,0x61,0x0c,0x40,0x08,0x20,0x04,
    0x7a,0x73,0xf8,0x62,0x66,0x10,0x25,0x08,0x0f,0x0c,0x05,0x04,0x11,0x0c,0x10,0x0c,
    0x14,0x0c,0x13,0x0c,0x12,0x0c,0x06,0x04,0x15,0x0c,0x10,0x08,0x0f,0x08,0x0e,0x08,
    0xf1,0x20,0x11,0x08,0x0a,0x04,0x09,0x04,0x0d,0x04,0x0c,0x04,0x0b,0x04,0x0f,0x04,
    0x0e,0x04,0x21,0x84,0xff,0x7f,0x39,0x67,0x18,0x63,0xf7,0x5e,0xd6,0x5a,0xb5,0x56,
    0x94,0x52,0x73,0x4e,0x52,0x4a,0x31,0x46,0x10,0x42,0xef,0x3d,0x4a,0x29,0xd5,0x5a,
    0xb4,0x56,0x72,0x4e,0x51,0x4a,0x30,0x46,0x0f,0x42,0xcd,0x39,0xac,0x35,0x8b,0x31,
    0x17,0x67,0x93,0x56,0x0f,0x46,0x59,0x6f,0x38,0x6b,0xd5,0x5e,0xb4,0x5a,0x51,0x4e,
    0x30,0x4a,0xf6,0x62,0x72,0x52,0xbd,0x7b,0x9c,0x77,0x7b,0x73,0x5a,0x6f,0x39,0x6b,
    0x18,0x67,0xd6,0x5e,0xf7,0x62,0xb5,0x5a,0x94,0x56,0x73,0x52,0x52,0x4e,0x31,0x4a,
    0x10,0x46,0x9c,0x7b,0xce,0x3d,0xef,0x41,0xad,0x39,0x7b,0x77,0x5a,0x73,0x39,0x6f,
    0x18,0x6b,0x8c,0x35,0xf7,0x66,0xd6,0x62,0xb5,0x5e,0x94,0x5a,0x6b,0x31,0x73,0x56,
    0x52,0x52,0x31,0x4e,0x10,0x4a,0xef,0x45,0x5b,0x73,0xd7,0x62,0x53,0x52,0xbe,0x7f,
    0x9d,0x7b,0x3a,0x6f,0x19,0x6b,0xb6,0x5e,0x95,0x5a,0x32,0x4e,0x11,0x4a,0x7c,0x77,
    0xf8,0x66,0x74,0x56,0x9d,0x77,0x7c,0x73,0x5b,0x6f,0x3a,0x6b,0x19,0x67,0xd7,0x5e,
    0xf8,0x62,0xb6,0x5a,0x95,0x56,0x74,0x52,0x32,0x4a,0xf0,0x41,0xae,0x39,0x00,0x80,
    0x00,0x80,0x00,0x80,0x00,0x80,0x00,0x80,0x00,0x80,0x00,0x80,0x00,0x80,0x00,0x80,
    0x00,0x80,0x00,0x80,0x00,0x80,0x00,0x80,0x00,0x80,0x00,0x80,0x00,0x80,0x00,0x80,
    0x00,0x80,0x00,0x80,0x00,0x80,0x00,0x80,0x00,0x80,0x00,0x80,0x00,0x80,0x00,0x80,
    0x00,0x80,0x00,0x80,0x00,0x80,0x00,0x80,0x00,0x80,0x00,0x80,0x00,0x80,0x00,0x80,
    0x00,0x80,0x00,0x80,0x00,0x80,0x00,0x80,0x00,0x80,0x00,0x80,0x00,0x80,0x00,0x80,
    0x00,0x80,0x00,0x80,0x00,0x80,0x00,0x80,0x00,0x80,0x00,0x80,0x00,0x80,0x00,0x80,
    0x00,0x80,0x00,0x80,0x00,0x80,0x00,0x80,0x00,0x80,0x00,0x80,0x00,0x80,0x00,0x80,
    0x00,0x80,0x00,0x80,0x00,0x80,0x00,0x80,0x00,0x80,0x00,0x80,0x00,0x80,0x00,0x80,
    0x00,0x80,0x00,0x80,0x00,0x80,0x00,0x80,0x00,0x80,0x00,0x80,0x00,0x80,0x00,0x80,
    0x00,0x80,0x00,0x80,0x00,0x80,0x00,0x80,0x00,0x80,0x00,0x80,0x00,0x80,0x00,0x80,
    0x00,0x80,0x00,0x80,0x00,0x80,0x00,0x80,0x00,0x80,0x00,0x80,0x00,0x80,0x00,0x80,
    0x00,0x80,0x00,0x80,0x00,0x80,0x00,0x80,0x00,0x80,0x00,0x80,0x00,0x80,0x00,0x80,
    0x00,0x80,0x00,0x80,0x00,0x80,0x00,0x80,0x00,0x80,0x00,0x80,0x00,0x80,0x00,0x80,
    0x00,0x80,0x00,0x80,0x00,0x80,0x00,0x80,0x00,0x80,0x00,0x80,0x00,0x80,0x00,0x80,
    0x00,0x80,0x00,0x80,0x00,0x80,0x00,0x80,0x00,0x80,0x00,0x80,0x00,0x80,0x00,0x80,
    0x00,0x80,0x00,0x80,0x00,0x80,0x00,0x80,0x00,0x80,0x00,0x80,0x00,0x80,0x00,0x80,
    0x00,0x80,0x00,0x80,0x00,0x80,0x00,0x80,0x00,0x80,0x00,0x80,0x00,0x80,0x00,0x80,
    0x00,0x80,0x00,0x80,0x00,0x80,0x00,0x80,0x00,0x80,0x00,0x80,0x00,0x80,0x00,0x80,
    0x00,0x80,0x00,0x80,0x00,0x80,0x00,0x80,0x00,0x80,0x00,0x80,0x00,0x80,0x00,0x80,
    0x00,0x80,0x00,0x80,0x00,0x80,0x00,0x80,0x00,0x80,0x00,0x80,0x00,0x80,0x00,0x80,
    0x00,0x80,0x00,0x80,0x0c,0x80,0x00,0x00,0x00,0x00,0x00,0x00,0x40,0x00,0x00,0x01,
    0x0a,0x0a,0x0a,0x0a,0x0a,0x0a,0x0a,0x0a,0x0a,0x0a,0x0b,0x0c,0x0c,0x0c,0x0c,0x0c,
    0x0c,0x0c,0x0c,0x0c,0x0c,0x0c,0x0c,0x0c,0x0c,0x9b,0x0d,0x3b,0x70,0x70,0x59,0x59,
    0x59,0x59,0x59,0x59,0x59,0x59,0x59,0x59,0x59,0x59,0x59,0x59,0x59,0x59,0x59,0x59,
    0x59,0x59,0x59,0x59,0x59,0x59,0x59,0x59,0x59,0x59,0x59,0x59,0x59,0x59,0x59,0x59,
    0x59,0x59,0x59,0x59,0x59,0x59,0x59,0x59,0x59,0x59,0x59,0x59,0x59,0x59,0x59,0x59,
    0x59,0x59,0x59,0x59,0x59,0x59,0x59,0x59,0x59,0x59,0x59,0x59,0x59,0x59,0x70,0x5c,
    0x4c,0x4c,0x46,0x6d,0x67,0x4f,0x4f,0x67,0x67,0x6d,0x6d,0x46,0x46,0x46,0x46,0x46,
    0x67,0x67,0x67,0x46,0x46,0x67,0x67,0x67,0x67,0x67,0x67,0x67,0x67,0x67,0x67,0x4f,
    0x0a,0x0a,0x0a,0x0b,0x0b,0x0b,0x0b,0x0c,0x0c,0x0d,0x0b,0x07,0x08,0x09,0x09,0x0a,
    0x0e,0x0d,0x0d,0x0d,0x0d,0x0d,0x0d,0x0d,0x0d,0x9d,0x91,0x76,0x59,0x59,0x59,0x5c,
    0x5b,0x5b,0x5b,0x5b,0x5b,0x5b,0x5b,0x5b,0x5b,0x5b,0x5b,0x5b,0x5b,0x5b,0x5b,0x5b,
    0x5b,0x5b,0x5b,0x5b,0x5b,0x5b,0x5b,0x5b,0x5b,0x5b,0x5b,0x5b,0x5b,0x5b,0x5b,0x5b,
    0x5b,0x5b,0x5b,0x5b,0x5b,0x5b,0x5b,0x5b,0x5b,0x5b,0x5b,0x5b,0x5b,0x5b,0x5b,0x5b,
    0x5b,0x5b,0x5b,0x5b,0x5b,0x5b,0x5b,0x5b,0x5b,0x5b,0x5b,0x5b,0x5b,0x5b,0x59,0x4c,
    0x4c,0x4c,0x67,0x39,0x26,0x2b,0x21,0x21,0x7d,0x1a,0x15,0x80,0x1b,0x1b,0x1b,0x1b,
    0x16,0x82,0x82,0x82,0x82,0x1d,0x1d,0x1d,0x7e,0x20,0x20,0x20,0x20,0x20,0x7b,0x71,
    0x0a,0x0a,0x0b,0x0c,0x0d,0x0e,0x0c,0x17,0x08,0x06,0x05,0x04,0x05,0x05,0x05,0x06,
    0x06,0x08,0x0a,0x0d,0x0e,0x0e,0x0e,0x0e,0x0e,0x9e,0x0f,0x44,0x59,0x59,0x5b,0x59,
    0x32,0x32,0x32,0x32,0x32,0x32,0x32,0x32,0x32,0x32,0x32,0x32,0x32,0x32,0x32,0x32,
    0x32,0x32,0x32,0x32,0x32,0x32,0x32,0x32,0x32,0x32,0x32,0x32,0x32,0x32,0x32,0x32,
    0x32,0x32,0x32,0x32,0x32,0x32,0x32,0x32,0x32,0x32,0x32,0x32,0x32,0x32,0x32,0x32,
    0x32,0x32,0x32,0x32,0x32,0x32,0x32,0x32,0x32,0x32,0x32,0x32,0x74,0x30,0x32,0x32,
    0x45,0x45,0x4f,0x6c,0x1c,0x19,0x19,0x0c,0x19,0x19,0x19,0x0c,0x0c,0x0c,0x0c,0x0c,
    0x0c,0x0c,0x1c,0x1c,0x1c,0x1c,0x1c,0x1c,0x0d,0x0d,0x0d,0x8d,0x0e,0x22,0x20,0x43,
    0x0a,0x0b,0x0c,0x0c,0x0d,0x0d,0x15,0x06,0x06,0x04,0x03,0x03,0x03,0x03,0x03,0x03,
    0x04,0x86,0x06,0x06,0x87,0x0e,0x29,0x29,0x29,0x10,0x10,0x50,0x5a,0x59,0x5b,0x59,
    0x28,0x1e,0x1e,0x25,0x25,0x25,0x25,0x25,0x25,0x25,0x25,0x25,0x25,0x25,0x25,0x25,
    0x25,0x25,0x25,0x25,0x25,0x25,0x25,0x25,0x25,0x25,0x25,0x25,0x25,0x25,0x25,0x25,
    0x25,0x25,0x25,0x25,0x25,0x25,0x25,0x25,0x25,0x25,0x25,0x25,0x25,0x25,0x25,0x1f,
    0x1f,0x1f,0x1f,0x1f,0x1f,0x1f,0x1f,0x1f,0x1f,0x1f,0x1f,0x25,0x1f,0xa7,0x28,0x33,
    0x59,0x45,0x61,0x6d,0x1c,0x19,0x17,0x0a,0x09,0x09,0x09,0x0a,0x0a,0x09,0x0a,0x0a,
    0x0a,0x0a,0x0a,0x18,0x18,0x0a,0x18,0x0b,0x0b,0x0b,0x0b,0x19,0x1c,0x0e,0x20,0x67,
    0x0a,0x0b,0x0d,0x0e,0x0b,0x86,0x05,0x15,0x22,0x1c,0xa4,0x19,0x19,0x19,0x19,0x19,
    0x1c,0x22,0x09,0x05,0x8f,0x07,0x1c,0x22,0x29,0x10,0x10,0x50,0x5a,0x59,0x5b,0x59,
    0x73,0x1f,0x1d,0x26,0x1d,0x1d,0x1d,0x1d,0x1d,0x1d,0x1d,0x1d,0x1d,0x1d,0x1d,0x1d,
    0x1d,0x1d,0x1d,0x1d,0x1d,0x1d,0x1d,0x1d,0x1d,0x1d,0x1d,0x1d,0x1d,0x1d,0x1d,0x1d,
    0x1d,0x1d,0x1d,0x1d,0x1d,0x1d,0x1d,0x1d,0x1d,0x1d,0x1d,0x1d,0x1d,0x1d,0x1d,0x1d,
    0x1d,0x1d,0x1d,0x1d,0x1d,0x1d,0x1d,0x1d,0x1d,0x1d,0x1d,0x1d,0x1d,0x1f,0x25,0x6b,
    0x60,0x45,0x61,0x3f,0x1c,0x0b,0x16,0x06,0x05,0x05,0x06,0x06,0x06,0x06,0x07,0x07,
    0x07,0x08,0x08,0x08,0x08,0x08,0x09,0x09,0x17,0x0a,0x0a,0x0b,0x0c,0x22,0x20,0x67,
    0x0a,0x0b,0x0d,0x09,0x05,0x04,0x02,0x12,0x19,0x1c,0x1c,0x19,0x19,0x0c,0x1c,0x1c,
    0x0c,0x0b,0x14,0x02,0x04,0x06,0x88,0x22,0x29,0x10,0x10,0x50,0x5a,0x59,0x5b,0x59,
    0x28,0x1f,0x21,0x1f,0x1f,0x1f,0x1f,0x1f,0x1f,0x1f,0x1f,0x1f,0x1f,0x1f,0x1f,0x1f,
    0x1f,0x1f,0x1f,0x1f,0x1f,0x1f,0x1f,0x1f,0x1f,0x1f,0x1f,0x1f,0x1f,0x1f,0x1f,0x1f,
    0x1f,0x1f,0x1f,0x1f,0x1f,0x1f,0x1f,0x1f,0x1f,0x1f,0x1f,0x1f,0x1f,0x1f,0x1f,0x1f,
    0x1f,0x1f,0x1f,0x1f,0x1f,0x1f,0x1f,0x1f,0x1f,0x1f,0x1f,0x1f,0x1d,0x1f,0x25,0x32,
    0x5b,0x4c,0x61,0x63,0x1c,0x0b,0x08,0x06,0x06,0x06,0x06,0x06,0x07,0x07,0x07,0x07,
    0x08,0x08,0x08,0x08,0x08,0x08,0x09,0x09,0x09,0x0a,0x0a,0x0b,0x0c,0x22,0x20,0x67,
    0x0a,0xa1,0x0b,0x86,0x84,0x11,0x03,0x04,0x03,0x03,0x03,0x03,0x04,0x03,0x03,0x03,
    0x03,0x03,0x03,0x03,0x03,0x83,0x86,0x8b,0x35,0x10,0x10,0x50,0x5a,0x59,0x5b,0x59,
    0x28,0x1f,0x1d,0x25,0x1f,0x1f,0x1f,0x1f,0x1f,0x1f,0x1f,0x1f,0x1f,0x1f,0x1f,0x1f,
    0x1f,0x1f,0x1f,0x1f,0x1f,0x1f,0x1f,0x1f,0x1f,0x1f,0x25,0x1e,0x1e,0x1e,0x1e,0x1e,
    0x1e,0x1e,0x1e,0x1e,0x1e,0x1e,0x1e,0x1e,0x1e,0x1e,0x1e,0x1e,0x1e,0x1e,0x1e,0x1e,
    0x1e,0x1e,0x1e,0x1e,0x1e,0x1e,0x1e,0x1e,0x1e,0x1e,0x1e,0x1e,0x1d,0x1a,0x25,0x6b,
    0x5b,0x59,0x61,0x3f,0x1c,0x19,0x08,0x14,0x05,0x06,0x06,0x07,0x07,0x07,0x08,0x08,
    0x08,0x08,0x08,0x08,0x08,0x08,0x08,0x09,0x09,0x0a,0x0a,0x0b,0x0c,0x0e,0x20,0x66,
    0x0b,0x0e,0x0a,0x05,0x13,0x0b,0x22,0x0c,0x0b,0x04,0x05,0x19,0x0d,0x15,0x04,0x07,
    0x1c,0x0c,0x06,0x94,0x03,0x01,0x04,0x85,0x29,0x10,0x10,0x50,0x5a,0x59,0x5b,0x59,
    0x28,0x1f,0x1d,0x1f,0x1e,0x25,0x1f,0x1f,0x1f,0x1f,0x1f,0x1f,0x1f,0x1f,0x1f,0x1f,
    0x1f,0x1f,0x1f,0x1f,0x1f,0x1f,0x1f,0x1f,0x1f,0x1f,0x25,0x25,0x25,0x25,0x25,0x25,
    0x25,0x25,0x25,0x25,0x25,0x25,0x25,0x25,0x25,0x25,0x25,0x25,0x25,0x25,0x25,0x25,
    0x25,0x25,0x25,0x25,0x25,0x25,0x25,0x25,0x25,0x1e,0x1e,0x1e,0x26,0x21,0x25,0x6b,
    0x5b,0x70,0x61,0x3f,0x1c,0x0b,0x08,0x06,0x06,0x06,0x06,0x07,0x07,0x07,0x07,0x08,
    0x08,0x08,0x08,0x09,0x09,0x09,0x09,0x09,0x09,0x0a,0x0a,0x0b,0x0c,0x0e,0x20,0x66,
    0x0d,0x0b,0x07,0x05,0x17,0x35,0xa9,0x58,0x35,0x14,0x13,0x58,0xa9,0x0a,0x14,0x17,
    0xa9,0x58,0x0c,0x06,0x03,0xa3,0x05,0x84,0x8a,0x10,0xa9,0x50,0x5a,0x59,0x5b,0x59,
    0x28,0x1f,0x26,0x21,0x25,0x1f,0x1f,0x1f,0x1f,0x1f,0x1f,0x1f,0x1f,0x1f,0x1f,0x1f,
    0x1f,0x1f,0x1f,0x1f,0x1f,0x1f,0x1f,0x1f,0x1f,0x1f,0x1f,0x1f,0x1f,0x1f,0x1f,0x1f,
    0x1f,0x1f,0x1f,0x1f,0x1f,0x1f,0x1f,0x1f,0x1f,0x1f,0x1f,0x1f,0x1f,0x1f,0x1f,0x1f,
    0x1f,0x1f,0x1f,0x1f,0x1f,0x1f,0x1f,0x1f,0x1f,0x25,0x1e,0x1e,0x26,0x21,0x25,0x6b,
    0x5b,0x59,0x61,0x3f,0x1c,0x19,0x08,0x06,0x06,0x06,0x06,0x07,0x07,0x07,0x07,0x08,
    0x08,0x08,0x08,0x09,0x09,0x09,0x09,0x09,0x09,0x0a,0x0a,0x0b,0x0c,0x0e,0x20,0x66,
    0x0f,0x07,0x03,0x87,0x8c,0x35,0x35,0x35,0x29,0x05,0x06,0x29,0x58,0x17,0x05,0x09,
    0x58,0x58,0x58,0x22,0x05,0x1c,0x17,0x04,0x07,0x0f,0xa9,0x50,0x5a,0x59,0x5b,0x59,
    0x28,0x1f,0x1b,0x21,0x1e,0x1e,0x25,0x25,0x25,0x25,0x25,0x25,0x25,0x25,0x25,0x25,
    0x25,0x25,0x25,0x25,0x25,0x25,0x25,0x25,0x25,0x25,0x25,0x25,0x25,0x25,0x25,0x25,
    0x25,0x25,0x25,0x25,0x25,0x25,0x25,0x25,0x25,0x25,0x25,0x25,0x25,0x25,0x25,0x25,
    0x25,0x25,0x25,0x25,0x25,0x25,0x25,0x25,0x25,0x25,0x1e,0x1e,0x26,0x21,0x25,0x6b,
    0x5b,0x59,0x61,0x63,0x1c,0x19,0x08,0x06,0x06,0x06,0x06,0x07,0x07,0x07,0x07,0x08,
    0x08,0x08,0x08,0x09,0x09,0x09,0x09,0x09,0x09,0x0a,0x0a,0x0b,0x0c,0x0e,0x20,0x67,
    0x0f,0x07,0x05,0x0b,0x35,0x35,0x35,0x35,0x29,0x05,0x06,0x29,0x29,0x17,0x04,0x09,
    0xa9,0x58,0x35,0x29,0x22,0x58,0x19,0x05,0x15,0x0f,0xa9,0x50,0x5a,0x59,0x5b,0x59,
    0x28,0x1f,0x21,0x1b,0x1e,0x25,0x1f,0x1f,0x1f,0x1f,0x1f,0x1f,0x1f,0x1f,0x1f,0x1f,
    0x1f,0x1f,0x1f,0x1f,0x1f,0x1f,0x1f,0x1f,0x1f,0x1f,0x1f,0x1f,0x1f,0x1f,0x1f,0x1f,
    0x1f,0x1f,0x1f,0x1f,0x1f,0x1f,0x1f,0x1f,0x1f,0x1f,0x1f,0x1f,0x1f,0x1f,0x1f,0x1f,
    0x1f,0x1f,0x1f,0x1f,0x1f,0x1f,0x1f,0x1f,0x1f,0x1f,0x1f,0x1f,0xa6,0x21,0x25,0x32,
    0x5b,0x59,0x61,0x3f,0x1c,0x19,0x08,0x06,0x06,0x06,0x06,0x07,0x07,0x07,0x07,0x08,
    0x08,0x08,0x08,0x09,0x09,0x09,0x09,0x09,0x09,0x0a,0x0a,0x0b,0x0c,0x0e,0x20,0x66,
    0x0f,0x07,0x05,0x1c,0x58,0x58,0x35,0x35,0x29,0x05,0x13,0x29,0x29,0x22,0x0a,0x15,
    0x07,0x15,0x1c,0xa9,0xa9,0xa9,0x19,0x05,0x08,0x0f,0xa9,0x50,0x5a,0x59,0x5b,0x59,
    0x25,0x25,0x1b,0x20,0x1d,0x1d,0x1d,0x1d,0x1d,0x1d,0x1d,0x1d,0x1d,0x1d,0x1d,0x1d,
    0x1d,0x1d,0x20,0x20,0x20,0x20,0x20,0x20,0x20,0x20,0x20,0x20,0x20,0x20,0x20,0x2a,
    0x1d,0x1d,0x1d,0x1d,0x1d,0x1d,0x1d,0x1d,0x1d,0x1d,0x1d,0x1d,0x1d,0x1d,0x1d,0x20,
    0x20,0x20,0x20,0x20,0x20,0x20,0x20,0x20,0x20,0x20,0x20,0x20,0x20,0x28,0x28,0x6b,
    0x5c,0x59,0x61,0x3d,0x1c,0x19,0x08,0x05,0x06,0x06,0x07,0x07,0x07,0x07,0x07,0x08,
    0x08,0x08,0x08,0x09,0x09,0x09,0x09,0x09,0x09,0x0a,0x0a,0x0b,0x0c,0x0e,0x20,0x66,
    0x0f,0x07,0x05,0x0c,0x29,0x22,0x29,0x35,0x29,0x05,0x13,0x29,0x22,0x35,0x29,0x09,
    0x03,0x04,0x09,0x22,0x1c,0x35,0x19,0x14,0x08,0x0f,0xa9,0x50,0x5a,0x59,0x5b,0x59,
    0x73,0x24,0x24,0x1e,0x25,0x25,0x25,0x25,0x25,0x25,0x25,0x25,0x1f,0x1f,0x1f,0x1f,
    0x25,0x25,0x1e,0x1e,0x1e,0x1e,0x1e,0x1e,0x1e,0x1e,0x79,0x25,0x25,0x25,0x25,0x25,
    0x25,0x25,0x25,0x25,0x25,0x25,0x25,0x25,0x25,0x25,0x25,0x25,0x25,0x25,0x25,0x1e,
    0x1e,0x1e,0x1e,0x24,0x24,0x25,0x25,0x2d,0x28,0x28,0x28,0x28,0x28,0x28,0x32,0x33,
    0x5c,0x70,0x61,0x3f,0x1c,0x19,0x08,0x05,0x06,0x06,0x06,0x07,0x07,0x07,0x07,0x08,
    0x08,0x08,0x09,0x09,0x09,0x09,0x09,0x09,0x09,0x0a,0x0a,0x0b,0x0c,0x0e,0x20,0x66,
    0x0f,0x07,0x06,0x1c,0x17,0x07,0x0b,0x58,0x29,0x05,0x13,0x29,0x22,0x29,0x29,0x29,
    0x29,0x22,0x08,0x02,0x03,0x1c,0x19,0x06,0x08,0x35,0xa9,0x50,0x5a,0x59,0x60,0x59,
    0x32,0x30,0x30,0x30,0x30,0x30,0x30,0x30,0x30,0x74,0x74,0x74,0x74,0x74,0x74,0x74,
    0x30,0x30,0x74,0x74,0x30,0x77,0x77,0x28,0x77,0x77,0x30,0x30,0x30,0x30,0x30,0x30,
    0x30,0x30,0x30,0x30,0x30,0x30,0x30,0x30,0x30,0x30,0x30,0x30,0x30,0x30,0x30,0x30,
    0x30,0x30,0x30,0x30,0x30,0x30,0x30,0x30,0x30,0x30,0x30,0x74,0x74,0x74,0x32,0x6b,
    0x59,0x59,0x61,0x3f,0x1c,0x19,0x09,0x05,0x06,0x06,0x07,0x07,0x07,0x07,0x07,0x08,
    0x08,0x08,0x08,0x09,0x09,0x09,0x09,0x09,0x09,0x0a,0x0a,0x0b,0x0c,0x0e,0x20,0x66,
    0x0f,0x06,0x06,0x2f,0x17,0x06,0x0a,0xa9,0x29,0x05,0x06,0x29,0x29,0x0c,0x08,0x0b,
    0x58,0x58,0x0d,0x15,0x02,0x1c,0x0c,0x06,0x15,0x35,0xa9,0x50,0x5a,0x59,0x59,0x59,
    0x5b,0x59,0x59,0x59,0x59,0x59,0x59,0x59,0x59,0x59,0x59,0x59,0x59,0x59,0x59,0x59,
    0x4c,0x59,0x59,0x59,0x32,0x77,0x28,0x73,0x73,0x73,0x25,0x25,0x25,0x25,0x25,0x25,
    0x25,0x25,0x25,0x25,0x73,0x73,0x73,0x73,0x73,0x25,0x25,0x25,0x25,0x25,0x25,0x25,
    0x25,0x25,0x25,0x25,0x25,0x25,0x25,0x25,0x25,0x25,0x25,0x25,0x25,0x25,0x30,0x6b,
    0x59,0x59,0x61,0x3f,0x1c,0x19,0x09,0x05,0x05,0x06,0x06,0x07,0x07,0x07,0x07,0x07,
    0x08,0x08,0x08,0x08,0x09,0x09,0x09,0x09,0x09,0x0a,0x0a,0x0b,0x0c,0x0e,0x20,0x66,
    0x0e,0x08,0x06,0x16,0x07,0x06,0x19,0xa9,0x0f,0x05,0x07,0x29,0x22,0x09,0x06,0x18,
    0x35,0x35,0xa9,0x22,0x04,0x16,0x16,0x85,0x89,0x35,0xa9,0x50,0x5a,0x59,0x60,0x59,
    0x59,0x59,0x59,0x59,0x59,0x59,0x59,0x59,0x59,0x59,0x59,0x59,0x59,0x59,0x59,0x59,
    0x59,0x59,0x59,0x59,0x2b,0x25,0x25,0x1e,0x1e,0x1e,0x1e,0x1e,0x1e,0x1e,0x1e,0x1e,
    0x1e,0x1e,0x1e,0x1e,0x1e,0x1e,0x1e,0x1e,0x1e,0x1e,0x1e,0x1e,0x1e,0x1e,0x1e,0x1e,
    0x1e,0x1e,0x1e,0x1e,0x1e,0x1e,0x1e,0x1e,0x1e,0x1e,0x1e,0x1e,0x1e,0x25,0x30,0x33,
    0x5c,0x59,0x61,0x3f,0x1c,0x19,0x09,0x05,0x05,0x06,0x06,0x07,0x07,0x07,0x07,0x07,
    0x08,0x08,0x08,0x09,0x09,0x09,0x09,0x09,0x09,0x0a,0x0a,0x0b,0x0c,0x0e,0x20,0x66,
    0x0e,0x0c,0x87,0x83,0x02,0x05,0x1c,0x58,0x29,0x05,0x15,0x22,0x06,0x07,0x1c,0x58,
    0x29,0x35,0x35,0x1c,0x05,0x02,0x03,0x85,0x8a,0x10,0xa9,0x50,0x5a,0x59,0x60,0x59,
    0x59,0x59,0x59,0x59,0x59,0x59,0x5c,0x59,0x59,0x59,0x59,0x59,0x59,0x59,0x59,0x59,
    0x59,0x59,0x59,0x4c,0x30,0x25,0x1e,0x1e,0x21,0x1a,0x1f,0x1f,0x1f,0x1f,0x1f,0x1f,
    0x1f,0x1f,0x1f,0x1f,0x1f,0x1f,0x1f,0x1f,0x1f,0x1f,0x1f,0x1f,0x1f,0x1f,0x1f,0x1f,
    0x1f,0x1f,0x1f,0x1f,0x1f,0x1f,0x1f,0x1f,0x1f,0x1f,0x1f,0x1f,0x25,0x25,0x74,0x6c,
    0x5c,0x59,0x61,0x3d,0x1c,0x19,0x09,0x05,0x06,0x06,0x06,0x07,0x07,0x07,0x07,0x07,
    0x08,0x08,0x08,0x09,0x09,0x09,0x09,0x09,0x09,0x0a,0x0a,0x0b,0x0c,0x0e,0x20,0x66,
    0x22,0x0f,0x90,0x03,0x01,0x03,0x06,0x13,0x05,0x01,0x08,0x22,0x12,0x07,0x0e,0xa9,
    0x58,0x35,0x0a,0x07,0x1c,0x04,0x83,0x08,0x19,0x10,0x10,0x50,0x5a,0x59,0x60,0x59,
    0x59,0x59,0x59,0x59,0x59,0x59,0x59,0x59,0x59,0x59,0x59,0x59,0x59,0x59,0x59,0x59,
    0x59,0x59,0x59,0x59,0x32,0x73,0x1e,0x1e,0x1e,0x1e,0x1e,0x1e,0x1e,0x1e,0x1e,0x1e,
    0x1e,0x1e,0x1e,0x1e,0x1e,0x1e,0x1e,0x1e,0x1e,0x1e,0x1e,0x1e,0x1e,0x1e,0x1e,0x1e,
    0x1e,0x1e,0x1e,0x1e,0x1e,0x1e,0x1e,0x1e,0x25,0x1e,0x1e,0x1e,0x1e,0x25,0x32,0x6c,
    0x5c,0x59,0x61,0x6d,0x1c,0x19,0x09,0x06,0x06,0x06,0x06,0x07,0x07,0x07,0x07,0x07,
    0x08,0x08,0x08,0x09,0x09,0x09,0x09,0x09,0x09,0x0a,0x0a,0x0b,0x0c,0x0e,0x20,0x66,
    0x22,0x35,0x9d,0x85,0x05,0x02,0x01,0x04,0x15,0x08,0x19,0x29,0x18,0x16,0x09,0x18,
    0x0b,0x0a,0x05,0x03,0x15,0x05,0x07,0x15,0x22,0x10,0x10,0x50,0x5a,0x59,0x60,0x59,
    0x59,0x59,0x59,0x59,0x59,0x5c,0x70,0x59,0x59,0x59,0x59,0x59,0x59,0x59,0x59,0x59,
    0x59,0x59,0x59,0x59,0x32,0x28,0x1e,0x1e,0x1e,0x1e,0x1e,0x1e,0x1e,0x1e,0x1e,0x1e,
    0x1e,0x1e,0x1e,0x1e,0x1e,0x1e,0x1e,0x1e,0x1e,0x1e,0x1e,0x25,0x25,0x25,0x25,0x25,
    0x25,0x25,0x25,0x25,0x1e,0x1e,0x25,0x25,0x25,0x25,0x25,0x25,0x25,0x25,0x32,0x6c,
    0x5c,0x59,0x61,0x3d,0x1c,0x0c,0x09,0x05,0x06,0x06,0x06,0x07,0x07,0x07,0x07,0x07,
    0x08,0x08,0x08,0x08,0x08,0x09,0x09,0x09,0x09,0x0a,0x0a,0x0b,0x0c,0x0e,0x20,0x67,
    0x22,0x0e,0x0f,0x0b,0x07,0x95,0x02,0x15,0x29,0x35,0x29,0x35,0xa9,0x0c,0x05,0x94,
    0x03,0x03,0x03,0x03,0x02,0x05,0x0a,0x1c,0x29,0x10,0x10,0x50,0x5a,0x59,0x60,0x59,
    0x59,0x59,0x59,0x59,0x59,0x5c,0x5c,0x59,0x59,0x59,0x59,0x59,0x59,0x59,0x59,0x59,
    0x59,0x59,0x59,0x59,0x32,0x28,0x1e,0x1e,0x25,0x1f,0x1f,0x1f,0x1f,0x1f,0x1f,0x1f,
    0x1f,0x1f,0x1f,0x1f,0x1f,0x1f,0x1f,0x1f,0x1f,0x1f,0x1f,0x1f,0x1f,0x1f,0x1f,0x1f,
    0x1f,0x1f,0x1f,0x1f,0x1f,0x1f,0x1f,0x1f,0x1f,0x1f,0x1f,0x1f,0x1f,0x25,0x32,0x6c,
    0x5c,0x59,0x61,0x3d,0x1c,0x0c,0x09,0x14,0x05,0x06,0x06,0x07,0x07,0x07,0x07,0x07,
    0x08,0x08,0x08,0x08,0x08,0x09,0x09,0x09,0x09,0x0a,0x0a,0x0b,0x0c,0x0e,0x20,0x66,
    0x38,0x0e,0x0f,0x0e,0x17,0x88,0x15,0x86,0x04,0x04,0x09,0x35,0x58,0xa9,0x22,0x13,
    0x01,0x8e,0x03,0x05,0x06,0x08,0x22,0x35,0x29,0x10,0x10,0x50,0x5a,0x59,0x60,0x59,
    0x59,0x59,0x59,0x59,0x59,0x59,0x59,0x59,0x59,0x59,0x59,0x59,0x59,0x59,0x59,0x59,
    0x59,0x59,0x59,0x59,0x32,0x28,0x1e,0x1e,0x1e,0x1e,0x1e,0x1e,0x1e,0x1e,0x1e,0x1e,
    0x1e,0x1e,0x1e,0x1e,0x1e,0x1e,0x1e,0x1e,0x1e,0x1e,0x1e,0x1e,0x1e,0x1e,0x1e,0x1e,
    0x1e,0x1e,0x1e,0x1e,0x1e,0x1e,0x1e,0x1e,0x25,0x25,0x25,0x25,0x25,0x25,0x32,0x6c,
    0x5c,0x59,0x61,0x3d,0x1c,0x0c,0x09,0x05,0x05,0x06,0x06,0x07,0x07,0x07,0x07,0x07,
    0x08,0x08,0x08,0x08,0x09,0x09,0x09,0x09,0x09,0x0a,0x0a,0x0b,0x0c,0x0e,0x20,0x66,
    0x22,0x0e,0x0e,0x0e,0x35,0x29,0x18,0x13,0x06,0x84,0x86,0x08,0x08,0x09,0x16,0x06,
    0x04,0x84,0x14,0x08,0x22,0x1c,0x29,0x29,0x29,0x10,0x10,0x50,0x5a,0x59,0x60,0x59,
    0x59,0x59,0x59,0x59,0x59,0x59,0x59,0x59,0x59,0x59,0x59,0x59,0x59,0x59,0x59,0x59,
    0x59,0x59,0x59,0x59,0x32,0x2d,0x1e,0x1e,0x1e,0x1e,0x1e,0x1e,0x1e,0x1e,0x1e,0x1e,
    0x1e,0x24,0x24,0x24,0x24,0x24,0x24,0x24,0x24,0x24,0x24,0x24,0x24,0x24,0x24,0x24,
    0x24,0x24,0x24,0x24,0x1e,0x1e,0x1e,0x1e,0x1e,0x1e,0x25,0x25,0x25,0x25,0x74,0x33,
    0x59,0x59,0x61,0x3d,0x1c,0x0b,0x09,0x06,0x05,0x06,0x06,0x07,0x07,0x07,0x07,0x07,
    0x08,0x08,0x08,0x08,0x08,0x08,0x09,0x09,0x09,0x09,0x09,0x0b,0x0c,0x0d,0x23,0x66,
    0x9d,0x0e,0x0f,0x0f,0x0f,0x35,0x29,0x1c,0x18,0x09,0x85,0x96,0x96,0x04,0x04,0x07,
    0x08,0x0b,0xa5,0x35,0x35,0x35,0x35,0x35,0x35,0x10,0xa0,0x50,0x5a,0x59,0x60,0x59,
    0x59,0x59,0x59,0x59,0x59,0x59,0x59,0x59,0x59,0x59,0x59,0x59,0x59,0x59,0x59,0x59,
    0x59,0x59,0x59,0x59,0x6b,0x30,0x77,0x28,0x28,0x28,0x28,0x28,0x28,0x28,0x28,0x28,
    0x28,0x28,0x28,0x73,0x73,0x25,0x25,0x25,0x25,0x25,0x25,0x25,0x25,0x25,0x25,0x25,
    0x25,0x25,0x25,0x25,0x25,0x25,0x25,0x2d,0x25,0x25,0x25,0x73,0x28,0x28,0x32,0x33,
    0x59,0x59,0x61,0x63,0x1c,0x0b,0x09,0x05,0x05,0x06,0x06,0x07,0x07,0x07,0x07,0x07,
    0x08,0x08,0x08,0x08,0x08,0x09,0x09,0x09,0x09,0x09,0x0a,0x0b,0x0c,0x0d,0x23,0x43,
    0x9e,0x0f,0x10,0xa9,0xa0,0xa2,0xa2,0xa9,0xa0,0x92,0x9f,0x9f,0x9f,0x9f,0x0f,0x10,
    0xa0,0x93,0xa9,0xa2,0xa0,0xa0,0xa0,0xa0,0xa0,0xa9,0xa2,0x50,0x5a,0x59,0x60,0x59,
    0x59,0x59,0x59,0x59,0x59,0x59,0x59,0x59,0x59,0x59,0x59,0x59,0x59,0x59,0x59,0x59,
    0x59,0x59,0x59,0x59,0x33,0x33,0x39,0x39,0x39,0x39,0x39,0x39,0x39,0x39,0x39,0x39,
    0x39,0x39,0x39,0x39,0x39,0x39,0x39,0x39,0x39,0x39,0x39,0x39,0x6b,0x6b,0x39,0x39,
    0x39,0x39,0x39,0x6b,0x6b,0x32,0x32,0x32,0x32,0x32,0x74,0x32,0x32,0x32,0x39,0x33,
    0x59,0x59,0x61,0x6c,0x1c,0x0b,0x09,0x05,0x05,0x06,0x07,0x07,0x07,0x07,0x07,0x07,
    0x08,0x08,0x08,0x08,0x09,0x09,0x09,0x09,0x09,0x09,0x0a,0x0b,0x0c,0x0d,0x23,0x43,
    0x43,0x40,0x4b,0x4b,0x68,0x68,0x4b,0x4b,0x68,0x54,0x54,0x6a,0x6a,0x6a,0x6a,0x6a,
    0x54,0x68,0x68,0x68,0x68,0x68,0x68,0x68,0x68,0x6f,0x68,0x61,0x59,0x59,0x59,0x59,
    0x59,0x59,0x59,0x59,0x59,0x59,0x59,0x59,0x59,0x59,0x59,0x59,0x59,0x59,0x59,0x70,
    0x70,0x59,0x59,0x59,0x5c,0x5c,0x5b,0x5b,0x5b,0x5b,0x5b,0x5b,0x5b,0x5b,0x5b,0x5b,
    0x5b,0x5b,0x5b,0x5b,0x5b,0x5b,0x5b,0x5b,0x5b,0x5b,0x5b,0x5b,0x5b,0x5b,0x5b,0x5b,
    0x5b,0x5b,0x5b,0x5b,0x5b,0x5b,0x59,0x59,0x59,0x59,0x59,0x59,0x59,0x59,0x59,0x59,
    0x59,0x59,0x61,0x39,0x1c,0x0b,0x09,0x06,0x05,0x06,0x07,0x07,0x07,0x07,0x07,0x07,
    0x08,0x08,0x08,0x08,0x08,0x08,0x09,0x09,0x09,0x09,0x09,0x0b,0x0c,0x0d,0x23,0x43,
    0x47,0x47,0x47,0x47,0x4e,0x5a,0x4e,0x4e,0x5a,0x5a,0x5a,0x5a,0x5a,0x5a,0x5a,0x5a,
    0x5a,0x5a,0x5a,0x5a,0x5a,0x5a,0x5a,0x5a,0x5a,0x5a,0x5a,0x59,0x60,0x59,0x59,0x59,
    0x59,0x59,0x59,0x59,0x59,0x59,0x59,0x59,0x59,0x59,0x59,0x59,0x59,0x59,0x59,0x59,
    0x59,0x59,0x59,0x59,0x59,0x59,0x59,0x59,0x59,0x59,0x59,0x59,0x59,0x59,0x59,0x59,
    0x59,0x59,0x59,0x59,0x59,0x59,0x59,0x59,0x59,0x59,0x59,0x59,0x59,0x59,0x59,0x59,
    0x59,0x59,0x59,0x59,0x59,0x59,0x59,0x59,0x59,0x59,0x59,0x59,0x59,0x59,0x59,0x59,
    0x59,0x70,0x61,0x39,0x1c,0x0b,0x09,0x06,0x06,0x06,0x07,0x07,0x07,0x07,0x07,0x07,
    0x08,0x08,0x08,0x08,0x08,0x09,0x09,0x09,0x09,0x09,0x09,0x0b,0x0c,0x0d,0x81,0x43,
    0x45,0x45,0x45,0x45,0x4c,0x59,0x5c,0x59,0x59,0x59,0x59,0x59,0x59,0x59,0x59,0x59,
    0x59,0x59,0x59,0x59,0x59,0x59,0x59,0x59,0x59,0x59,0x59,0x59,0x59,0x59,0x59,0x59,
    0x59,0x59,0x59,0x59,0x59,0x59,0x59,0x59,0x59,0x59,0x59,0x59,0x59,0x59,0x59,0x59,
    0x59,0x59,0x59,0x59,0x59,0x59,0x59,0x59,0x59,0x59,0x59,0x59,0x59,0x59,0x59,0x59,
    0x59,0x59,0x59,0x59,0x59,0x59,0x59,0x59,0x59,0x59,0x59,0x59,0x59,0x59,0x59,0x59,
    0x59,0x59,0x59,0x59,0x59,0x59,0x59,0x59,0x59,0x59,0x59,0x59,0x59,0x59,0x59,0x59,
    0x59,0x59,0x61,0x39,0x1c,0x0b,0x09,0x06,0x06,0x06,0x07,0x07,0x07,0x07,0x07,0x07,
    0x08,0x08,0x08,0x08,0x09,0x09,0x09,0x09,0x09,0x09,0x09,0x0b,0x0c,0x0d,0x23,0x43,
    0x45,0x4c,0x59,0x59,0x4c,0x4c,0x59,0x5c,0x59,0x59,0x59,0x59,0x59,0x5c,0x5c,0x5c,
    0x5c,0x59,0x59,0x59,0x59,0x59,0x59,0x59,0x59,0x59,0x59,0x59,0x59,0x59,0x59,0x59,
    0x59,0x59,0x59,0x59,0x59,0x59,0x59,0x59,0x59,0x59,0x59,0x59,0x59,0x59,0x59,0x59,
    0x59,0x59,0x59,0x59,0x59,0x59,0x59,0x59,0x59,0x59,0x51,0x51,0x59,0x59,0x59,0x59,
    0x59,0x59,0x59,0x59,0x52,0x51,0x59,0x59,0x59,0x59,0x59,0x59,0x59,0x59,0x59,0x59,
    0x59,0x59,0x59,0x59,0x59,0x59,0x59,0x59,0x59,0x59,0x59,0x59,0x59,0x59,0x70,0x59,
    0x59,0x4c,0x61,0x63,0x1c,0x0b,0x09,0x06,0x06,0x06,0x07,0x07,0x07,0x07,0x07,0x07,
    0x08,0x08,0x08,0x08,0x08,0x08,0x09,0x09,0x09,0x09,0x09,0x0b,0x0c,0x0d,0x23,0x43,
    0x45,0x4c,0x5c,0x5c,0x6e,0x3e,0x3e,0x3e,0x44,0x3e,0x3e,0x44,0x5f,0x5f,0x40,0x37,
    0x2f,0x6e,0x5f,0x59,0x59,0x4f,0x4f,0x59,0x59,0x59,0x4f,0x4d,0x4f,0x4d,0x4d,0x4d,
    0x4b,0x60,0x59,0x4d,0x44,0x4d,0x4f,0x59,0x59,0x59,0x59,0x46,0x3b,0x7a,0x76,0x46,
    0x59,0x59,0x59,0x59,0x59,0x59,0x59,0x59,0x59,0x59,0x3e,0x29,0x4f,0x59,0x59,0x60,
    0x44,0x3e,0x3e,0x44,0x3e,0x44,0x60,0x59,0x67,0x29,0x51,0x59,0x59,0x60,0x51,0x48,
    0x44,0x59,0x59,0x51,0x3e,0x3e,0x3e,0x3e,0x48,0x60,0x59,0x59,0x59,0x59,0x70,0x59,
    0x4c,0x45,0x61,0x63,0x1c,0x0b,0x09,0x06,0x06,0x06,0x07,0x07,0x07,0x07,0x07,0x07,
    0x08,0x08,0x08,0x08,0x08,0x08,0x08,0x09,0x09,0x09,0x09,0x0b,0x1c,0x0d,0x23,0x43,
    0x45,0x4c,0x59,0x62,0x3e,0x3e,0x38,0x29,0x0f,0x0f,0x38,0x44,0x67,0x6e,0x22,0x22,
    0x37,0x22,0x22,0x5f,0x59,0x44,0x44,0x60,0x59,0x59,0x3e,0x38,0x52,0x4b,0x38,0x3e,
    0x48,0x60,0x60,0x48,0x38,0x48,0x4f,0x59,0x59,0x59,0x43,0x38,0x44,0x66,0x44,0x7c,
    0x60,0x59,0x59,0x60,0x59,0x59,0x59,0x59,0x59,0x59,0x38,0x29,0x60,0x59,0x59,0x5f,
    0x38,0x3e,0x48,0x4b,0x48,0x3e,0x48,0x59,0x66,0x38,0x4d,0x60,0x59,0x51,0x52,0x48,
    0x3e,0x59,0x59,0x44,0x3e,0x76,0x67,0x4b,0x38,0x4b,0x59,0x59,0x59,0x59,0x70,0x59,
    0x4c,0x45,0x61,0x63,0x1c,0x0b,0x09,0x06,0x05,0x06,0x07,0x07,0x07,0x07,0x07,0x07,
    0x08,0x08,0x08,0x08,0x08,0x09,0x09,0x09,0x09,0x09,0x09,0x0b,0x0c,0x0d,0x23,0x43,
    0x45,0x45,0x4c,0x59,0x59,0x59,0x60,0x4f,0x44,0x3e,0x61,0x59,0x46,0x2f,0x2f,0x67,
    0x60,0x66,0x7a,0x7a,0x59,0x3e,0x3e,0x4f,0x59,0x59,0x4b,0x44,0x59,0x59,0x4f,0x44,
    0x52,0x59,0x4f,0x3e,0x48,0x59,0x59,0x59,0x59,0x59,0x7a,0x3e,0x59,0x59,0x59,0x6e,
    0x5f,0x59,0x59,0x59,0x59,0x59,0x59,0x59,0x59,0x4f,0x29,0x38,0x48,0x59,0x59,0x60,
    0x3e,0x4b,0x60,0x60,0x60,0x48,0x3e,0x59,0x66,0x3e,0x3e,0x4d,0x51,0x51,0x48,0x3e,
    0x3e,0x59,0x59,0x3e,0x3e,0x60,0x5d,0x60,0x4b,0x3e,0x52,0x59,0x59,0x59,0x70,0x59,
    0x4c,0x45,0x61,0x63,0x1c,0x0b,0x09,0x06,0x05,0x06,0x07,0x07,0x07,0x07,0x07,0x07,
    0x08,0x08,0x08,0x08,0x08,0x08,0x09,0x09,0x09,0x09,0x09,0x0b,0x0c,0x0d,0x23,0x43,
    0x45,0x4c,0x4c,0x59,0x5c,0x5c,0x5c,0x5c,0x4d,0x38,0x67,0x5d,0x43,0x22,0x44,0x5b,
    0x5c,0x60,0x4b,0x44,0x59,0x44,0x44,0x44,0x52,0x59,0x4b,0x4b,0x59,0x59,0x60,0x3e,
    0x44,0x60,0x4b,0x44,0x60,0x59,0x59,0x59,0x59,0x59,0x40,0x38,0x48,0x60,0x59,0x59,
    0x59,0x59,0x59,0x59,0x59,0x59,0x59,0x59,0x59,0x44,0x3e,0x4b,0x3e,0x60,0x59,0x60,
    0x44,0x4b,0x5f,0x51,0x4d,0x48,0x44,0x59,0x66,0x7c,0x38,0x4b,0x51,0x4f,0x3e,0x3e,
    0x3e,0x59,0x59,0x4d,0x38,0x4b,0x60,0x60,0x51,0x4b,0x60,0x59,0x59,0x59,0x70,0x59,
    0x4c,0x45,0x61,0x63,0x1c,0x0b,0x09,0x06,0x05,0x06,0x07,0x07,0x07,0x07,0x07,0x07,
    0x08,0x08,0x08,0x08,0x08,0x08,0x09,0x09,0x09,0x09,0x09,0x0b,0x0c,0x0d,0x23,0x43,
    0x45,0x59,0x5c,0x70,0x59,0x59,0x59,0x59,0x4b,0x38,0x46,0x45,0x40,0x22,0x51,0x5c,
    0x59,0x59,0x4b,0x3e,0x5f,0x44,0x44,0x4b,0x48,0x60,0x48,0x44,0x59,0x59,0x59,0x51,
    0x29,0x3e,0x3e,0x48,0x59,0x59,0x59,0x48,0x48,0x59,0x5f,0x38,0x42,0x37,0x76,0x59,
    0x59,0x59,0x59,0x59,0x59,0x59,0x59,0x59,0x60,0x29,0x4f,0x4f,0x3e,0x4f,0x59,0x60,
    0x44,0x44,0x44,0x48,0x44,0x44,0x4f,0x59,0x66,0x7c,0x3b,0x44,0x4f,0x44,0x48,0x48,
    0x3e,0x59,0x59,0x4f,0x38,0x3e,0x48,0x44,0x4f,0x60,0x59,0x59,0x59,0x59,0x70,0x59,
    0x4c,0x45,0x61,0x6c,0x1c,0x0b,0x09,0x06,0x05,0x06,0x07,0x07,0x07,0x07,0x07,0x07,
    0x08,0x08,0x08,0x08,0x09,0x09,0x08,0x09,0x09,0x09,0x09,0x0b,0x0c,0x0d,0x81,0x43,
    0x45,0x4c,0x5c,0x70,0x5c,0x59,0x4c,0x4c,0x48,0x3e,0x4f,0x59,0x66,0x38,0x51,0x59,
    0x59,0x59,0x4d,0x3e,0x4f,0x48,0x44,0x60,0x44,0x4d,0x48,0x44,0x59,0x59,0x59,0x59,
    0x4f,0x38,0x44,0x60,0x59,0x59,0x59,0x4d,0x4f,0x59,0x59,0x46,0x6e,0x44,0x3e,0x3b,
    0x59,0x59,0x59,0x59,0x59,0x59,0x59,0x59,0x4d,0x38,0x4b,0x4b,0x38,0x48,0x60,0x60,
    0x44,0x44,0x4b,0x4b,0x48,0x3e,0x52,0x59,0x67,0x7c,0x64,0x7a,0x44,0x3e,0x4f,0x48,
    0x3e,0x59,0x59,0x59,0x51,0x48,0x3e,0x3e,0x3e,0x4f,0x59,0x59,0x59,0x59,0x70,0x59,
    0x4c,0x45,0x61,0x63,0x1c,0x0b,0x09,0x06,0x05,0x06,0x07,0x07,0x07,0x07,0x07,0x07,
    0x08,0x08,0x08,0x08,0x09,0x08,0x09,0x09,0x09,0x09,0x09,0x0b,0x0c,0x0d,0x23,0x43,
    0x45,0x4c,0x59,0x59,0x44,0x6e,0x4c,0x60,0x48,0x44,0x62,0x59,0x67,0x7f,0x4d,0x59,
    0x59,0x59,0x4f,0x3e,0x5f,0x48,0x44,0x59,0x51,0x44,0x44,0x48,0x59,0x59,0x59,0x59,
    0x60,0x38,0x48,0x59,0x59,0x59,0x59,0x59,0x59,0x59,0x59,0x59,0x59,0x60,0x6e,0x3e,
    0x49,0x59,0x59,0x59,0x59,0x59,0x59,0x59,0x3e,0x44,0x48,0x4b,0x48,0x3e,0x51,0x60,
    0x44,0x4b,0x59,0x59,0x4f,0x3e,0x4b,0x59,0x6e,0x7c,0x65,0x43,0x38,0x4b,0x60,0x4b,
    0x3e,0x60,0x60,0x4f,0x51,0x59,0x59,0x59,0x4b,0x48,0x60,0x59,0x59,0x59,0x70,0x59,
    0x4c,0x45,0x61,0x63,0x1c,0x0b,0x17,0x06,0x05,0x06,0x07,0x07,0x07,0x07,0x07,0x07,
    0x08,0x08,0x08,0x08,0x08,0x08,0x09,0x09,0x09,0x09,0x09,0x0b,0x0c,0x0d,0x23,0x43,
    0x45,0x45,0x5d,0x59,0x44,0x76,0x5f,0x69,0x44,0x3e,0x59,0x59,0x4c,0x3e,0x7a,0x51,
    0x60,0x67,0x7a,0x7f,0x60,0x48,0x44,0x59,0x59,0x4d,0x38,0x48,0x59,0x59,0x59,0x59,
    0x5f,0x3e,0x4b,0x59,0x59,0x59,0x59,0x59,0x59,0x59,0x4c,0x60,0x59,0x59,0x59,0x7a,
    0x43,0x59,0x59,0x59,0x70,0x59,0x59,0x60,0x3e,0x4f,0x59,0x59,0x60,0x3e,0x48,0x5f,
    0x44,0x4d,0x59,0x59,0x60,0x4b,0x44,0x60,0x76,0x7c,0x65,0x65,0x6e,0x60,0x60,0x4d,
    0x44,0x60,0x60,0x3e,0x3e,0x60,0x59,0x60,0x4b,0x48,0x72,0x70,0x70,0x70,0x70,0x70,
    0x4c,0x45,0x61,0x6c,0x1c,0x0b,0x17,0x06,0x05,0x06,0x07,0x07,0x07,0x07,0x07,0x07,
    0x08,0x08,0x08,0x08,0x09,0x09,0x08,0x09,0x09,0x09,0x09,0x0b,0x0c,0x0d,0x23,0x43,
    0x45,0x45,0x45,0x45,0x6e,0x48,0x44,0x44,0x3e,0x4b,0x59,0x59,0x59,0x66,0x7f,0x7a,
    0x6e,0x76,0x7a,0x6e,0x59,0x3e,0x44,0x59,0x59,0x59,0x3e,0x44,0x59,0x59,0x59,0x60,
    0x65,0x38,0x3e,0x5d,0x60,0x59,0x59,0x59,0x59,0x60,0x40,0x7c,0x6d,0x6d,0x3b,0x7c,
    0x67,0x59,0x59,0x59,0x59,0x59,0x59,0x4f,0x48,0x59,0x4c,0x4c,0x59,0x66,0x3e,0x4d,
    0x3e,0x4d,0x59,0x59,0x59,0x4f,0x44,0x4b,0x6e,0x44,0x65,0x5d,0x59,0x60,0x60,0x4b,
    0x3e,0x4f,0x60,0x4d,0x38,0x3e,0x44,0x44,0x3e,0x4b,0x59,0x59,0x59,0x59,0x70,0x59,
    0x4c,0x45,0x61,0x6c,0x1c,0x0b,0x17,0x06,0x06,0x06,0x06,0x06,0x06,0x07,0x07,0x07,
    0x08,0x08,0x08,0x08,0x09,0x08,0x08,0x09,0x09,0x09,0x09,0x0b,0x0c,0x0d,0x81,0x43,
    0x45,0x45,0x5d,0x4c,0x59,0x61,0x44,0x44,0x4b,0x59,0x59,0x60,0x60,0x59,0x67,0x7a,
    0x7a,0x6e,0x67,0x60,0x59,0x44,0x4b,0x59,0x59,0x59,0x4f,0x48,0x59,0x59,0x59,0x59,
    0x3b,0x38,0x3e,0x43,0x59,0x59,0x59,0x59,0x59,0x60,0x5f,0x3b,0x37,0x7c,0x7a,0x6e,
    0x60,0x5c,0x5c,0x59,0x4c,0x59,0x5c,0x69,0x48,0x4c,0x4c,0x59,0x53,0x5b,0x2f,0x46,
    0x38,0x4d,0x70,0x59,0x59,0x60,0x44,0x3e,0x66,0x48,0x49,0x5d,0x59,0x59,0x59,0x51,
    0x44,0x67,0x59,0x59,0x60,0x7a,0x48,0x44,0x4d,0x52,0x59,0x4c,0x4c,0x4c,0x4c,0x4c,
    0x4c,0x45,0x61,0x6c,0x1c,0x0b,0x17,0x06,0x05,0x06,0x06,0x06,0x06,0x06,0x06,0x07,
    0x07,0x07,0x08,0x08,0x08,0x08,0x08,0x09,0x09,0x09,0x09,0x0b,0x0c,0x0d,0x81,0x43,
    0x45,0x45,0x4c,0x59,0x59,0x59,0x4a,0x60,0x59,0x59,0x5e,0x5e,0x47,0x5e,0x5d,0x4a,
    0x60,0x59,0x59,0x59,0x59,0x59,0x59,0x59,0x59,0x59,0x59,0x59,0x59,0x59,0x70,0x70,
    0x59,0x59,0x59,0x59,0x59,0x59,0x5c,0x59,0x59,0x59,0x60,0x60,0x67,0x5f,0x60,0x4a,
    0x59,0x59,0x59,0x59,0x4c,0x4c,0x59,0x59,0x4c,0x4c,0x59,0x5c,0x5c,0x5c,0x59,0x4c,
    0x59,0x5c,0x5c,0x5c,0x5c,0x5c,0x5c,0x5c,0x5c,0x5c,0x5c,0x5c,0x5c,0x5c,0x5c,0x59,
    0x59,0x59,0x5c,0x5c,0x5c,0x5c,0x5c,0x5c,0x5c,0x5c,0x59,0x4c,0x4c,0x4c,0x4c,0x45,
    0x45,0x45,0x61,0x63,0x1c,0x0c,0x0b,0x09,0x16,0x16,0x09,0x08,0x08,0x08,0x08,0x08,
    0x09,0x09,0x09,0x09,0x0a,0x0a,0x17,0x0a,0x09,0x09,0x09,0x0b,0x0c,0x0d,0x23,0x43,
    0x45,0x45,0x4c,0x59,0x59,0x45,0x45,0x4c,0x53,0x5c,0x59,0x45,0x45,0x45,0x45,0x4c,
    0x59,0x59,0x59,0x59,0x59,0x59,0x59,0x59,0x59,0x59,0x59,0x59,0x59,0x59,0x59,0x59,
    0x59,0x59,0x59,0x59,0x59,0x59,0x59,0x59,0x59,0x5c,0x59,0x4c,0x4c,0x59,0x4c,0x45,
    0x45,0x45,0x45,0x4c,0x59,0x59,0x45,0x45,0x4c,0x53,0x53,0x59,0x59,0x59,0x59,0x59,
    0x59,0x59,0x59,0x59,0x59,0x59,0x59,0x59,0x59,0x59,0x59,0x59,0x59,0x59,0x5c,0x4c,
    0x4c,0x59,0x59,0x53,0x59,0x59,0x59,0x59,0x59,0x59,0x59,0x59,0x5c,0x5c,0x59,0x4c,
    0x45,0x45,0x61,0x3a,0x27,0x0d,0x1c,0x1c,0x1c,0x1c,0x1c,0x22,0x8d,0x22,0x22,0x1c,
    0x1c,0x1c,0x22,0x22,0x22,0x0d,0x22,0x22,0x22,0x22,0x22,0x22,0x22,0x22,0x20,0x66,
    0x45,0x45,0x45,0x4c,0x59,0x59,0x59,0x59,0x5c,0x5c,0x59,0x45,0x45,0x45,0x45,0x45,
    0x4c,0x4c,0x59,0x5c,0x59,0x59,0x59,0x59,0x70,0x5c,0x5c,0x5c,0x5c,0x5c,0x59,0x4c,
    0x59,0x5c,0x5c,0x5c,0x5c,0x5c,0x59,0x4c,0x4c,0x4c,0x4c,0x5d,0x4c,0x4c,0x5d,0x45,
    0x45,0x45,0x45,0x5d,0x4c,0x4c,0x45,0x45,0x5d,0x4c,0x4c,0x4c,0x4c,0x4c,0x4c,0x4c,
    0x4c,0x4c,0x4c,0x4c,0x4c,0x4c,0x4c,0x4c,0x4c,0x4c,0x4c,0x4c,0x4c,0x4c,0x4c,0x4c,
    0x45,0x4c,0x4c,0x4c,0x4c,0x4c,0x4c,0x4c,0x4c,0x4c,0x4c,0x4c,0x4c,0x4c,0x4c,0x5d,
    0x45,0x45,0x61,0x46,0x75,0x3a,0x71,0x71,0x71,0x71,0x71,0x78,0x78,0x78,0x78,0x78,
    0x40,0x40,0x34,0x3a,0x75,0x75,0x75,0x75,0x75,0x34,0x34,0x34,0x34,0x3a,0x71,0x4f,
    0x45,0x45,0x45,0x45,0x4c,0x59,0x59,0x59,0x4c,0x59,0x4c,0xa8,0x45,0x45,0x4c,0x4c,
    0x4c,0x45,0x4c,0x59,0x59,0x59,0x70,0x59,0x59,0x59,0x4c,0x59,0x59,0x59,0x4c,0x45,
    0x4c,0x4c,0x59,0x59,0x59,0x4c,0x4c,0x45,0x45,0x45,0x45,0x45,0x45,0x45,0x45,0x45,
    0x45,0x45,0x45,0x45,0x45,0x45,0x45,0x45,0x45,0x45,0x45,0x45,0x45,0x45,0x45,0x45,
    0x45,0x45,0x45,0x45,0x45,0x45,0x45,0x45,0x45,0x45,0x45,0x45,0x45,0x45,0x45,0x45,
    0x45,0x45,0x45,0x45,0x45,0x45,0x45,0x45,0x45,0x45,0x45,0x45,0x45,0x45,0x45,0x45,
    0x45,0x45,0x61,0x61,0x61,0x61,0x61,0x56,0x56,0x56,0x56,0x56,0x56,0x56,0x56,0x56,
    0x56,0x56,0x56,0x56,0x61,0x61,0x56,0x56,0x56,0x56,0x56,0x56,0x56,0x56,0x61,0x61,
    0x57,0x5c,0x4a,0x49,0x4a,0x4a,0x4a,0x4a,0x4a,0x4a,0x4a,0x4a,0x4a,0x4a,0x4a,0x4a,
    0x4a,0x4a,0x4a,0x4a,0x4a,0x4a,0x4a,0x4a,0x4a,0x4a,0x4a,0x4a,0x4a,0x4a,0x4a,0x4a,
    0x4a,0x4a,0x4a,0x4a,0x4a,0x4a,0x4a,0x4a,0x4a,0x4a,0x4a,0x4a,0x4a,0x4a,0x4a,0x4a,
    0x4a,0x4a,0x4a,0x4a,0x4a,0x4a,0x4a,0x4a,0x4a,0x4a,0x4a,0x4a,0x4a,0x4a,0x4a,0x4a,
    0x4a,0x4a,0x4a,0x4a,0x4a,0x4a,0x4a,0x4a,0x4a,0x4a,0x4a,0x4a,0x4a,0x4a,0x4a,0x4a,
    0x4a,0x4a,0x4a,0x4a,0x4a,0x4a,0x4a,0x4a,0x4a,0x4a,0x4a,0x4a,0x4a,0x4a,0x4a,0x4a,
    0x4a,0x4a,0x0e,0x0e,0x0e,0x0e,0x0e,0x0e,0x0e,0x0e,0x0e,0x0e,0x0e,0x0e,0x0e,0x0e,
    0x0e,0x0e,0x0e,0x0e,0x0e,0x0e,0x0e,0x0e,0x0e,0x0e,0x0e,0x0e,0x0e,0x0e,0x0e,0x0e,
    0x57,0x49,0x49,0x49,0x49,0x49,0x51,0x4f,0x4f,0x4f,0x4f,0x4f,0x4f,0x51,0x49,0x49,
    0x49,0x49,0x49,0x4a,0x4a,0x4a,0x4a,0x4a,0x4a,0x4a,0x4a,0x4a,0x4a,0x4a,0x4a,0x4a,
    0x4a,0x4a,0x4a,0x4a,0x4a,0x4a,0x4a,0x4a,0x4a,0x4a,0x4a,0x4a,0x4a,0x4a,0x4a,0x4a,
    0x4a,0x4a,0x4a,0x4a,0x4a,0x4a,0x4a,0x4a,0x4a,0x4a,0x4a,0x4a,0x4a,0x4a,0x4a,0x4a,
    0x4a,0x4a,0x4a,0x4a,0x4a,0x4a,0x4a,0x4a,0x4a,0x4a,0x4a,0x4a,0x4a,0x4a,0x4a,0x4a,
    0x4a,0x4a,0x4a,0x4a,0x4a,0x4a,0x4a,0x4a,0x4a,0x4a,0x4a,0x4a,0x4a,0x4a,0x4a,0x4a,
    0x4a,0x4a,0x0e,0x0e,0x0e,0x0e,0x0e,0x0e,0x0e,0x0e,0x0e,0x0e,0x0e,0x0e,0x0e,0x0e,
    0x0e,0x0e,0x0e,0x0e,0x0e,0x0e,0x0e,0x0e,0x0e,0x0e,0x0e,0x0e,0x0e,0x0e,0x0e,0x0e,
    0x57,0x49,0x49,0x49,0x4f,0x51,0x3f,0x41,0x41,0x41,0x41,0x41,0x3c,0x49,0x51,0x51,
    0x4f,0x49,0x49,0x4a,0x4a,0x4a,0x4a,0x4a,0x4a,0x4a,0x4a,0x4a,0x4a,0x4a,0x4a,0x4a,
    0x4a,0x4a,0x4a,0x4a,0x4a,0x4a,0x4a,0x4a,0x4a,0x4a,0x4a,0x4a,0x4a,0x4a,0x4a,0x4a,
    0x4a,0x4a,0x4a,0x4a,0x4a,0x4a,0x4a,0x4a,0x4a,0x4a,0x4a,0x4a,0x4a,0x4a,0x4a,0x4a,
    0x4a,0x4a,0x4a,0x4a,0x4a,0x4a,0x4a,0x4a,0x4a,0x4a,0x4a,0x4a,0x4a,0x4a,0x4a,0x4a,
    0x4a,0x4a,0x4a,0x4a,0x4a,0x4a,0x4a,0x4a,0x4a,0x4a,0x4a,0x4a,0x4a,0x4a,0x4a,0x4a,
    0x4a,0x4a,0x0e,0x0e,0x0e,0x0e,0x0e,0x0e,0x0e,0x0e,0x0e,0x0e,0x0e,0x0e,0x0e,0x0e,
    0x0e,0x0e,0x0e,0x0e,0x0e,0x0e,0x0e,0x0e,0x0e,0x0e,0x0e,0x0e,0x0e,0x0e,0x0e,0x0e,
    0x4a,0x49,0x4f,0x51,0x49,0x3f,0x32,0x2b,0x2b,0x2b,0x2b,0x2b,0x2b,0x2e,0x3d,0x46,
    0x49,0x49,0x4f,0x4a,0x4a,0x4a,0x4a,0x4a,0x4a,0x4a,0x4a,0x4a,0x4a,0x4a,0x4a,0x4a,
    0x4a,0x4a,0x4a,0x4a,0x4a,0x4a,0x4a,0x49,0x49,0x49,0x49,0x46,0x46,0x49,0x49,0x4a,
    0x4a,0x4a,0x4a,0x4a,0x4a,0x4a,0x4a,0x4a,0x4a,0x4a,0x4a,0x4a,0x4a,0x4a,0x4a,0x4a,
    0x4a,0x4a,0x4a,0x4a,0x4a,0x49,0x49,0x49,0x4a,0x4a,0x4a,0x4a,0x4a,0x4a,0x4a,0x4a,
    0x4a,0x4a,0x4a,0x4a,0x4a,0x4a,0x4a,0x4a,0x4a,0x4a,0x4a,0x4a,0x4a,0x4a,0x4a,0x4a,
    0x4a,0x4a,0x0e,0x0e,0x0e,0x0e,0x0e,0x0e,0x0e,0x0e,0x0e,0x0e,0x0e,0x0e,0x0e,0x0e,
    0x0e,0x0e,0x0e,0x0e,0x0e,0x0e,0x0e,0x0e,0x0e,0x0e,0x0e,0x0e,0x0e,0x0e,0x0e,0x0e,
    0x4a,0x49,0x4f,0x51,0x3f,0x32,0x1d,0x98,0x0a,0x0a,0x0a,0x0a,0x0a,0x98,0x09,0x26,
    0x3c,0x49,0x4f,0x4a,0x4a,0x4a,0x4a,0x4a,0x4a,0x4a,0x4a,0x4a,0x4a,0x4a,0x4a,0x41,
    0x41,0x41,0x41,0x3f,0x3f,0x3f,0x3f,0x3f,0x3f,0x3f,0x3f,0x3f,0x3f,0x3f,0x3f,0x3f,
    0x41,0x41,0x41,0x41,0x41,0x41,0x4a,0x4a,0x41,0x41,0x41,0x41,0x41,0x41,0x41,0x41,
    0x41,0x41,0x41,0x41,0x41,0x3f,0x46,0x49,0x41,0x41,0x41,0x41,0x41,0x41,0x41,0x4a,
    0x4a,0x4a,0x4a,0x4a,0x4a,0x4a,0x4a,0x4a,0x4a,0x4a,0x4a,0x4a,0x4a,0x49,0x49,0x46,
    0x49,0x49,0x0e,0x0e,0x0e,0x0e,0x0e,0x0e,0x0e,0x0e,0x0e,0x0e,0x0e,0x0e,0x0e,0x0e,
    0x0e,0x0e,0x0e,0x0e,0x0e,0x0e,0x0e,0x0e,0x0e,0x0e,0x0e,0x0e,0x0e,0x0e,0x0e,0x0e,
    0x4a,0x4f,0x49,0x41,0x32,0x17,0x0c,0x0e,0x0d,0x9d,0x9d,0x9d,0x0e,0x0c,0x0a,0x09,
    0x2a,0x46,0x51,0x4a,0x4a,0x49,0x49,0x49,0x4a,0x4a,0x4a,0x4a,0x4a,0x4a,0x3c,0x36,
    0x36,0x36,0x36,0x36,0x32,0x32,0x36,0x36,0x36,0x32,0x32,0x32,0x32,0x32,0x32,0x32,
    0x32,0x32,0x36,0x36,0x36,0x3c,0x41,0x41,0x3c,0x36,0x36,0x36,0x36,0x36,0x36,0x36,
    0x36,0x36,0x36,0x36,0x36,0x39,0x3f,0x39,0x36,0x36,0x32,0x32,0x32,0x32,0x32,0x39,
    0x49,0x49,0x49,0x49,0x49,0x49,0x49,0x49,0x49,0x49,0x49,0x49,0x49,0x49,0x49,0x49,
    0x49,0x4a,0x0e,0x0e,0x0e,0x0e,0x0e,0x0e,0x0e,0x0e,0x0e,0x0e,0x0e,0x0e,0x0e,0x0e,
    0x0e,0x0e,0x0e,0x0e,0x0e,0x0e,0x0e,0x0e,0x0e,0x0e,0x0e,0x0e,0x0e,0x0e,0x0e,0x0e,
    0x49,0x51,0x49,0x26,0x17,0x9a,0x0d,0x10,0x0f,0x0f,0x0e,0x0f,0x0f,0x29,0x9b,0x99,
    0x1d,0x3f,0x49,0x49,0x49,0x49,0x49,0x49,0x49,0x49,0x49,0x49,0x49,0x49,0x3f,0x39,
    0x39,0x39,0x39,0x39,0x39,0x39,0x39,0x39,0x39,0x39,0x39,0x39,0x39,0x39,0x39,0x39,
    0x39,0x39,0x39,0x39,0x39,0x3f,0x3f,0x3f,0x3f,0x39,0x39,0x39,0x39,0x39,0x39,0x39,
    0x39,0x39,0x39,0x39,0x39,0x3f,0x3d,0x3f,0x39,0x39,0x39,0x39,0x39,0x39,0x39,0x3f,
    0x49,0x49,0x49,0x49,0x49,0x49,0x49,0x49,0x49,0x49,0x49,0x49,0x49,0x49,0x49,0x49,
    0x49,0x49,0x0e,0x0e,0x0e,0x0e,0x0e,0x0e,0x0e,0x0e,0x0e,0x0e,0x0e,0x0e,0x0e,0x0e,
    0x0e,0x0e,0x0e,0x0e,0x0e,0x0e,0x0e,0x0e,0x0e,0x0e,0x0e,0x0e,0x0e,0x0e,0x0e,0x0e,
    0x49,0x51,0x2e,0x17,0x9b,0x9f,0x10,0x0e,0x0e,0x1c,0x0c,0x0c,0x0d,0x0e,0x0e,0x0c,
    0x20,0x32,0x3f,0x49,0x49,0x49,0x49,0x49,0x49,0x49,0x49,0x49,0x49,0x49,0x49,0x49,
    0x49,0x49,0x49,0x49,0x49,0x49,0x49,0x49,0x49,0x49,0x49,0x49,0x3f,0x3f,0x3f,0x3f,
    0x3f,0x3f,0x3f,0x3f,0x3f,0x3f,0x3f,0x3d,0x3f,0x3f,0x3f,0x3f,0x3f,0x3f,0x3f,0x3f,
    0x3f,0x3f,0x3f,0x39,0x39,0x3f,0x49,0x49,0x49,0x49,0x49,0x49,0x49,0x49,0x49,0x49,
    0x49,0x49,0x49,0x49,0x49,0x49,0x49,0x49,0x49,0x49,0x49,0x49,0x49,0x49,0x49,0x49,
    0x49,0x49,0x0e,0x0e,0x0e,0x0e,0x0e,0x0e,0x0e,0x0e,0x0e,0x0e,0x0e,0x0e,0x0e,0x0e,
    0x0e,0x0e,0x0e,0x0e,0x0e,0x0e,0x0e,0x0e,0x0e,0x0e,0x0e,0x0e,0x0e,0x0e,0x0e,0x0e,
    0x49,0x2a,0x17,0x0d,0x0a,0x18,0x0a,0x0a,0x17,0x17,0x09,0x17,0x09,0x09,0x0a,0x0c,
    0x0d,0x0a,0x31,0x49,0x49,0x49,0x49,0x49,0x49,0x49,0x49,0x49,0x49,0x49,0x49,0x49,
    0x49,0x49,0x49,0x49,0x49,0x49,0x49,0x49,0x49,0x49,0x49,0x3f,0x32,0x30,0x30,0x36,
    0x36,0x36,0x36,0x36,0x36,0x32,0x39,0x3d,0x39,0x32,0x32,0x36,0x36,0x32,0x36,0x36,
    0x36,0x36,0x36,0x36,0x36,0x39,0x3f,0x3f,0x3f,0x3f,0x49,0x49,0x49,0x49,0x49,0x49,
    0x49,0x49,0x49,0x49,0x49,0x49,0x49,0x49,0x49,0x49,0x49,0x49,0x49,0x49,0x49,0x49,
    0x49,0x49,0x0e,0x0e,0x0e,0x0e,0x0e,0x0e,0x0e,0x0e,0x0e,0x0e,0x0e,0x0e,0x0e,0x0e,
    0x0e,0x0e,0x0e,0x0e,0x0e,0x0e,0x0e,0x0e,0x0e,0x0e,0x0e,0x0e,0x0e,0x0e,0x0e,0x0e,
    0x49,0x2a,0x0a,0x9d,0x0c,0x0d,0x0d,0x17,0x0b,0x0b,0x17,0x0a,0x0c,0x0d,0x0e,0x0e,
    0x9d,0x0a,0x31,0x49,0x49,0x49,0x49,0x49,0x49,0x49,0x49,0x49,0x49,0x49,0x49,0x49,
    0x49,0x49,0x49,0x49,0x49,0x49,0x49,0x49,0x49,0x49,0x49,0x3f,0x39,0x32,0x32,0x36,
    0x32,0x32,0x32,0x2b,0x30,0x2b,0x39,0x3d,0x3d,0x39,0x39,0x32,0x32,0x32,0x32,0x32,
    0x32,0x32,0x32,0x36,0x36,0x39,0x3f,0x3f,0x3f,0x3f,0x3f,0x49,0x49,0x49,0x49,0x49,
    0x49,0x49,0x49,0x49,0x49,0x49,0x49,0x49,0x49,0x49,0x49,0x49,0x49,0x49,0x49,0x49,
    0x46,0x43,0x0e,0x0e,0x0e,0x0e,0x0e,0x0e,0x0e,0x0e,0x0e,0x0e,0x0e,0x0e,0x0e,0x0e,
    0x0e,0x0e,0x0e,0x0e,0x0e,0x0e,0x0e,0x0e,0x0e,0x0e,0x0e,0x0e,0x0e,0x0e,0x0e,0x0e,
    0x49,0x2a,0x0a,0x0e,0x0f,0x0e,0x0e,0x17,0x0b,0x19,0x17,0x0a,0x0c,0x0d,0x0e,0x0e,
    0x0d,0x0a,0x31,0x4f,0x49,0x49,0x49,0x49,0x49,0x49,0x49,0x49,0x49,0x49,0x49,0x49,
    0x49,0x49,0x49,0x49,0x49,0x49,0x49,0x49,0x3f,0x3f,0x33,0x3d,0x39,0x39,0x39,0x39,
    0x39,0x3f,0x39,0x39,0x39,0x39,0x3f,0x3d,0x3d,0x3f,0x3f,0x3f,0x3d,0x3d,0x3f,0x3f,
    0x3d,0x3d,0x33,0x39,0x3d,0x3f,0x3f,0x3f,0x3f,0x3f,0x3f,0x49,0x49,0x49,0x49,0x49,
    0x46,0x46,0x43,0x43,0x46,0x46,0x46,0x46,0x46,0x46,0x46,0x46,0x46,0x46,0x46,0x46,
    0x46,0x46,0x0e,0x0e,0x0e,0x0e,0x0e,0x0e,0x0e,0x0e,0x0e,0x0e,0x0e,0x0e,0x0e,0x0e,
    0x0e,0x0e,0x0e,0x0e,0x0e,0x0e,0x0e,0x0e,0x0e,0x0e,0x0e,0x0e,0x0e,0x0e,0x0e,0x0e,
    0x4d,0x2a,0x17,0x0d,0x0f,0x0f,0x0e,0x17,0x0d,0x0b,0x18,0x16,0x0c,0x0d,0x0e,0x0e,
    0x0d,0x0a,0x31,0x4f,0x46,0x46,0x46,0x46,0x46,0x46,0x46,0x46,0x46,0x46,0x46,0x46,
    0x46,0x46,0x46,0x46,0x46,0x46,0x46,0x3d,0x32,0x32,0x32,0x32,0x32,0x32,0x39,0x39,
    0x39,0x3f,0x39,0x39,0x39,0x32,0x39,0x39,0x39,0x39,0x39,0x39,0x3d,0x3d,0x3d,0x3d,
    0x3d,0x3d,0x46,0x46,0x46,0x3d,0x39,0x39,0x39,0x39,0x33,0x46,0x46,0x3d,0x39,0x3d,
    0x46,0x46,0x46,0x46,0x46,0x46,0x46,0x46,0x46,0x46,0x46,0x46,0x46,0x43,0x43,0x40,
    0x43,0x43,0x0e,0x0e,0x0e,0x0e,0x0e,0x0e,0x0e,0x0e,0x0e,0x0e,0x0e,0x0e,0x0e,0x0e,
    0x0e,0x0e,0x0e,0x0e,0x0e,0x0e,0x0e,0x0e,0x0e,0x0e,0x0e,0x0e,0x0e,0x0e,0x0e,0x0e,
    0x4d,0x2a,0x0a,0x0d,0x0f,0x0f,0x0d,0x0a,0x0e,0x0e,0x1c,0x09,0x09,0x18,0x0e,0x9e,
    0x0d,0x0a,0x31,0x4f,0x46,0x46,0x46,0x46,0x46,0x46,0x46,0x46,0x46,0x46,0x46,0x46,
    0x46,0x46,0x46,0x46,0x46,0x46,0x46,0x46,0x3d,0x3d,0x3d,0x3d,0x3d,0x3d,0x3d,0x3d,
    0x46,0x46,0x3d,0x3f,0x39,0x39,0x39,0x39,0x39,0x39,0x39,0x39,0x39,0x33,0x33,0x33,
    0x39,0x33,0x3d,0x46,0x46,0x3d,0x39,0x39,0x39,0x39,0x33,0x46,0x46,0x3d,0x32,0x3d,
    0x46,0x46,0x43,0x43,0x40,0x43,0x43,0x43,0x43,0x43,0x43,0x43,0x43,0x43,0x43,0x43,
    0x43,0x43,0x0e,0x0e,0x0e,0x0e,0x0e,0x0e,0x0e,0x0e,0x0e,0x0e,0x0e,0x0e,0x0e,0x0e,
    0x0e,0x0e,0x0e,0x0e,0x0e,0x0e,0x0e,0x0e,0x0e,0x0e,0x0e,0x0e,0x0e,0x0e,0x0e,0x0e,
    0x4d,0x2a,0x0a,0x0e,0x0f,0x0f,0x0c,0x18,0x0e,0x0e,0x0e,0x0d,0x0a,0x09,0x18,0x0f,
    0x0e,0x0a,0x2a,0x4f,0x46,0x46,0x43,0x43,0x40,0x43,0x43,0x43,0x43,0x43,0x43,0x43,
    0x3a,0x3a,0x3a,0x3a,0x3a,0x3d,0x3d,0x3d,0x3d,0x3d,0x46,0x46,0x46,0x46,0x46,0x46,
    0x46,0x46,0x46,0x46,0x46,0x46,0x43,0x43,0x43,0x43,0x43,0x3a,0x3a,0x3a,0x3a,0x3a,
    0x3a,0x3a,0x43,0x43,0x43,0x3a,0x3a,0x43,0x46,0x46,0x46,0x46,0x46,0x46,0x3d,0x43,
    0x43,0x43,0x43,0x43,0x43,0x43,0x43,0x43,0x43,0x43,0x43,0x43,0x43,0x43,0x43,0x43,
    0x43,0x43,0x0e,0x0e,0x0e,0x0e,0x0e,0x0e,0x0e,0x0e,0x0e,0x0e,0x0e,0x0e,0x0e,0x0e,
    0x0e,0x0e,0x0e,0x0e,0x0e,0x0e,0x0e,0x0e,0x0e,0x0e,0x0e,0x0e,0x0e,0x0e,0x0e,0x0e,
    0x4d,0x2a,0x0a,0x0d,0x0d,0x0b,0x0a,0x0c,0x0f,0x0f,0x0f,0x0f,0x0e,0x0a,0x0b,0x0f,
    0x0d,0x20,0x31,0x4d,0x43,0x43,0x43,0x43,0x43,0x43,0x43,0x43,0x43,0x43,0x43,0x33,
    0x2e,0x2e,0x32,0x2e,0x2e,0x33,0x33,0x3d,0x33,0x33,0x33,0x33,0x33,0x33,0x33,0x39,
    0x39,0x39,0x39,0x39,0x33,0x33,0x33,0x33,0x3d,0x3d,0x3d,0x3d,0x3d,0x33,0x33,0x33,
    0x3d,0x3d,0x3d,0x33,0x3d,0x3d,0x3d,0x3a,0x43,0x43,0x3a,0x43,0x43,0x43,0x43,0x43,
    0x43,0x43,0x43,0x43,0x43,0x43,0x43,0x43,0x43,0x43,0x43,0x43,0x43,0x40,0x40,0x3b,
    0x40,0x40,0x0e,0x0e,0x0e,0x0e,0x0e,0x0e,0x0e,0x0e,0x0e,0x0e,0x0e,0x0e,0x0e,0x0e,
    0x0e,0x0e,0x0e,0x0e,0x0e,0x0e,0x0e,0x0e,0x0e,0x0e,0x0e,0x0e,0x0e,0x0e,0x0e,0x0e,
    0x4d,0x2c,0x09,0x0a,0x0c,0x19,0x1c,0x10,0x0f,0x1c,0x0d,0x0d,0x0d,0x0c,0x18,0x0b,
    0x20,0x46,0x4f,0x4d,0x43,0x43,0x43,0x43,0x43,0x43,0x43,0x43,0x43,0x43,0x43,0x3a,
    0x33,0x33,0x33,0x33,0x33,0x33,0x3d,0x3d,0x33,0x33,0x33,0x33,0x2e,0x2e,0x32,0x39,
    0x39,0x39,0x32,0x32,0x32,0x32,0x32,0x32,0x32,0x32,0x32,0x33,0x39,0x32,0x32,0x32,
    0x39,0x39,0x39,0x32,0x32,0x32,0x32,0x33,0x33,0x33,0x33,0x33,0x3d,0x33,0x33,0x33,
    0x3a,0x43,0x43,0x43,0x43,0x43,0x43,0x43,0x43,0x43,0x43,0x43,0x43,0x40,0x40,0x3b,
    0x40,0x40,0x0e,0x0e,0x0e,0x0e,0x0e,0x0e,0x0e,0x0e,0x0e,0x0e,0x0e,0x0e,0x0e,0x0e,
    0x0e,0x0e,0x0e,0x0e,0x0e,0x0e,0x0e,0x0e,0x0e,0x0e,0x0e,0x0e,0x0e,0x0e,0x0e,0x0e,
    0x4b,0x43,0x33,0x09,0x98,0x9a,0x0f,0x10,0x10,0x0d,0x0c,0x0c,0x0c,0x0b,0x0a,0x98,
    0x17,0x43,0x4b,0x40,0x43,0x43,0x43,0x43,0x40,0x40,0x3b,0x40,0x43,0x43,0x43,0x43,
    0x43,0x43,0x43,0x43,0x43,0x43,0x43,0x43,0x43,0x43,0x40,0x34,0x34,0x34,0x3a,0x3d,
    0x3d,0x3d,0x3a,0x3a,0x3a,0x31,0x31,0x3a,0x3a,0x3a,0x3a,0x3a,0x3d,0x33,0x33,0x33,
    0x3d,0x3d,0x3d,0x33,0x33,0x33,0x33,0x33,0x33,0x33,0x33,0x33,0x3d,0x33,0x2e,0x2e,
    0x33,0x43,0x40,0x40,0x3b,0x40,0x40,0x40,0x40,0x40,0x40,0x40,0x40,0x40,0x40,0x40,
    0x40,0x40,0x0e,0x0e,0x0e,0x0e,0x0e,0x0e,0x0e,0x0e,0x0e,0x0e,0x0e,0x0e,0x0e,0x0e,
    0x0e,0x0e,0x0e,0x0e,0x0e,0x0e,0x0e,0x0e,0x0e,0x0e,0x0e,0x0e,0x0e,0x0e,0x0e,0x0e,
    0x3b,0x4d,0x43,0x2c,0x20,0x20,0x19,0x0d,0x0d,0x0d,0x0c,0x0b,0x0c,0x19,0x20,0x2a,
    0x23,0x3b,0x48,0x40,0x40,0x40,0x40,0x40,0x40,0x40,0x40,0x40,0x40,0x40,0x40,0x40,
    0x40,0x40,0x40,0x40,0x40,0x40,0x40,0x40,0x40,0x40,0x34,0x34,0x3a,0x3a,0x3a,0x3a,
    0x46,0x3a,0x3a,0x3a,0x40,0x40,0x40,0x40,0x40,0x40,0x40,0x40,0x40,0x40,0x40,0x40,
    0x40,0x43,0x43,0x40,0x40,0x40,0x40,0x40,0x40,0x40,0x40,0x43,0x43,0x3a,0x3a,0x34,
    0x40,0x40,0x40,0x40,0x40,0x40,0x40,0x40,0x40,0x40,0x40,0x40,0x40,0x40,0x40,0x40,
    0x40,0x40,0x0e,0x0e,0x0e,0x0e,0x0e,0x0e,0x0e,0x0e,0x0e,0x0e,0x0e,0x0e,0x0e,0x0e,
    0x0e,0x0e,0x0e,0x0e,0x0e,0x0e,0x0e,0x0e,0x0e,0x0e,0x0e,0x0e,0x0e,0x0e,0x0e,0x0e,
    0x40,0x3b,0x3b,0x48,0x4d,0x46,0x1d,0x9c,0x09,0x09,0x09,0x09,0x97,0x2a,0x46,0x55,
    0x48,0x3b,0x40,0x40,0x40,0x40,0x40,0x40,0x40,0x40,0x40,0x40,0x40,0x40,0x40,0x40,
    0x40,0x40,0x40,0x40,0x40,0x40,0x34,0x31,0x33,0x33,0x2e,0x2e,0x2e,0x2e,0x2e,0x2e,
    0x2e,0x32,0x32,0x2e,0x3d,0x3a,0x3a,0x3a,0x3a,0x33,0x33,0x33,0x31,0x3a,0x3a,0x3a,
    0x3a,0x3a,0x3a,0x3a,0x40,0x40,0x40,0x40,0x40,0x40,0x40,0x40,0x43,0x40,0x40,0x40,
    0x40,0x40,0x40,0x40,0x40,0x40,0x40,0x40,0x40,0x40,0x40,0x40,0x40,0x40,0x40,0x40,
    0x40,0x40,0x0e,0x0e,0x0e,0x0e,0x0e,0x0e,0x0e,0x0e,0x0e,0x0e,0x0e,0x0e,0x0e,0x0e,
    0x0e,0x0e,0x0e,0x0e,0x0e,0x0e,0x0e,0x0e,0x0e,0x0e,0x0e,0x0e,0x0e,0x0e,0x0e,0x0e,
    0x40,0x40,0x40,0x40,0x40,0x40,0x40,0x40,0x40,0x40,0x40,0x40,0x40,0x40,0x40,0x40,
    0x40,0x40,0x40,0x40,0x40,0x40,0x40,0x40,0x40,0x40,0x40,0x40,0x40,0x40,0x40,0x40,
    0x40,0x40,0x40,0x40,0x40,0x40,0x34,0x31,0x33,0x33,0x31,0x31,0x31,0x31,0x31,0x31,
    0x31,0x33,0x33,0x33,0x3d,0x3d,0x3d,0x3d,0x33,0x32,0x32,0x32,0x32,0x32,0x32,0x2e,
    0x2e,0x2e,0x2e,0x33,0x3d,0x3a,0x33,0x3a,0x40,0x40,0x40,0x40,0x40,0x40,0x40,0x40,
    0x40,0x40,0x40,0x40,0x40,0x40,0x40,0x40,0x40,0x40,0x40,0x40,0x40,0x40,0x40,0x40,
    0x40,0x40,0x0e,0x0e,0x0e,0x0e,0x0e,0x0e,0x0e,0x0e,0x0e,0x0e,0x0e,0x0e,0x0e,0x0e,
    0x0e,0x0e,0x0e,0x0e,0x0e,0x0e,0x0e,0x0e,0x0e,0x0e,0x0e,0x0e,0x0e,0x0e,0x0e,0x0e,
    0x40,0x40,0x40,0x40,0x40,0x40,0x40,0x40,0x40,0x40,0x40,0x40,0x40,0x40,0x40,0x40,
    0x40,0x40,0x40,0x40,0x40,0x40,0x40,0x40,0x40,0x40,0x40,0x40,0x40,0x40,0x40,0x40,
    0x40,0x40,0x40,0x40,0x40,0x40,0x40,0x40,0x40,0x40,0x40,0x40,0x40,0x40,0x40,0x40,
    0x40,0x40,0x40,0x40,0x40,0x40,0x43,0x43,0x3a,0x33,0x33,0x33,0x33,0x33,0x3a,0x3a,
    0x3a,0x3a,0x3a,0x3a,0x3d,0x3d,0x33,0x3a,0x40,0x40,0x40,0x40,0x40,0x40,0x40,0x40,
    0x40,0x40,0x40,0x40,0x40,0x40,0x40,0x40,0x40,0x40,0x40,0x40,0x40,0x40,0x40,0x40,
    0x40,0x40,0x0e,0x0e,0x0e,0x0e,0x0e,0x0e,0x0e,0x0e,0x0e,0x0e,0x0e,0x0e,0x0e,0x0e,
    0x0e,0x0e,0x0e,0x0e,0x0e,0x0e,0x0e,0x0e,0x0e,0x0e,0x0e,0x0e,0x0e,0x0e,0x0e,0x0e,
    0x40,0x40,0x40,0x40,0x40,0x40,0x40,0x40,0x40,0x40,0x40,0x40,0x40,0x40,0x40,0x40,
    0x40,0x40,0x40,0x40,0x40,0x40,0x40,0x40,0x40,0x40,0x40,0x40,0x40,0x40,0x40,0x40,
    0x40,0x40,0x40,0x40,0x40,0x40,0x40,0x40,0x40,0x40,0x40,0x40,0x40,0x40,0x40,0x40,
    0x40,0x40,0x40,0x40,0x40,0x40,0x40,0x40,0x40,0x40,0x40,0x40,0x40,0x40,0x40,0x40,
    0x40,0x40,0x40,0x40,0x40,0x40,0x40,0x40,0x40,0x40,0x40,0x40,0x40,0x40,0x40,0x40,
    0x40,0x40,0x40,0x40,0x40,0x40,0x40,0x40,0x40,0x40,0x40,0x40,0x40,0x40,0x40,0x40,
    0x40,0x40,0x0e,0x0e,0x0e,0x0e,0x0e,0x0e,0x0e,0x0e,0x0e,0x0e,0x0e,0x0e,0x0e,0x0e,
    0x0e,0x0e,0x0e,0x0e,0x0e,0x0e,0x0e,0x0e,0x0e,0x0e,0x0e,0x0e,0x0e,0x0e,0x0e,0x0e,
    0x0f,0x0f,0x0f,0x0f,0x0f,0x0f,0x0f,0x0f,0x0f,0x0f,0x0f,0x0f,0x0f,0x0f,0x0f,0x0f,
    0x0f,0x0f,0x0f,0x0f,0x0f,0x0f,0x0f,0x0f,0x0f,0x0f,0x0f,0x0f,0x0f,0x0f,0x0f,0x0f,
    0x0f,0x0f,0x0f,0x0f,0x0f,0x0f,0x0f,0x0f,0x0f,0x0f,0x0f,0x0f,0x0f,0x0f,0x0f,0x0f,
    0x0f,0x0f,0x0f,0x0f,0x0f,0x0f,0x0f,0x0f,0x0f,0x0f,0x0f,0x0f,0x0f,0x0f,0x0f,0x0f,
    0x0f,0x0f,0x0f,0x0f,0x0f,0x0f,0x0f,0x0f,0x0f,0x0f,0x0f,0x0f,0x0f,0x0f,0x0f,0x0f,
    0x0f,0x0f,0x0f,0x0f,0x0f,0x0f,0x0f,0x0f,0x0f,0x0f,0x0f,0x0f,0x0f,0x0f,0x0f,0x0f,
    0x0f,0x0f,0x0f,0x0f,0x0f,0x0f,0x0f,0x0f,0x0f,0x0f,0x0f,0x0f,0x0f,0x0f,0x0f,0x0f,
    0x0f,0x0f,0x0f,0x0f,0x0f,0x0f,0x0f,0x0f,0x0f,0x0f,0x0f,0x0f,0x0f,0x0f,0x0f,0x0f,
    0x0f,0x0f,0x0f,0x0f,0x0f,0x0f,0x0f,0x0f,0x0f,0x0f,0x0f,0x0f,0x0f,0x0f,0x0f,0x0f,
    0x0f,0x0f,0x0f,0x0f,0x0f,0x0f,0x0f,0x0f,0x0f,0x0f,0x0f,0x0f,0x0f,0x0f,0x0f,0x0f,
    0x0f,0x0f,0x0f,0x0f,0x0f,0x0f,0x0f,0x0f,0x0f,0x0f,0x0f,0x0f,0x0f,0x0f,0x0f,0x0f,
    0x0f,0x0f,0x0f,0x0f,0x0f,0x0f,0x0f,0x0f,0x0f,0x0f,0x0f,0x0f,0x0f,0x0f,0x0f,0x0f,
    0x0f,0x0f,0x0f,0x0f,0x0f,0x0f,0x0f,0x0f,0x0f,0x0f,0x0f,0x0f,0x0f,0x0f,0x0f,0x0f,
    0x0f,0x0f,0x0f,0x0f,0x0f,0x0f,0x0f,0x0f,0x0f,0x0f,0x0f,0x0f,0x0f,0x0f,0x0f,0x0f,
    0x0f,0x0f,0x0f,0x0f,0x0f,0x0f,0x0f,0x0f,0x0f,0x0f,0x0f,0x0f,0x0f,0x0f,0x0f,0x0f,
    0x0f,0x0f,0x0f,0x0f,0x0f,0x0f,0x0f,0x0f,0x0f,0x0f,0x0f,0x0f,0x0f,0x0f,0x0f,0x0f,
    0x0f,0x0f,0x0f,0x0f,0x0f,0x0f,0x0f,0x0f,0x0f,0x0f,0x0f,0x0f,0x0f,0x0f,0x0f,0x0f,
    0x0f,0x0f,0x0f,0x0f,0x0f,0x0f,0x0f,0x0f,0x0f,0x0f,0x0f,0x0f,0x0f,0x0f,0x0f,0x0f,
    0x0f,0x0f,0x0f,0x0f,0x0f,0x0f,0x0f,0x0f,0x0f,0x0f,0x0f,0x0f,0x0f,0x0f,0x0f,0x0f,
    0x0f,0x0f,0x0f,0x0f,0x0f,0x0f,0x0f,0x0f,0x0f,0x0f,0x0f,0x0f,0x0f,0x0f,0x0f,0x0f,
    0x0f,0x0f,0x0f,0x0f,0x0f,0x0f,0x0f,0x0f,0x0f,0x0f,0x0f,0x0f,0x0f,0x0f,0x0f,0x0f,
    0x0f,0x0f,0x0f,0x0f,0x0f,0x0f,0x0f,0x0f,0x0f,0x0f,0x0f,0x0f,0x0f,0x0f,0x0f,0x0f,
    0x0f,0x0f,0x0f,0x0f,0x0f,0x0f,0x0f,0x0f,0x0f,0x0f,0x0f,0x0f,0x0f,0x0f,0x0f,0x0f,
    0x0f,0x0f,0x0f,0x0f,0x0f,0x0f,0x0f,0x0f,0x0f,0x0f,0x0f,0x0f,0x0f,0x0f,0x0f,0x0f,
    0x0f,0x0f,0x0f,0x0f,0x0f,0x0f,0x0f,0x0f,0x0f,0x0f,0x0f,0x0f,0x0f,0x0f,0x0f,0x0f,
    0x0f,0x0f,0x0f,0x0f,0x0f,0x0f,0x0f,0x0f,0x0f,0x0f,0x0f,0x0f,0x0f,0x0f,0x0f,0x0f,
    0x0f,0x0f,0x0f,0x0f,0x0f,0x0f,0x0f,0x0f,0x0f,0x0f,0x0f,0x0f,0x0f,0x0f,0x0f,0x0f,
    0x0f,0x0f,0x0f,0x0f,0x0f,0x0f,0x0f,0x0f,0x0f,0x0f,0x0f,0x0f,0x0f,0x0f,0x0f,0x0f,
    0x0f,0x0f,0x0f,0x0f,0x0f,0x0f,0x0f,0x0f,0x0f,0x0f,0x0f,0x0f,0x0f,0x0f,0x0f,0x0f,
    0x0f,0x0f,0x0f,0x0f,0x0f,0x0f,0x0f,0x0f,0x0f,0x0f,0x0f,0x0f,0x0f,0x0f,0x0f,0x0f,
    0x0f,0x0f,0x0f,0x0f,0x0f,0x0f,0x0f,0x0f,0x0f,0x0f,0x0f,0x0f,0x0f,0x0f,0x0f,0x0f,
    0x0f,0x0f,0x0f,0x0f,0x0f,0x0f,0x0f,0x0f,0x0f,0x0f,0x0f,0x0f,0x0f,0x0f,0x0f,0x0f,
    0x0f,0x0f,0x0f,0x0f,0x0f,0x0f,0x0f,0x0f,0x0f,0x0f,0x0f,0x0f,0x0f,0x0f,0x0f,0x0f,
    0x0f,0x0f,0x0f,0x0f,0x0f,0x0f,0x0f,0x0f,0x0f,0x0f,0x0f,0x0f,0x0f,0x0f,0x0f,0x0f,
    0x0f,0x0f,0x0f,0x0f,0x0f,0x0f,0x0f,0x0f,0x0f,0x0f,0x0f,0x0f,0x0f,0x0f,0x0f,0x0f,
    0x0f,0x0f,0x0f,0x0f,0x0f,0x0f,0x0f,0x0f,0x0f,0x0f,0x0f,0x0f,0x0f,0x0f,0x0f,0x0f,
    0x0f,0x0f,0x0f,0x0f,0x0f,0x0f,0x0f,0x0f,0x0f,0x0f,0x0f,0x0f,0x0f,0x0f,0x0f,0x0f,
    0x0f,0x0f,0x0f,0x0f,0x0f,0x0f,0x0f,0x0f,0x0f,0x0f,0x0f,0x0f,0x0f,0x0f,0x0f,0x0f,
    0x0f,0x0f,0x0f,0x0f,0x0f,0x0f,0x0f,0x0f,0x0f,0x0f,0x0f,0x0f,0x0f,0x0f,0x0f,0x0f,
    0x0f,0x0f,0x0f,0x0f,0x0f,0x0f,0x0f,0x0f,0x0f,0x0f,0x0f,0x0f,0x0f,0x0f,0x0f,0x0f,
    0x0f,0x0f,0x0f,0x0f,0x0f,0x0f,0x0f,0x0f,0x0f,0x0f,0x0f,0x0f,0x0f,0x0f,0x0f,0x0f,
    0x0f,0x0f,0x0f,0x0f,0x0f,0x0f,0x0f,0x0f,0x0f,0x0f,0x0f,0x0f,0x0f,0x0f,0x0f,0x0f,
    0x0f,0x0f,0x0f,0x0f,0x0f,0x0f,0x0f,0x0f,0x0f,0x0f,0x0f,0x0f,0x0f,0x0f,0x0f,0x0f,
    0x0f,0x0f,0x0f,0x0f,0x0f,0x0f,0x0f,0x0f,0x0f,0x0f,0x0f,0x0f,0x0f,0x0f,0x0f,0x0f,
    0x0f,0x0f,0x0f,0x0f,0x0f,0x0f,0x0f,0x0f,0x0f,0x0f,0x0f,0x0f,0x0f,0x0f,0x0f,0x0f,
    0x0f,0x0f,0x0f,0x0f,0x0f,0x0f,0x0f,0x0f,0x0f,0x0f,0x0f,0x0f,0x0f,0x0f,0x0f,0x0f,
    0x0f,0x0f,0x0f,0x0f,0x0f,0x0f,0x0f,0x0f,0x0f,0x0f,0x0f,0x0f,0x0f,0x0f,0x0f,0x0f,
    0x0f,0x0f,0x0f,0x0f,0x0f,0x0f,0x0f,0x0f,0x0f,0x0f,0x0f,0x0f,0x0f,0x0f,0x0f,0x0f,
    0x0f,0x0f,0x0f,0x0f,0x0f,0x0f,0x0f,0x0f,0x0f,0x0f,0x0f,0x0f,0x0f,0x0f,0x0f,0x0f,
    0x0f,0x0f,0x0f,0x0f,0x0f,0x0f,0x0f,0x0f,0x0f,0x0f,0x0f,0x0f,0x0f,0x0f,0x0f,0x0f,
    0x0f,0x0f,0x0f,0x0f,0x0f,0x0f,0x0f,0x0f,0x0f,0x0f,0x0f,0x0f,0x0f,0x0f,0x0f,0x0f,
    0x0f,0x0f,0x0f,0x0f,0x0f,0x0f,0x0f,0x0f,0x0f,0x0f,0x0f,0x0f,0x0f,0x0f,0x0f,0x0f,
    0x0f,0x0f,0x0f,0x0f,0x0f,0x0f,0x0f,0x0f,0x0f,0x0f,0x0f,0x0f,0x0f,0x0f,0x0f,0x0f,
    0x0f,0x0f,0x0f,0x0f,0x0f,0x0f,0x0f,0x0f,0x0f,0x0f,0x0f,0x0f,0x0f,0x0f,0x0f,0x0f,
    0x0f,0x0f,0x0f,0x0f,0x0f,0x0f,0x0f,0x0f,0x0f,0x0f,0x0f,0x0f,0x0f,0x0f,0x0f,0x0f,
    0x0f,0x0f,0x0f,0x0f,0x0f,0x0f,0x0f,0x0f,0x0f,0x0f,0x0f,0x0f,0x0f,0x0f,0x0f,0x0f,
    0x0f,0x0f,0x0f,0x0f,0x0f,0x0f,0x0f,0x0f,0x0f,0x0f,0x0f,0x0f,0x0f,0x0f,0x0f,0x0f,
    0x0f,0x0f,0x0f,0x0f,0x0f,0x0f,0x0f,0x0f,0x0f,0x0f,0x0f,0x0f,0x0f,0x0f,0x0f,0x0f,
    0x0f,0x0f,0x0f,0x0f,0x0f,0x0f,0x0f,0x0f,0x0f,0x0f,0x0f,0x0f,0x0f,0x0f,0x0f,0x0f,
    0x0f,0x0f,0x0f,0x0f,0x0f,0x0f,0x0f,0x0f,0x0f,0x0f,0x0f,0x0f,0x0f,0x0f,0x0f,0x0f,
    0x0f,0x0f,0x0f,0x0f,0x0f,0x0f,0x0f,0x0f,0x0f,0x0f,0x0f,0x0f,0x0f,0x0f,0x0f,0x0f,
    0x0f,0x0f,0x0f,0x0f,0x0f,0x0f,0x0f,0x0f,0x0f,0x0f,0x0f,0x0f,0x0f,0x0f,0x0f,0x0f,
    0x0f,0x0f,0x0f,0x0f,0x0f,0x0f,0x0f,0x0f,0x0f,0x0f,0x0f,0x0f,0x0f,0x0f,0x0f,0x0f,
    0x0f,0x0f,0x0f,0x0f,0x0f,0x0f,0x0f,0x0f,0x0f,0x0f,0x0f,0x0f,0x0f,0x0f,0x0f,0x0f,
    0x0f,0x0f,0x0f,0x0f,0x0f,0x0f,0x0f,0x0f,0x0f,0x0e,0x0e,0x0e,0x0f,0x0f,0x0f,0x0f,
    0x0e,0x0e,0x0e,0x0f,0x0f,0x0f,0x0f,0x0e,0x0e,0x0e,0x0f,0x0f,0x0f,0x0f,0x0e,0x0e,
    0x0e,0x0f,0x0f,0x0f,0x0f,0x0e,0x0e,0x0e,0x0f,0x0f,0x0f,0x0f,0x0e,0x0e,0x0e,0x0f,
    0x0f,0x0f,0x0f,0x0e,0x0e,0x0e,0x0f,0x0f,0x0f,0x0f,0x0e,0x0e,0x0e,0x0f,0x0f,0x0f,
    0x0f,0x0f,0x0f,0x0f,0x0f,0x0f,0x0f,0x0f,0x0f,0x0e,0x0e,0x0e,0x0f,0x0f,0x0f,0x0f,
    0x0e,0x0e,0x0e,0x0f,0x0f,0x0f,0x0f,0x0e,0x0e,0x0e,0x0f,0x0f,0x0f,0x0f,0x0f,0x0f,
    0x0f,0x0e,0x0e,0x0e,0x0f,0x0f,0x0f,0x0f,0x0e,0x0e,0x0e,0x0f,0x0f,0x0f,0x0f,0x0f,
    0x0f,0x0f,0x0f,0x0f,0x0f,0x0f,0x0f,0x0f,0x0f,0x0f,0x0f,0x0f,0x0f,0x0f,0x0f,0x0f,
    0x0f,0x0f,0x0f,0x0f,0x0f,0x0f,0x0f,0x0f,0x0f,0x0e,0x0e,0x0e,0x0f,0x0f,0x0f,0x0f,
    0x0e,0x0e,0x0e,0x0f,0x0f,0x0f,0x0f,0x0e,0x0e,0x0e,0x0f,0x0f,0x0f,0x0f,0x0e,0x0e,
    0x0e,0x0f,0x0f,0x0f,0x0f,0x0e,0x0e,0x0e,0x0f,0x0f,0x0f,0x0f,0x0e,0x0e,0x0e,0x0f,
    0x0f,0x0f,0x0f,0x0e,0x0e,0x0e,0x0f,0x0f,0x0f,0x0f,0x0e,0x0e,0x0e,0x0f,0x0f,0x0f,
    0x0f,0x0f,0x0f,0x0f,0x0f,0x0f,0x0f,0x0f,0x0f,0x0e,0x0e,0x0e,0x0f,0x0f,0x0f,0x0f,
    0x0e,0x0e,0x0e,0x0f,0x0f,0x0f,0x0f,0x0e,0x0e,0x0e,0x0f,0x0f,0x0f,0x0f,0x0f,0x0f,
    0x0f,0x0e,0x0e,0x0e,0x0f,0x0f,0x0f,0x0f,0x0e,0x0e,0x0e,0x0f,0x0f,0x0f,0x0f,0x0f,
    0x0f,0x0f,0x0f,0x0f,0x0f,0x0f,0x0f,0x0f,0x0f,0x0f,0x0f,0x0f,0x0f,0x0f,0x0f,0x0f,
    0x0f,0x0f,0x0f,0x0f,0x0f,0x0f,0x0f,0x0f,0x0f,0x0f,0x0f,0x0f,0x0f,0x0f,0x0f,0x0f,
    0x0f,0x0f,0x0f,0x0f,0x0f,0x0f,0x0f,0x0f,0x0f,0x0f,0x0f,0x0f,0x0f,0x0f,0x0f,0x0f,
    0x0f,0x0f,0x0f,0x0f,0x0f,0x0f,0x0f,0x0f,0x0f,0x0f,0x0f,0x0f,0x0f,0x0f,0x0f,0x0f,
    0x0f,0x0f,0x0f,0x0f,0x0f,0x0f,0x0f,0x0f,0x0f,0x0f,0x0f,0x0f,0x0f,0x0f,0x0f,0x0f,
    0x0f,0x0f,0x0f,0x0f,0x0f,0x0f,0x0f,0x0f,0x0f,0x0f,0x0f,0x0f,0x0f,0x0f,0x0f,0x0f,
    0x0f,0x0f,0x0f,0x0f,0x0f,0x0f,0x0f,0x0f,0x0f,0x0f,0x0f,0x0f,0x0f,0x0f,0x0f,0x0f,
    0x0f,0x0f,0x0f,0x0f,0x0f,0x0f,0x0f,0x0f,0x0f,0x0f,0x0f,0x0f,0x0f,0x0f,0x0f,0x0f,
    0x0f,0x0f,0x0f,0x0f,0x0f,0x0f,0x0f,0x0f,0x0f,0x0f,0x0f,0x0f,0x0f,0x0f,0x0f,0x0f,
    0x0f,0x0f,0x0f,0x0f,0x0f,0x0f,0x0f,0x0f,0x0f,0x0e,0x0f,0x0e,0x0f,0x0f,0x0f,0x0f,
    0x0e,0x0e,0x0e,0x0f,0x0f,0x0f,0x0f,0x0e,0x0f,0x0e,0x0f,0x0f,0x0f,0x0f,0x0e,0x0e,
    0x0e,0x0f,0x0f,0x0f,0x0f,0x0e,0x0f,0x0e,0x0f,0x0f,0x0f,0x0f,0x0e,0x0e,0x0e,0x0f,
    0x0f,0x0f,0x0f,0x0e,0x0f,0x0e,0x0f,0x0f,0x0f,0x0f,0x0e,0x0f,0x0e,0x0f,0x0f,0x0f,
    0x0f,0x0f,0x0f,0x0f,0x0f,0x0f,0x0f,0x0f,0x0f,0x0e,0x0e,0x0e,0x0f,0x0f,0x0f,0x0f,
    0x0e,0x0f,0x0e,0x0f,0x0f,0x0f,0x0f,0x0e,0x0e,0x0e,0x0f,0x0f,0x0f,0x0f,0x0f,0x0f,
    0x0f,0x0e,0x0f,0x0e,0x0f,0x0f,0x0f,0x0f,0x0e,0x0e,0x0e,0x0f,0x0f,0x0f,0x0f,0x0f,
    0x0f,0x0f,0x0f,0x0f,0x0f,0x0f,0x0f,0x0f,0x0f,0x0f,0x0f,0x0f,0x0f,0x0f,0x0f,0x0f,
    0x0f,0x0f,0x0f,0x0f,0x0f,0x0f,0x0f,0x0f,0x0f,0x0e,0x0e,0x0e,0x0f,0x0f,0x0f,0x0f,
    0x0e,0x0e,0x0e,0x0f,0x0f,0x0f,0x0f,0x0e,0x0e,0x0e,0x0f,0x0f,0x0f,0x0f,0x0e,0x0e,
    0x0e,0x0f,0x0f,0x0f,0x0f,0x0e,0x0e,0x0e,0x0f,0x0f,0x0f,0x0f,0x0e,0x0e,0x0e,0x0f,
    0x0f,0x0f,0x0f,0x0e,0x0e,0x0e,0x0f,0x0f,0x0f,0x0f,0x0e,0x0e,0x0e,0x0f,0x0f,0x0f,
    0x0f,0x0f,0x0f,0x0f,0x0f,0x0f,0x0f,0x0f,0x0f,0x0e,0x0e,0x0e,0x0f,0x0f,0x0f,0x0f,
    0x0e,0x0e,0x0e,0x0f,0x0f,0x0f,0x0f,0x0e,0x0e,0x0e,0x0f,0x0f,0x0f,0x0f,0x0f,0x0f,
    0x0f,0x0e,0x0e,0x0e,0x0f,0x0f,0x0f,0x0f,0x0e,0x0e,0x0e,0x0f,0x0f,0x0f,0x0f,0x0f,
    0x0f,0x0f,0x0f,0x0f,0x0f,0x0f,0x0f,0x0f,0x0f,0x0f,0x0f,0x0f,0x0f,0x0f,0x0f,0x0f,
    0x0f,0x0f,0x0f,0x0f,0x0f,0x0f,0x0f,0x0f,0x0f,0x0e,0x0e,0x0e,0x0f,0x0f,0x0f,0x0f,
    0x0f,0x0f,0x0f,0x0f,0x0f,0x0f,0x0f,0x0e,0x0e,0x0e,0x0f,0x0f,0x0f,0x0f,0x0f,0x0f,
    0x0f,0x0f,0x0f,0x0f,0x0f,0x0e,0x0e,0x0e,0x0f,0x0f,0x0f,0x0f,0x0f,0x0f,0x0f,0x0f,
    0x0f,0x0f,0x0f,0x0e,0x0e,0x0e,0x0f,0x0f,0x0f,0x0f,0x0e,0x0e,0x0e,0x0f,0x0f,0x0f,
    0x0f,0x0f,0x0f,0x0f,0x0f,0x0f,0x0f,0x0f,0x0f,0x0f,0x0f,0x0f,0x0f,0x0f,0x0f,0x0f,
    0x0e,0x0e,0x0e,0x0f,0x0f,0x0f,0x0f,0x0f,0x0f,0x0f,0x0f,0x0f,0x0f,0x0f,0x0f,0x0f,
    0x0f,0x0e,0x0e,0x0e,0x0f,0x0f,0x0f,0x0f,0x0f,0x0f,0x0f,0x0f,0x0f,0x0f,0x0f,0x0f,
    0x0f,0x0f,0x0f,0x0f,0x0f,0x0f,0x0f,0x0f,0x0f,0x0f,0x0f,0x0f,0x0f,0x0f,0x0f,0x0f,
    0x0f,0x0f,0x0f,0x0f,0x0f,0x0f,0x0f,0x0f,0x0f,0x0f,0x0f,0x0e,0x0f,0x0f,0x0f,0x0f,
    0x0e,0x0e,0x0e,0x0f,0x0f,0x0f,0x0f,0x0f,0x0f,0x0e,0x0f,0x0f,0x0f,0x0f,0x0e,0x0e,
    0x0e,0x0f,0x0f,0x0f,0x0f,0x0f,0x0f,0x0e,0x0f,0x0f,0x0f,0x0f,0x0e,0x0e,0x0e,0x0f,
    0x0f,0x0f,0x0f,0x0e,0x0f,0x0f,0x0f,0x0f,0x0f,0x0f,0x0e,0x0f,0x0f,0x0f,0x0f,0x0f,
    0x0f,0x0f,0x0f,0x0f,0x0f,0x0f,0x0f,0x0f,0x0f,0x0e,0x0e,0x0e,0x0f,0x0f,0x0f,0x0f,
    0x0e,0x0f,0x0f,0x0f,0x0f,0x0f,0x0f,0x0e,0x0e,0x0e,0x0f,0x0f,0x0f,0x0f,0x0f,0x0f,
    0x0f,0x0e,0x0f,0x0f,0x0f,0x0f,0x0f,0x0f,0x0e,0x0e,0x0e,0x0f,0x0f,0x0f,0x0f,0x0f,
    0x0f,0x0f,0x0f,0x0f,0x0f,0x0f,0x0f,0x0f,0x0f,0x0f,0x0f,0x0f,0x0f,0x0f,0x0f,0x0f,
    0x0f,0x0f,0x0f,0x0f,0x0f,0x0f,0x0f,0x0f,0x0f,0x0e,0x0e,0x0e,0x0f,0x0f,0x0f,0x0f,
    0x0e,0x0e,0x0e,0x0f,0x0f,0x0f,0x0f,0x0e,0x0e,0x0e,0x0f,0x0f,0x0f,0x0f,0x0e,0x0e,
    0x0e,0x0f,0x0f,0x0f,0x0f,0x0e,0x0e,0x0e,0x0f,0x0f,0x0f,0x0f,0x0e,0x0e,0x0e,0x0f,
    0x0f,0x0f,0x0f,0x0e,0x0e,0x0e,0x0f,0x0f,0x0f,0x0f,0x0e,0x0e,0x0e,0x0f,0x0f,0x0f,
    0x0f,0x0f,0x0f,0x0f,0x0f,0x0f,0x0f,0x0f,0x0f,0x0e,0x0e,0x0e,0x0f,0x0f,0x0f,0x0f,
    0x0e,0x0e,0x0e,0x0f,0x0f,0x0f,0x0f,0x0e,0x0e,0x0e,0x0f,0x0f,0x0f,0x0f,0x0f,0x0f,
    0x0f,0x0e,0x0e,0x0e,0x0f,0x0f,0x0f,0x0f,0x0e,0x0e,0x0e,0x0f,0x0f,0x0f,0x0f,0x0f,
    0x0f,0x0f,0x0f,0x0f,0x0f,0x0f,0x0f,0x0f,0x0f,0x0f,0x0f,0x0f,0x0f,0x0f,0x0f,0x0f,
    0x0f,0x0f,0x0f,0x0f,0x0f,0x0f,0x0f,0x0f,0x0f,0x0e,0x0f,0x0e,0x0f,0x0f,0x0f,0x0f,
    0x0f,0x0f,0x0f,0x0f,0x0f,0x0f,0x0f,0x0e,0x0f,0x0e,0x0f,0x0f,0x0f,0x0f,0x0f,0x0f,
    0x0f,0x0f,0x0f,0x0f,0x0f,0x0e,0x0f,0x0e,0x0f,0x0f,0x0f,0x0f,0x0f,0x0f,0x0f,0x0f,
    0x0f,0x0f,0x0f,0x0e,0x0f,0x0e,0x0f,0x0f,0x0f,0x0f,0x0e,0x0f,0x0e,0x0f,0x0f,0x0f,
    0x0f,0x0f,0x0f,0x0f,0x0f,0x0f,0x0f,0x0f,0x0f,0x0f,0x0f,0x0f,0x0f,0x0f,0x0f,0x0f,
    0x0e,0x0f,0x0e,0x0f,0x0f,0x0f,0x0f,0x0f,0x0f,0x0f,0x0f,0x0f,0x0f,0x0f,0x0f,0x0f,
    0x0f,0x0e,0x0f,0x0e,0x0f,0x0f,0x0f,0x0f,0x0f,0x0f,0x0f,0x0f,0x0f,0x0f,0x0f,0x0f,
    0x0f,0x0f,0x0f,0x0f,0x0f,0x0f,0x0f,0x0f,0x0f,0x0f,0x0f,0x0f,0x0f,0x0f,0x0f,0x0f,
    0x0f,0x0f,0x0f,0x0f,0x0f,0x0f,0x0f,0x0f,0x0f,0x0e,0x0e,0x0e,0x0f,0x0f,0x0f,0x0f,
    0x0e,0x0e,0x0e,0x0f,0x0f,0x0f,0x0f,0x0e,0x0e,0x0e,0x0f,0x0f,0x0f,0x0f,0x0e,0x0e,
    0x0e,0x0f,0x0f,0x0f,0x0f,0x0e,0x0e,0x0e,0x0f,0x0f,0x0f,0x0f,0x0e,0x0e,0x0e,0x0f,
    0x0f,0x0f,0x0f,0x0e,0x0e,0x0e,0x0f,0x0f,0x0f,0x0f,0x0e,0x0e,0x0e,0x0f,0x0f,0x0f,
    0x0f,0x0f,0x0f,0x0f,0x0f,0x0f,0x0f,0x0f,0x0f,0x0e,0x0e,0x0e,0x0f,0x0f,0x0f,0x0f,
    0x0e,0x0e,0x0e,0x0f,0x0f,0x0f,0x0f,0x0e,0x0e,0x0e,0x0f,0x0f,0x0f,0x0f,0x0f,0x0f,
    0x0f,0x0e,0x0e,0x0e,0x0f,0x0f,0x0f,0x0f,0x0e,0x0e,0x0e,0x0f,0x0f,0x0f,0x0f,0x0f,
    0x0f,0x0f,0x0f,0x0f,0x0f,0x0f,0x0f,0x0f,0x0f,0x0f,0x0f,0x0f,0x0f,0x0f,0x0f,0x0f,
    0x0f,0x0f,0x0f,0x0f,0x0f,0x0f,0x0f,0x0f,0x0f,0x0e,0x0e,0x0e,0x0f,0x0f,0x0f,0x0f,
    0x0e,0x0e,0x0e,0x0f,0x0f,0x0f,0x0f,0x0e,0x0e,0x0e,0x0f,0x0f,0x0f,0x0f,0x0e,0x0e,
    0x0e,0x0f,0x0f,0x0f,0x0f,0x0e,0x0e,0x0e,0x0f,0x0f,0x0f,0x0f,0x0e,0x0e,0x0e,0x0f,
    0x0f,0x0f,0x0f,0x0e,0x0e,0x0e,0x0f,0x0f,0x0f,0x0f,0x0e,0x0e,0x0e,0x0f,0x0f,0x0f,
    0x0f,0x0f,0x0f,0x0f,0x0f,0x0f,0x0f,0x0f,0x0f,0x0e,0x0e,0x0e,0x0f,0x0f,0x0f,0x0f,
    0x0e,0x0e,0x0e,0x0f,0x0f,0x0f,0x0f,0x0e,0x0e,0x0e,0x0f,0x0f,0x0f,0x0f,0x0f,0x0f,
    0x0f,0x0e,0x0e,0x0e,0x0f,0x0f,0x0f,0x0f,0x0e,0x0e,0x0e,0x0f,0x0f,0x0f,0x0f,0x0f,
    0x0f,0x0f,0x0f,0x0f,0x0f,0x0f,0x0f,0x0f,0x0f,0x0f,0x0f,0x0f,0x0f,0x0f,0x0f,0x0f,
    0x0f,0x0f,0x0f,0x0f,0x0f,0x0f,0x0f,0x0f,0x0f,0x0e,0x0e,0x0e,0x0f,0x0f,0x0f,0x0f,
    0x0e,0x0e,0x0e,0x0f,0x0f,0x0f,0x0f,0x0e,0x0e,0x0e,0x0f,0x0f,0x0f,0x0f,0x0e,0x0e,
    0x0e,0x0f,0x0f,0x0f,0x0f,0x0e,0x0e,0x0e,0x0f,0x0f,0x0f,0x0f,0x0e,0x0e,0x0e,0x0f,
    0x0f,0x0f,0x0f,0x0e,0x0e,0x0e,0x0f,0x0f,0x0f,0x0f,0x0e,0x0e,0x0e,0x0f,0x0f,0x0f,
    0x0f,0x0f,0x0f,0x0f,0x0f,0x0f,0x0f,0x0f,0x0f,0x0e,0x0e,0x0e,0x0f,0x0f,0x0f,0x0f,
    0x0e,0x0e,0x0e,0x0f,0x0f,0x0f,0x0f,0x0e,0x0e,0x0e,0x0f,0x0f,0x0f,0x0f,0x0f,0x0f,
    0x0f,0x0e,0x0e,0x0e,0x0f,0x0f,0x0f,0x0f,0x0e,0x0e,0x0e,0x0f,0x0f,0x0f,0x0f,0x0f,
    0x0f,0x0f,0x0f,0x0f,0x0f,0x0f,0x0f,0x0f,0x0f,0x0f,0x0f,0x0f,0x0f,0x0f,0x0f,0x0f,
    0x0f,0x0f,0x0f,0x0f,0x0f,0x0f,0x0f,0x0f,0x0f,0x0f,0x0f,0x0f,0x0f,0x0f,0x0f,0x0f,
    0x0e,0x0e,0x0e,0x0f,0x0f,0x0f,0x0f,0x0f,0x0f,0x0f,0x0f,0x0f,0x0f,0x0f,0x0e,0x0e,
    0x0e,0x0f,0x0f,0x0f,0x0f,0x0f,0x0f,0x0f,0x0f,0x0f,0x0f,0x0f,0x0e,0x0e,0x0e,0x0f,
    0x0f,0x0f,0x0f,0x0f,0x0f,0x0f,0x0f,0x0f,0x0f,0x0f,0x0f,0x0f,0x0f,0x0f,0x0f,0x0f,
    0x0f,0x0f,0x0f,0x0f,0x0f,0x0f,0x0f,0x0f,0x0f,0x0e,0x0e,0x0e,0x0f,0x0f,0x0f,0x0f,
    0x0f,0x0f,0x0f,0x0f,0x0f,0x0f,0x0f,0x0e,0x0e,0x0e,0x0f,0x0f,0x0f,0x0f,0x0f,0x0f,
    0x0f,0x0f,0x0f,0x0f,0x0f,0x0f,0x0f,0x0f,0x0e,0x0e,0x0e,0x0f,0x0f,0x0f,0x0f,0x0f,
    0x0f,0x0f,0x0f,0x0f,0x0f,0x0f,0x0f,0x0f,0x0f,0x0f,0x0f,0x0f,0x0f,0x0f,0x0f,0x0f,
    0x0f,0x0f,0x0f,0x0f,0x0f,0x0f,0x0f,0x0f,0x0f,0x0e,0x0f,0x0e,0x0f,0x0f,0x0f,0x0f,
    0x0e,0x0e,0x0e,0x0f,0x0f,0x0f,0x0f,0x0e,0x0f,0x0e,0x0f,0x0f,0x0f,0x0f,0x0e,0x0e,
    0x0e,0x0f,0x0f,0x0f,0x0f,0x0e,0x0f,0x0e,0x0f,0x0f,0x0f,0x0f,0x0e,0x0e,0x0e,0x0f,
    0x0f,0x0f,0x0f,0x0e,0x0f,0x0e,0x0f,0x0f,0x0f,0x0f,0x0e,0x0f,0x0e,0x0f,0x0f,0x0f,
    0x0f,0x0f,0x0f,0x0f,0x0f,0x0f,0x0f,0x0f,0x0f,0x0e,0x0e,0x0e,0x0f,0x0f,0x0f,0x0f,
    0x0e,0x0f,0x0e,0x0f,0x0f,0x0f,0x0f,0x0e,0x0e,0x0e,0x0f,0x0f,0x0f,0x0f,0x0f,0x0f,
    0x0f,0x0e,0x0f,0x0e,0x0f,0x0f,0x0f,0x0f,0x0e,0x0e,0x0e,0x0f,0x0f,0x0f,0x0f,0x0f,
    0x0f,0x0f,0x0f,0x0f,0x0f,0x0f,0x0f,0x0f,0x0f,0x0f,0x0f,0x0f,0x0f,0x0f,0x0f,0x0f,
    0x0f,0x0f,0x0f,0x0f,0x0f,0x0f,0x0f,0x0f,0x0f,0x0e,0x0e,0x0e,0x0f,0x0f,0x0f,0x0f,
    0x0f,0x0f,0x0e,0x0f,0x0f,0x0f,0x0f,0x0e,0x0e,0x0e,0x0f,0x0f,0x0f,0x0f,0x0e,0x0f,
    0x0f,0x0f,0x0f,0x0f,0x0f,0x0e,0x0e,0x0e,0x0f,0x0f,0x0f,0x0f,0x0e,0x0f,0x0f,0x0f,
    0x0f,0x0f,0x0f,0x0e,0x0e,0x0e,0x0f,0x0f,0x0f,0x0f,0x0e,0x0e,0x0e,0x0f,0x0f,0x0f,
    0x0f,0x0f,0x0f,0x0f,0x0f,0x0f,0x0f,0x0f,0x0f,0x0e,0x0f,0x0f,0x0f,0x0f,0x0f,0x0f,
    0x0e,0x0e,0x0e,0x0f,0x0f,0x0f,0x0f,0x0e,0x0f,0x0f,0x0f,0x0f,0x0f,0x0f,0x0f,0x0f,
    0x0f,0x0e,0x0e,0x0e,0x0f,0x0f,0x0f,0x0f,0x0e,0x0f,0x0f,0x0f,0x0f,0x0f,0x0f,0x0f,
    0x0f,0x0f,0x0f,0x0f,0x0f,0x0f,0x0f,0x0f,0x0f,0x0f,0x0f,0x0f,0x0f,0x0f,0x0f,0x0f,
    0x0f,0x0f,0x0f,0x0f,0x0f,0x0f,0x0f,0x0f,0x0f,0x0e,0x0e,0x0e,0x0f,0x0f,0x0f,0x0f,
    0x0e,0x0e,0x0f,0x0f,0x0f,0x0f,0x0f,0x0e,0x0e,0x0e,0x0f,0x0f,0x0f,0x0f,0x0f,0x0e,
    0x0e,0x0f,0x0f,0x0f,0x0f,0x0e,0x0e,0x0e,0x0f,0x0f,0x0f,0x0f,0x0f,0x0e,0x0e,0x0f,
    0x0f,0x0f,0x0f,0x0e,0x0e,0x0e,0x0f,0x0f,0x0f,0x0f,0x0e,0x0e,0x0e,0x0f,0x0f,0x0f,
    0x0f,0x0f,0x0f,0x0f,0x0f,0x0f,0x0f,0x0f,0x0f,0x0f,0x0e,0x0e,0x0f,0x0f,0x0f,0x0f,
    0x0e,0x0e,0x0e,0x0f,0x0f,0x0f,0x0f,0x0f,0x0e,0x0e,0x0f,0x0f,0x0f,0x0f,0x0f,0x0f,
    0x0f,0x0e,0x0e,0x0e,0x0f,0x0f,0x0f,0x0f,0x0f,0x0e,0x0e,0x0f,0x0f,0x0f,0x0f,0x0f,
    0x0f,0x0f,0x0f,0x0f,0x0f,0x0f,0x0f,0x0f,0x0f,0x0f,0x0f,0x0f,0x0f,0x0f,0x0f,0x0f,
    0x0f,0x0f,0x0f,0x0f,0x0f,0x0f,0x0f,0x0f,0x0f,0x0e,0x0e,0x0e,0x0f,0x0f,0x0f,0x0f,
    0x0e,0x0e,0x0e,0x0f,0x0f,0x0f,0x0f,0x0e,0x0e,0x0e,0x0f,0x0f,0x0f,0x0f,0x0e,0x0e,
    0x0e,0x0f,0x0f,0x0f,0x0f,0x0e,0x0e,0x0e,0x0f,0x0f,0x0f,0x0f,0x0e,0x0e,0x0e,0x0f,
    0x0f,0x0f,0x0f,0x0e,0x0e,0x0e,0x0f,0x0f,0x0f,0x0f,0x0e,0x0e,0x0e,0x0f,0x0f,0x0f,
    0x0f,0x0f,0x0f,0x0f,0x0f,0x0f,0x0f,0x0f,0x0f,0x0e,0x0e,0x0e,0x0f,0x0f,0x0f,0x0f,
    0x0e,0x0e,0x0e,0x0f,0x0f,0x0f,0x0f,0x0e,0x0e,0x0e,0x0f,0x0f,0x0f,0x0f,0x0f,0x0f,
    0x0f,0x0e,0x0e,0x0e,0x0f,0x0f,0x0f,0x0f,0x0e,0x0e,0x0e,0x0f,0x0f,0x0f,0x0f,0x0f,
    0x0f,0x0f,0x0f,0x0f,0x0f,0x0f,0x0f,0x0f,0x0f,0x0f,0x0f,0x0f,0x0f,0x0f,0x0f,0x0f,
    0x0f,0x0f,0x0f,0x0f,0x0f,0x0f,0x0f,0x0f,0x0f,0x0e,0x0e,0x0f,0x0f,0x0f,0x0f,0x0f,
    0x0e,0x0e,0x0e,0x0f,0x0f,0x0f,0x0f,0x0e,0x0e,0x0f,0x0f,0x0f,0x0f,0x0f,0x0e,0x0e,
    0x0e,0x0f,0x0f,0x0f,0x0f,0x0e,0x0e,0x0f,0x0f,0x0f,0x0f,0x0f,0x0e,0x0e,0x0e,0x0f,
    0x0f,0x0f,0x0f,0x0f,0x0e,0x0e,0x0f,0x0f,0x0f,0x0f,0x0f,0x0e,0x0e,0x0f,0x0f,0x0f,
    0x0f,0x0f,0x0f,0x0f,0x0f,0x0f,0x0f,0x0f,0x0f,0x0e,0x0e,0x0e,0x0f,0x0f,0x0f,0x0f,
    0x0f,0x0e,0x0e,0x0f,0x0f,0x0f,0x0f,0x0e,0x0e,0x0e,0x0f,0x0f,0x0f,0x0f,0x0f,0x0f,
    0x0f,0x0f,0x0e,0x0e,0x0f,0x0f,0x0f,0x0f,0x0e,0x0e,0x0e,0x0f,0x0f,0x0f,0x0f,0x0f,
    0x0f,0x0f,0x0f,0x0f,0x0f,0x0f,0x0f,0x0f,0x0f,0x0f,0x0f,0x0f,0x0f,0x0f,0x0f,0x0f,
    0x0f,0x0f,0x0f,0x0f,0x0f,0x0f,0x0f,0x0f,0x0f,0x0e,0x0e,0x0e,0x0f,0x0f,0x0f,0x0f,
    0x0f,0x0f,0x0f,0x0f,0x0f,0x0f,0x0f,0x0e,0x0e,0x0e,0x0f,0x0f,0x0f,0x0f,0x0f,0x0f,
    0x0f,0x0f,0x0f,0x0f,0x0f,0x0e,0x0e,0x0e,0x0f,0x0f,0x0f,0x0f,0x0f,0x0f,0x0f,0x0f,
    0x0f,0x0f,0x0f,0x0e,0x0e,0x0e,0x0f,0x0f,0x0f,0x0f,0x0e,0x0e,0x0e,0x0f,0x0f,0x0f,
    0x0f,0x0f,0x0f,0x0f,0x0f,0x0f,0x0f,0x0f,0x0f,0x0f,0x0f,0x0f,0x0f,0x0f,0x0f,0x0f,
    0x0e,0x0e,0x0e,0x0f,0x0f,0x0f,0x0f,0x0f,0x0f,0x0f,0x0f,0x0f,0x0f,0x0f,0x0f,0x0f,
    0x0f,0x0e,0x0e,0x0e,0x0f,0x0f,0x0f,0x0f,0x0f,0x0f,0x0f,0x0f,0x0f,0x0f,0x0f,0x0f,
    0x0f,0x0f,0x0f,0x0f,0x0f,0x0f,0x0f,0x0f,0x0f,0x0f,0x0f,0x0f,0x0f,0x0f,0x0f,0x0f,
    0x0f,0x0f,0x0f,0x0f,0x0f,0x0f,0x0f,0x0f,0x0f,0x0e,0x0e,0x0e,0x0f,0x0f,0x0f,0x0f,
    0x0e,0x0e,0x0e,0x0f,0x0f,0x0f,0x0f,0x0e,0x0e,0x0e,0x0f,0x0f,0x0f,0x0f,0x0e,0x0e,
    0x0e,0x0f,0x0f,0x0f,0x0f,0x0e,0x0e,0x0e,0x0f,0x0f,0x0f,0x0f,0x0e,0x0e,0x0e,0x0f,
    0x0f,0x0f,0x0f,0x0e,0x0e,0x0e,0x0f,0x0f,0x0f,0x0f,0x0e,0x0e,0x0e,0x0f,0x0f,0x0f,
    0x0f,0x0f,0x0f,0x0f,0x0f,0x0f,0x0f,0x0f,0x0f,0x0e,0x0e,0x0e,0x0f,0x0f,0x0f,0x0f,
    0x0e,0x0e,0x0e,0x0f,0x0f,0x0f,0x0f,0x0e,0x0e,0x0e,0x0f,0x0f,0x0f,0x0f,0x0f,0x0f,
    0x0f,0x0e,0x0e,0x0e,0x0f,0x0f,0x0f,0x0f,0x0e,0x0e,0x0e,0x0f,0x0f,0x0f,0x0f,0x0f,
    0x0f,0x0f,0x0f,0x0f,0x0f,0x0f,0x0f,0x0f,0x0f,0x0f,0x0f,0x0f,0x0f,0x0f,0x0f,0x0f,
    0x0f,0x0f,0x0f,0x0f,0x0f,0x0f,0x0f,0x0f,0x0f,0x0e,0x0e,0x0e,0x0f,0x0f,0x0f,0x0f,
    0x0e,0x0e,0x0e,0x0f,0x0f,0x0f,0x0f,0x0e,0x0e,0x0e,0x0f,0x0f,0x0f,0x0f,0x0e,0x0e,
    0x0e,0x0f,0x0f,0x0f,0x0f,0x0e,0x0e,0x0e,0x0f,0x0f,0x0f,0x0f,0x0e,0x0e,0x0e,0x0f,
    0x0f,0x0f,0x0f,0x0e,0x0e,0x0e,0x0f,0x0f,0x0f,0x0f,0x0e,0x0e,0x0e,0x0f,0x0f,0x0f,
    0x0f,0x0f,0x0f,0x0f,0x0f,0x0f,0x0f,0x0f,0x0f,0x0e,0x0e,0x0e,0x0f,0x0f,0x0f,0x0f,
    0x0e,0x0e,0x0e,0x0f,0x0f,0x0f,0x0f,0x0e,0x0e,0x0e,0x0f,0x0f,0x0f,0x0f,0x0f,0x0f,
    0x0f,0x0e,0x0e,0x0e,0x0f,0x0f,0x0f,0x0f,0x0e,0x0e,0x0e,0x0f,0x0f,0x0f,0x0f,0x0f,
    0x0f,0x0f,0x0f,0x0f,0x0f,0x0f,0x0f,0x0f,0x0f,0x0f,0x0f,0x0f,0x0f,0x0f,0x0f,0x0f,
    0x0f,0x0f,0x0f,0x0f,0x0f,0x0f,0x0f,0x0f,0x0f,0x0e,0x0f,0x0f,0x0f,0x0f,0x0f,0x0f,
    0x0e,0x0e,0x0e,0x0f,0x0f,0x0f,0x0f,0x0e,0x0f,0x0f,0x0f,0x0f,0x0f,0x0f,0x0e,0x0e,
    0x0e,0x0f,0x0f,0x0f,0x0f,0x0e,0x0f,0x0f,0x0f,0x0f,0x0f,0x0f,0x0e,0x0e,0x0e,0x0f,
    0x0f,0x0f,0x0f,0x0f,0x0f,0x0e,0x0f,0x0f,0x0f,0x0f,0x0f,0x0f,0x0e,0x0f,0x0f,0x0f,
    0x0f,0x0f,0x0f,0x0f,0x0f,0x0f,0x0f,0x0f,0x0f,0x0e,0x0e,0x0e,0x0f,0x0f,0x0f,0x0f,
    0x0f,0x0f,0x0e,0x0f,0x0f,0x0f,0x0f,0x0e,0x0e,0x0e,0x0f,0x0f,0x0f,0x0f,0x0f,0x0f,
    0x0f,0x0f,0x0f,0x0e,0x0f,0x0f,0x0f,0x0f,0x0e,0x0e,0x0e,0x0f,0x0f,0x0f,0x0f,0x0f,
    0x0f,0x0f,0x0f,0x0f,0x0f,0x0f,0x0f,0x0f,0x0f,0x0f,0x0f,0x0f,0x0f,0x0f,0x0f,0x0f,
    0x0f,0x0f,0x0f,0x0f,0x0f,0x0f,0x0f,0x0f,0x0f,0x0e,0x0f,0x0f,0x0f,0x0f,0x0f,0x0f,
    0x0e,0x0e,0x0e,0x0f,0x0f,0x0f,0x0f,0x0e,0x0f,0x0f,0x0f,0x0f,0x0f,0x0f,0x0e,0x0e,
    0x0e,0x0f,0x0f,0x0f,0x0f,0x0e,0x0f,0x0f,0x0f,0x0f,0x0f,0x0f,0x0e,0x0e,0x0e,0x0f,
    0x0f,0x0f,0x0f,0x0f,0x0f,0x0e,0x0f,0x0f,0x0f,0x0f,0x0f,0x0f,0x0e,0x0f,0x0f,0x0f,
    0x0f,0x0f,0x0f,0x0f,0x0f,0x0f,0x0f,0x0f,0x0f,0x0e,0x0e,0x0e,0x0f,0x0f,0x0f,0x0f,
    0x0f,0x0f,0x0e,0x0f,0x0f,0x0f,0x0f,0x0e,0x0e,0x0e,0x0f,0x0f,0x0f,0x0f,0x0f,0x0f,
    0x0f,0x0f,0x0f,0x0e,0x0f,0x0f,0x0f,0x0f,0x0e,0x0e,0x0e,0x0f,0x0f,0x0f,0x0f,0x0f,
    0x0f,0x0f,0x0f,0x0f,0x0f,0x0f,0x0f,0x0f,0x0f,0x0f,0x0f,0x0f,0x0f,0x0f,0x0f,0x0f,
    0x0f,0x0f,0x0f,0x0f,0x0f,0x0f,0x0f,0x0f,0x0f,0x0e,0x0e,0x0e,0x0f,0x0f,0x0f,0x0f,
    0x0e,0x0e,0x0e,0x0f,0x0f,0x0f,0x0f,0x0e,0x0e,0x0e,0x0f,0x0f,0x0f,0x0f,0x0e,0x0e,
    0x0e,0x0f,0x0f,0x0f,0x0f,0x0e,0x0e,0x0e,0x0f,0x0f,0x0f,0x0f,0x0e,0x0e,0x0e,0x0f,
    0x0f,0x0f,0x0f,0x0e,0x0e,0x0e,0x0f,0x0f,0x0f,0x0f,0x0e,0x0e,0x0e,0x0f,0x0f,0x0f,
    0x0f,0x0e,0x0e,0x0e,0x0f,0x0f,0x0f,0x0f,0x0f,0x0e,0x0e,0x0e,0x0f,0x0f,0x0f,0x0f,
    0x0e,0x0e,0x0e,0x0f,0x0f,0x0f,0x0f,0x0e,0x0e,0x0e,0x0f,0x0f,0x0f,0x0f,0x0f,0x0f,
    0x0f,0x0e,0x0e,0x0e,0x0f,0x0f,0x0f,0x0f,0x0e,0x0e,0x0e,0x0f,0x0f,0x0f,0x0f,0x0f,
    0x0f,0x0f,0x0f,0x0f,0x0f,0x0f,0x0f,0x0f,0x0f,0x0f,0x0f,0x0f,0x0f,0x0f,0x0f,0x0f,
    0x0f,0x0f,0x0f,0x0f,0x0f,0x0f,0x0f,0x0f,0x0f,0x0e,0x0e,0x0e,0x0f,0x0f,0x0f,0x0f,
    0x0e,0x0e,0x0e,0x0f,0x0f,0x0f,0x0f,0x0e,0x0e,0x0e,0x0f,0x0f,0x0f,0x0f,0x0e,0x0e,
    0x0e,0x0f,0x0f,0x0f,0x0f,0x0e,0x0e,0x0e,0x0f,0x0f,0x0f,0x0f,0x0e,0x0e,0x0e,0x0f,
    0x0f,0x0f,0x0f,0x0e,0x0e,0x0e,0x0f,0x0f,0x0f,0x0f,0x0e,0x0e,0x0e,0x0f,0x0f,0x0f,
    0x0f,0x0e,0x0e,0x0e,0x0f,0x0f,0x0f,0x0f,0x0f,0x0e,0x0e,0x0e,0x0f,0x0f,0x0f,0x0f,
    0x0e,0x0e,0x0e,0x0f,0x0f,0x0f,0x0f,0x0e,0x0e,0x0e,0x0f,0x0f,0x0f,0x0f,0x0f,0x0f,
    0x0f,0x0f,0x0f,0x0f,0x0f,0x0f,0x0f,0x0f,0x0f,0x0f,0x0f,0x0f,0x0f,0x0f,0x0f,0x0f,
    0x0f,0x0f,0x0f,0x0f,0x0f,0x0f,0x0f,0x0f,0x0f,0x0f,0x0f,0x0f,0x0f,0x0f,0x0f,0x0f,
    0x0f,0x0f,0x0f,0x0f,0x0f,0x0f,0x0f,0x0f,0x0f,0x0e,0x0e,0x0e,0x0f,0x0f,0x0f,0x0f,
    0x0e,0x0f,0x0f,0x0f,0x0f,0x0f,0x0f,0x0e,0x0e,0x0e,0x0f,0x0f,0x0f,0x0f,0x0f,0x0f,
    0x0e,0x0f,0x0f,0x0f,0x0f,0x0e,0x0e,0x0e,0x0f,0x0f,0x0f,0x0f,0x0f,0x0f,0x0e,0x0f,
    0x0f,0x0f,0x0f,0x0e,0x0e,0x0e,0x0f,0x0f,0x0f,0x0f,0x0e,0x0e,0x0e,0x0f,0x0f,0x0f,
    0x0f,0x0e,0x0e,0x0e,0x0f,0x0f,0x0f,0x0f,0x0f,0x0f,0x0f,0x0e,0x0f,0x0f,0x0f,0x0f,
    0x0e,0x0e,0x0e,0x0f,0x0f,0x0f,0x0f,0x0f,0x0f,0x0e,0x0f,0x0f,0x0f,0x0f,0x0f,0x0f,
    0x0f,0x0f,0x0f,0x0f,0x0f,0x0f,0x0f,0x0f,0x0f,0x0f,0x0f,0x0f,0x0f,0x0f,0x0f,0x0f,
    0x0f,0x0f,0x0f,0x0f,0x0f,0x0f,0x0f,0x0f,0x0f,0x0f,0x0f,0x0f,0x0f,0x0f,0x0f,0x0f,
    0x0f,0x0f,0x0f,0x0f,0x0f,0x0f,0x0f,0x0f,0x0f,0x0e,0x0e,0x0e,0x0f,0x0f,0x0f,0x0f,
    0x0e,0x0f,0x0f,0x0f,0x0f,0x0f,0x0f,0x0e,0x0e,0x0e,0x0f,0x0f,0x0f,0x0f,0x0f,0x0f,
    0x0e,0x0f,0x0f,0x0f,0x0f,0x0e,0x0e,0x0e,0x0f,0x0f,0x0f,0x0f,0x0f,0x0f,0x0e,0x0f,
    0x0f,0x0f,0x0f,0x0e,0x0e,0x0e,0x0f,0x0f,0x0f,0x0f,0x0e,0x0e,0x0e,0x0f,0x0f,0x0f,
    0x0f,0x0e,0x0e,0x0e,0x0f,0x0f,0x0f,0x0f,0x0f,0x0f,0x0f,0x0e,0x0f,0x0f,0x0f,0x0f,
    0x0e,0x0e,0x0e,0x0f,0x0f,0x0f,0x0f,0x0f,0x0f,0x0e,0x0f,0x0f,0x0f,0x0f,0x0f,0x0f,
    0x0f,0x0f,0x0f,0x0f,0x0f,0x0f,0x0f,0x0f,0x0f,0x0f,0x0f,0x0f,0x0f,0x0f,0x0f,0x0f,
    0x0f,0x0f,0x0f,0x0f,0x0f,0x0f,0x0f,0x0f,0x0f,0x0f,0x0f,0x0f,0x0f,0x0f,0x0f,0x0f,
    0x0f,0x0f,0x0f,0x0f,0x0f,0x0f,0x0f,0x0f,0x0f,0x0e,0x0e,0x0e,0x0f,0x0f,0x0f,0x0f,
    0x0e,0x0e,0x0e,0x0f,0x0f,0x0f,0x0f,0x0e,0x0e,0x0e,0x0f,0x0f,0x0f,0x0f,0x0e,0x0e,
    0x0e,0x0f,0x0f,0x0f,0x0f,0x0e,0x0e,0x0e,0x0f,0x0f,0x0f,0x0f,0x0e,0x0e,0x0e,0x0f,
    0x0f,0x0f,0x0f,0x0e,0x0e,0x0e,0x0f,0x0f,0x0f,0x0f,0x0e,0x0e,0x0e,0x0f,0x0f,0x0f,
    0x0f,0x0e,0x0e,0x0e,0x0f,0x0f,0x0f,0x0f,0x0f,0x0e,0x0e,0x0e,0x0f,0x0f,0x0f,0x0f,
    0x0e,0x0e,0x0e,0x0f,0x0f,0x0f,0x0f,0x0e,0x0e,0x0e,0x0f,0x0f,0x0f,0x0f,0x0f,0x0f,
    0x0f,0x0f,0x0f,0x0f,0x0f,0x0f,0x0f,0x0f,0x0f,0x0f,0x0f,0x0f,0x0f,0x0f,0x0f,0x0f,
    0x0f,0x0f,0x0f,0x0f,0x0f,0x0f,0x0f,0x0f,0x0f,0x0f,0x0f,0x0f,0x0f,0x0f,0x0f,0x0f,
    0x0f,0x0f,0x0f,0x0f,0x0f,0x0f,0x0f,0x0f,0x0f,0x0e,0x0e,0x0e,0x0f,0x0f,0x0f,0x0f,
    0x0e,0x0e,0x0e,0x0f,0x0f,0x0f,0x0f,0x0e,0x0e,0x0e,0x0f,0x0f,0x0f,0x0f,0x0e,0x0e,
    0x0e,0x0f,0x0f,0x0f,0x0f,0x0e,0x0e,0x0e,0x0f,0x0f,0x0f,0x0f,0x0e,0x0e,0x0e,0x0f,
    0x0f,0x0f,0x0f,0x0e,0x0e,0x0e,0x0f,0x0f,0x0f,0x0f,0x0e,0x0e,0x0e,0x0f,0x0f,0x0f,
    0x0f,0x0e,0x0e,0x0e,0x0f,0x0f,0x0f,0x0f,0x0f,0x0e,0x0e,0x0e,0x0f,0x0f,0x0f,0x0f,
    0x0e,0x0e,0x0e,0x0f,0x0f,0x0f,0x0f,0x0e,0x0e,0x0e,0x0f,0x0f,0x0f,0x0f,0x0f,0x0f,
    0x0f,0x0f,0x0f,0x0f,0x0f,0x0f,0x0f,0x0f,0x0f,0x0f,0x0f,0x0f,0x0f,0x0f,0x0f,0x0f,
    0x0f,0x0f,0x0f,0x0f,0x0f,0x0f,0x0f,0x0f,0x0f,0x0f,0x0f,0x0f,0x0f,0x0f,0x0f,0x0f,
    0x0f,0x0f,0x0f,0x0f,0x0f,0x0f,0x0f,0x0f,0x0f,0x0f,0x0f,0x0f,0x0f,0x0f,0x0f,0x0f,
    0x0e,0x0e,0x0e,0x0f,0x0f,0x0f,0x0f,0x0f,0x0f,0x0f,0x0f,0x0f,0x0f,0x0f,0x0e,0x0e,
    0x0e,0x0f,0x0f,0x0f,0x0f,0x0f,0x0f,0x0f,0x0f,0x0f,0x0f,0x0f,0x0e,0x0e,0x0e,0x0f,
    0x0f,0x0f,0x0f,0x0f,0x0f,0x0f,0x0f,0x0f,0x0f,0x0f,0x0f,0x0f,0x0f,0x0f,0x0f,0x0f,
    0x0f,0x0f,0x0f,0x0f,0x0f,0x0f,0x0f,0x0f,0x0f,0x0e,0x0e,0x0e,0x0f,0x0f,0x0f,0x0f,
    0x0f,0x0f,0x0f,0x0f,0x0f,0x0f,0x0f,0x0e,0x0e,0x0e,0x0f,0x0f,0x0f,0x0f,0x0f,0x0f,
    0x0f,0x0f,0x0f,0x0f,0x0f,0x0f,0x0f,0x0f,0x0f,0x0f,0x0f,0x0f,0x0f,0x0f,0x0f,0x0f,
    0x0f,0x0f,0x0f,0x0f,0x0f,0x0f,0x0f,0x0f,0x0f,0x0f,0x0f,0x0f,0x0f,0x0f,0x0f,0x0f,
    0x0f,0x0f,0x0f,0x0f,0x0f,0x0f,0x0f,0x0f,0x0f,0x0e,0x0e,0x0e,0x0f,0x0f,0x0f,0x0f,
    0x0e,0x0e,0x0f,0x0f,0x0f,0x0f,0x0f,0x0e,0x0e,0x0e,0x0f,0x0f,0x0f,0x0f,0x0f,0x0e,
    0x0e,0x0f,0x0f,0x0f,0x0f,0x0e,0x0e,0x0e,0x0f,0x0f,0x0f,0x0f,0x0f,0x0e,0x0e,0x0f,
    0x0f,0x0f,0x0f,0x0e,0x0e,0x0e,0x0f,0x0f,0x0f,0x0f,0x0e,0x0e,0x0e,0x0f,0x0f,0x0f,
    0x0f,0x0e,0x0e,0x0e,0x0f,0x0f,0x0f,0x0f,0x0f,0x0f,0x0e,0x0e,0x0f,0x0f,0x0f,0x0f,
    0x0e,0x0e,0x0e,0x0f,0x0f,0x0f,0x0f,0x0f,0x0e,0x0e,0x0f,0x0f,0x0f,0x0f,0x0f,0x0f,
    0x0f,0x0f,0x0f,0x0f,0x0f,0x0f,0x0f,0x0f,0x0f,0x0f,0x0f,0x0f,0x0f,0x0f,0x0f,0x0f,
    0x0f,0x0f,0x0f,0x0f,0x0f,0x0f,0x0f,0x0f,0x0f,0x0f,0x0f,0x0f,0x0f,0x0f,0x0f,0x0f,
    0x0f,0x0f,0x0f,0x0f,0x0f,0x0f,0x0f,0x0f,0x0f,0x0e,0x0e,0x0e,0x0f,0x0f,0x0f,0x0f,
    0x0e,0x0e,0x0e,0x0f,0x0f,0x0f,0x0f,0x0e,0x0e,0x0e,0x0f,0x0f,0x0f,0x0f,0x0e,0x0e,
    0x0e,0x0f,0x0f,0x0f,0x0f,0x0e,0x0e,0x0e,0x0f,0x0f,0x0f,0x0f,0x0e,0x0e,0x0e,0x0f,
    0x0f,0x0f,0x0f,0x0e,0x0e,0x0e,0x0f,0x0f,0x0f,0x0f,0x0e,0x0e,0x0e,0x0f,0x0f,0x0f,
    0x0f,0x0e,0x0e,0x0e,0x0f,0x0f,0x0f,0x0f,0x0f,0x0e,0x0e,0x0e,0x0f,0x0f,0x0f,0x0f,
    0x0e,0x0e,0x0e,0x0f,0x0f,0x0f,0x0f,0x0e,0x0e,0x0e,0x0f,0x0f,0x0f,0x0f,0x0f,0x0f,
    0x0f,0x0f,0x0f,0x0f,0x0f,0x0f,0x0f,0x0f,0x0f,0x0f,0x0f,0x0f,0x0f,0x0f,0x0f,0x0f,
    0x0f,0x0f,0x0f,0x0f,0x0f,0x0f,0x0f,0x0f,0x0f,0x0f,0x0f,0x0f,0x0f,0x0f,0x0f,0x0f,
    0x0f,0x0f,0x0f,0x0f,0x0f,0x0f,0x0f,0x0f,0x0f,0x0e,0x0e,0x0f,0x0f,0x0f,0x0f,0x0f,
    0x0e,0x0e,0x0e,0x0f,0x0f,0x0f,0x0f,0x0e,0x0e,0x0f,0x0f,0x0f,0x0f,0x0f,0x0e,0x0e,
    0x0e,0x0f,0x0f,0x0f,0x0f,0x0e,0x0e,0x0f,0x0f,0x0f,0x0f,0x0f,0x0e,0x0e,0x0e,0x0f,
    0x0f,0x0f,0x0f,0x0f,0x0e,0x0e,0x0f,0x0f,0x0f,0x0f,0x0f,0x0e,0x0e,0x0f,0x0f,0x0f,
    0x0f,0x0f,0x0e,0x0e,0x0f,0x0f,0x0f,0x0f,0x0f,0x0e,0x0e,0x0e,0x0f,0x0f,0x0f,0x0f,
    0x0f,0x0e,0x0e,0x0f,0x0f,0x0f,0x0f,0x0e,0x0e,0x0e,0x0f,0x0f,0x0f,0x0f,0x0f,0x0f,
    0x0f,0x0f,0x0f,0x0f,0x0f,0x0f,0x0f,0x0f,0x0f,0x0f,0x0f,0x0f,0x0f,0x0f,0x0f,0x0f,
    0x0f,0x0f,0x0f,0x0f,0x0f,0x0f,0x0f,0x0f,0x0f,0x0f,0x0f,0x0f,0x0f,0x0f,0x0f,0x0f,
    0x0f,0x0f,0x0f,0x0f,0x0f,0x0f,0x0f,0x0f,0x0f,0x0f,0x0f,0x0e,0x0f,0x0f,0x0f,0x0f,
    0x0e,0x0e,0x0e,0x0f,0x0f,0x0f,0x0f,0x0f,0x0f,0x0e,0x0f,0x0f,0x0f,0x0f,0x0e,0x0e,
    0x0e,0x0f,0x0f,0x0f,0x0f,0x0f,0x0f,0x0e,0x0f,0x0f,0x0f,0x0f,0x0e,0x0e,0x0e,0x0f,
    0x0f,0x0f,0x0f,0x0e,0x0f,0x0f,0x0f,0x0f,0x0f,0x0f,0x0e,0x0f,0x0f,0x0f,0x0f,0x0f,
    0x0f,0x0e,0x0f,0x0f,0x0f,0x0f,0x0f,0x0f,0x0f,0x0e,0x0e,0x0e,0x0f,0x0f,0x0f,0x0f,
    0x0e,0x0f,0x0f,0x0f,0x0f,0x0f,0x0f,0x0e,0x0e,0x0e,0x0f,0x0f,0x0f,0x0f,0x0f,0x0f,
    0x0f,0x0f,0x0f,0x0f,0x0f,0x0f,0x0f,0x0f,0x0f,0x0f,0x0f,0x0f,0x0f,0x0f,0x0f,0x0f,
    0x0f,0x0f,0x0f,0x0f,0x0f,0x0f,0x0f,0x0f,0x0f,0x0f,0x0f,0x0f,0x0f,0x0f,0x0f,0x0f,
    0x0f,0x0f,0x0f,0x0f,0x0f,0x0f,0x0f,0x0f,0x0f,0x0e,0x0e,0x0e,0x0f,0x0f,0x0f,0x0f,
    0x0e,0x0f,0x0e,0x0f,0x0f,0x0f,0x0f,0x0e,0x0e,0x0e,0x0f,0x0f,0x0f,0x0f,0x0e,0x0f,
    0x0e,0x0f,0x0f,0x0f,0x0f,0x0e,0x0e,0x0e,0x0f,0x0f,0x0f,0x0f,0x0e,0x0f,0x0e,0x0f,
    0x0f,0x0f,0x0f,0x0e,0x0e,0x0e,0x0f,0x0f,0x0f,0x0f,0x0e,0x0e,0x0e,0x0f,0x0f,0x0f,
    0x0f,0x0e,0x0e,0x0e,0x0f,0x0f,0x0f,0x0f,0x0f,0x0e,0x0f,0x0e,0x0f,0x0f,0x0f,0x0f,
    0x0e,0x0e,0x0e,0x0f,0x0f,0x0f,0x0f,0x0e,0x0f,0x0e,0x0f,0x0f,0x0f,0x0f,0x0f,0x0f,
    0x0f,0x0f,0x0f,0x0f,0x0f,0x0f,0x0f,0x0f,0x0f,0x0f,0x0f,0x0f,0x0f,0x0f,0x0f,0x0f,
    0x0f,0x0f,0x0f,0x0f,0x0f,0x0f,0x0f,0x0f,0x0f,0x0f,0x0f,0x0f,0x0f,0x0f,0x0f,0x0f,
    0x0f,0x0f,0x0f,0x0f,0x0f,0x0f,0x0f,0x0f,0x0f,0x0e,0x0e,0x0e,0x0f,0x0f,0x0f,0x0f,
    0x0f,0x0f,0x0f,0x0f,0x0f,0x0f,0x0f,0x0e,0x0e,0x0e,0x0f,0x0f,0x0f,0x0f,0x0f,0x0f,
    0x0f,0x0f,0x0f,0x0f,0x0f,0x0e,0x0e,0x0e,0x0f,0x0f,0x0f,0x0f,0x0f,0x0f,0x0f,0x0f,
    0x0f,0x0f,0x0f,0x0e,0x0e,0x0e,0x0f,0x0f,0x0f,0x0f,0x0e,0x0e,0x0e,0x0f,0x0f,0x0f,
    0x0f,0x0e,0x0e,0x0e,0x0f,0x0f,0x0f,0x0f,0x0f,0x0f,0x0f,0x0f,0x0f,0x0f,0x0f,0x0f,
    0x0e,0x0e,0x0e,0x0f,0x0f,0x0f,0x0f,0x0f,0x0f,0x0f,0x0f,0x0f,0x0f,0x0f,0x0f,0x0f,
    0x0f,0x0f,0x0f,0x0f,0x0f,0x0f,0x0f,0x0f,0x0f,0x0f,0x0f,0x0f,0x0f,0x0f,0x0f,0x0f,
    0x0f,0x0f,0x0f,0x0f,0x0f,0x0f,0x0f,0x0f,0x0f,0x0f,0x0f,0x0f,0x0f,0x0f,0x0f,0x0f,
    0x0f,0x0f,0x0f,0x0f,0x0f,0x0f,0x0f,0x0f,0x0f,0x0e,0x0e,0x0e,0x0f,0x0f,0x0f,0x0f,
    0x0e,0x0e,0x0e,0x0f,0x0f,0x0f,0x0f,0x0e,0x0e,0x0e,0x0f,0x0f,0x0f,0x0f,0x0e,0x0e,
    0x0e,0x0f,0x0f,0x0f,0x0f,0x0e,0x0e,0x0e,0x0f,0x0f,0x0f,0x0f,0x0e,0x0e,0x0e,0x0f,
    0x0f,0x0f,0x0f,0x0e,0x0e,0x0e,0x0f,0x0f,0x0f,0x0f,0x0e,0x0e,0x0e,0x0f,0x0f,0x0f,
    0x0f,0x0e,0x0e,0x0e,0x0f,0x0f,0x0f,0x0f,0x0f,0x0e,0x0e,0x0e,0x0f,0x0f,0x0f,0x0f,
    0x0e,0x0e,0x0e,0x0f,0x0f,0x0f,0x0f,0x0e,0x0e,0x0e,0x0f,0x0f,0x0f,0x0f,0x0f,0x0f,
    0x0f,0x0f,0x0f,0x0f,0x0f,0x0f,0x0f,0x0f,0x0f,0x0f,0x0f,0x0f,0x0f,0x0f,0x0f,0x0f,
    0x0f,0x0f,0x0f,0x0f,0x0f,0x0f,0x0f,0x0f,0x0f,0x0f,0x0f,0x0f,0x0f,0x0f,0x0f,0x0f,
    0x0f,0x0f,0x0f,0x0f,0x0f,0x0f,0x0f,0x0f,0x0f,0x0e,0x0e,0x0e,0x0f,0x0f,0x0f,0x0f,
    0x0e,0x0e,0x0e,0x0f,0x0f,0x0f,0x0f,0x0e,0x0e,0x0e,0x0f,0x0f,0x0f,0x0f,0x0e,0x0e,
    0x0e,0x0f,0x0f,0x0f,0x0f,0x0e,0x0e,0x0e,0x0f,0x0f,0x0f,0x0f,0x0e,0x0e,0x0e,0x0f,
    0x0f,0x0f,0x0f,0x0e,0x0e,0x0e,0x0f,0x0f,0x0f,0x0f,0x0e,0x0e,0x0e,0x0f,0x0f,0x0f,
    0x0f,0x0e,0x0e,0x0e,0x0f,0x0f,0x0f,0x0f,0x0f,0x0e,0x0e,0x0e,0x0f,0x0f,0x0f,0x0f,
    0x0e,0x0e,0x0e,0x0f,0x0f,0x0f,0x0f,0x0e,0x0e,0x0e,0x0f,0x0f,0x0f,0x0f,0x0f,0x0f,
    0x0f,0x0f,0x0f,0x0f,0x0f,0x0f,0x0f,0x0f,0x0f,0x0f,0x0f,0x0f,0x0f,0x0f,0x0f,0x0f,
    0x0f,0x0f,0x0f,0x0f,0x0f,0x0f,0x0f,0x0f,0x0f,0x0f,0x0f,0x0f,0x0f,0x0f,0x0f,0x0f,
    0x0f,0x0f,0x0f,0x0f,0x0f,0x0f,0x0f,0x0f,0x0f,0x0e,0x0e,0x0e,0x0f,0x0f,0x0f,0x0f,
    0x0e,0x0e,0x0e,0x0f,0x0f,0x0f,0x0f,0x0e,0x0e,0x0e,0x0f,0x0f,0x0f,0x0f,0x0e,0x0e,
    0x0e,0x0f,0x0f,0x0f,0x0f,0x0e,0x0e,0x0e,0x0f,0x0f,0x0f,0x0f,0x0e,0x0e,0x0e,0x0f,
    0x0f,0x0f,0x0f,0x0e,0x0e,0x0e,0x0f,0x0f,0x0f,0x0f,0x0e,0x0e,0x0e,0x0f,0x0f,0x0f,
    0x0f,0x0e,0x0e,0x0e,0x0f,0x0f,0x0f,0x0f,0x0f,0x0e,0x0e,0x0e,0x0f,0x0f,0x0f,0x0f,
    0x0e,0x0e,0x0e,0x0f,0x0f,0x0f,0x0f,0x0e,0x0e,0x0e,0x0f,0x0f,0x0f,0x0f,0x0f,0x0f,
    0x0f,0x0f,0x0f,0x0f,0x0f,0x0f,0x0f,0x0f,0x0f,0x0f,0x0f,0x0f,0x0f,0x0f,0x0f,0x0f,
    0x0f,0x0f,0x0f,0x0f,0x0f,0x0f,0x0f,0x0f,0x0f,0x0f,0x0f,0x0f,0x0f,0x0f,0x0f,0x0f,
    0x0f,0x0f,0x0f,0x0f,0x0f,0x0f,0x0f,0x0f,0x0f,0x0f,0x0f,0x0f,0x0f,0x0f,0x0f,0x0f,
    0x0e,0x0b,0x0e,0x0f,0x0f,0x0f,0x0f,0x0f,0x0f,0x0f,0x0f,0x0f,0x0f,0x0f,0x0e,0x0f,
    0x0e,0x0f,0x0f,0x0f,0x0f,0x0f,0x0f,0x0f,0x0f,0x0f,0x0f,0x0f,0x0e,0x0f,0x0e,0x0f,
    0x0f,0x0f,0x0f,0x0f,0x0f,0x0f,0x0f,0x0f,0x0f,0x0f,0x0f,0x0f,0x0f,0x0f,0x0f,0x0f,
    0x0f,0x0f,0x0f,0x0f,0x0f,0x0f,0x0f,0x0f,0x0f,0x0e,0x0f,0x0e,0x0f,0x0f,0x0f,0x0f,
    0x0f,0x0f,0x0f,0x0f,0x0f,0x0f,0x0f,0x0e,0x0f,0x0e,0x0f,0x0f,0x0f,0x0f,0x0f,0x0f,
    0x0f,0x0f,0x0f,0x0f,0x0f,0x0f,0x0f,0x0f,0x0f,0x0f,0x0f,0x0f,0x0f,0x0f,0x0f,0x0f,
    0x0f,0x0f,0x0f,0x0f,0x0f,0x0f,0x0f,0x0f,0x0f,0x0f,0x0f,0x0f,0x0f,0x0f,0x0f,0x0f,
    0x0f,0x0f,0x0f,0x0f,0x0f,0x0f,0x0f,0x0f,0x0f,0x0e,0x0e,0x0e,0x0f,0x0f,0x0f,0x0f,
    0x0e,0x0e,0x0e,0x0f,0x0f,0x0f,0x0f,0x0e,0x0e,0x0e,0x0f,0x0f,0x0f,0x0f,0x0e,0x0e,
    0x0e,0x0f,0x0f,0x0f,0x0f,0x0e,0x0e,0x0e,0x0f,0x0f,0x0f,0x0f,0x0e,0x0e,0x0e,0x0f,
    0x0f,0x0f,0x0f,0x0e,0x0e,0x0e,0x0f,0x0f,0x0f,0x0f,0x0e,0x0e,0x0e,0x0f,0x0f,0x0f,
    0x0f,0x0e,0x0e,0x0e,0x0f,0x0f,0x0f,0x0f,0x0f,0x0e,0x0e,0x0e,0x0f,0x0f,0x0f,0x0f,
    0x0e,0x0e,0x0e,0x0f,0x0f,0x0f,0x0f,0x0e,0x0e,0x0e,0x0f,0x0f,0x0f,0x0f,0x0f,0x0f,
    0x0f,0x0f,0x0f,0x0f,0x0f,0x0f,0x0f,0x0f,0x0f,0x0f,0x0f,0x0f,0x0f,0x0f,0x0f,0x0f,
    0x0f,0x0f,0x0f,0x0f,0x0f,0x0f,0x0f,0x0f,0x0f,0x0f,0x0f,0x0f,0x0f,0x0f,0x0f,0x0f,
    0x0f,0x0f,0x0f,0x0f,0x0f,0x0f,0x0f,0x0f,0x0f,0x0e,0x0e,0x0e,0x0f,0x0f,0x0f,0x0f,
    0x0f,0x0b,0x0e,0x0f,0x0f,0x0f,0x0f,0x0e,0x0e,0x0e,0x0f,0x0f,0x0f,0x0f,0x0e,0x0f,
    0x0f,0x0f,0x0f,0x0f,0x0f,0x0e,0x0e,0x0e,0x0f,0x0f,0x0f,0x0f,0x0e,0x0f,0x0f,0x0f,
    0x0f,0x0f,0x0f,0x0e,0x0e,0x0e,0x0f,0x0f,0x0f,0x0f,0x0e,0x0e,0x0e,0x0f,0x0f,0x0f,
    0x0f,0x0e,0x0e,0x0e,0x0f,0x0f,0x0f,0x0f,0x0f,0x0e,0x0f,0x0f,0x0f,0x0f,0x0f,0x0f,
    0x0e,0x0e,0x0e,0x0f,0x0f,0x0f,0x0f,0x0e,0x0f,0x0f,0x0f,0x0f,0x0f,0x0f,0x0f,0x0f,
    0x0f,0x0f,0x0f,0x0f,0x0f,0x0f,0x0f,0x0f,0x0f,0x0f,0x0f,0x0f,0x0f,0x0f,0x0f,0x0f,
    0x0f,0x0f,0x0f,0x0f,0x0f,0x0f,0x0f,0x0f,0x0f,0x0f,0x0f,0x0f,0x0f,0x0f,0x0f,0x0f,
    0x0f,0x0f,0x0f,0x0f,0x0f,0x0f,0x0f,0x0f,0x0f,0x0f,0x0f,0x0f,0x0f,0x0f,0x0f,0x0f,
    0x0e,0x0e,0x0e,0x0f,0x0f,0x0f,0x0f,0x0f,0x0f,0x0f,0x0f,0x0f,0x0f,0x0f,0x0e,0x0e,
    0x0e,0x0f,0x0f,0x0f,0x0f,0x0f,0x0f,0x0f,0x0f,0x0f,0x0f,0x0f,0x0e,0x0e,0x0e,0x0f,
    0x0f,0x0f,0x0f,0x0f,0x0f,0x0f,0x0f,0x0f,0x0f,0x0f,0x0f,0x0f,0x0f,0x0f,0x0f,0x0f,
    0x0f,0x0f,0x0f,0x0f,0x0f,0x0f,0x0f,0x0f,0x0f,0x0e,0x0e,0x0e,0x0f,0x0f,0x0f,0x0f,
    0x0f,0x0f,0x0f,0x0f,0x0f,0x0f,0x0f,0x0e,0x0e,0x0e,0x0f,0x0f,0x0f,0x0f,0x0f,0x0f,
    0x0f,0x0f,0x0f,0x0f,0x0f,0x0f,0x0f,0x0f,0x0f,0x0f,0x0f,0x0f,0x0f,0x0f,0x0f,0x0f,
    0x0f,0x0f,0x0f,0x0f,0x0f,0x0f,0x0f,0x0f,0x0f,0x0f,0x0f,0x0f,0x0f,0x0f,0x0f,0x0f,
    0x0f,0x0f,0x0f,0x0f,0x0f,0x0f,0x0f,0x0f,0x0f,0x0e,0x0e,0x0e,0x0f,0x0f,0x0f,0x0f,
    0x0e,0x0b,0x0e,0x0f,0x0f,0x0f,0x0f,0x0e,0x0e,0x0e,0x0f,0x0f,0x0f,0x0f,0x0e,0x0e,
    0x0e,0x0f,0x0f,0x0f,0x0f,0x0e,0x0e,0x0e,0x0f,0x0f,0x0f,0x0f,0x0e,0x0e,0x0e,0x0f,
    0x0f,0x0f,0x0f,0x0e,0x0e,0x0e,0x0f,0x0f,0x0f,0x0f,0x0e,0x0e,0x0e,0x0f,0x0f,0x0f,
    0x0f,0x0e,0x0e,0x0e,0x0f,0x0f,0x0f,0x0f,0x0f,0x0e,0x0e,0x0e,0x0f,0x0f,0x0f,0x0f,
    0x0e,0x0e,0x0e,0x0f,0x0f,0x0f,0x0f,0x0e,0x0e,0x0e,0x0f,0x0f,0x0f,0x0f,0x0f,0x0f,
    0x0f,0x0f,0x0f,0x0f,0x0f,0x0f,0x0f,0x0f,0x0f,0x0f,0x0f,0x0f,0x0f,0x0f,0x0f,0x0f,
    0x0f,0x0f,0x0f,0x0f,0x0f,0x0f,0x0f,0x0f,0x0f,0x0f,0x0f,0x0f,0x0f,0x0f,0x0f,0x0f,
    0x0f,0x0f,0x0f,0x0f,0x0f,0x0f,0x0f,0x0f,0x0f,0x0e,0x0e,0x0e,0x0f,0x0f,0x0f,0x0f,
    0x0b,0x0f,0x0b,0x0f,0x0f,0x0f,0x0f,0x0e,0x0e,0x0e,0x0f,0x0f,0x0f,0x0f,0x0e,0x0f,
    0x0e,0x0f,0x0f,0x0f,0x0f,0x0e,0x0e,0x0e,0x0f,0x0f,0x0f,0x0f,0x0e,0x0f,0x0e,0x0f,
    0x0f,0x0f,0x0f,0x0e,0x0e,0x0e,0x0f,0x0f,0x0f,0x0f,0x0e,0x0e,0x0e,0x0f,0x0f,0x0f,
    0x0f,0x0e,0x0e,0x0e,0x0f,0x0f,0x0f,0x0f,0x0f,0x0e,0x0f,0x0e,0x0f,0x0f,0x0f,0x0f,
    0x0e,0x0e,0x0e,0x0f,0x0f,0x0f,0x0f,0x0e,0x0f,0x0e,0x0f,0x0f,0x0f,0x0f,0x0f,0x0f,
    0x0f,0x0f,0x0f,0x0f,0x0f,0x0f,0x0f,0x0f,0x0f,0x0f,0x0f,0x0f,0x0f,0x0f,0x0f,0x0f,
    0x0f,0x0f,0x0f,0x0f,0x0f,0x0f,0x0f,0x0f,0x0f,0x0f,0x0f,0x0f,0x0f,0x0f,0x0f,0x0f,
    0x0f,0x0f,0x0f,0x0f,0x0f,0x0f,0x0f,0x0f,0x0f,0x0f,0x0f,0x0f,0x0f,0x0f,0x0f,0x0f,
    0x0e,0x0e,0x0e,0x0f,0x0f,0x0f,0x0f,0x0f,0x0f,0x0f,0x0f,0x0f,0x0f,0x0f,0x0f,0x0f,
    0x0f,0x0f,0x0f,0x0f,0x0f,0x0f,0x0f,0x0f,0x0f,0x0f,0x0f,0x0f,0x0f,0x0f,0x0f,0x0f,
    0x0f,0x0f,0x0f,0x0f,0x0f,0x0f,0x0f,0x0f,0x0f,0x0f,0x0f,0x0f,0x0f,0x0f,0x0f,0x0f,
    0x0f,0x0f,0x0f,0x0f,0x0f,0x0f,0x0f,0x0f,0x0f,0x0f,0x0f,0x0f,0x0f,0x0f,0x0f,0x0f,
    0x0f,0x0f,0x0f,0x0f,0x0f,0x0f,0x0f,0x0f,0x0f,0x0f,0x0f,0x0f,0x0f,0x0f,0x0f,0x0f,
    0x0f,0x0f,0x0f,0x0f,0x0f,0x0f,0x0f,0x0f,0x0f,0x0f,0x0f,0x0f,0x0f,0x0f,0x0f,0x0f,
    0x0f,0x0f,0x0f,0x0f,0x0f,0x0f,0x0f,0x0f,0x0f,0x0f,0x0f,0x0f,0x0f,0x0f,0x0f,0x0f,
    0x0f,0x0f,0x0f,0x0f,0x0f,0x0f,0x0f,0x0f,0x0f,0x0e,0x0e,0x0e,0x0f,0x0f,0x0f,0x0f,
    0x0f,0x0e,0x0f,0x0f,0x0f,0x0f,0x0f,0x0e,0x0e,0x0e,0x0f,0x0f,0x0f,0x0f,0x0e,0x0e,
    0x0e,0x0f,0x0f,0x0f,0x0f,0x0e,0x0e,0x0e,0x0f,0x0f,0x0f,0x0f,0x0e,0x0e,0x0e,0x0f,
    0x0f,0x0f,0x0f,0x0e,0x0e,0x0e,0x0f,0x0f,0x0f,0x0f,0x0e,0x0e,0x0e,0x0f,0x0f,0x0f,
    0x0f,0x0e,0x0e,0x0e,0x0f,0x0f,0x0f,0x0f,0x0f,0x0e,0x0e,0x0e,0x0f,0x0f,0x0f,0x0f,
    0x0e,0x0e,0x0e,0x0f,0x0f,0x0f,0x0f,0x0e,0x0e,0x0e,0x0f,0x0f,0x0f,0x0f,0x0f,0x0f,
    0x0f,0x0f,0x0f,0x0f,0x0f,0x0f,0x0f,0x0f,0x0f,0x0f,0x0f,0x0f,0x0f,0x0f,0x0f,0x0f,
    0x0f,0x0f,0x0f,0x0f,0x0f,0x0f,0x0f,0x0f,0x0f,0x0f,0x0f,0x0f,0x0f,0x0f,0x0f,0x0f,
    0x0f,0x0f,0x0f,0x0f,0x0f,0x0f,0x0f,0x0f,0x0f,0x0e,0x0e,0x0e,0x0f,0x0f,0x0f,0x0f,
    0x0e,0x0e,0x0e,0x0f,0x0f,0x0f,0x0f,0x0e,0x0e,0x0e,0x0f,0x0f,0x0f,0x0f,0x0e,0x0e,
    0x0e,0x0f,0x0f,0x0f,0x0f,0x0e,0x0e,0x0e,0x0f,0x0f,0x0f,0x0f,0x0e,0x0e,0x0e,0x0f,
    0x0f,0x0f,0x0f,0x0e,0x0e,0x0e,0x0f,0x0f,0x0f,0x0f,0x0e,0x0e,0x0e,0x0f,0x0f,0x0f,
    0x0f,0x0e,0x0e,0x0e,0x0f,0x0f,0x0f,0x0f,0x0f,0x0e,0x0e,0x0e,0x0f,0x0f,0x0f,0x0f,
    0x0e,0x0e,0x0e,0x0f,0x0f,0x0f,0x0f,0x0e,0x0e,0x0e,0x0f,0x0f,0x0f,0x0f,0x0f,0x0f,
    0x0f,0x0f,0x0f,0x0f,0x0f,0x0f,0x0f,0x0f,0x0f,0x0f,0x0f,0x0f,0x0f,0x0f,0x0f,0x0f,
    0x0f,0x0f,0x0f,0x0f,0x0f,0x0f,0x0f,0x0f,0x0f,0x0f,0x0f,0x0f,0x0f,0x0f,0x0f,0x0f,
    0x0f,0x0f,0x0f,0x0f,0x0f,0x0f,0x0f,0x0f,0x0f,0x0f,0x0f,0x0f,0x0f,0x0f,0x0f,0x0f,
    0x0f,0x0f,0x0f,0x0f,0x0f,0x0f,0x0f,0x0f,0x0f,0x0f,0x0f,0x0f,0x0f,0x0f,0x0f,0x0f,
    0x0f,0x0f,0x0f,0x0f,0x0f,0x0f,0x0f,0x0f,0x0f,0x0f,0x0f,0x0f,0x0f,0x0f,0x0f,0x0f,
    0x0f,0x0f,0x0f,0x0f,0x0f,0x0f,0x0f,0x0f,0x0f,0x0f,0x0f,0x0f,0x0f,0x0f,0x0f,0x0f,
    0x0f,0x0f,0x0f,0x0f,0x0f,0x0f,0x0f,0x0f,0x0f,0x0f,0x0f,0x0f,0x0f,0x0f,0x0f,0x0f,
    0x0f,0x0f,0x0f,0x0f,0x0f,0x0f,0x0f,0x0f,0x0f,0x0f,0x0f,0x0f,0x0f,0x0f,0x0f,0x0f,
    0x0f,0x0f,0x0f,0x0f,0x0f,0x0f,0x0f,0x0f,0x0f,0x0f,0x0f,0x0f,0x0f,0x0f,0x0f,0x0f,
    0x0f,0x0f,0x0f,0x0f,0x0f,0x0f,0x0f,0x0f,0x0f,0x0f,0x0f,0x0f,0x0f,0x0f,0x0f,0x0f,
    0x0f,0x0f,0x0f,0x0f,0x0f,0x0f,0x0f,0x0f,0x0f,0x0f,0x0f,0x0f,0x0f,0x0f,0x0f,0x0f,
    0x0f,0x0f,0x0f,0x0f,0x0f,0x0f,0x0f,0x0f,0x0f,0x0f,0x0f,0x0f,0x0f,0x0f,0x0f,0x0f,
    0x0f,0x0f,0x0f,0x0f,0x0f,0x0f,0x0f,0x0f,0x0f,0x0f,0x0f,0x0f,0x0f,0x0f,0x0f,0x0f,
    0x0f,0x0f,0x0f,0x0f,0x0f,0x0f,0x0f,0x0f,0x0f,0x0f,0x0f,0x0f,0x0f,0x0f,0x0f,0x0f,
    0x0f,0x0f,0x0f,0x0f,0x0f,0x0f,0x0f,0x0f,0x0f,0x0f,0x0f,0x0f,0x0f,0x0f,0x0f,0x0f,
    0x0f,0x0f,0x0f,0x0f,0x0f,0x0f,0x0f,0x0f,0x0f,0x0f,0x0f,0x0f,0x0f,0x0f,0x0f,0x0f,
    0x0f,0x0f,0x0f,0x0f,0x0f,0x0f,0x0f,0x0f,0x0f,0x0f,0x0f,0x0f,0x0f,0x0f,0x0f,0x0f,
    0x0f,0x0f,0x0f,0x0f,0x0f,0x0f,0x0f,0x0f,0x0f,0x0f,0x0f,0x0f,0x0f,0x0f,0x0f,0x0f,
    0x0f,0x0f,0x0f,0x0f,0x0f,0x0f,0x0f,0x0f,0x0f,0x0f,0x0f,0x0f,0x0f,0x0f,0x0f,0x0f,
    0x0f,0x0f,0x0f,0x0f,0x0f,0x0f,0x0f,0x0f,0x0f,0x0f,0x0f,0x0f,0x0f,0x0f,0x0f,0x0f,
    0x0f,0x0f,0x0f,0x0f,0x0f,0x0f,0x0f,0x0f,0x0f,0x0f,0x0f,0x0f,0x0f,0x0f,0x0f,0x0f,
    0x0f,0x0f,0x0f,0x0f,0x0f,0x0f,0x0f,0x0f,0x0f,0x0f,0x0f,0x0f,0x0f,0x0f,0x0f,0x0f,
    0x0f,0x0f,0x0f,0x0f,0x0f,0x0f,0x0f,0x0f,0x0f,0x0f,0x0f,0x0f,0x0f,0x0f,0x0f,0x0f,
    0x0f,0x0f,0x0f,0x0f,0x0f,0x0f,0x0f,0x0f,0x0f,0x0f,0x0f,0x0f,0x0f,0x0f,0x0f,0x0f,
    0x0f,0x0f,0x0f,0x0f,0x0f,0x0f,0x0f,0x0f,0x0f,0x0f,0x0f,0x0f,0x0f,0x0f,0x0f,0x0f,
    0x0f,0x0f,0x0f,0x0f,0x0f,0x0f,0x0f,0x0f,0x0f,0x0f,0x0f,0x0f,0x0f,0x0f,0x0f,0x0f,
    0x0f,0x0f,0x0f,0x0f,0x0f,0x0f,0x0f,0x0f,0x0f,0x0f,0x0f,0x0f,0x0f,0x0f,0x0f,0x0f,
    0x0f,0x0f,0x0f,0x0f,0x0f,0x0f,0x0f,0x0f,0x0f,0x0f,0x0f,0x0f,0x0f,0x0f,0x0f,0x0f,
    0x0f,0x0f,0x0f,0x0f,0x0f,0x0f,0x0f,0x0f,0x0f,0x0f,0x0f,0x0f,0x0f,0x0f,0x0f,0x0f,
    0x0f,0x0f,0x0f,0x0f,0x0f,0x0f,0x0f,0x0f,0x0f,0x0f,0x0f,0x0f,0x0f,0x0f,0x0f,0x0f,
    0x0f,0x0f,0x0f,0x0f,0x0f,0x0f,0x0f,0x0f,0x0f,0x0f,0x0f,0x0f,0x0f,0x0f,0x0f,0x0f,
    0x0f,0x0f,0x0f,0x0f,0x0f,0x0f,0x0f,0x0f,0x0f,0x0f,0x0f,0x0f,0x0f,0x0f,0x0f,0x0f,
    0x0f,0x0f,0x0f,0x0f,0x0f,0x0f,0x0f,0x0f,0x0f,0x0f,0x0f,0x0f,0x0f,0x0f,0x0f,0x0f,
    0x0f,0x0f,0x0f,0x0f,0x0f,0x0f,0x0f,0x0f,0x0f,0x0f,0x0f,0x0f,0x0f,0x0f,0x0f,0x0f,
    0x0f,0x0f,0x0f,0x0f,0x0f,0x0f,0x0f,0x0f,0x0f,0x0f,0x0f,0x0f,0x0f,0x0f,0x0f,0x0f,
    0x0f,0x0f,0x0f,0x0f,0x0f,0x0f,0x0f,0x0f,0x0f,0x0f,0x0f,0x0f,0x0f,0x0f,0x0f,0x0f,
    0x0f,0x0f,0x0f,0x0f,0x0f,0x0f,0x0f,0x0f,0x0f,0x0f,0x0f,0x0f,0x0f,0x0f,0x0f,0x0f,
    0x0f,0x0f,0x0f,0x0f,0x0f,0x0f,0x0f,0x0f,0x0f,0x0f,0x0f,0x0f,0x0f,0x0f,0x0f,0x0f,
    0x0f,0x0f,0x0f,0x0f,0x0f,0x0f,0x0f,0x0f,0x0f,0x0f,0x0f,0x0f,0x0f,0x0f,0x0f,0x0f,
    0x0f,0x0f,0x0f,0x0f,0x0f,0x0f,0x0f,0x0f,0x0f,0x0f,0x0f,0x0f,0x0f,0x0f,0x0f,0x0f,
    0x0f,0x0f,0x0f,0x0f,0x0f,0x0f,0x0f,0x0f,0x0f,0x0f,0x0f,0x0f,0x0f,0x0f,0x0f,0x0f,
    0x0f,0x0f,0x0f,0x0f,0x0f,0x0f,0x0f,0x0f,0x0f,0x0f,0x0f,0x0f,0x0f,0x0f,0x0f,0x0f,
    0x0f,0x0f,0x0f,0x0f,0x0f,0x0f,0x0f,0x0f,0x0f,0x0f,0x0f,0x0f,0x0f,0x0f,0x0f,0x0f,
    0x0f,0x0f,0x0f,0x0f,0x0f,0x0f,0x0f,0x0f,0x0f,0x0f,0x0f,0x0f,0x0f,0x0f,0x0f,0x0f,
    0x0f,0x0f,0x0f,0x0f,0x0f,0x0f,0x0f,0x0f,0x0f,0x0f,0x0f,0x0f,0x0f,0x0f,0x0f,0x0f,
    0x0f,0x0f,0x0f,0x0f,0x0f,0x0f,0x0f,0x0f,0x0f,0x0f,0x0f,0x0f,0x0f,0x0f,0x0f,0x0f,
    0x0f,0x0f,0x0f,0x0f,0x0f,0x0f,0x0f,0x0f,0x0f,0x0f,0x0f,0x0f,0x0f,0x0f,0x0f,0x0f,
    0x0f,0x0f,0x0f,0x0f,0x0f,0x0f,0x0f,0x0f,0x0f,0x0f,0x0f,0x0f,0x0f,0x0f,0x0f,0x0f,
    0x0f,0x0f,0x0f,0x0f,0x0f,0x0f,0x0f,0x0f,0x0f,0x0f,0x0f,0x0f,0x0f,0x0f,0x0f,0x0f,
    0x0f,0x0f,0x0f,0x0f,0x0f,0x0f,0x0f,0x0f,0x0f,0x0f,0x0f,0x0f,0x0f,0x0f,0x0f,0x0f,
    0x0f,0x0f,0x0f,0x0f,0x0f,0x0f,0x0f,0x0f,0x0f,0x0f,0x0f,0x0f,0x0f,0x0f,0x0f,0x0f,
    0x0f,0x0f,0x0f,0x0f,0x0f,0x0f,0x0f,0x0f,0x0f,0x0f,0x0f,0x0f,0x0f,0x0f,0x0f,0x0f,
    0x0f,0x0f,0x0f,0x0f,0x0f,0x0f,0x0f,0x0f,0x0f,0x0f,0x0f,0x0f,0x0f,0x0f,0x0f,0x0f,
    0x0f,0x0f,0x0f,0x0f,0x0f,0x0f,0x0f,0x0f,0x0f,0x0f,0x0f,0x0f,0x0f,0x0f,0x0f,0x0f,
    0x0f,0x0f,0x0f,0x0f,0x0f,0x0f,0x0f,0x0f,0x0f,0x0f,0x0f,0x0f,0x0f,0x0f,0x0f,0x0f,
    0x0f,0x0f,0x0f,0x0f,0x0f,0x0f,0x0f,0x0f,0x0f,0x0f,0x0f,0x0f,0x0f,0x0f,0x0f,0x0f,
    0x0f,0x0f,0x0f,0x0f,0x0f,0x0f,0x0f,0x0f,0x0f,0x0f,0x0f,0x0f,0x0f,0x0f,0x0f,0x0f,
    0x0f,0x0f,0x0f,0x0f,0x0f,0x0f,0x0f,0x0f,0x0f,0x0f,0x0f,0x0f,0x0f,0x0f,0x0f,0x0f,
    0x0f,0x0f,0x0f,0x0f,0x0f,0x0f,0x0f,0x0f,0x0f,0x0f,0x0f,0x0f,0x0f,0x0f,0x0f,0x0f,
    0x0f,0x0f,0x0f,0x0f,0x0f,0x0f,0x0f,0x0f,0x0f,0x0f,0x0f,0x0f,0x0f,0x0f,0x0f,0x0f,
    0x0f,0x0f,0x0f,0x0f,0x0f,0x0f,0x0f,0x0f,0x0f,0x0f,0x0f,0x0f,0x0f,0x0f,0x0f,0x0f,
    0x0f,0x0f,0x0f,0x0f,0x0f,0x0f,0x0f,0x0f,0x0f,0x0f,0x0f,0x0f,0x0f,0x0f,0x0f,0x0f,
    0x0f,0x0f,0x0f,0x0f,0x0f,0x0f,0x0f,0x0f,0x0f,0x0f,0x0f,0x0f,0x0f,0x0f,0x0f,0x0f,
    0x0f,0x0f,0x0f,0x0f,0x0f,0x0f,0x0f,0x0f,0x0f,0x0f,0x0f,0x0f,0x0f,0x0f,0x0f,0x0f,
    0x0f,0x0f,0x0f,0x0f,0x0f,0x0f,0x0f,0x0f,0x0f,0x0f,0x0f,0x0f,0x0f,0x0f,0x0f,0x0f,
    0x0f,0x0f,0x0f,0x0f,0x0f,0x0f,0x0f,0x0f,0x0f,0x0f,0x0f,0x0f,0x0f,0x0f,0x0f,0x0f,
    0x00,0x00,0x00,0x00,0x00,0x00,0x00,0x00,0x00,0x00,0x00,0x00,0x00,0x00,0x00,0x00,
    0x00,0x00,0x00,0x00,0x00,0x00,0x00,0x00,0x00,0x00,0x00,0x00,0x00,0x00,0x00,0x00,
    0x00,0x00,0x00,0x00,0x00,0x00,0x00,0x00,0x00,0x00,0x00,0x00,0x00,0x00,0x00,0x00,
    0x00,0x00,0x00,0x00,0x00,0x00,0x00,0x00,0x00,0x00,0x00,0x00,0x00,0x00,0x00,0x00,
    0x00,0x00,0x00,0x00,0x00,0x00,0x00,0x00,0x00,0x00,0x00,0x00,0x00,0x00,0x00,0x00,
    0x00,0x00,0x00,0x00,0x00,0x00,0x00,0x00,0x00,0x00,0x00,0x00,0x00,0x00,0x00,0x00,
    0x00,0x00,0x00,0x00,0x00,0x00,0x00,0x00,0x00,0x00,0x00,0x00,0x00,0x00,0x00,0x00,
    0x00,0x00,0x00,0x00,0x00,0x00,0x00,0x00,0x00,0x00,0x00,0x00,0x00,0x00,0x00,0x00,
    0x00,0x1b,0x19,0x19,0x19,0x19,0x19,0x19,0x19,0x19,0x19,0x19,0x19,0x19,0x19,0x19,
    0x19,0x19,0x19,0x19,0x19,0x19,0x19,0x19,0x19,0x19,0x19,0x19,0x19,0x19,0x19,0x19,
    0x19,0x19,0x19,0x19,0x19,0x19,0x19,0x19,0x19,0x19,0x19,0x19,0x19,0x19,0x19,0x19,
    0x19,0x19,0x19,0x19,0x19,0x19,0x19,0x19,0x19,0x19,0x19,0x19,0x19,0x19,0x19,0x19,
    0x19,0xde,0xde,0xde,0xde,0xde,0x18,0x18,0x18,0x18,0x18,0x18,0x18,0x18,0x18,0x18,
    0x18,0x18,0x18,0x18,0x18,0x18,0x18,0x18,0x18,0x18,0x18,0x18,0x18,0x18,0x18,0x18,
    0x17,0x1e,0x00,0x00,0x00,0x00,0x00,0x00,0x00,0x00,0x00,0x00,0x00,0x00,0x00,0x00,
    0x00,0x00,0x00,0x00,0x00,0x00,0x00,0x00,0x00,0x00,0x00,0x00,0x00,0x00,0x00,0x00,
    0x1e,0x11,0xcd,0xcd,0xcd,0xcd,0xcd,0xcd,0xcd,0xcd,0xcd,0xcd,0xcd,0xcd,0xcd,0xcd,
    0xcd,0xcd,0xcd,0xcd,0xcd,0xcd,0xcd,0xcd,0xcd,0x10,0x10,0x10,0x10,0x10,0x10,0x10,
    0x10,0x10,0x10,0x10,0x10,0x10,0x10,0xce,0xce,0xce,0xce,0xce,0xce,0xce,0xce,0xce,
    0xce,0xce,0xce,0xce,0xce,0xce,0xce,0xce,0xce,0xce,0xce,0xce,0xce,0xce,0x0f,0x0f,
    0x0f,0x0f,0x0f,0x0f,0x0f,0x0f,0x0f,0x0f,0x0f,0x0f,0x0f,0xcc,0xcc,0xcc,0xcc,0xcc,
    0xcc,0xcc,0xcc,0xcc,0xcc,0xcc,0xcc,0xcc,0xcc,0xcc,0xcc,0xcc,0xcc,0xcc,0xcc,0xcc,
    0x0d,0x12,0x00,0x00,0x00,0x00,0x00,0x00,0x00,0x00,0x00,0x00,0x00,0x00,0x00,0x00,
    0x00,0x00,0x00,0x00,0x00,0x00,0x00,0x00,0x00,0x00,0x00,0x00,0x00,0x00,0x00,0x00,
    0x1c,0xcd,0x7c,0xaf,0xae,0xaf,0xaf,0xae,0xae,0xae,0xae,0xae,0xae,0xae,0xae,0xae,
    0xae,0xae,0xae,0xae,0xae,0xae,0xae,0xae,0xae,0xae,0xae,0xae,0xae,0xae,0xae,0xae,
    0xae,0xae,0xae,0xae,0xae,0xae,0xae,0xae,0xae,0xae,0xae,0xae,0xae,0xae,0xae,0xae,
    0xae,0xae,0xae,0xae,0xae,0xad,0xad,0xad,0xad,0xad,0xad,0xad,0xad,0xad,0xad,0xad,
    0xad,0xad,0xad,0xad,0xad,0xad,0xad,0xad,0xad,0xad,0xad,0xad,0xad,0xad,0xad,0xad,
    0xad,0xad,0xad,0xad,0xad,0xad,0xad,0xad,0xad,0xad,0xad,0xad,0xad,0xad,0xad,0xad,
    0x44,0xca,0x1e,0x00,0x00,0x00,0x00,0x00,0x00,0x00,0x00,0x00,0x00,0x00,0x00,0x00,
    0x00,0x00,0x00,0x00,0x00,0x00,0x00,0x00,0x00,0x00,0x00,0x00,0x00,0x00,0x00,0x00,
    0x1d,0xcd,0x7f,0xac,0xac,0xac,0xac,0xac,0xac,0xac,0xac,0xac,0xac,0xab,0xac,0xac,
    0xac,0xac,0xac,0xab,0xac,0xac,0xab,0xab,0xac,0xac,0xac,0xac,0xac,0xab,0xac,0xac,
    0xac,0xac,0xac,0xac,0xac,0xac,0xac,0xab,0xac,0xac,0xab,0xab,0xab,0xab,0xab,0xab,
    0xab,0xab,0xab,0xab,0xaa,0xaa,0xaa,0xab,0xaa,0xaa,0xaa,0xaa,0xaa,0xaa,0xaa,0xaa,
    0xaa,0xaa,0xaa,0xaa,0xaa,0xaa,0xaa,0xaa,0xaa,0xaa,0xaa,0xaa,0xaa,0xaa,0xaa,0xaa,
    0xaa,0xaa,0xaa,0xaa,0xaa,0xaa,0xaa,0xaa,0xaa,0xaa,0xaa,0xaa,0xaa,0xaa,0xaa,0xaa,
    0x4b,0xcb,0x1e,0x00,0x00,0x00,0x00,0x00,0x00,0x00,0x00,0x00,0x00,0x00,0x00,0x00,
    0x00,0x00,0x00,0x00,0x00,0x00,0x00,0x00,0x00,0x00,0x00,0x00,0x00,0x00,0x00,0x00,
    0x1d,0xcd,0x7f,0xac,0x53,0x72,0xac,0xad,0x89,0x39,0x2f,0x5d,0xac,0xad,0x7e,0x35,
    0x3f,0x89,0x50,0xac,0x63,0x5d,0xac,0xac,0x7e,0x33,0x42,0x63,0x57,0xad,0x6d,0x63,
    0x61,0x2d,0x61,0x61,0x3f,0xac,0x4e,0x61,0x3f,0x3e,0x8b,0x94,0xab,0xab,0x9c,0x94,
    0xab,0xab,0xab,0xab,0xab,0xab,0xab,0xab,0xab,0xab,0xab,0xab,0xab,0xab,0xab,0xab,
    0xab,0xab,0xab,0xab,0xab,0xab,0xab,0xaa,0xaa,0xaa,0xaa,0xaa,0xaa,0xaa,0xaa,0xaa,
    0xaa,0xaa,0xaa,0xaa,0xaa,0xaa,0xaa,0xaa,0xaa,0xaa,0xaa,0xaa,0xaa,0xaa,0xaa,0xaa,
    0x4b,0xcb,0x1e,0x00,0x00,0x00,0x00,0x00,0x00,0x00,0x00,0x00,0x00,0x00,0x00,0x00,
    0x00,0x00,0x00,0x00,0x00,0x00,0x00,0x00,0x00,0x00,0x00,0x00,0x00,0x00,0x00,0x00,
    0x1d,0xcd,0x7f,0xad,0x23,0x50,0xad,0x89,0x0a,0x39,0x4b,0x21,0x48,0x7e,0x20,0x39,
    0x50,0x6d,0x20,0x72,0x09,0x63,0xac,0xac,0x20,0x35,0x4e,0x61,0x1f,0x89,0x28,0x2d,
    0x09,0x48,0x4e,0x57,0x23,0x1f,0x50,0x23,0x28,0x42,0x8b,0x3e,0x61,0xad,0x26,0xac,
    0xac,0xab,0xab,0xab,0xab,0xab,0xab,0xab,0xab,0xab,0xab,0xab,0xab,0xab,0xab,0xab,
    0xab,0xab,0xab,0xab,0xab,0xaa,0xaa,0xaa,0xaa,0xaa,0xaa,0xaa,0xaa,0xaa,0xaa,0xaa,
    0xaa,0xaa,0xaa,0xaa,0xaa,0xaa,0xaa,0xaa,0xaa,0xaa,0xaa,0xaa,0xaa,0xaa,0xaa,0xaa,
    0x4b,0xcb,0x1e,0x00,0x00,0x00,0x00,0x00,0x00,0x00,0x00,0x00,0x00,0x00,0x00,0x00,
    0x00,0x00,0x00,0x00,0x00,0x00,0x00,0x00,0x00,0x00,0x00,0x00,0x00,0x00,0x00,0x00,
    0x1d,0xcd,0x7f,0xad,0x24,0x50,0xad,0x39,0x2f,0xad,0xad,0x7e,0x21,0x2d,0x39,0xad,
    0xad,0x7e,0x20,0x09,0x57,0xad,0xac,0xac,0x28,0x23,0x63,0xad,0xac,0x09,0x28,0x72,
    0x1f,0x35,0x89,0xad,0x4e,0x2b,0xad,0x2b,0x22,0xac,0xac,0x20,0x22,0x9c,0x07,0x2d,
    0xac,0xab,0xab,0xab,0xab,0xab,0xab,0xab,0xab,0xab,0xab,0xab,0xab,0xab,0xab,0xab,
    0xab,0xab,0xab,0xaa,0xaa,0xaa,0xaa,0xaa,0xaa,0xaa,0xaa,0xaa,0xaa,0xaa,0xaa,0xaa,
    0xaa,0xaa,0xaa,0xaa,0xaa,0xaa,0xaa,0xaa,0xaa,0xaa,0xaa,0xaa,0xaa,0xaa,0xaa,0xaa,
    0x4b,0xcb,0x1e,0x00,0x00,0x00,0x00,0x00,0x00,0x00,0x00,0x00,0x00,0x00,0x00,0x00,
    0x00,0x00,0x00,0x00,0x00,0x00,0x00,0x00,0x00,0x00,0x00,0x00,0x00,0x00,0x00,0x00,
    0x1d,0xcd,0x7f,0xad,0x24,0x53,0xae,0x39,0x2d,0xad,0xad,0x72,0x23,0x2d,0x35,0xad,
    0xad,0x7e,0x21,0x28,0x39,0xad,0xac,0xac,0xac,0x53,0x08,0x61,0xac,0x07,0x57,0xad,
    0x89,0x35,0x1f,0x9b,0x4e,0x2b,0xac,0x2b,0x2d,0x69,0x9c,0x22,0x26,0x22,0x26,0x26,
    0xab,0xab,0xab,0xab,0xab,0xab,0xab,0xab,0xab,0xab,0xab,0xab,0xab,0xab,0xab,0xab,
    0xab,0xab,0xaa,0xaa,0xaa,0xaa,0xaa,0xaa,0xaa,0xaa,0xaa,0xaa,0xaa,0xaa,0xaa,0xaa,
    0xaa,0xaa,0xaa,0xaa,0xaa,0xaa,0xaa,0xaa,0xaa,0xaa,0xaa,0xaa,0xaa,0xaa,0xaa,0xaa,
    0x4b,0xcb,0x1e,0x00,0x00,0x00,0x00,0x00,0x00,0x00,0x00,0x00,0x00,0x00,0x00,0x00,
    0x00,0x00,0x00,0x00,0x00,0x00,0x00,0x00,0x00,0x00,0x00,0x00,0x00,0x00,0x00,0x00,
    0x1d,0xcd,0x7f,0xad,0x24,0x24,0x42,0x72,0x21,0x35,0x48,0x20,0x50,0x89,0x20,0x35,
    0x48,0x63,0x20,0x89,0x1f,0x57,0xac,0xac,0x35,0x42,0x09,0x61,0x61,0x20,0xac,0x7e,
    0x2d,0x3f,0x1f,0x9b,0x42,0x26,0xac,0x28,0x23,0x42,0x3e,0x22,0x79,0x08,0x8b,0x08,
    0x8b,0xab,0xab,0xab,0xab,0xab,0xab,0xab,0xab,0xab,0xab,0xab,0xab,0xab,0xab,0xab,
    0xaa,0xaa,0xaa,0xaa,0xaa,0xaa,0xaa,0xaa,0xaa,0xaa,0xaa,0xaa,0xaa,0xaa,0xaa,0xaa,
    0xaa,0xaa,0xaa,0xaa,0xaa,0xaa,0xaa,0xaa,0xaa,0xaa,0xaa,0xaa,0xaa,0xaa,0xaa,0xaa,
    0x4b,0xcb,0x1e,0x00,0x00,0x00,0x00,0x00,0x00,0x00,0x00,0x00,0x00,0x00,0x00,0x00,
    0x00,0x00,0x00,0x00,0x00,0x00,0x00,0x00,0x00,0x00,0x00,0x00,0x00,0x00,0x00,0x00,
    0x1d,0xcd,0x7f,0xac,0x63,0x3c,0x48,0xac,0x93,0x42,0x35,0x63,0xac,0xac,0x89,0x3f,
    0x42,0x93,0x57,0xac,0x6d,0x63,0xac,0xac,0x63,0x33,0x57,0xac,0x67,0x63,0xac,0x9c,
    0x42,0x33,0x79,0xac,0x79,0x61,0xac,0x63,0x3f,0xac,0x5c,0x61,0xab,0x7e,0xab,0x54,
    0x94,0xab,0xab,0xab,0xab,0xab,0xab,0xab,0xab,0xab,0xab,0xab,0xab,0xab,0xab,0xaa,
    0xaa,0xaa,0xaa,0xaa,0xaa,0xaa,0xaa,0xaa,0xaa,0xaa,0xaa,0xaa,0xaa,0xaa,0xaa,0xaa,
    0xaa,0xaa,0xaa,0xaa,0xaa,0xaa,0xaa,0xaa,0xaa,0xaa,0xaa,0xaa,0xaa,0xaa,0xaa,0xaa,
    0x4b,0xcb,0x1e,0x00,0x00,0x00,0x00,0x00,0x00,0x00,0x00,0x00,0x00,0x00,0x00,0x00,
    0x00,0x00,0x00,0x00,0x00,0x00,0x00,0x00,0x00,0x00,0x00,0x00,0x00,0x00,0x00,0x00,
    0x1d,0xcd,0x7f,0xac,0x63,0x69,0x69,0xac,0xac,0xac,0xad,0xac,0x9c,0xac,0xac,0xad,
    0xac,0x7e,0xac,0xab,0xac,0xac,0xab,0xac,0xab,0xac,0xac,0x9c,0xac,0x6d,0x61,0x61,
    0x79,0xac,0xab,0xab,0xab,0xac,0x9c,0x67,0x67,0x93,0xac,0xab,0x94,0x70,0x9c,0xab,
    0xab,0xab,0xab,0xab,0xab,0xab,0xab,0xab,0xab,0xab,0xab,0xab,0xab,0xaa,0xaa,0xaa,
    0xaa,0xaa,0xaa,0xaa,0xaa,0xaa,0xaa,0xaa,0xaa,0xaa,0xaa,0xaa,0xaa,0xaa,0xaa,0xaa,
    0xaa,0xaa,0xaa,0xaa,0xaa,0xaa,0xaa,0xaa,0xaa,0xaa,0xaa,0xaa,0xaa,0xaa,0xaa,0xaa,
    0x4b,0xcb,0x1e,0x00,0x00,0x00,0x00,0x00,0x00,0x00,0x00,0x00,0x00,0x00,0x00,0x00,
    0x00,0x00,0x00,0x00,0x00,0x00,0x00,0x00,0x00,0x00,0x00,0x00,0x00,0x00,0x00,0x00,
    0x1d,0xcd,0x7f,0xac,0x69,0x50,0x7e,0x5d,0x57,0x50,0x72,0x63,0x4e,0x63,0x4e,0x63,
    0x57,0x54,0x50,0x50,0x61,0x57,0x6d,0x6d,0x57,0x54,0x61,0x61,0xac,0x79,0x6d,0x6d,
    0x6d,0x54,0x61,0x5c,0x51,0x9c,0x6d,0x67,0x93,0x4e,0x54,0x57,0x7e,0x67,0x5c,0x5c,
    0x70,0xab,0xab,0xab,0xab,0xab,0xab,0xab,0xab,0xab,0xab,0xab,0xaa,0xaa,0xaa,0xaa,
    0xaa,0xaa,0xaa,0xaa,0xaa,0xaa,0xaa,0xaa,0xaa,0xaa,0xaa,0xaa,0xaa,0xaa,0xaa,0xaa,
    0xaa,0xaa,0xaa,0xaa,0xaa,0xaa,0xaa,0xaa,0xaa,0xaa,0xaa,0xaa,0xaa,0xaa,0xaa,0xaa,
    0x4b,0xcb,0x1e,0x00,0x00,0x00,0x00,0x00,0x00,0x00,0x00,0x00,0x00,0x00,0x00,0x00,
    0x00,0x00,0x00,0x00,0x00,0x00,0x00,0x00,0x00,0x00,0x00,0x00,0x00,0x00,0x00,0x00,
    0x1d,0xcd,0x7f,0xac,0x53,0x61,0x63,0x5d,0x63,0x5d,0x5d,0x50,0x57,0x63,0x63,0x7e,
    0x3f,0x63,0x54,0x61,0x61,0x69,0x61,0x57,0x6d,0x7e,0x42,0x8b,0xac,0x8b,0x57,0x57,
    0x79,0x54,0x54,0x4e,0x54,0x9c,0x8b,0x54,0x70,0x61,0x61,0x70,0x61,0x57,0x8b,0x3f,
    0xab,0xab,0xab,0xab,0xab,0xab,0xab,0xab,0xab,0xab,0xab,0xaa,0xaa,0xaa,0xaa,0xaa,
    0xaa,0xaa,0xaa,0xaa,0xaa,0xaa,0xaa,0xaa,0xaa,0xaa,0xaa,0xaa,0xaa,0xaa,0xaa,0xaa,
    0xaa,0xaa,0xaa,0xaa,0xaa,0xaa,0xaa,0xaa,0xaa,0xaa,0xaa,0xaa,0xaa,0xaa,0xaa,0xaa,
    0x4b,0xcb,0x1e,0x00,0x00,0x00,0x00,0x00,0x00,0x00,0x00,0x00,0x00,0x00,0x00,0x00,
    0x00,0x00,0x00,0x00,0x00,0x00,0x00,0x00,0x00,0x00,0x00,0x00,0x00,0x00,0x00,0x00,
    0x1d,0xcd,0x83,0xab,0x7e,0x72,0x8b,0x8b,0x8b,0x8b,0x7e,0x93,0x8b,0x8b,0x8b,0x8b,
    0x5c,0x61,0x8b,0x8b,0x8b,0x8b,0x82,0x94,0x79,0x61,0x5c,0xab,0xab,0xab,0x79,0x82,
    0xab,0x79,0x94,0x94,0x82,0xab,0xab,0x82,0x7b,0x9d,0x82,0x8d,0x82,0x70,0x58,0x6b,
    0xab,0xaa,0xaa,0xaa,0xaa,0xaa,0xaa,0xaa,0xaa,0xaa,0xaa,0xaa,0xaa,0xaa,0xaa,0xaa,
    0xaa,0xaa,0xaa,0xaa,0xaa,0xaa,0xaa,0xaa,0xaa,0xaa,0xaa,0xaa,0xa9,0xa9,0xa9,0xa9,
    0xa9,0xa9,0xa9,0xa9,0xa9,0xa9,0xa9,0xa9,0xa9,0xa9,0xa9,0xa9,0xa9,0xa9,0xa9,0xa9,
    0x50,0xdb,0x1e,0x00,0x00,0x00,0x00,0x00,0x00,0x00,0x00,0x00,0x00,0x00,0x00,0x00,
    0x00,0x00,0x00,0x00,0x00,0x00,0x00,0x00,0x00,0x00,0x00,0x00,0x00,0x00,0x00,0x00,
    0x1d,0xcd,0x7c,0xad,0xae,0xae,0xae,0xae,0xae,0xae,0xad,0xad,0xad,0xad,0xad,0xad,
    0x9a,0xad,0xad,0xad,0xad,0xad,0xad,0xad,0xad,0x92,0xad,0xad,0xad,0xad,0xad,0xad,
    0xad,0xad,0xad,0xad,0xad,0xac,0xad,0xad,0xad,0xac,0xad,0xad,0xad,0xad,0x93,0xac,
    0xac,0xac,0xac,0xac,0xac,0xac,0xac,0xac,0xac,0xac,0xac,0xac,0xac,0xac,0xac,0xac,
    0xac,0xac,0xac,0xac,0xac,0xac,0xac,0xac,0xac,0xac,0xac,0xac,0xac,0xac,0xac,0xac,
    0xac,0xab,0xab,0xab,0xab,0xab,0xab,0xab,0xab,0xab,0xab,0xab,0xab,0xab,0xab,0xac,
    0x4b,0xca,0x1e,0x00,0x00,0x00,0x00,0x00,0x00,0x00,0x00,0x00,0x00,0x00,0x00,0x00,
    0x00,0x00,0x00,0x00,0x00,0x00,0x00,0x00,0x00,0x00,0x00,0x00,0x00,0x00,0x00,0x00,
    0x1d,0x10,0x1c,0xff,0xff,0xff,0xff,0xff,0xff,0xff,0xff,0xff,0xff,0xff,0xff,0xff,
    0xff,0xff,0xff,0xff,0xff,0xff,0xff,0xff,0xff,0xff,0xff,0xff,0xff,0xff,0xff,0xff,
    0xff,0xff,0xff,0xff,0xff,0xff,0xff,0xff,0xff,0xff,0xff,0xff,0xff,0xff,0xff,0xff,
    0xff,0xff,0xff,0xff,0xff,0xff,0xff,0xff,0xff,0xff,0xff,0xff,0xff,0xff,0xff,0xff,
    0xff,0xff,0xff,0xff,0xff,0xff,0xff,0xff,0xff,0xff,0xff,0xff,0xff,0xff,0xff,0xff,
    0xff,0xff,0xff,0xff,0xff,0xff,0xff,0xff,0xff,0xff,0xff,0xff,0xff,0xff,0xff,0xff,
    0x15,0x0c,0x1e,0x00,0x00,0x00,0x00,0x00,0x00,0x00,0x00,0x00,0x00,0x00,0x00,0x00,
    0x00,0x00,0x00,0x00,0x00,0x00,0x00,0x00,0x00,0x00,0x00,0x00,0x00,0x00,0x00,0x00,
    0x1d,0x10,0x1c,0xff,0xff,0xff,0xff,0xff,0xff,0xff,0xff,0xff,0xb6,0xff,0xff,0xff,
    0xff,0xb5,0xb8,0xff,0xff,0xff,0xff,0xff,0xff,0xff,0xff,0xff,0xff,0xff,0xff,0xff,
    0xff,0xff,0xff,0xff,0xff,0xff,0xff,0xff,0xff,0xff,0xff,0xff,0xff,0xff,0xff,0xff,
    0xff,0xff,0xff,0xff,0xff,0xff,0xff,0xff,0xff,0xff,0xff,0xff,0xff,0xff,0xff,0xff,
    0xff,0xff,0xff,0xff,0xff,0xff,0xff,0xff,0xff,0xff,0xff,0xff,0xff,0xff,0xff,0xff,
    0xff,0xff,0xff,0xff,0xff,0xff,0xff,0xff,0xff,0xff,0xff,0xff,0xff,0xff,0xff,0xff,
    0x15,0x0c,0x1e,0x00,0x00,0x00,0x00,0x00,0x00,0x00,0x00,0x00,0x00,0x00,0x00,0x00,
    0x00,0x00,0x00,0x00,0x00,0x00,0x00,0x00,0x00,0x00,0x00,0x00,0x00,0x00,0x00,0x00,
    0x1d,0x10,0x1c,0xff,0xff,0xff,0xff,0xff,0xff,0xff,0x1b,0xdd,0xf8,0xec,0xea,0xea,
    0xec,0xf4,0x2c,0x19,0xff,0xff,0xff,0xff,0xff,0xff,0xff,0xff,0xff,0xff,0xff,0xff,
    0xff,0xff,0xff,0xff,0xff,0xff,0xff,0xff,0xff,0xff,0xff,0xff,0xff,0xff,0xff,0xff,
    0xff,0xff,0xff,0xff,0xff,0xff,0xff,0xff,0xff,0xff,0xff,0xff,0xff,0xff,0xff,0xff,
    0xff,0xff,0xff,0xff,0xff,0xff,0xff,0xff,0xff,0xff,0xff,0xff,0xff,0xff,0xff,0xff,
    0xff,0xff,0xff,0xff,0xff,0xff,0xff,0xff,0xff,0xff,0xff,0xff,0xff,0xff,0xff,0xff,
    0x14,0x0c,0x1e,0x00,0x00,0x00,0x00,0x00,0x00,0x00,0x00,0x00,0x00,0x00,0x00,0x00,
    0x00,0x00,0x00,0x00,0x00,0x00,0x00,0x00,0x00,0x00,0x00,0x00,0x00,0x00,0x00,0x00,
    0x1d,0x10,0x1c,0xff,0xff,0xff,0xff,0xff,0xff,0xff,0x0e,0xc9,0xb6,0xf0,0xf0,0xf0,
    0xef,0xb2,0xd2,0x09,0x1d,0xff,0xff,0xff,0xff,0xff,0xff,0xff,0xff,0x1e,0x1e,0xff,
    0xff,0xff,0x1e,0xff,0xff,0xff,0x1e,0xff,0xff,0x1e,0xff,0xff,0xff,0xff,0xff,0xff,
    0xff,0xff,0xff,0xff,0xff,0xff,0xff,0xff,0xff,0xff,0xff,0xff,0xff,0xff,0xff,0xff,
    0xff,0xff,0xff,0xff,0xff,0xff,0xff,0xff,0xff,0xff,0xff,0xff,0xff,0xff,0xff,0x1e,
    0xff,0xff,0xff,0x1e,0xff,0xff,0xff,0xff,0xff,0xff,0xff,0xff,0xff,0xff,0xff,0xff,
    0x14,0x0c,0x1e,0x00,0x00,0x00,0x00,0x00,0x00,0x00,0x00,0x00,0x00,0x00,0x00,0x00,
    0x00,0x00,0x00,0x00,0x00,0x00,0x00,0x00,0x00,0x00,0x00,0x00,0x00,0x00,0x00,0x00,
    0x1d,0x10,0x1c,0xff,0xff,0xff,0xff,0xff,0xff,0x11,0x06,0x07,0xdf,0xfb,0xef,0xf0,
    0xf7,0x73,0x0a,0x05,0x0c,0x1d,0xff,0xff,0xff,0xff,0xff,0xff,0xff,0x14,0x0c,0x0b,
    0x0b,0x0a,0x0d,0x19,0xff,0xff,0x11,0x0b,0x0a,0x0c,0x1b,0xff,0xff,0xff,0xff,0xff,
    0xff,0xff,0xff,0xff,0xff,0xff,0xff,0xff,0xff,0xff,0xff,0xff,0xff,0xff,0xff,0xff,
    0xff,0xff,0xff,0xff,0xff,0xff,0xff,0xff,0xff,0xff,0xff,0xff,0x1c,0x0f,0x09,0x0d,
    0x1e,0x11,0x0a,0x09,0x1e,0xff,0xff,0xff,0xff,0xff,0xff,0xff,0xff,0xff,0xff,0xff,
    0x14,0x0c,0x1e,0x00,0x00,0x00,0x00,0x00,0x00,0x00,0x00,0x00,0x00,0x00,0x00,0x00,
    0x00,0x00,0x00,0x00,0x00,0x00,0x00,0x00,0x00,0x00,0x00,0x00,0x00,0x00,0x00,0x00,
    0x1d,0x10,0x1c,0xff,0xff,0xff,0xff,0x1c,0x0f,0x06,0x08,0x07,0xbf,0xb4,0xef,0xef,
    0xb0,0x16,0x06,0x08,0x06,0x0a,0x18,0xbe,0xff,0xff,0xff,0xff,0xff,0xff,0x14,0x05,
    0x05,0x0a,0x1d,0xff,0xff,0xff,0xff,0x12,0x05,0x1b,0xff,0xff,0xff,0xff,0xff,0xff,
    0xff,0xff,0xff,0xff,0xff,0xff,0xff,0xff,0xff,0xff,0xff,0xff,0xff,0xff,0xff,0xff,
    0xff,0xff,0xff,0xff,0xff,0xff,0xff,0xff,0xff,0xff,0xff,0xff,0xff,0x13,0x01,0x10,
    0xff,0x18,0x01,0x0a,0xff,0xff,0xff,0xff,0xff,0xff,0xff,0xff,0xff,0xff,0xff,0xff,
    0x14,0x0c,0x1e,0x00,0x00,0x00,0x00,0x00,0x00,0x00,0x00,0x00,0x00,0x00,0x00,0x00,
    0x00,0x00,0x00,0x00,0x00,0x00,0x00,0x00,0x00,0x00,0x00,0x00,0x00,0x00,0x00,0x00,
    0x1d,0x0f,0x1c,0xff,0xff,0xff,0xb8,0xbb,0xb9,0x06,0x07,0x08,0xc5,0x1c,0xf4,0xef,
    0xb6,0xca,0x07,0x07,0x06,0xc4,0xcb,0x1c,0xff,0xff,0xff,0xff,0xff,0xff,0x13,0x05,
    0x05,0x14,0xff,0xff,0xff,0xff,0xff,0x13,0x0f,0xff,0xff,0xff,0xff,0xff,0xff,0xff,
    0xff,0xff,0xff,0xff,0xff,0xff,0xff,0xff,0xff,0xff,0xff,0xff,0xff,0xff,0xff,0xff,
    0xff,0xff,0xff,0xff,0xff,0xff,0xff,0xff,0xff,0xff,0xff,0xff,0xff,0x14,0x01,0x16,
    0xff,0x18,0x02,0x11,0xff,0xff,0xff,0xff,0xff,0xff,0xff,0xff,0xff,0xff,0xff,0xff,
    0x14,0x0c,0x1e,0x00,0x00,0x00,0x00,0x00,0x00,0x00,0x00,0x00,0x00,0x00,0x00,0x00,
    0x00,0x00,0x00,0x00,0x00,0x00,0x00,0x00,0x00,0x00,0x00,0x00,0x00,0x00,0x00,0x00,
    0x1c,0x0f,0x1c,0xff,0xff,0xff,0xf1,0xf8,0x6a,0xd7,0xca,0x07,0x04,0xc1,0xb1,0xfa,
    0x19,0x05,0x06,0xc8,0xd2,0x29,0xf9,0xf9,0xff,0xff,0xff,0xff,0xff,0xff,0x0c,0x06,
    0x06,0x1a,0xff,0xff,0xff,0xff,0xff,0x0d,0x17,0xff,0xff,0xff,0xff,0xff,0xff,0xff,
    0xff,0xff,0xff,0xff,0xff,0x13,0x0f,0x11,0x1e,0xff,0xff,0xff,0xff,0xff,0xff,0xff,
    0xff,0xff,0xff,0xff,0xff,0xff,0xff,0xff,0xff,0xff,0xff,0xff,0xff,0x0d,0x03,0x1b,
    0xff,0x13,0x01,0x16,0xff,0xff,0xff,0xff,0xff,0xff,0xff,0xff,0xff,0xff,0xff,0xff,
    0x14,0x0c,0x1e,0x00,0x00,0x00,0x00,0x00,0x00,0x00,0x00,0x00,0x00,0x00,0x00,0x00,
    0x00,0x00,0x00,0x00,0x00,0x00,0x00,0x00,0x00,0x00,0x00,0x00,0x00,0x00,0x00,0x00,
    0x1c,0x0f,0x1c,0xff,0xff,0xff,0xb5,0xef,0xf7,0xae,0xf1,0x18,0xce,0xc8,0x5e,0xb5,
    0xba,0xca,0xbc,0xe9,0xaf,0xf3,0xf2,0xf9,0xff,0xff,0xff,0xff,0xff,0x1c,0x07,0x06,
    0x0a,0xff,0xff,0xff,0xff,0xff,0x1d,0x0a,0x1d,0xff,0xff,0xff,0xff,0xff,0xff,0xff,
    0xff,0xff,0xff,0xff,0xff,0x17,0x03,0x05,0x1d,0xff,0xff,0xff,0xff,0xff,0xff,0xff,
    0xff,0xff,0xff,0xff,0xff,0xff,0xff,0xff,0xff,0xff,0xff,0xff,0xff,0x08,0x07,0xff,
    0xff,0x0d,0x03,0x1b,0xff,0xff,0xff,0xff,0xff,0xff,0xff,0xff,0xff,0xff,0xff,0xff,
    0x14,0x0c,0x1e,0x00,0x00,0x00,0x00,0x00,0x00,0x00,0x00,0x00,0x00,0x00,0x00,0x00,
    0x00,0x00,0x00,0x00,0x00,0x00,0x00,0x00,0x00,0x00,0x00,0x00,0x00,0x00,0x00,0x00,
    0x1c,0x0f,0x1c,0xff,0xff,0xff,0xb7,0xec,0xf0,0xef,0xf0,0xf4,0xf9,0x41,0xe2,0xff,
    0x41,0xf9,0xfe,0xf0,0xef,0xf0,0xef,0xeb,0xff,0xff,0xff,0xff,0xff,0x16,0x05,0x05,
    0x10,0xff,0xff,0xff,0xff,0xff,0x16,0x0d,0xff,0xff,0xff,0xff,0xff,0xff,0xff,0xff,
    0xff,0xff,0xff,0xff,0xff,0x1a,0x05,0x07,0x1e,0xff,0xff,0xff,0xff,0xff,0xff,0xff,
    0xff,0xff,0xff,0xff,0xff,0xff,0xff,0xff,0xff,0xff,0xff,0xff,0x1c,0x03,0x0c,0xff,
    0xff,0x07,0x07,0xff,0xff,0xff,0xff,0xff,0xff,0xff,0xff,0xff,0xff,0xff,0xff,0xff,
    0x14,0x0c,0x1e,0x00,0x00,0x00,0x00,0x00,0x00,0x00,0x00,0x00,0x00,0x00,0x00,0x00,
    0x00,0x00,0x00,0x00,0x00,0x00,0x00,0x00,0x00,0x00,0x00,0x00,0x00,0x00,0x00,0x00,
    0x1d,0x0f,0x1c,0xff,0xff,0xff,0xb8,0xec,0xf0,0xf0,0xef,0xf0,0xfb,0xb5,0xff,0xff,
    0xb6,0xaf,0xf7,0xef,0xef,0xf0,0xef,0xeb,0xff,0xff,0xff,0xff,0xff,0x0f,0x05,0x05,
    0x16,0xff,0xff,0xff,0xff,0xff,0x0f,0x14,0x1a,0x14,0x14,0x1b,0x14,0x0f,0x16,0xff,
    0x17,0x0f,0x14,0xff,0xff,0x1a,0x05,0x07,0x16,0x0f,0x11,0x1c,0xff,0x1a,0x13,0x14,
    0x1b,0x16,0x0f,0x1a,0xff,0x1e,0x13,0x11,0x14,0xff,0xff,0xff,0x17,0x01,0x12,0xff,
    0x1b,0x03,0x0c,0xff,0xff,0x17,0x12,0x10,0x12,0x1d,0xff,0xff,0xff,0xff,0xff,0xff,
    0x14,0x0c,0x1e,0x00,0x00,0x00,0x00,0x00,0x00,0x00,0x00,0x00,0x00,0x00,0x00,0x00,
    0x00,0x00,0x00,0x00,0x00,0x00,0x00,0x00,0x00,0x00,0x00,0x00,0x00,0x00,0x00,0x00,
    0x1d,0x0f,0x1c,0xff,0xff,0xff,0xb7,0xef,0xef,0xf5,0xb2,0x73,0xbc,0xcb,0xe8,0xb5,
    0xce,0xc0,0x45,0xb3,0xfa,0xf0,0xf2,0xf1,0xff,0xff,0xff,0xff,0xff,0x0a,0x06,0x08,
    0x1d,0xff,0xff,0xff,0xff,0xff,0x0b,0x1c,0x1d,0x08,0x03,0x0c,0x12,0x07,0x04,0x0e,
    0x12,0x09,0x02,0x11,0xff,0x1a,0x05,0x05,0x12,0x13,0x03,0x08,0x1d,0x1d,0x09,0x02,
    0x0a,0x09,0x01,0x0e,0x1e,0x08,0x0a,0x1c,0x08,0x0d,0xff,0xff,0x11,0x01,0x17,0xff,
    0x16,0x01,0x12,0xff,0x12,0x02,0x19,0x19,0x02,0x07,0x1e,0xff,0xff,0xff,0xff,0xff,
    0x14,0x0b,0x1e,0x00,0x00,0x00,0x00,0x00,0x00,0x00,0x00,0x00,0x00,0x00,0x00,0x00,
    0x00,0x00,0x00,0x00,0x00,0x00,0x00,0x00,0x00,0x00,0x00,0x00,0x00,0x00,0x00,0x00,
    0x1d,0x0f,0x1c,0xff,0xff,0xff,0xeb,0xfc,0xb5,0x1b,0xd6,0xc8,0xc2,0xdc,0xb1,0xfa,
    0xc0,0x04,0xc5,0xcd,0x19,0xb5,0xaf,0xf9,0xff,0xff,0xff,0xff,0x1a,0x06,0x05,0x0c,
    0xff,0xff,0xff,0xff,0xff,0x19,0x0c,0xff,0xff,0x0c,0x03,0x15,0xff,0x11,0x02,0x0f,
    0xff,0x16,0x03,0x0c,0xff,0x1a,0x05,0x07,0x1e,0xff,0x0c,0x01,0x12,0xff,0x0d,0x02,
    0x10,0x1e,0x11,0x1a,0x13,0x01,0x13,0xff,0x0e,0x01,0x1a,0xff,0x0c,0x03,0x1c,0xff,
    0x11,0x01,0x17,0xff,0x0d,0x01,0x19,0xff,0x07,0x01,0x19,0xff,0xff,0xff,0xff,0xff,
    0x14,0x0b,0x1e,0x00,0x00,0x00,0x00,0x00,0x00,0x00,0x00,0x00,0x00,0x00,0x00,0x00,
    0x00,0x00,0x00,0x00,0x00,0x00,0x00,0x00,0x00,0x00,0x00,0x00,0x00,0x00,0x00,0x00,
    0x1d,0x0f,0x1c,0xff,0xff,0xff,0xff,0xdd,0x0e,0x08,0x06,0x07,0xc4,0xbd,0xfe,0xef,
    0x5e,0xc7,0x06,0x06,0xc4,0xc9,0xd6,0x1d,0xff,0xff,0xff,0xff,0x15,0x05,0x05,0x12,
    0xff,0xff,0xff,0xff,0xff,0x11,0x12,0xff,0xff,0x0b,0x03,0x16,0xff,0x11,0x02,0x12,
    0xff,0x16,0x03,0x0c,0xff,0x1a,0x05,0x07,0x1d,0xff,0x11,0x02,0x0d,0xff,0x0d,0x01,
    0x14,0xff,0xff,0xff,0x0c,0x02,0x0b,0x10,0x0c,0x08,0x19,0xff,0x06,0x08,0xff,0xff,
    0x0b,0x03,0x1c,0xff,0x1e,0x18,0x16,0x11,0x05,0x02,0x18,0xff,0xff,0xff,0xff,0xff,
    0x14,0x0b,0x1e,0x00,0x00,0x00,0x00,0x00,0x00,0x00,0x00,0x00,0x00,0x00,0x00,0x00,
    0x00,0x00,0x00,0x00,0x00,0x00,0x00,0x00,0x00,0x00,0x00,0x00,0x00,0x00,0x00,0x00,
    0x1d,0x0f,0x1c,0xff,0xff,0xff,0xff,0x18,0x09,0x06,0x08,0x07,0xca,0xeb,0xef,0xef,
    0xb0,0xd2,0x06,0x08,0x06,0x05,0x11,0xe2,0xff,0xff,0xff,0xff,0x14,0x05,0x05,0x16,
    0xff,0xff,0xff,0xff,0x1d,0x09,0x1c,0xff,0xff,0x0b,0x03,0x16,0xff,0x11,0x02,0x11,
    0xff,0x15,0x03,0x0c,0xff,0x1a,0x05,0x07,0x1d,0xff,0x11,0x02,0x0e,0xff,0x0d,0x01,
    0x14,0xff,0xff,0xff,0x0c,0x01,0x11,0x1e,0xff,0xff,0xff,0x1a,0x02,0x0d,0xff,0x1e,
    0x05,0x08,0xff,0xff,0x1a,0x09,0x0a,0x1a,0x07,0x02,0x18,0xff,0xff,0xff,0xff,0xff,
    0x14,0x0b,0x1e,0x00,0x00,0x00,0x00,0x00,0x00,0x00,0x00,0x00,0x00,0x00,0x00,0x00,
    0x00,0x00,0x00,0x00,0x00,0x00,0x00,0x00,0x00,0x00,0x00,0x00,0x00,0x00,0x00,0x00,
    0x1c,0x0f,0x1c,0xff,0xff,0xff,0xff,0xff,0x1d,0x0c,0x06,0x06,0xd7,0xae,0xef,0xf0,
    0xf3,0x2c,0xc6,0x06,0x08,0x19,0xff,0xff,0xff,0xff,0xff,0xff,0x19,0x05,0x05,0x10,
    0xff,0xff,0xff,0x1e,0x0c,0x11,0xff,0xff,0xff,0x0c,0x03,0x16,0xff,0x12,0x02,0x12,
    0xff,0x16,0x02,0x0c,0xff,0x1a,0x04,0x06,0x1e,0xff,0x0e,0x01,0x14,0xff,0x0d,0x01,
    0x14,0xff,0xff,0xff,0x11,0x01,0x09,0xff,0xff,0x1a,0x1c,0x16,0x01,0x14,0x17,0x18,
    0x02,0x0f,0x18,0x19,0x08,0x01,0x18,0xff,0x06,0x02,0x1a,0xff,0xff,0xff,0xff,0xff,
    0x14,0x0b,0x1e,0x00,0x00,0x00,0x00,0x00,0x00,0x00,0x00,0x00,0x00,0x00,0x00,0x00,
    0x00,0x00,0x00,0x00,0x00,0x00,0x00,0x00,0x00,0x00,0x00,0x00,0x00,0x00,0x00,0x00,
    0x1c,0x0f,0x1c,0xff,0xff,0xff,0xff,0xff,0xff,0x1d,0x0a,0xc5,0x6a,0xf0,0xef,0xf0,
    0xee,0xb2,0xcc,0x06,0x1a,0xff,0xff,0xff,0xff,0xff,0xff,0xff,0xff,0x13,0x06,0x04,
    0x0b,0x12,0x10,0x09,0x0f,0xff,0xff,0xff,0x1c,0x07,0x02,0x12,0x1e,0x0d,0x01,0x0d,
    0x1e,0x11,0x01,0x08,0x1e,0x1a,0x04,0x07,0x18,0x1a,0x04,0x0b,0x1e,0x1d,0x08,0x01,
    0x0d,0x1d,0xff,0xff,0x1c,0x08,0x01,0x09,0x0e,0x0d,0x1d,0x12,0x01,0x09,0x17,0x17,
    0x01,0x07,0x13,0x1e,0x07,0x01,0x09,0x10,0x04,0x01,0x0f,0x1e,0xff,0xff,0xff,0xff,
    0x14,0x0b,0x1e,0x00,0x00,0x00,0x00,0x00,0x00,0x00,0x00,0x00,0x00,0x00,0x00,0x00,
    0x00,0x00,0x00,0x00,0x00,0x00,0x00,0x00,0x00,0x00,0x00,0x00,0x00,0x00,0x00,0x00,
    0x1c,0x0f,0x1c,0xff,0xff,0xff,0xff,0xff,0xff,0xff,0x18,0xd2,0xaf,0xf0,0xed,0xed,
    0xf0,0xfd,0x17,0x14,0xff,0xff,0xff,0xff,0xff,0xff,0xff,0xff,0xff,0xff,0x1a,0x12,
    0x0d,0x0c,0x10,0x18,0xff,0xff,0xff,0xff,0x1a,0x14,0x15,0x16,0x1c,0x15,0x15,0x15,
    0x1c,0x16,0x14,0x14,0x1b,0x1c,0x17,0x1c,0x13,0x10,0x14,0xff,0xff,0x1a,0x13,0x14,
    0x13,0x1a,0xff,0xff,0xff,0x1d,0x12,0x0d,0x11,0x1d,0xff,0x19,0x07,0x10,0xff,0x1c,
    0x08,0x0c,0x1d,0xff,0x1a,0x0e,0x0f,0x1a,0x17,0x0d,0x16,0xff,0xff,0xff,0xff,0xff,
    0x14,0x0b,0x1e,0x00,0x00,0x00,0x00,0x00,0x00,0x00,0x00,0x00,0x00,0x00,0x00,0x00,
    0x00,0x00,0x00,0x00,0x00,0x00,0x00,0x00,0x00,0x00,0x00,0x00,0x00,0x00,0x00,0x00,
    0x1c,0x0f,0x1c,0xff,0xff,0xff,0xff,0xff,0xff,0xff,0xff,0xe5,0xb6,0xff,0xff,0xff,
    0xff,0xb5,0xb8,0xff,0xff,0xff,0xff,0xff,0xff,0xff,0xff,0xff,0xff,0xff,0xff,0xff,
    0xff,0xff,0xff,0xff,0xff,0xff,0xff,0xff,0xff,0xff,0xff,0xff,0xff,0xff,0xff,0xff,
    0xff,0xff,0xff,0xff,0xff,0xff,0xff,0xff,0xff,0xff,0xff,0xff,0xff,0xff,0xff,0xff,
    0xff,0xff,0xff,0xff,0xff,0xff,0xff,0xff,0xff,0xff,0xff,0xff,0xff,0xff,0xff,0xff,
    0xff,0xff,0xff,0xff,0xff,0xff,0xff,0xff,0xff,0xff,0xff,0xff,0xff,0xff,0xff,0xff,
    0x14,0x0b,0x1e,0x00,0x00,0x00,0x00,0x00,0x00,0x00,0x00,0x00,0x00,0x00,0x00,0x00,
    0x00,0x00,0x00,0x00,0x00,0x00,0x00,0x00,0x00,0x00,0x00,0x00,0x00,0x00,0x00,0x00,
    0x1c,0xce,0x66,0xb3,0xb3,0xb3,0xb3,0xb3,0xb3,0xb3,0xb3,0xb4,0xb4,0xb4,0xb4,0xb4,
    0xb4,0xb4,0xb4,0xb3,0xb3,0xb3,0xb3,0xb3,0xb3,0xb3,0xb3,0xb3,0xb3,0xb3,0xb3,0xb3,
    0xb3,0xb3,0xb3,0xb3,0xb3,0xb3,0xb3,0xb3,0xb3,0xb3,0xb3,0xb3,0xb3,0xb3,0xb3,0xb3,
    0xb3,0xb3,0xb3,0xb3,0xb3,0xb3,0xb3,0xb3,0xb3,0xb3,0xb3,0xb3,0xb3,0xb3,0xb3,0xb3,
    0xb3,0xb2,0xb3,0xb3,0xb2,0xb2,0xb2,0xb3,0xb2,0xb2,0xb2,0xb2,0xb3,0xb2,0xb2,0xb2,
    0xb3,0xb2,0xb2,0xb2,0xb2,0xb2,0xb2,0xb2,0xb2,0xb2,0xb2,0xb2,0xb2,0xb2,0xb2,0xb2,
    0x3f,0x0b,0x1e,0x00,0x00,0x00,0x00,0x00,0x00,0x00,0x00,0x00,0x00,0x00,0x00,0x00,
    0x00,0x00,0x00,0x00,0x00,0x00,0x00,0x00,0x00,0x00,0x00,0x00,0x00,0x00,0x00,0x00,
    0x1c,0xce,0x83,0xaa,0xaa,0xaa,0xaa,0xaa,0xaa,0xaa,0xaa,0xaa,0xaa,0xaa,0xaa,0xaa,
    0xaa,0xaa,0xaa,0xaa,0xaa,0xaa,0xaa,0xaa,0xaa,0xaa,0xaa,0xaa,0xa9,0xa9,0xa9,0xa9,
    0xa9,0xa9,0xa9,0xa9,0xa9,0xa9,0xa9,0xa9,0xa9,0xa9,0xa9,0xa9,0xa9,0xa9,0xa9,0xa9,
    0xa9,0xa9,0xa9,0xa9,0xa9,0xa9,0xa9,0xa9,0xa8,0xa8,0xa8,0xa8,0xa8,0xa8,0xa8,0xa8,
    0xa8,0xa8,0xa8,0xa8,0xa8,0xa8,0xa8,0xa8,0xa8,0xa8,0xa8,0xa8,0xa8,0xa7,0xa7,0xa7,
    0xa7,0xa7,0xa7,0xa7,0xa7,0xa7,0xa7,0xa7,0xa7,0xa7,0xa7,0xa7,0xa7,0xa7,0xa7,0xa7,
    0x3f,0xc9,0x1e,0x00,0x00,0x00,0x00,0x00,0x00,0x00,0x00,0x00,0x00,0x00,0x00,0x00,
    0x00,0x00,0x00,0x00,0x00,0x00,0x00,0x00,0x00,0x00,0x00,0x00,0x00,0x00,0x00,0x00,
    0x1c,0xce,0x83,0xab,0xab,0xab,0xab,0xab,0xab,0xab,0xab,0xab,0xab,0xab,0xab,0xab,
    0xab,0xab,0xab,0xab,0xab,0xab,0xab,0xab,0xab,0xab,0xab,0xab,0xab,0xab,0xab,0xab,
    0xaa,0xaa,0xaa,0xaa,0xaa,0xaa,0xaa,0xaa,0xaa,0xaa,0xaa,0xaa,0xaa,0xaa,0xaa,0xaa,
    0xaa,0xaa,0xaa,0xaa,0xaa,0xaa,0xaa,0xaa,0xaa,0xaa,0xaa,0xa9,0xa9,0xa9,0xa9,0xa9,
    0xa9,0xa9,0xa9,0xa9,0xa9,0xa9,0xa9,0xa9,0xa9,0xa9,0xa9,0xa9,0xa9,0xa9,0xa9,0xa9,
    0xa9,0xa8,0xa8,0xa8,0xa8,0xa8,0xa8,0xa8,0xa8,0xa8,0xa8,0xa8,0xa8,0xa8,0xa8,0xa8,
    0x3f,0xd8,0x1e,0x00,0x00,0x00,0x00,0x00,0x00,0x00,0x00,0x00,0x00,0x00,0x00,0x00,
    0x00,0x00,0x00,0x00,0x00,0x00,0x00,0x00,0x00,0x00,0x00,0x00,0x00,0x00,0x00,0x00,
    0x1c,0xce,0x83,0xab,0xab,0xab,0xab,0xab,0xab,0xab,0xab,0xab,0xab,0xab,0xab,0xab,
    0xab,0xab,0xab,0xab,0xab,0xab,0xab,0xab,0xab,0xab,0xab,0xab,0xab,0xab,0xaa,0xaa,
    0xaa,0xaa,0xaa,0xaa,0xaa,0xaa,0xaa,0xaa,0xaa,0xaa,0xaa,0xaa,0xaa,0xaa,0xaa,0xaa,
    0xaa,0xaa,0xaa,0xaa,0xaa,0xaa,0xaa,0xaa,0xaa,0xaa,0xa9,0xa9,0xa9,0xa9,0xa9,0xa9,
    0xa9,0xa9,0xa9,0xa9,0xa9,0xa9,0xa9,0xa9,0xa9,0xa9,0xa9,0xa9,0xa9,0xa9,0xa9,0xa9,
    0xa8,0xa8,0xa8,0xa8,0xa8,0xa8,0xa8,0xa8,0xa8,0xa8,0xa8,0xa8,0xa8,0xa8,0xa8,0xa8,
    0x3f,0xd8,0x1e,0x00,0x00,0x00,0x00,0x00,0x00,0x00,0x00,0x00,0x00,0x00,0x00,0x00,
    0x00,0x00,0x00,0x00,0x00,0x00,0x00,0x00,0x00,0x00,0x00,0x00,0x00,0x00,0x00,0x00,
    0x1c,0xce,0x83,0xab,0xab,0xab,0xab,0xab,0xab,0xab,0xab,0xab,0xab,0xab,0xab,0xab,
    0xab,0xab,0xab,0xab,0xab,0xab,0xab,0xab,0xab,0xab,0xab,0xab,0xab,0xaa,0xaa,0xaa,
    0xaa,0xaa,0xaa,0xaa,0xaa,0xaa,0xaa,0xaa,0xaa,0xaa,0xaa,0xaa,0xaa,0xaa,0xaa,0xaa,
    0xaa,0xaa,0xaa,0xaa,0xaa,0xaa,0xaa,0xaa,0xaa,0xa9,0xa9,0xa9,0xa9,0xa9,0xa9,0xa9,
    0xa9,0xa9,0xa9,0xa9,0xa9,0xa9,0xa9,0xa9,0xa9,0xa9,0xa9,0xa9,0xa9,0xa9,0xa8,0xa8,
    0xa8,0xa8,0xa8,0xa8,0xa8,0xa8,0xa8,0xa8,0xa8,0xa8,0xa8,0xa8,0xa8,0xa8,0xa8,0xa8,
    0x3f,0xc8,0x1e,0x00,0x00,0x00,0x00,0x00,0x00,0x00,0x00,0x00,0x00,0x00,0x00,0x00,
    0x00,0x00,0x00,0x00,0x00,0x00,0x00,0x00,0x00,0x00,0x00,0x00,0x00,0x00,0x00,0x00,
    0x1c,0xce,0x83,0xab,0xab,0xab,0xab,0xab,0xab,0xab,0xab,0xab,0xab,0xab,0xab,0xab,
    0xab,0xab,0xab,0xab,0xab,0xab,0xab,0xab,0xab,0xab,0xab,0xab,0xaa,0xaa,0xaa,0xaa,
    0xaa,0xaa,0xaa,0xaa,0xaa,0xaa,0xaa,0xaa,0xaa,0xaa,0xaa,0xaa,0xaa,0xaa,0xaa,0xaa,
    0xaa,0xaa,0xaa,0xaa,0xaa,0xaa,0xaa,0xa9,0xa9,0xa9,0xa9,0xa9,0xa9,0xa9,0xa9,0xa9,
    0xa9,0xa9,0xa9,0xa9,0xa9,0xa9,0xa9,0xa9,0xa9,0xa9,0xa9,0xa9,0xa9,0xa8,0xa8,0xa8,
    0xa8,0xa8,0xa8,0xa8,0xa8,0xa8,0xa8,0xa8,0xa8,0xa8,0xa8,0xa8,0xa8,0x9f,0x9f,0xa8,
    0x3f,0xc8,0x1e,0x00,0x00,0x00,0x00,0x00,0x00,0x00,0x00,0x00,0x00,0x00,0x00,0x00,
    0x00,0x00,0x00,0x00,0x00,0x00,0x00,0x00,0x00,0x00,0x00,0x00,0x00,0x00,0x00,0x00,
    0x1c,0xce,0x83,0xab,0xab,0xab,0xab,0xab,0xab,0xab,0xab,0xab,0xab,0xab,0xab,0xab,
    0xab,0xab,0xab,0xab,0xab,0xab,0xab,0xab,0xab,0xab,0xab,0xab,0xaa,0xaa,0xaa,0xaa,
    0xaa,0xaa,0xaa,0xaa,0xaa,0xaa,0xaa,0xaa,0xaa,0xaa,0xaa,0xaa,0xaa,0xaa,0xaa,0xaa,
    0xaa,0xaa,0xaa,0xaa,0xaa,0xaa,0xa9,0xa9,0xa9,0xa9,0xa9,0xa9,0xa9,0xa9,0xa9,0xa9,
    0xa9,0xa9,0xa9,0xa9,0xa9,0xa9,0xa9,0xa9,0xa9,0xa9,0xa9,0xa8,0xa8,0xa8,0xa8,0xa8,
    0xa8,0xa8,0xa8,0xa8,0xa8,0xa8,0xa8,0xa8,0xa8,0xa8,0x9f,0x9f,0x9f,0xa1,0x9f,0xa8,
    0x3f,0xc8,0x1e,0x00,0x00,0x00,0x00,0x00,0x00,0x00,0x00,0x00,0x00,0x00,0x00,0x00,
    0x00,0x00,0x00,0x00,0x00,0x00,0x00,0x00,0x00,0x00,0x00,0x00,0x00,0x00,0x00,0x00,
    0x1c,0xce,0x83,0xab,0xab,0xab,0xab,0xab,0xab,0xab,0xab,0xab,0xab,0xab,0xab,0xab,
    0xab,0xab,0xab,0xab,0xab,0xab,0xab,0xab,0xab,0xab,0xab,0xaa,0xaa,0xaa,0xaa,0xaa,
    0xaa,0xaa,0xaa,0xaa,0xaa,0xaa,0xaa,0xaa,0xaa,0xaa,0xaa,0xaa,0xaa,0xaa,0xaa,0xaa,
    0xaa,0xaa,0xaa,0xaa,0xaa,0xa9,0xa9,0xa9,0xa9,0xa9,0xa9,0xa9,0xa9,0xa9,0xa9,0xa9,
    0xa9,0xa9,0xa9,0xa9,0xa9,0xa9,0xa9,0xa9,0xa9,0xa9,0xa9,0xa8,0xa8,0xa8,0xa8,0xa8,
    0xa8,0xa8,0xa8,0xa8,0xa8,0xa8,0xa8,0xa8,0x9f,0x9f,0x9f,0xa1,0xa1,0xa1,0xa1,0xa8,
    0x3f,0xc8,0x1e,0x00,0x00,0x00,0x00,0x00,0x00,0x00,0x00,0x00,0x00,0x00,0x00,0x00,
    0x00,0x00,0x00,0x00,0x00,0x00,0x00,0x00,0x00,0x00,0x00,0x00,0x00,0x00,0x00,0x00,
    0x1c,0xce,0x83,0xab,0xab,0xab,0xab,0xab,0xab,0xab,0xac,0xab,0xab,0xab,0xab,0xab,
    0xab,0xab,0xab,0xab,0xab,0xab,0xab,0xab,0xab,0xab,0xaa,0xaa,0xaa,0xaa,0xaa,0xaa,
    0xaa,0xaa,0xaa,0xaa,0xaa,0xaa,0xaa,0xaa,0xaa,0xaa,0xaa,0xaa,0xaa,0xaa,0xaa,0xaa,
    0xaa,0xaa,0xaa,0xaa,0xa9,0xa9,0xa9,0xa9,0xa9,0xa9,0xa9,0xa9,0xa9,0xa9,0xa9,0xa9,
    0xa9,0xa9,0xa9,0xa9,0xa9,0xa9,0xa9,0xa9,0xa9,0xa8,0xa8,0xa8,0xa8,0xa8,0xa8,0xa8,
    0xa8,0xa8,0xa8,0xa8,0xa8,0xa8,0x9f,0x9f,0x9f,0xa1,0xa1,0xa1,0xa1,0xa1,0xa1,0xa8,
    0x3f,0xc8,0x1e,0x00,0x00,0x00,0x00,0x00,0x00,0x00,0x00,0x00,0x00,0x00,0x00,0x00,
    0x00,0x00,0x00,0x00,0x00,0x00,0x00,0x00,0x00,0x00,0x00,0x00,0x00,0x00,0x00,0x00,
    0x1c,0xce,0x83,0xab,0xab,0xab,0xab,0xab,0xab,0xac,0x61,0x51,0xab,0xab,0xab,0xab,
    0xab,0xab,0xab,0xab,0xab,0xab,0xab,0xab,0xab,0xaa,0xaa,0xaa,0xaa,0xaa,0xaa,0xaa,
    0xaa,0xaa,0xaa,0xaa,0xaa,0xaa,0xaa,0xaa,0xaa,0xaa,0xaa,0xaa,0xaa,0xaa,0xaa,0xaa,
    0xaa,0xaa,0xaa,0xa9,0xa9,0xa9,0xa9,0xa9,0xaa,0xa9,0xa9,0xaa,0xa9,0xa9,0xaa,0xa9,
    0xa9,0xa9,0xa9,0xa9,0xa9,0xa9,0xa9,0xa9,0xa9,0xa9,0xa9,0xa9,0xa9,0xa9,0xa8,0xa8,
    0xa8,0xa9,0xa8,0xa9,0xa8,0xa8,0xa8,0xa8,0xa8,0xa8,0xa8,0xa8,0xa7,0xa1,0xa1,0xa7,
    0x3f,0xc7,0x1e,0x00,0x00,0x00,0x00,0x00,0x00,0x00,0x00,0x00,0x00,0x00,0x00,0x00,
    0x00,0x00,0x00,0x00,0x00,0x00,0x00,0x00,0x00,0x00,0x00,0x00,0x00,0x00,0x00,0x00,
    0x1c,0xce,0x83,0xab,0xab,0xab,0xab,0xac,0x93,0x33,0xd0,0x33,0xad,0xac,0xac,0xac,
    0xac,0xab,0xab,0xab,0xab,0xab,0xab,0xab,0xaa,0xaa,0xaa,0xaa,0xaa,0xaa,0xaa,0xaa,
    0xaa,0xaa,0xaa,0xaa,0xaa,0xaa,0xaa,0xaa,0xaa,0xaa,0xaa,0xaa,0xaa,0xaa,0xaa,0xaa,
    0xaa,0xaa,0xa9,0xa9,0xa9,0xa9,0xaa,0x8e,0x56,0x95,0x95,0x56,0x8e,0xa9,0x6f,0xa9,
    0xa9,0x65,0x68,0x75,0x5b,0x5b,0x6f,0x62,0x62,0x62,0x86,0x5f,0x62,0x78,0xa8,0xa8,
    0x80,0x59,0x78,0x55,0x71,0x5f,0x64,0x6c,0x68,0x5a,0x80,0x55,0x81,0xa7,0xa1,0xa7,
    0x3f,0xc7,0x1e,0x00,0x00,0x00,0x00,0x00,0x00,0x00,0x00,0x00,0x00,0x00,0x00,0x00,
    0x00,0x00,0x00,0x00,0x00,0x00,0x00,0x00,0x00,0x00,0x00,0x00,0x00,0x00,0x00,0x00,
    0x1c,0xce,0x83,0xab,0xab,0xab,0xac,0x61,0x1f,0xc3,0xc4,0x2a,0x4e,0x4e,0x4e,0x51,
    0x51,0x5c,0xab,0xab,0xab,0xab,0xab,0xaa,0xaa,0xaa,0xaa,0xaa,0xaa,0xaa,0xaa,0xaa,
    0xaa,0xaa,0xaa,0xaa,0xaa,0xaa,0xaa,0xaa,0xaa,0xaa,0xaa,0xaa,0xaa,0xaa,0xaa,0xaa,
    0xaa,0xaa,0xa9,0xa9,0xa9,0xa9,0xa9,0x9e,0x2e,0x5b,0x60,0x2a,0x9e,0x85,0x2e,0x8e,
    0x78,0x4c,0x5b,0x4c,0x52,0x40,0x62,0x52,0x55,0x4c,0x7d,0x49,0x68,0x49,0x96,0xa8,
    0x8f,0x3d,0x4c,0x55,0x97,0x46,0x55,0x4d,0x7a,0x3b,0x5f,0x3b,0x97,0xa1,0xa1,0xa7,
    0x3f,0xc7,0x1e,0x00,0x00,0x00,0x00,0x00,0x00,0x00,0x00,0x00,0x00,0x00,0x00,0x00,
    0x00,0x00,0x00,0x00,0x00,0x00,0x00,0x00,0x00,0x00,0x00,0x00,0x00,0x00,0x00,0x00,
    0x1c,0xce,0x83,0xab,0xab,0x7e,0x28,0xd0,0xc3,0xc4,0xc4,0xc3,0xd0,0xe6,0xe6,0xe6,
    0xd9,0xe7,0xab,0xab,0xab,0xab,0xab,0xaa,0xaa,0xaa,0xaa,0xaa,0xaa,0xaa,0xaa,0xaa,
    0xaa,0xaa,0xaa,0xaa,0xaa,0xaa,0xaa,0xaa,0xaa,0xaa,0xaa,0xaa,0xaa,0xaa,0xaa,0xaa,
    0xaa,0xa9,0xa9,0xa9,0xa9,0xa9,0xa9,0xaa,0x4c,0x52,0x56,0x56,0xab,0x59,0x40,0x56,
    0x8e,0x59,0x4c,0x7d,0x75,0x5b,0xaa,0x62,0x49,0x68,0x9e,0x52,0x49,0x49,0x97,0xa8,
    0xa8,0x3d,0x32,0x88,0xa9,0x55,0x4d,0x74,0xa8,0x80,0x31,0xa1,0xa7,0xa1,0xa1,0xa7,
    0x47,0xc7,0x1e,0x00,0x00,0x00,0x00,0x00,0x00,0x00,0x00,0x00,0x00,0x00,0x00,0x00,
    0x00,0x00,0x00,0x00,0x00,0x00,0x00,0x00,0x00,0x00,0x00,0x00,0x00,0x00,0x00,0x00,
    0x1c,0xce,0x83,0xab,0xab,0x67,0x4e,0x57,0x57,0x57,0x57,0x57,0x57,0x5c,0x57,0x5c,
    0x5c,0xf6,0xab,0xab,0xab,0xab,0xaa,0xaa,0xaa,0xaa,0xaa,0xaa,0xaa,0xaa,0xaa,0xaa,
    0xaa,0xaa,0xaa,0xaa,0xaa,0xaa,0xaa,0xaa,0xaa,0xaa,0xaa,0xaa,0xaa,0xaa,0xaa,0xaa,
    0xa9,0xa9,0xa9,0xa9,0xa9,0xa9,0xa9,0x95,0x37,0x43,0x43,0x49,0x65,0x34,0x7d,0x34,
    0x49,0x5b,0x52,0x6f,0x5b,0x3d,0x9e,0x49,0x59,0x52,0x68,0x3d,0x6f,0x4d,0x59,0xa8,
    0x80,0x32,0x78,0x31,0x71,0x3b,0x64,0x46,0x91,0x81,0x31,0x91,0xa1,0xa1,0xa1,0xa7,
    0x47,0xc7,0x1e,0x00,0x00,0x00,0x00,0x00,0x00,0x00,0x00,0x00,0x00,0x00,0x00,0x00,
    0x00,0x00,0x00,0x00,0x00,0x00,0x00,0x00,0x00,0x00,0x00,0x00,0x00,0x00,0x00,0x00,
    0x1c,0xce,0x87,0xaa,0xaa,0xaa,0xab,0xab,0xab,0xab,0xab,0xaa,0xaa,0xaa,0xaa,0xaa,
    0xaa,0xaa,0xa9,0xa9,0xa9,0xa9,0xa9,0xa9,0xa9,0xa9,0xa9,0xa9,0xa9,0xa9,0xa9,0xa9,
    0xa9,0xa9,0xa9,0xa9,0xa9,0xa9,0xa9,0xa9,0xa9,0xa9,0xa9,0xa9,0xa8,0xa8,0xa8,0xa8,
    0xa8,0xa8,0xa8,0xa8,0xa8,0xa8,0xa8,0x97,0x6f,0x8f,0x88,0x7a,0x71,0x71,0x8f,0x71,
    0x7a,0x71,0x7a,0xa7,0x7a,0x71,0x98,0x74,0x74,0x74,0x91,0x74,0x8a,0x81,0x8a,0xa7,
    0x8a,0x6c,0x8a,0x74,0x77,0x6e,0x6e,0x77,0xa0,0x84,0x6e,0x8c,0xa2,0xa2,0xa2,0xa5,
    0x47,0xd5,0x1e,0x00,0x00,0x00,0x00,0x00,0x00,0x00,0x00,0x00,0x00,0x00,0x00,0x00,
    0x00,0x00,0x00,0x00,0x00,0x00,0x00,0x00,0x00,0x00,0x00,0x00,0x00,0x00,0x00,0x00,
    0x1c,0x0f,0x76,0xb0,0xb0,0xb0,0xb0,0xb0,0xb0,0xb0,0xb0,0xb0,0xb0,0xb0,0xb0,0xb0,
    0xb0,0xb0,0xb0,0xb0,0xb0,0xb0,0xb0,0xb0,0xb0,0xb0,0xb0,0xb0,0xb0,0xaf,0xb0,0xb0,
    0xaf,0xaf,0xaf,0xaf,0xaf,0xaf,0xaf,0xaf,0xaf,0xaf,0xaf,0xaf,0xaf,0xaf,0xaf,0xaf,
    0xaf,0xaf,0xaf,0xaf,0xaf,0xaf,0xaf,0xaf,0xaf,0xaf,0xaf,0xaf,0xaf,0xaf,0xaf,0xaf,
    0xaf,0xaf,0xaf,0x99,0xaf,0xae,0xae,0xae,0xae,0xae,0xae,0xae,0xae,0xae,0x99,0x9a,
    0x99,0xae,0x9a,0xae,0xad,0xad,0xad,0xad,0x90,0x9a,0xad,0x9a,0x92,0x92,0x92,0xad,
    0x30,0xc5,0x1e,0x00,0x00,0x00,0x00,0x00,0x00,0x00,0x00,0x00,0x00,0x00,0x00,0x00,
    0x00,0x00,0x00,0x00,0x00,0x00,0x00,0x00,0x00,0x00,0x00,0x00,0x00,0x00,0x00,0x00,
    0x1c,0x0f,0x1c,0xff,0xe5,0xe5,0xe5,0xe5,0xe5,0xe5,0xe5,0xe5,0xe5,0xe5,0xe5,0xe5,
    0xe5,0xe5,0xe5,0xe5,0xe5,0xe5,0xe5,0xe5,0xe5,0xe5,0xe5,0xe5,0xe5,0xe5,0xe5,0xe5,
    0xe5,0xe5,0xe5,0xe5,0xe5,0xe5,0xe5,0xe5,0xe5,0xe5,0xe5,0xe5,0xe5,0xe5,0xe5,0xe5,
    0xe5,0xe5,0xe5,0xe5,0xe5,0xe5,0xe5,0xe5,0xe5,0xe5,0xe5,0xe5,0xe5,0xe5,0xe5,0xe4,
    0xe4,0xe4,0xe4,0xe4,0xe4,0xe4,0xe4,0xe4,0xe2,0xe2,0xe2,0xe2,0xe2,0xe2,0xe2,0xe2,
    0xe2,0xe2,0xe2,0xe2,0xe3,0xe3,0xe3,0xe3,0xe3,0xe3,0xe3,0xe1,0xe1,0xe1,0xe1,0xe5,
    0x11,0x08,0x1e,0x00,0x00,0x00,0x00,0x00,0x00,0x00,0x00,0x00,0x00,0x00,0x00,0x00,
    0x00,0x00,0x00,0x00,0x00,0x00,0x00,0x00,0x00,0x00,0x00,0x00,0x00,0x00,0x00,0x00,
    0x1c,0x0f,0x1c,0xff,0x1e,0x1e,0x1e,0x1e,0x1e,0x1e,0x1e,0x1e,0x1e,0x1e,0x1e,0x1e,
    0x1e,0x1e,0x1e,0x1e,0x1e,0x1e,0x1e,0x1e,0x1e,0x1e,0x1e,0x1e,0x1e,0x1e,0x1e,0x1e,
    0x1e,0x1e,0x1e,0x1e,0x1e,0x1e,0x1e,0x1e,0x1e,0x1e,0x1e,0x1e,0x1e,0x1e,0x1e,0x1e,
    0x1e,0x1e,0x1e,0x1e,0x1e,0x1e,0x1e,0x1e,0x1e,0x1e,0x1e,0x1e,0x1e,0x1e,0x1e,0x1e,
    0x1e,0x1e,0x1d,0x1d,0x1d,0x1d,0x1d,0x1d,0x1d,0x1d,0x1d,0x1d,0x1d,0x1d,0x1d,0x1d,
    0x1d,0x1d,0x1d,0x1d,0x1d,0x1c,0x1c,0x1c,0x1c,0x1c,0x1c,0x1c,0x1c,0x1c,0x1c,0x1e,
    0x11,0x08,0x1e,0x00,0x00,0x00,0x00,0x00,0x00,0x00,0x00,0x00,0x00,0x00,0x00,0x00,
    0x00,0x00,0x00,0x00,0x00,0x00,0x00,0x00,0x00,0x00,0x00,0x00,0x00,0x00,0x00,0x00,
    0x1c,0x0f,0x1c,0xff,0x1e,0x1e,0x1e,0x1e,0x1e,0x1e,0x1e,0x1e,0x1e,0x1e,0x1e,0x1e,
    0x1e,0x1e,0x1e,0x1e,0x1e,0x1e,0x1e,0x1e,0x1e,0x1e,0x1e,0x1e,0x1e,0x1e,0x1e,0x1e,
    0x1e,0x1e,0x1e,0x1e,0x1e,0x1e,0x1e,0x1e,0x1e,0x1e,0x1e,0x1e,0x1e,0x1e,0x1e,0x1e,
    0x1e,0x1e,0x1e,0x1e,0x1e,0x1e,0x1e,0x1e,0x1e,0x1e,0x1e,0x1e,0x1e,0x1e,0x1e,0x1e,
    0x1e,0x1d,0x1d,0x1d,0x1d,0x1d,0x1d,0x1d,0x1d,0x1d,0x1d,0x1d,0x1d,0x1d,0x1d,0x1d,
    0x1d,0x1d,0x1d,0x1c,0x1c,0x1c,0x1c,0x1c,0x1c,0x1c,0x1c,0x1c,0x1c,0x1c,0x1c,0x1d,
    0x11,0x07,0x1e,0x00,0x00,0x00,0x00,0x00,0x00,0x00,0x00,0x00,0x00,0x00,0x00,0x00,
    0x00,0x00,0x00,0x00,0x00,0x00,0x00,0x00,0x00,0x00,0x00,0x00,0x00,0x00,0x00,0x00,
    0x1c,0x0f,0x1c,0xff,0x1e,0x1e,0x1e,0x1e,0x1e,0x1e,0x1e,0x1e,0x1e,0x1e,0x1e,0x1e,
    0x1e,0x1e,0x1e,0x1e,0x1e,0x1e,0x1e,0x1e,0x1e,0x1e,0x1e,0x1e,0x1e,0x1e,0x1e,0x1e,
    0x1e,0x1e,0x1e,0x1e,0x1e,0x1e,0x1e,0x1e,0x1e,0x1e,0x1e,0x1e,0x1e,0x1e,0x1e,0x1e,
    0x1e,0x1e,0x1e,0x1e,0x1e,0x1e,0x1e,0x1e,0x1e,0x1e,0x1e,0x1e,0x1e,0x1e,0x1e,0x1e,
    0x1d,0x1d,0x1d,0x1d,0x1d,0x1d,0x1d,0x1d,0x1d,0x1d,0x1d,0x1d,0x1d,0x1d,0x1d,0x1d,
    0x1d,0x1d,0x1c,0x1c,0x1c,0x1c,0x1c,0x1c,0x1c,0x1c,0x1c,0x1c,0x1c,0x1c,0x1c,0x1d,
    0x10,0x07,0x1e,0x00,0x00,0x00,0x00,0x00,0x00,0x00,0x00,0x00,0x00,0x00,0x00,0x00,
    0x00,0x00,0x00,0x00,0x00,0x00,0x00,0x00,0x00,0x00,0x00,0x00,0x00,0x00,0x00,0x00,
    0x1c,0x0f,0x1c,0xff,0x1e,0x1e,0x1e,0x1e,0x1e,0x1e,0x1e,0x1e,0x1e,0x1e,0x1e,0x1e,
    0x1e,0x1e,0x1e,0x1e,0x1e,0x1e,0x1e,0x1e,0x1e,0x1e,0x1e,0x1e,0x1e,0x1e,0x1e,0x1e,
    0x1e,0x1e,0x1e,0x1e,0x1e,0x1e,0x1e,0x1e,0x1e,0x1e,0x1e,0x1e,0x1e,0x1e,0x1e,0x1e,
    0x1e,0x1e,0x1e,0x1e,0x1e,0x1e,0x1e,0x1e,0x1e,0x1e,0x1e,0x1e,0x1e,0x1e,0x1e,0x1d,
    0x1d,0x1d,0x1d,0x1d,0x1d,0x1d,0x1d,0x1d,0x1d,0x1d,0x1d,0x1d,0x1d,0x1d,0x1d,0x1d,
    0x1c,0x1c,0x1c,0x1c,0x1c,0x1c,0x1c,0x1c,0x1c,0x1c,0x1c,0x1c,0x1c,0x1c,0x1b,0x1d,
    0x10,0x07,0x1e,0x00,0x00,0x00,0x00,0x00,0x00,0x00,0x00,0x00,0x00,0x00,0x00,0x00,
    0x00,0x00,0x00,0x00,0x00,0x00,0x00,0x00,0x00,0x00,0x00,0x00,0x00,0x00,0x00,0x00,
    0x1c,0x0f,0x1c,0xff,0x1e,0x1e,0x1e,0x1e,0x1e,0x1e,0x1e,0x1e,0x1e,0x1e,0x1e,0x1e,
    0x1e,0x1e,0x1e,0x1e,0x1e,0x1e,0x1e,0x1e,0x1e,0x1e,0x1e,0x1e,0x1e,0x1e,0x1e,0x1e,
    0x1e,0x1e,0x1e,0x1e,0x1e,0x1e,0x1e,0x1e,0x1e,0x1e,0x1e,0x1e,0x1e,0x1e,0x1e,0x1e,
    0x1e,0x1e,0x1e,0x1e,0x1e,0x1e,0x1e,0x1e,0x1e,0x1e,0x1e,0x1e,0x1e,0x1e,0x1d,0x1d,
    0x1d,0x1d,0x1d,0x1d,0x1d,0x1d,0x1d,0x1d,0x1d,0x1d,0x1d,0x1d,0x1d,0x1d,0x1d,0x1c,
    0x1c,0x1c,0x1c,0x1c,0x1c,0x1c,0x1c,0x1c,0x1c,0x1c,0x1c,0x1c,0x1b,0x1b,0x1b,0x1d,
    0x10,0x07,0x1e,0x00,0x00,0x00,0x00,0x00,0x00,0x00,0x00,0x00,0x00,0x00,0x00,0x00,
    0x00,0x00,0x00,0x00,0x00,0x00,0x00,0x00,0x00,0x00,0x00,0x00,0x00,0x00,0x00,0x00,
    0x1c,0x0f,0x1c,0xff,0x1e,0x1e,0x1e,0x1e,0x1e,0x1e,0x1e,0x1e,0x1e,0x1e,0x1e,0x1e,
    0x1e,0x1e,0x1e,0x1e,0x1e,0x1e,0x1e,0x1e,0x1e,0x1e,0x1e,0x1e,0x1e,0x1e,0x1e,0x1e,
    0x1e,0x1e,0x1e,0x1e,0x1e,0x1e,0x1e,0x1e,0x1e,0x1e,0x1e,0x1e,0x1e,0x1e,0x1e,0x1e,
    0x1e,0x1e,0x1e,0x1e,0x1e,0x1e,0x1e,0x1e,0x1e,0x1e,0x1e,0x1e,0x1e,0xe2,0xe2,0xe2,
    0xe2,0xe2,0x1d,0x1d,0x1d,0x1d,0x1d,0x1d,0x1d,0x1d,0x1d,0x1d,0x1d,0x1d,0xe1,0xe1,
    0xe1,0x1c,0x1c,0x1c,0x1c,0x1c,0x1c,0x1c,0x1c,0x1c,0xe0,0xe0,0xe0,0x1b,0x1b,0x1d,
    0x10,0x06,0x1e,0x00,0x00,0x00,0x00,0x00,0x00,0x00,0x00,0x00,0x00,0x00,0x00,0x00,
    0x00,0x00,0x00,0x00,0x00,0x00,0x00,0x00,0x00,0x00,0x00,0x00,0x00,0x00,0x00,0x00,
    0x1c,0x0f,0x38,0xff,0x1e,0x1e,0x1e,0x1e,0xe5,0xe5,0x1e,0x1e,0x1e,0x1e,0x1e,0x1e,
    0x1e,0x1e,0x1e,0x1e,0x1e,0x1e,0x1e,0x1e,0x1e,0x1e,0x1e,0x1e,0x1e,0x1e,0x1e,0x1e,
    0x1e,0x1e,0x1e,0x1e,0x1e,0x1e,0x1e,0x1e,0x1e,0x1e,0x1e,0x1e,0x1e,0x1e,0x1e,0x1e,
    0x1e,0x1e,0x1e,0x1e,0x1e,0x1e,0x1e,0x1e,0x1e,0x1e,0x1e,0x1e,0xe2,0xe2,0xe2,0xe2,
    0x1d,0x1d,0x1d,0x1d,0x1d,0x1d,0x1d,0x1d,0x1d,0x1d,0x1d,0x1d,0x1d,0xe1,0xe1,0xe1,
    0x1c,0x1c,0x1c,0x1c,0x1c,0x1c,0x1c,0x1c,0x1c,0xe0,0x1b,0x1b,0x1b,0x1b,0x1b,0x1d,
    0xce,0x06,0x1e,0x00,0x00,0x00,0x00,0x00,0x00,0x00,0x00,0x00,0x00,0x00,0x00,0x00,
    0x00,0x00,0x00,0x00,0x00,0x00,0x00,0x00,0x00,0x00,0x00,0x00,0x00,0x00,0x00,0x00,
    0x1c,0x0f,0x7f,0xad,0xad,0xad,0xac,0xac,0xac,0xac,0xac,0xac,0xac,0xac,0xac,0xac,
    0xac,0xac,0xac,0xac,0xac,0xac,0xac,0xac,0xac,0xac,0xac,0xac,0xac,0xac,0xac,0xac,
    0xac,0xac,0xac,0xac,0xab,0xab,0xab,0xab,0xab,0xab,0xab,0xab,0xab,0xab,0xab,0xab,
    0xab,0xab,0xab,0xab,0xab,0xab,0xab,0xaa,0xaa,0xaa,0xaa,0xaa,0xaa,0xaa,0xaa,0x9d,
    0x9d,0x9d,0x9d,0x9d,0x9d,0x9e,0x9e,0x9e,0x9e,0x9e,0x9e,0x9e,0x9e,0x9e,0x9e,0x96,
    0x96,0x96,0x96,0x96,0x96,0x96,0x96,0x97,0x8f,0x8f,0x8f,0x8f,0x8f,0x8f,0x8f,0xa1,
    0x3a,0xc4,0x1e,0x00,0x00,0x00,0x00,0x00,0x00,0x00,0x00,0x00,0x00,0x00,0x00,0x00,
    0x00,0x00,0x00,0x00,0x00,0x00,0x00,0x00,0x00,0x00,0x00,0x00,0x00,0x00,0x00,0x00,
    0x1c,0xce,0x90,0xaa,0xaa,0xaa,0xaa,0xaa,0xaa,0xaa,0xaa,0xaa,0xaa,0xaa,0xaa,0xaa,
    0xaa,0xaa,0xaa,0xaa,0xaa,0xaa,0xaa,0xaa,0xaa,0xaa,0xaa,0xaa,0xaa,0xaa,0xa9,0xa9,
    0xa9,0xa9,0xa9,0xa9,0xa9,0xa9,0xa9,0xa9,0xa9,0xa9,0xa9,0xa9,0xa9,0xa9,0xa9,0xa9,
    0xa9,0xa9,0xa9,0xa8,0xa8,0xa8,0xa8,0xa8,0xa8,0xa8,0xa8,0xa8,0xa8,0xa8,0xa8,0xa8,
    0xa8,0xa7,0xa7,0xa7,0xa7,0xa7,0xa7,0xa7,0xa7,0xa7,0xa7,0xa6,0xa6,0xa6,0xa6,0xa6,
    0xa6,0xa6,0xa6,0xa5,0xa5,0xa5,0xa5,0xa5,0xa5,0xa5,0xa2,0xa3,0xa3,0xa3,0xa3,0xa4,
    0x49,0xc3,0x1e,0x00,0x00,0x00,0x00,0x00,0x00,0x00,0x00,0x00,0x00,0x00,0x00,0x00,
    0x00,0x00,0x00,0x00,0x00,0x00,0x00,0x00,0x00,0x00,0x00,0x00,0x00,0x00,0x00,0x00,
    0x1d,0xcc,0x36,0x53,0x53,0x4b,0x53,0x4b,0x4b,0x53,0x4b,0x4b,0x4b,0x4b,0x4b,0x4b,
    0x4b,0x4b,0x4b,0x4b,0x4b,0x4b,0x4b,0x4b,0x4b,0x4b,0x4b,0x50,0x50,0x50,0x50,0x50,
    0x50,0x50,0x50,0x50,0x50,0x50,0x50,0x50,0x50,0x48,0x48,0x48,0x48,0x48,0x4e,0x4e,
    0x4e,0x4e,0x4e,0x4e,0x4e,0x4e,0x4e,0x4e,0x4e,0x4e,0x4e,0x4e,0x4e,0x4e,0x4e,0x4e,
    0x4e,0x4e,0x4e,0x4e,0x4e,0x4e,0x4e,0x4e,0x4f,0x47,0x47,0x47,0x47,0x47,0x4c,0x4c,
    0x4c,0x43,0x43,0x43,0x43,0x49,0x49,0x49,0x49,0x40,0x40,0x40,0x46,0x46,0x46,0x46,
    0x25,0xc4,0x1e,0x00,0x00,0x00,0x00,0x00,0x00,0x00,0x00,0x00,0x00,0x00,0x00,0x00,
    0x00,0x00,0x00,0x00,0x00,0x00,0x00,0x00,0x00,0x00,0x00,0x00,0x00,0x00,0x00,0x00,
    0x00,0x16,0xcb,0xdc,0xcc,0xdc,0xdc,0xdc,0xdc,0xdc,0xdc,0xdc,0xcb,0xcb,0xcb,0xcb,
    0xcb,0xcb,0xcb,0xcb,0xcb,0xcb,0xcb,0xcb,0xcb,0xcb,0xcb,0xcb,0xdb,0xdb,0xdb,0xdb,
    0xca,0xca,0xca,0xca,0xca,0xca,0xca,0xca,0xca,0xca,0xda,0xda,0xda,0xda,0xda,0xda,
    0xc9,0xc9,0xc9,0xc9,0xc9,0xc9,0xc9,0xd8,0xd8,0xc8,0xc8,0xc8,0xc8,0xc8,0xc7,0xc7,
    0xc7,0xc7,0xc7,0xc7,0xc7,0xd5,0xd5,0xc5,0xc5,0xc5,0xd4,0xd4,0xd4,0xc6,0xc6,0xc6,
    0xd3,0xc4,0xc4,0xd1,0xd1,0xc3,0xc3,0xc3,0xd0,0xc2,0xc2,0xc2,0xc2,0xcf,0xcf,0xcf,
    0xc2,0x18,0x00,0x00,0x00,0x00,0x00,0x00,0x00,0x00,0x00,0x00,0x00,0x00,0x00,0x00,
    0x00,0x00,0x00,0x00,0x00,0x00,0x00,0x00,0x00,0x00,0x00,0x00,0x00,0x00,0x00,0x00,
    0x00,0x00,0x00,0x00,0x00,0x00,0x00,0x00,0x00,0x00,0x00,0x00,0x00,0x00,0x00,0x00,
    0x00,0x00,0x00,0x00,0x00,0x00,0x00,0x00,0x00,0x00,0x00,0x00,0x00,0x00,0x00,0x00,
    0x00,0x00,0x00,0x00,0x00,0x00,0x00,0x00,0x00,0x00,0x00,0x00,0x00,0x00,0x00,0x00,
    0x00,0x00,0x00,0x00,0x00,0x00,0x00,0x00,0x00,0x00,0x00,0x00,0x00,0x00,0x00,0x00,
    0x00,0x00,0x00,0x00,0x00,0x00,0x00,0x00,0x00,0x00,0x00,0x00,0x00,0x00,0x00,0x00,
    0x00,0x00,0x00,0x00,0x00,0x00,0x00,0x00,0x00,0x00,0x00,0x00,0x00,0x00,0x00,0x00,
    0x00,0x00,0x00,0x00,0x00,0x00,0x00,0x00,0x00,0x00,0x00,0x00,0x00,0x00,0x00,0x00,
    0x00,0x00,0x00,0x00,0x00,0x00,0x00,0x00,0x00,0x00,0x00,0x00,0x00,0x00,0x00,0x00,
    0x22,0x22,0x22,0x2f,0x2f,0x2f,0x22,0x22,0x51,0x23,0x23,0x23,0x23,0x42,0x42,0x42,
    0x42,0x42,0x42,0x23,0x23,0x23,0x23,0x23,0x23,0x23,0x23,0x23,0x23,0x23,0x23,0x23,
    0x23,0x23,0x23,0x23,0x23,0x23,0x23,0x23,0x23,0x23,0x23,0x23,0x23,0x23,0x42,0x42,
    0x42,0x42,0x23,0x23,0x23,0x23,0x23,0x23,0x23,0x23,0x23,0x23,0x23,0x23,0x23,0x23,
    0x23,0x23,0x23,0x23,0x23,0x23,0x23,0x23,0x23,0x23,0x23,0x23,0x23,0x23,0x42,0x42,
    0x23,0x23,0x23,0x42,0x42,0x23,0x23,0x23,0x23,0x42,0x42,0x23,0x42,0x42,0x23,0x23,
    0x23,0x23,0x23,0x23,0x23,0x23,0x23,0x23,0x23,0x23,0x23,0x23,0x23,0x23,0x23,0x23,
    0x23,0x23,0x23,0x23,0x23,0x23,0x23,0x23,0x23,0x23,0x23,0x23,0x23,0x23,0x23,0x23,
    0x46,0x46,0x46,0x46,0x46,0x46,0x46,0x22,0x4d,0x51,0x51,0x51,0x51,0x23,0x23,0x23,
    0x23,0x23,0x23,0x51,0x51,0x51,0x51,0x51,0x51,0x51,0x51,0x4d,0x4d,0x4d,0x4d,0x4d,
    0x4d,0x4d,0x4d,0x4d,0x4d,0x4d,0x4d,0x4d,0x4d,0x4d,0x4d,0x51,0x51,0x23,0x23,0x23,
    0x23,0x23,0x23,0x51,0x51,0x51,0x51,0x51,0x51,0x51,0x51,0x51,0x51,0x23,0x23,0x23,
    0x23,0x23,0x23,0x23,0x23,0x23,0x23,0x23,0x23,0x23,0x23,0x23,0x23,0x23,0x23,0x23,
    0x23,0x23,0x23,0x23,0x23,0x23,0x23,0x23,0x23,0x23,0x23,0x23,0x23,0x23,0x23,0x23,
    0x23,0x23,0x23,0x23,0x23,0x23,0x23,0x23,0x23,0x23,0x23,0x23,0x51,0x51,0x23,0x23,
    0x23,0x23,0x23,0x23,0x23,0x23,0x23,0x23,0x23,0x23,0x23,0x23,0x23,0x33,0x23,0x4d,
    0x46,0x46,0x46,0x46,0x46,0x46,0x46,0x22,0x4d,0x51,0x51,0x51,0x51,0x23,0x23,0x51,
    0x23,0x23,0x23,0x23,0x51,0x51,0x51,0x51,0x51,0x4d,0x4d,0x4d,0x4d,0x4d,0x4d,0x4d,
    0x4d,0x4d,0x4d,0x4d,0x4d,0x4d,0x4d,0x51,0x4d,0x4d,0x51,0x51,0x23,0x23,0x23,0x23,
    0x23,0x23,0x23,0x51,0x51,0x51,0x51,0x51,0x23,0x23,0x51,0x51,0x51,0x23,0x23,0x23,
    0x23,0x23,0x23,0x23,0x23,0x23,0x23,0x23,0x23,0x23,0x23,0x23,0x23,0x23,0x23,0x23,
    0x23,0x23,0x23,0x23,0x23,0x23,0x23,0x23,0x23,0x23,0x23,0x23,0x23,0x23,0x23,0x23,
    0x23,0x23,0x23,0x23,0x23,0x23,0x23,0x23,0x23,0x23,0x23,0x23,0x23,0x23,0x23,0x23,
    0x23,0x23,0x23,0x23,0x23,0x23,0x23,0x23,0x23,0x23,0x23,0x23,0x51,0x4d,0x23,0x23,
    0x46,0x46,0x46,0x46,0x46,0x46,0x46,0x22,0x51,0x51,0x51,0x23,0x51,0x51,0x51,0x23,
    0x23,0x42,0x52,0x42,0x51,0x51,0x51,0x51,0x51,0x4d,0x51,0x4d,0x4d,0x4d,0x4d,0x4d,
    0x4d,0x4d,0x4d,0x4d,0x4d,0x4d,0x4d,0x4d,0x4d,0x51,0x51,0x51,0x23,0x23,0x23,0x23,
    0x23,0x23,0x23,0x23,0x23,0x23,0x23,0x51,0x23,0x23,0x23,0x51,0x51,0x23,0x23,0x23,
    0x23,0x23,0x23,0x23,0x23,0x23,0x23,0x23,0x23,0x23,0x23,0x23,0x23,0x23,0x23,0x23,
    0x23,0x23,0x23,0x23,0x23,0x23,0x23,0x23,0x23,0x23,0x23,0x23,0x23,0x23,0x23,0x23,
    0x23,0x23,0x23,0x23,0x23,0x23,0x23,0x23,0x23,0x23,0x23,0x23,0x23,0x23,0x4d,0x51,
    0x23,0x23,0x23,0x23,0x23,0x23,0x23,0x23,0x23,0x23,0x23,0x23,0x23,0x23,0x23,0x23,
    0x46,0x46,0x46,0x46,0x46,0x46,0x46,0x22,0x51,0x23,0x42,0x51,0x51,0x51,0x51,0x51,
    0x51,0x23,0x42,0x51,0x51,0x51,0x51,0x51,0x51,0x4d,0x4d,0x4d,0x4d,0x4d,0x4d,0x4d,
    0x4d,0x4d,0x4d,0x4d,0x4d,0x4d,0x4d,0x4d,0x4d,0x4d,0x4d,0x51,0x51,0x23,0x23,0x51,
    0x23,0x51,0x23,0x51,0x51,0x51,0x51,0x51,0x51,0x51,0x23,0x23,0x23,0x23,0x23,0x23,
    0x23,0x23,0x23,0x23,0x23,0x23,0x23,0x23,0x23,0x23,0x23,0x23,0x23,0x23,0x23,0x23,
    0x23,0x23,0x23,0x51,0x51,0x23,0x23,0x23,0x23,0x23,0x23,0x23,0x23,0x23,0x51,0x23,
    0x51,0x51,0x51,0x51,0x51,0x51,0x51,0x51,0x51,0x51,0x23,0x23,0x23,0x51,0x4d,0x4d,
    0x4d,0x23,0x23,0x23,0x23,0x23,0x23,0x23,0x23,0x23,0x51,0x4d,0x4d,0x4d,0x23,0x33,
    0x46,0x46,0x46,0x22,0x46,0x46,0x46,0x4d,0x51,0x51,0x51,0x51,0x51,0x51,0x51,0x51,
    0x51,0x51,0x51,0x51,0x51,0x51,0x51,0x51,0x51,0x4d,0x4d,0x4d,0x4d,0x4d,0x4d,0x4d,
    0x4d,0x4d,0x4d,0x4d,0x4d,0x4d,0x4d,0x4d,0x4d,0x51,0x51,0x51,0x51,0x51,0x51,0x51,
    0x51,0x51,0x51,0x51,0x51,0x51,0x51,0x51,0x51,0x51,0x23,0x23,0x23,0x23,0x23,0x23,
    0x23,0x23,0x23,0x23,0x23,0x23,0x23,0x23,0x23,0x51,0x51,0x51,0x23,0x23,0x23,0x23,
    0x23,0x23,0x51,0x51,0x23,0x23,0x23,0x51,0x23,0x23,0x23,0x23,0x23,0x51,0x23,0x23,
    0x51,0x51,0x51,0x51,0x51,0x51,0x23,0x51,0x51,0x51,0x23,0x51,0x23,0x51,0x4d,0x4d,
    0x4d,0x23,0x23,0x23,0x23,0x23,0x23,0x51,0x23,0x33,0x4d,0x4d,0x4d,0x51,0x33,0x4d,
    0x46,0x46,0x46,0x46,0x46,0x46,0x50,0x4d,0x51,0x51,0x51,0x51,0x51,0x51,0x51,0x51,
    0x51,0x23,0x23,0x51,0x51,0x51,0x51,0x51,0x51,0x51,0x51,0x4d,0x4d,0x4d,0x4d,0x4d,
    0x4d,0x4d,0x4d,0x4d,0x4d,0x4d,0x4d,0x4d,0x4d,0x4d,0x51,0x51,0x51,0x51,0x51,0x51,
    0x51,0x51,0x51,0x51,0x51,0x51,0x51,0x51,0x51,0x23,0x23,0x23,0x23,0x23,0x51,0x51,
    0x23,0x23,0x23,0x51,0x51,0x51,0x51,0x51,0x23,0x51,0x51,0x51,0x23,0x23,0x23,0x23,
    0x23,0x23,0x23,0x23,0x51,0x51,0x23,0x4d,0x23,0x23,0x23,0x23,0x51,0x4d,0x51,0x51,
    0x51,0x51,0x51,0x4d,0x4d,0x51,0x23,0x51,0x4d,0x4d,0x4d,0x4d,0x51,0x4d,0x4d,0x4d,
    0x4d,0x4d,0x33,0x4d,0x4d,0x4d,0x4d,0x4d,0x4d,0x4d,0x4d,0x4d,0x4d,0x4d,0x33,0x33,
    0x46,0x46,0x46,0x46,0x46,0x46,0x50,0x4d,0x51,0x51,0x51,0x51,0x51,0x51,0x51,0x51,
    0x51,0x51,0x51,0x51,0x51,0x51,0x51,0x51,0x51,0x51,0x51,0x4d,0x4d,0x4d,0x4d,0x4d,
    0x4d,0x4d,0x4d,0x4d,0x4d,0x4d,0x4d,0x4d,0x4d,0x4d,0x4d,0x51,0x51,0x51,0x51,0x51,
    0x51,0x51,0x51,0x23,0x51,0x51,0x51,0x51,0x51,0x23,0x23,0x23,0x23,0x23,0x23,0x51,
    0x23,0x51,0x23,0x51,0x51,0x51,0x51,0x51,0x23,0x23,0x23,0x51,0x51,0x51,0x23,0x23,
    0x23,0x51,0x51,0x23,0x23,0x23,0x23,0x51,0x23,0x23,0x23,0x4d,0x4d,0x51,0x51,0x51,
    0x4d,0x4d,0x4d,0x4d,0x4d,0x4d,0x4d,0x4d,0x4d,0x4d,0x4d,0x4d,0x4d,0x4d,0x4d,0x4d,
    0x51,0x23,0x4d,0x4d,0x4d,0x4d,0x4d,0x4d,0x33,0x33,0x4d,0x4d,0x4d,0x33,0x33,0x4d,
    0x46,0x46,0x46,0x46,0x46,0x46,0x50,0x4d,0x51,0x51,0x51,0x51,0x51,0x51,0x51,0x51,
    0x51,0x51,0x51,0x51,0x51,0x51,0x51,0x51,0x51,0x4d,0x51,0x51,0x4d,0x4d,0x4d,0x4d,
    0x4d,0x4d,0x4d,0x4d,0x4d,0x4d,0x4d,0x4d,0x4d,0x4d,0x51,0x51,0x51,0x51,0x51,0x51,
    0x51,0x51,0x51,0x51,0x23,0x23,0x23,0x51,0x51,0x23,0x23,0x23,0x23,0x23,0x51,0x51,
    0x51,0x23,0x23,0x51,0x51,0x51,0x23,0x23,0x51,0x4d,0x51,0x51,0x23,0x51,0x51,0x23,
    0x23,0x23,0x23,0x51,0x51,0x23,0x23,0x51,0x51,0x51,0x4d,0x4d,0x4d,0x51,0x51,0x51,
    0x4d,0x51,0x4d,0x4d,0x4d,0x4d,0x4d,0x4d,0x4d,0x4d,0x4d,0x4d,0x4d,0x4d,0x4d,0x4d,
    0x4d,0x4d,0x4d,0x4d,0x4d,0x4d,0x4d,0x4d,0x4d,0x4d,0x4d,0x4d,0x33,0x4d,0x4d,0x4d,
    0x46,0x46,0x46,0x46,0x46,0x46,0x50,0x51,0x51,0x51,0x51,0x51,0x51,0x23,0x51,0x51,
    0x51,0x51,0x51,0x51,0x51,0x51,0x51,0x51,0x4d,0x4d,0x4d,0x4d,0x4d,0x4d,0x4d,0x4d,
    0x4d,0x4d,0x4d,0x4d,0x4d,0x4d,0x4d,0x42,0x51,0x4d,0x4d,0x4d,0x51,0x23,0x51,0x51,
    0x51,0x51,0x51,0x51,0x51,0x51,0x51,0x51,0x51,0x23,0x23,0x23,0x51,0x23,0x51,0x51,
    0x51,0x51,0x51,0x51,0x51,0x23,0x51,0x51,0x51,0x51,0x51,0x51,0x51,0x23,0x23,0x23,
    0x51,0x4d,0x23,0x23,0x51,0x51,0x4d,0x4d,0x4d,0x23,0x33,0x4d,0x4d,0x4d,0x4d,0x4d,
    0x4d,0x4d,0x4d,0x4d,0x4d,0x51,0x23,0x42,0x33,0x4d,0x4d,0x4d,0x4d,0x51,0x33,0x4d,
    0x4d,0x4d,0x4d,0x4d,0x4d,0x4d,0x4d,0x4d,0x4d,0x4d,0x4d,0x4d,0x4d,0x4d,0x33,0x4d,
    0x46,0x46,0x46,0x46,0x46,0x46,0x50,0x51,0x51,0x51,0x51,0x51,0x51,0x23,0x23,0x23,
    0x51,0x51,0x51,0x51,0x23,0x42,0x51,0x51,0x51,0x4d,0x4d,0x4d,0x4d,0x4d,0x4d,0x4d,
    0x4d,0x4d,0x4d,0x4d,0x4d,0x22,0x54,0x26,0x4d,0x4d,0x4d,0x4d,0x4d,0x42,0x23,0x51,
    0x51,0x51,0x51,0x51,0x51,0x51,0x51,0x51,0x51,0x51,0x23,0x23,0x23,0x51,0x4d,0x51,
    0x51,0x23,0x23,0x23,0x51,0x51,0x51,0x51,0x51,0x51,0x51,0x51,0x23,0x23,0x23,0x23,
    0x23,0x51,0x51,0x51,0x51,0x51,0x4d,0x4d,0x4d,0x4d,0x51,0x4d,0x4d,0x4d,0x4d,0x23,
    0x4d,0x23,0x23,0x4d,0x4d,0x4d,0x33,0x34,0x23,0x4d,0x4d,0x4d,0x4d,0x4d,0x4d,0x4d,
    0x4d,0x4d,0x4d,0x4d,0x4d,0x4d,0x4d,0x4d,0x4d,0x4d,0x4d,0x4d,0x4d,0x4d,0x33,0x33,
    0x46,0x46,0x46,0x46,0x46,0x46,0x4d,0x51,0x51,0x51,0x51,0x51,0x51,0x42,0x42,0x42,
    0x23,0x23,0x23,0x23,0x24,0x42,0x51,0x51,0x51,0x51,0x51,0x51,0x4d,0x4d,0x4d,0x4d,
    0x4d,0x4d,0x4d,0x4d,0x4d,0x50,0x27,0x29,0x4d,0x4d,0x4d,0x23,0x51,0x23,0x23,0x51,
    0x51,0x51,0x51,0x51,0x51,0x51,0x51,0x4d,0x4d,0x51,0x23,0x34,0x23,0x23,0x23,0x4d,
    0x51,0x23,0x23,0x23,0x23,0x23,0x51,0x23,0x23,0x51,0x23,0x23,0x23,0x51,0x51,0x23,
    0x23,0x51,0x51,0x51,0x51,0x51,0x23,0x23,0x22,0x4d,0x4d,0x4d,0x4d,0x4d,0x23,0x23,
    0x4d,0x4d,0x23,0x4d,0x4d,0x51,0x23,0x34,0x33,0x4d,0x23,0x33,0x4d,0x4d,0x4d,0x4d,
    0x4d,0x4d,0x4d,0x4d,0x33,0x4d,0x33,0x33,0x4d,0x4d,0x4d,0x4d,0x4d,0x4d,0x23,0x33,
    0x46,0x46,0x46,0x46,0x46,0x46,0x4d,0x51,0x51,0x51,0x51,0x51,0x23,0x42,0x42,0x42,
    0x42,0x23,0x23,0x51,0x24,0x52,0x51,0x51,0x51,0x51,0x51,0x51,0x4d,0x4d,0x4d,0x4d,
    0x4d,0x4d,0x4d,0x4d,0x4d,0x22,0x26,0x27,0x4d,0x4d,0x4d,0x23,0x23,0x24,0x42,0x51,
    0x51,0x51,0x51,0x51,0x4d,0x4d,0x51,0x51,0x51,0x51,0x23,0x34,0x23,0x51,0x23,0x4d,
    0x51,0x23,0x23,0x23,0x51,0x51,0x51,0x23,0x23,0x23,0x51,0x51,0x23,0x4d,0x23,0x23,
    0x23,0x51,0x51,0x4d,0x51,0x51,0x4d,0x42,0x0d,0x25,0x4d,0x4d,0x4d,0x4d,0x23,0x34,
    0x4d,0x23,0x23,0x4d,0x4d,0x4d,0x23,0x42,0x4d,0x23,0x23,0x4d,0x4d,0x4d,0x4d,0x4d,
    0x4d,0x4d,0x4d,0x4d,0x22,0x42,0x25,0x23,0x4d,0x4d,0x22,0x4d,0x4d,0x4d,0x33,0x33,
    0x46,0x46,0x46,0x46,0x46,0x50,0x51,0x51,0x23,0x23,0x23,0x42,0x42,0x42,0x42,0x42,
    0x42,0x23,0x23,0x23,0x42,0x42,0x51,0x51,0x51,0x51,0x51,0x51,0x23,0x42,0x4d,0x4d,
    0x4d,0x4d,0x4d,0x4d,0x4d,0x4d,0x48,0x43,0x4d,0x4d,0x23,0x23,0x23,0x24,0x42,0x4d,
    0x51,0x51,0x51,0x4d,0x51,0x4d,0x4d,0x4d,0x51,0x51,0x23,0x34,0x23,0x23,0x42,0x23,
    0x23,0x23,0x4d,0x4d,0x4d,0x22,0x4d,0x51,0x23,0x51,0x4d,0x42,0x52,0x28,0x42,0x51,
    0x51,0x23,0x4d,0x23,0x23,0x4d,0x33,0x26,0x14,0x28,0x22,0x4d,0x4d,0x4d,0x23,0x42,
    0x22,0x23,0x42,0x4d,0x4d,0x4d,0x23,0x34,0x33,0x33,0x33,0x4d,0x4d,0x4d,0x4d,0x4d,
    0x4d,0x4d,0x4d,0x4d,0x23,0x25,0x26,0x24,0x33,0x4d,0x4d,0x4d,0x4d,0x4d,0x33,0x23,
    0x46,0x46,0x46,0x46,0x46,0x50,0x51,0x51,0x51,0x42,0x42,0x42,0x42,0x42,0x42,0x42,
    0x42,0x42,0x23,0x51,0x24,0x42,0x51,0x51,0x51,0x51,0x51,0x51,0x23,0x42,0x4d,0x23,
    0x42,0x22,0x4d,0x4d,0x4d,0x4d,0x26,0x27,0x42,0x4d,0x51,0x23,0x51,0x42,0x23,0x4d,
    0x51,0x51,0x23,0x23,0x4d,0x4d,0x4d,0x4d,0x4d,0x4d,0x23,0x35,0x23,0x23,0x42,0x23,
    0x23,0x4d,0x4d,0x23,0x24,0x25,0x52,0x4d,0x51,0x23,0x25,0x35,0x24,0x2e,0x53,0x4d,
    0x51,0x51,0x51,0x23,0x23,0x4d,0x23,0x24,0x2b,0x25,0x4d,0x4d,0x4d,0x4d,0x23,0x34,
    0x25,0x24,0x23,0x4d,0x4d,0x4d,0x23,0x34,0x33,0x4d,0x33,0x4d,0x4d,0x4d,0x4d,0x4d,
    0x4d,0x4d,0x22,0x23,0x25,0x24,0x42,0x23,0x4d,0x4d,0x4d,0x4d,0x4d,0x4d,0x4d,0x33,
    0x46,0x46,0x46,0x46,0x46,0x50,0x51,0x51,0x51,0x23,0x42,0x42,0x42,0x42,0x42,0x42,
    0x42,0x42,0x51,0x51,0x42,0x42,0x51,0x51,0x51,0x51,0x51,0x4d,0x51,0x23,0x4d,0x23,
    0x23,0x53,0x4e,0x22,0x4d,0x4d,0x25,0x55,0x34,0x4d,0x4d,0x23,0x51,0x23,0x51,0x4d,
    0x4d,0x4d,0x42,0x34,0x4d,0x4d,0x4d,0x4d,0x4d,0x4d,0x23,0x24,0x23,0x23,0x42,0x51,
    0x4d,0x4d,0x51,0x23,0x25,0x29,0x52,0x22,0x4d,0x23,0x2a,0x26,0x24,0x31,0x47,0x4d,
    0x51,0x51,0x4d,0x4d,0x4d,0x4d,0x23,0x23,0x03,0x24,0x4d,0x4d,0x4d,0x4d,0x23,0x34,
    0x2e,0x29,0x4d,0x4d,0x4d,0x4d,0x33,0x34,0x4d,0x4d,0x33,0x4d,0x4d,0x4d,0x4d,0x4d,
    0x4d,0x4d,0x22,0x4d,0x23,0x4d,0x23,0x4d,0x4d,0x4d,0x4d,0x4d,0x4d,0x4d,0x33,0x23,
    0x46,0x46,0x46,0x46,0x46,0x22,0x51,0x51,0x23,0x42,0x42,0x42,0x42,0x42,0x42,0x42,
    0x23,0x42,0x24,0x23,0x42,0x42,0x51,0x51,0x51,0x4d,0x4d,0x4d,0x23,0x42,0x4d,0x23,
    0x23,0x56,0x48,0x4d,0x4d,0x22,0x29,0x31,0x24,0x51,0x4d,0x51,0x23,0x42,0x23,0x4d,
    0x4d,0x4d,0x42,0x24,0x4d,0x4d,0x4d,0x4d,0x4d,0x47,0x26,0x24,0x51,0x25,0x35,0x4d,
    0x4d,0x4d,0x4d,0x42,0x47,0x28,0x4d,0x24,0x25,0x23,0x06,0x43,0x34,0x29,0x24,0x4d,
    0x4d,0x4d,0x4d,0x4d,0x4d,0x4d,0x33,0x42,0x27,0x24,0x4d,0x4d,0x4d,0x22,0x33,0x34,
    0x2d,0x3d,0x4d,0x4d,0x4d,0x4d,0x33,0x23,0x24,0x25,0x23,0x4d,0x4d,0x4d,0x4d,0x4d,
    0x4d,0x4d,0x4d,0x22,0x23,0x24,0x24,0x4d,0x4d,0x4d,0x4d,0x4d,0x4d,0x4d,0x4d,0x33,
    0x46,0x46,0x46,0x46,0x46,0x50,0x51,0x51,0x51,0x42,0x42,0x42,0x42,0x42,0x42,0x42,
    0x42,0x47,0x35,0x23,0x42,0x42,0x51,0x51,0x51,0x4d,0x4d,0x4d,0x23,0x34,0x4d,0x23,
    0x23,0x54,0x54,0x4d,0x4d,0x50,0x29,0x3e,0x34,0x4d,0x23,0x51,0x4d,0x23,0x51,0x4d,
    0x4d,0x4d,0x23,0x34,0x4d,0x4d,0x51,0x4d,0x4d,0x47,0x29,0x34,0x27,0x29,0x34,0x4d,
    0x4d,0x4d,0x4d,0x42,0x24,0x26,0x46,0x27,0x29,0x4d,0x2c,0x29,0x34,0x2a,0x47,0x4d,
    0x4d,0x23,0x23,0x4d,0x23,0x4d,0x23,0x42,0x28,0x42,0x4d,0x4d,0x4d,0x23,0x25,0x34,
    0x26,0x28,0x33,0x4d,0x4d,0x4d,0x33,0x33,0x27,0x29,0x4d,0x22,0x4d,0x51,0x4d,0x4d,
    0x4d,0x4d,0x22,0x4d,0x22,0x4d,0x23,0x23,0x4d,0x4d,0x4d,0x4d,0x22,0x4d,0x33,0x33,
    0x46,0x46,0x46,0x46,0x46,0x50,0x51,0x23,0x42,0x42,0x42,0x42,0x52,0x42,0x42,0x42,
    0x42,0x47,0x35,0x42,0x42,0x52,0x51,0x51,0x51,0x51,0x51,0x51,0x23,0x42,0x4d,0x4d,
    0x23,0x2a,0x4e,0x22,0x51,0x4d,0x28,0x29,0x33,0x54,0x26,0x4d,0x4d,0x42,0x4d,0x4d,
    0x33,0x4d,0x4d,0x23,0x4d,0x23,0x23,0x4d,0x4d,0x24,0x2b,0x35,0x28,0x49,0x23,0x4d,
    0x4d,0x4d,0x4d,0x23,0x24,0x26,0x22,0x54,0x05,0x51,0x04,0x39,0x34,0x27,0x24,0x4d,
    0x23,0x34,0x23,0x4d,0x33,0x4d,0x23,0x24,0x29,0x42,0x4d,0x4d,0x22,0x28,0x39,0x34,
    0x27,0x24,0x33,0x4d,0x4d,0x4d,0x4d,0x33,0x48,0x25,0x4d,0x25,0x47,0x4d,0x4d,0x4d,
    0x4d,0x4d,0x22,0x4d,0x24,0x24,0x24,0x24,0x22,0x4d,0x4d,0x22,0x22,0x4d,0x33,0x33,
    0x46,0x46,0x46,0x50,0x50,0x22,0x51,0x42,0x42,0x42,0x42,0x42,0x42,0x42,0x42,0x42,
    0x42,0x52,0x47,0x42,0x47,0x24,0x51,0x51,0x51,0x51,0x51,0x51,0x4d,0x4d,0x4d,0x23,
    0x23,0x28,0x47,0x22,0x4d,0x23,0x28,0x2b,0x34,0x27,0x56,0x22,0x4d,0x42,0x51,0x4d,
    0x4d,0x4d,0x4d,0x23,0x4d,0x42,0x42,0x4d,0x22,0x28,0x15,0x48,0x25,0x28,0x23,0x4d,
    0x4d,0x4d,0x4d,0x23,0x47,0x29,0x23,0x24,0x28,0x23,0x2a,0x39,0x35,0x2e,0x26,0x4d,
    0x23,0x34,0x23,0x4d,0x4d,0x4d,0x23,0x24,0x3d,0x25,0x22,0x4d,0x22,0x27,0x2b,0x34,
    0x26,0x25,0x23,0x4d,0x4d,0x4d,0x4d,0x23,0x23,0x28,0x4d,0x27,0x28,0x22,0x4d,0x4d,
    0x4d,0x4d,0x4d,0x4d,0x34,0x25,0x25,0x24,0x23,0x4d,0x22,0x22,0x22,0x4d,0x33,0x33,
    0x46,0x50,0x50,0x50,0x22,0x4d,0x51,0x42,0x42,0x42,0x42,0x42,0x42,0x42,0x42,0x42,
    0x42,0x42,0x52,0x42,0x23,0x42,0x51,0x51,0x51,0x51,0x51,0x4d,0x4d,0x23,0x4d,0x23,
    0x23,0x2a,0x56,0x50,0x4d,0x33,0x29,0x2e,0x34,0x29,0x57,0x4d,0x4d,0x23,0x4d,0x4d,
    0x4d,0x4d,0x4d,0x23,0x4d,0x42,0x42,0x4d,0x4d,0x42,0x38,0x34,0x42,0x28,0x34,0x4d,
    0x4d,0x4d,0x33,0x42,0x23,0x42,0x4d,0x47,0x48,0x23,0x2d,0x2b,0x23,0x48,0x24,0x23,
    0x23,0x24,0x23,0x4d,0x4d,0x4d,0x23,0x23,0x27,0x35,0x4d,0x33,0x23,0x28,0x1c,0x35,
    0x28,0x35,0x34,0x4d,0x4d,0x4d,0x23,0x23,0x05,0x08,0x22,0x27,0x27,0x22,0x4d,0x4d,
    0x4d,0x4d,0x4d,0x4d,0x22,0x23,0x23,0x34,0x23,0x4d,0x22,0x4d,0x4d,0x23,0x23,0x23,
    0x46,0x22,0x50,0x50,0x22,0x4d,0x51,0x23,0x42,0x42,0x42,0x42,0x42,0x42,0x42,0x42,
    0x42,0x52,0x47,0x23,0x42,0x42,0x51,0x51,0x51,0x51,0x51,0x52,0x42,0x33,0x4d,0x4d,
    0x4d,0x43,0x4e,0x50,0x4d,0x33,0x04,0x2c,0x33,0x43,0x27,0x23,0x51,0x4d,0x4d,0x4d,
    0x4d,0x4d,0x23,0x23,0x54,0x4e,0x42,0x4d,0x4d,0x47,0x2a,0x34,0x26,0x2b,0x24,0x4d,
    0x4d,0x4d,0x4d,0x4d,0x42,0x2a,0x24,0x54,0x28,0x34,0x2b,0x1c,0x42,0x04,0x38,0x4d,
    0x23,0x34,0x23,0x23,0x23,0x4d,0x23,0x23,0x27,0x24,0x4d,0x33,0x23,0x28,0x27,0x35,
    0x29,0x38,0x42,0x4d,0x4d,0x4d,0x23,0x33,0x27,0x29,0x33,0x28,0x28,0x22,0x4d,0x4d,
    0x4d,0x4d,0x4d,0x22,0x23,0x24,0x23,0x24,0x24,0x4d,0x22,0x4d,0x4d,0x4d,0x33,0x33,
    0x50,0x22,0x22,0x22,0x22,0x4d,0x51,0x23,0x23,0x42,0x42,0x42,0x42,0x42,0x42,0x42,
    0x23,0x24,0x47,0x23,0x42,0x42,0x51,0x23,0x23,0x51,0x42,0x57,0x26,0x4d,0x4d,0x4d,
    0x42,0x2a,0x28,0x22,0x51,0x33,0x04,0x2b,0x42,0x48,0x26,0x4d,0x23,0x42,0x23,0x4d,
    0x51,0x4d,0x23,0x4d,0x26,0x4e,0x34,0x4d,0x22,0x47,0x2a,0x23,0x2a,0x3c,0x34,0x4d,
    0x4d,0x4d,0x4d,0x23,0x24,0x2b,0x42,0x25,0x26,0x34,0x26,0x4e,0x24,0x4a,0x26,0x23,
    0x51,0x42,0x23,0x4d,0x23,0x4d,0x42,0x34,0x28,0x24,0x4d,0x33,0x23,0x2a,0x20,0x34,
    0x28,0x1b,0x33,0x4d,0x4d,0x4d,0x4d,0x33,0x25,0x0d,0x33,0x28,0x27,0x22,0x4d,0x4d,
    0x4d,0x4d,0x4d,0x22,0x4d,0x33,0x22,0x4d,0x23,0x33,0x4d,0x4d,0x4d,0x4d,0x4d,0x33,
    0x22,0x4d,0x22,0x22,0x22,0x4d,0x51,0x51,0x51,0x51,0x51,0x51,0x42,0x23,0x51,0x42,
    0x51,0x52,0x47,0x23,0x42,0x42,0x51,0x51,0x23,0x4d,0x42,0x26,0x25,0x4d,0x4d,0x23,
    0x24,0x2d,0x27,0x46,0x51,0x33,0x2b,0x30,0x42,0x54,0x26,0x4d,0x4d,0x34,0x42,0x4d,
    0x4d,0x4d,0x23,0x42,0x25,0x26,0x34,0x4d,0x22,0x25,0x2a,0x34,0x48,0x2a,0x42,0x4d,
    0x4d,0x4d,0x4d,0x34,0x25,0x2a,0x23,0x25,0x29,0x34,0x05,0x27,0x23,0x4e,0x48,0x23,
    0x23,0x34,0x23,0x23,0x23,0x4d,0x42,0x34,0x56,0x23,0x4d,0x4d,0x34,0x28,0x3a,0x34,
    0x26,0x26,0x4d,0x4d,0x4d,0x4d,0x33,0x33,0x27,0x11,0x33,0x28,0x28,0x4d,0x4d,0x4d,
    0x4d,0x4d,0x4d,0x4d,0x22,0x4d,0x23,0x42,0x33,0x22,0x22,0x22,0x4d,0x4d,0x23,0x23,
    0x50,0x22,0x22,0x50,0x46,0x22,0x51,0x51,0x51,0x51,0x51,0x51,0x51,0x51,0x51,0x51,
    0x51,0x42,0x52,0x23,0x42,0x42,0x51,0x42,0x23,0x4d,0x23,0x28,0x25,0x4d,0x4d,0x23,
    0x42,0x27,0x4e,0x22,0x4d,0x42,0x53,0x29,0x24,0x02,0x28,0x23,0x51,0x34,0x42,0x4d,
    0x23,0x4d,0x23,0x34,0x48,0x27,0x4d,0x4d,0x22,0x4e,0x2d,0x47,0x25,0x29,0x23,0x4d,
    0x4d,0x4d,0x4d,0x23,0x35,0x27,0x42,0x25,0x27,0x23,0x2b,0x3b,0x4d,0x28,0x26,0x4d,
    0x23,0x34,0x23,0x23,0x42,0x4d,0x34,0x24,0x04,0x24,0x4d,0x23,0x34,0x25,0x26,0x34,
    0x28,0x35,0x23,0x4d,0x4d,0x4d,0x33,0x22,0x3a,0x3f,0x23,0x27,0x28,0x22,0x4d,0x4d,
    0x4d,0x4d,0x4d,0x22,0x4d,0x23,0x24,0x35,0x23,0x33,0x22,0x4d,0x4d,0x33,0x23,0x33,
    0x50,0x22,0x22,0x46,0x46,0x50,0x51,0x51,0x51,0x51,0x51,0x51,0x51,0x51,0x51,0x51,
    0x51,0x42,0x24,0x51,0x34,0x42,0x51,0x42,0x42,0x4d,0x23,0x55,0x24,0x23,0x4d,0x23,
    0x24,0x2d,0x28,0x50,0x4d,0x23,0x25,0x28,0x33,0x08,0x4b,0x4d,0x4d,0x34,0x42,0x4d,
    0x4d,0x4d,0x23,0x34,0x4e,0x27,0x4d,0x4d,0x4d,0x23,0x24,0x33,0x26,0x27,0x42,0x4d,
    0x4d,0x4d,0x4d,0x34,0x35,0x2a,0x51,0x56,0x3a,0x34,0x26,0x38,0x35,0x0a,0x27,0x4d,
    0x23,0x34,0x4d,0x23,0x34,0x4d,0x23,0x24,0x29,0x47,0x4d,0x23,0x34,0x24,0x26,0x42,
    0x26,0x25,0x23,0x4d,0x4d,0x4d,0x4d,0x33,0x26,0x29,0x34,0x2b,0x29,0x4d,0x4d,0x4d,
    0x4d,0x4d,0x4d,0x22,0x33,0x24,0x23,0x23,0x23,0x4d,0x22,0x4d,0x4d,0x4d,0x4d,0x22,
    0x50,0x50,0x50,0x46,0x46,0x50,0x51,0x51,0x51,0x51,0x51,0x51,0x51,0x51,0x51,0x51,
    0x51,0x42,0x42,0x51,0x42,0x23,0x4d,0x42,0x42,0x4d,0x23,0x26,0x42,0x33,0x4d,0x42,
    0x42,0x2c,0x55,0x50,0x4d,0x23,0x53,0x28,0x4d,0x29,0x49,0x4d,0x51,0x42,0x42,0x4d,
    0x23,0x4d,0x23,0x24,0x2d,0x20,0x4d,0x4d,0x4d,0x22,0x23,0x42,0x48,0x2a,0x23,0x23,
    0x42,0x4d,0x51,0x42,0x43,0x13,0x47,0x28,0x2a,0x34,0x2a,0x3a,0x34,0x27,0x36,0x23,
    0x23,0x24,0x23,0x23,0x34,0x4d,0x23,0x24,0x2a,0x25,0x22,0x4d,0x23,0x24,0x26,0x24,
    0x27,0x36,0x33,0x4d,0x4d,0x4d,0x33,0x33,0x28,0x28,0x23,0x29,0x28,0x22,0x4d,0x4d,
    0x4d,0x4d,0x4d,0x4d,0x4d,0x42,0x24,0x24,0x24,0x4d,0x22,0x4d,0x4d,0x22,0x22,0x22,
    0x50,0x46,0x46,0x46,0x46,0x50,0x51,0x51,0x51,0x51,0x4d,0x51,0x51,0x51,0x51,0x51,
    0x51,0x42,0x42,0x51,0x52,0x25,0x51,0x42,0x42,0x51,0x51,0x52,0x23,0x33,0x4d,0x23,
    0x34,0x07,0x28,0x50,0x4d,0x23,0x26,0x28,0x4d,0x26,0x47,0x4d,0x4d,0x34,0x42,0x4d,
    0x23,0x4d,0x23,0x42,0x55,0x27,0x23,0x4d,0x4d,0x52,0x29,0x42,0x48,0x2b,0x42,0x42,
    0x25,0x51,0x4d,0x23,0x28,0x2e,0x34,0x27,0x1e,0x34,0x42,0x24,0x42,0x2a,0x39,0x23,
    0x23,0x35,0x23,0x23,0x34,0x4d,0x42,0x35,0x05,0x25,0x22,0x4d,0x33,0x28,0x2a,0x23,
    0x03,0x28,0x4d,0x4d,0x4d,0x4d,0x33,0x4d,0x28,0x2b,0x34,0x26,0x26,0x22,0x4d,0x4d,
    0x4d,0x22,0x22,0x4d,0x22,0x23,0x25,0x24,0x23,0x22,0x4d,0x4d,0x22,0x22,0x22,0x22,
    0x50,0x50,0x46,0x46,0x46,0x50,0x51,0x51,0x51,0x51,0x51,0x51,0x51,0x51,0x51,0x51,
    0x51,0x42,0x42,0x50,0x57,0x37,0x2b,0x42,0x23,0x4d,0x51,0x55,0x48,0x4d,0x4d,0x4d,
    0x42,0x0b,0x29,0x46,0x51,0x23,0x25,0x48,0x42,0x29,0x43,0x4d,0x4d,0x34,0x42,0x4d,
    0x23,0x4d,0x23,0x23,0x56,0x26,0x4d,0x4d,0x4d,0x52,0x0f,0x23,0x25,0x2a,0x34,0x47,
    0x25,0x4d,0x4d,0x33,0x25,0x2a,0x47,0x42,0x38,0x24,0x26,0x25,0x24,0x32,0x3a,0x4d,
    0x51,0x42,0x23,0x23,0x34,0x4d,0x34,0x24,0x24,0x42,0x4d,0x4d,0x33,0x29,0x2d,0x23,
    0x27,0x28,0x23,0x4d,0x4d,0x4d,0x4d,0x22,0x27,0x1c,0x34,0x25,0x23,0x4d,0x4d,0x4d,
    0x4d,0x4d,0x4d,0x4d,0x22,0x23,0x1a,0x25,0x25,0x24,0x33,0x22,0x22,0x22,0x4d,0x33,
    0x50,0x50,0x46,0x46,0x46,0x50,0x51,0x51,0x51,0x4d,0x51,0x51,0x51,0x51,0x51,0x51,
    0x51,0x51,0x42,0x46,0x08,0x0c,0x2e,0x47,0x23,0x4d,0x51,0x48,0x24,0x23,0x4d,0x4d,
    0x42,0x5b,0x2a,0x46,0x4d,0x42,0x47,0x48,0x24,0x2b,0x2b,0x51,0x4d,0x42,0x51,0x4d,
    0x23,0x4d,0x23,0x42,0x2a,0x29,0x4d,0x4d,0x4d,0x42,0x2a,0x24,0x26,0x28,0x23,0x2a,
    0x29,0x22,0x4d,0x23,0x25,0x28,0x42,0x42,0x35,0x24,0x2b,0x29,0x33,0x2a,0x38,0x4d,
    0x23,0x42,0x4d,0x42,0x24,0x4d,0x34,0x24,0x27,0x25,0x22,0x4d,0x23,0x27,0x49,0x23,
    0x42,0x24,0x23,0x4d,0x4d,0x4d,0x23,0x34,0x28,0x28,0x33,0x26,0x48,0x4d,0x4d,0x4d,
    0x4d,0x4d,0x4d,0x4d,0x4d,0x4d,0x25,0x25,0x24,0x23,0x4d,0x22,0x22,0x22,0x4d,0x4d,
    0x46,0x46,0x46,0x46,0x46,0x50,0x51,0x51,0x4d,0x51,0x51,0x4d,0x51,0x4d,0x51,0x51,
    0x51,0x42,0x42,0x22,0x55,0x31,0x4f,0x47,0x42,0x4d,0x4d,0x4d,0x4d,0x23,0x4d,0x4d,
    0x42,0x2d,0x27,0x22,0x4d,0x23,0x25,0x28,0x34,0x54,0x4e,0x4d,0x51,0x42,0x23,0x4d,
    0x4d,0x4d,0x23,0x34,0x2e,0x3f,0x4d,0x4d,0x4d,0x52,0x05,0x24,0x25,0x3a,0x42,0x57,
    0x26,0x22,0x4d,0x23,0x34,0x26,0x4d,0x25,0x28,0x34,0x44,0x3d,0x33,0x29,0x48,0x4d,
    0x51,0x23,0x4d,0x23,0x34,0x4d,0x23,0x24,0x11,0x38,0x22,0x33,0x23,0x28,0x29,0x34,
    0x28,0x38,0x33,0x4d,0x4d,0x22,0x4d,0x33,0x29,0x2e,0x23,0x48,0x26,0x4d,0x4d,0x4d,
    0x4d,0x4d,0x4d,0x4d,0x4d,0x4d,0x24,0x24,0x35,0x23,0x4d,0x22,0x22,0x22,0x4d,0x4d,
    0x46,0x46,0x46,0x46,0x46,0x50,0x51,0x51,0x4d,0x4d,0x51,0x4d,0x4d,0x51,0x51,0x51,
    0x51,0x42,0x42,0x51,0x47,0x4c,0x4a,0x34,0x42,0x4d,0x51,0x28,0x26,0x4d,0x22,0x23,
    0x24,0x26,0x35,0x51,0x51,0x34,0x42,0x4e,0x24,0x54,0x56,0x23,0x51,0x42,0x23,0x4d,
    0x4d,0x4d,0x23,0x42,0x59,0x3b,0x23,0x4d,0x22,0x24,0x29,0x48,0x28,0x3d,0x23,0x4f,
    0x3b,0x22,0x4d,0x34,0x34,0x28,0x4d,0x55,0x2c,0x34,0x56,0x36,0x42,0x2b,0x38,0x4d,
    0x4d,0x42,0x4d,0x23,0x42,0x4d,0x23,0x24,0x2c,0x28,0x22,0x4d,0x22,0x27,0x2c,0x24,
    0x2a,0x1c,0x4d,0x4d,0x4d,0x23,0x36,0x23,0x27,0x2d,0x34,0x24,0x47,0x4d,0x4d,0x4d,
    0x4d,0x4d,0x4d,0x4d,0x22,0x23,0x24,0x25,0x26,0x25,0x24,0x4d,0x22,0x22,0x4d,0x4d,
    0x46,0x46,0x46,0x46,0x46,0x50,0x51,0x51,0x4d,0x4d,0x4d,0x4d,0x4d,0x51,0x51,0x51,
    0x51,0x42,0x24,0x22,0x43,0x37,0x28,0x4d,0x51,0x4d,0x4d,0x55,0x28,0x22,0x22,0x23,
    0x34,0x27,0x35,0x33,0x51,0x34,0x28,0x2a,0x47,0x59,0x2b,0x23,0x51,0x23,0x23,0x4d,
    0x4d,0x4d,0x4d,0x33,0x28,0x27,0x23,0x4d,0x50,0x54,0x1e,0x36,0x47,0x2a,0x34,0x26,
    0x4e,0x22,0x4d,0x34,0x34,0x57,0x22,0x58,0x31,0x42,0x29,0x39,0x23,0x2b,0x43,0x4d,
    0x4d,0x23,0x4d,0x33,0x23,0x4d,0x23,0x42,0x2a,0x38,0x22,0x4d,0x33,0x2a,0x2d,0x34,
    0x55,0x28,0x4d,0x4d,0x22,0x53,0x20,0x34,0x34,0x27,0x24,0x54,0x26,0x22,0x4d,0x4d,
    0x22,0x4d,0x22,0x4d,0x22,0x24,0x36,0x47,0x36,0x24,0x23,0x33,0x22,0x22,0x4d,0x33,
    0x50,0x50,0x46,0x46,0x46,0x50,0x51,0x4d,0x4d,0x4d,0x51,0x51,0x51,0x51,0x51,0x51,
    0x51,0x42,0x42,0x4d,0x56,0x3c,0x29,0x4d,0x23,0x4d,0x4d,0x27,0x48,0x4d,0x4d,0x4d,
    0x23,0x51,0x47,0x23,0x4d,0x42,0x39,0x2b,0x42,0x49,0x29,0x23,0x23,0x35,0x23,0x51,
    0x23,0x4d,0x23,0x23,0x48,0x28,0x22,0x23,0x42,0x48,0x2d,0x35,0x24,0x43,0x4d,0x2a,
    0x29,0x4d,0x4d,0x23,0x23,0x27,0x42,0x25,0x28,0x42,0x28,0x39,0x34,0x2a,0x42,0x52,
    0x26,0x34,0x4d,0x23,0x23,0x4d,0x23,0x34,0x29,0x25,0x22,0x23,0x34,0x28,0x29,0x42,
    0x28,0x1a,0x23,0x4d,0x22,0x52,0x2a,0x34,0x25,0x28,0x34,0x42,0x23,0x4d,0x4d,0x4d,
    0x4d,0x4d,0x22,0x4d,0x4d,0x22,0x23,0x23,0x42,0x23,0x23,0x4d,0x22,0x22,0x4d,0x33,
    0x50,0x46,0x46,0x46,0x46,0x22,0x51,0x51,0x4d,0x4d,0x51,0x51,0x51,0x51,0x51,0x51,
    0x51,0x42,0x24,0x51,0x48,0x29,0x43,0x42,0x51,0x4d,0x51,0x56,0x52,0x23,0x4d,0x4d,
    0x23,0x2d,0x3b,0x4d,0x4d,0x33,0x25,0x27,0x47,0x24,0x47,0x42,0x2a,0x26,0x4d,0x51,
    0x23,0x4d,0x23,0x51,0x27,0x48,0x23,0x29,0x53,0x23,0x29,0x42,0x47,0x55,0x4d,0x58,
    0x29,0x4d,0x4d,0x23,0x42,0x2a,0x35,0x42,0x26,0x34,0x26,0x38,0x34,0x2b,0x26,0x24,
    0x2a,0x35,0x4d,0x23,0x34,0x4d,0x23,0x42,0x0d,0x26,0x22,0x4d,0x23,0x26,0x25,0x24,
    0x2c,0x1c,0x23,0x4d,0x4d,0x23,0x28,0x34,0x47,0x38,0x34,0x33,0x24,0x51,0x4d,0x4d,
    0x4d,0x4d,0x4d,0x4d,0x4d,0x4d,0x4d,0x22,0x22,0x4d,0x22,0x22,0x22,0x22,0x4d,0x33,
    0x46,0x46,0x46,0x46,0x46,0x50,0x51,0x4d,0x4d,0x4d,0x51,0x51,0x51,0x51,0x51,0x51,
    0x51,0x42,0x24,0x22,0x2a,0x4c,0x23,0x42,0x23,0x4d,0x4d,0x25,0x42,0x23,0x4d,0x4d,
    0x42,0x09,0x2a,0x4d,0x4d,0x4d,0x26,0x29,0x35,0x24,0x52,0x42,0x29,0x53,0x23,0x23,
    0x23,0x4d,0x33,0x23,0x25,0x25,0x42,0x49,0x48,0x4d,0x27,0x34,0x48,0x28,0x33,0x56,
    0x28,0x4d,0x4d,0x42,0x23,0x26,0x35,0x23,0x26,0x34,0x43,0x27,0x35,0x32,0x3a,0x23,
    0x3d,0x35,0x23,0x23,0x23,0x4d,0x23,0x34,0x29,0x36,0x22,0x4d,0x33,0x27,0x26,0x34,
    0x2c,0x1d,0x23,0x4d,0x22,0x25,0x29,0x34,0x28,0x26,0x33,0x24,0x28,0x33,0x4d,0x4d,
    0x4d,0x22,0x22,0x22,0x4d,0x4d,0x4d,0x4d,0x22,0x22,0x22,0x22,0x22,0x22,0x4d,0x4d,
    0x46,0x50,0x46,0x46,0x46,0x50,0x51,0x51,0x4d,0x51,0x51,0x51,0x51,0x51,0x51,0x51,
    0x51,0x42,0x47,0x4d,0x27,0x32,0x2a,0x23,0x51,0x4d,0x4d,0x56,0x26,0x23,0x4d,0x4d,
    0x23,0x48,0x36,0x33,0x4d,0x33,0x53,0x2a,0x35,0x4e,0x24,0x23,0x4e,0x25,0x42,0x53,
    0x24,0x4d,0x23,0x4d,0x4e,0x26,0x42,0x2c,0x38,0x24,0x27,0x23,0x42,0x25,0x34,0x56,
    0x25,0x4d,0x4d,0x23,0x33,0x47,0x36,0x26,0x27,0x33,0x25,0x36,0x23,0x58,0x28,0x23,
    0x2a,0x35,0x23,0x48,0x34,0x4d,0x23,0x23,0x26,0x23,0x4d,0x33,0x4d,0x59,0x2e,0x24,
    0x29,0x27,0x33,0x4d,0x22,0x26,0x41,0x35,0x23,0x24,0x23,0x28,0x1f,0x23,0x24,0x24,
    0x22,0x4d,0x22,0x22,0x4d,0x4d,0x22,0x22,0x4d,0x4d,0x22,0x22,0x22,0x4d,0x4d,0x33,
    0x46,0x46,0x46,0x46,0x46,0x22,0x51,0x51,0x51,0x51,0x4d,0x4d,0x51,0x51,0x51,0x51,
    0x51,0x42,0x24,0x4d,0x48,0x4a,0x48,0x24,0x42,0x4d,0x4d,0x55,0x4e,0x42,0x4d,0x4d,
    0x23,0x24,0x25,0x23,0x4d,0x4d,0x4e,0x27,0x23,0x54,0x52,0x23,0x25,0x38,0x23,0x42,
    0x24,0x4d,0x51,0x4d,0x28,0x28,0x23,0x2b,0x27,0x52,0x28,0x23,0x28,0x3e,0x34,0x25,
    0x39,0x4d,0x4d,0x33,0x24,0x29,0x35,0x48,0x39,0x33,0x54,0x28,0x23,0x56,0x36,0x24,
    0x2a,0x35,0x22,0x24,0x34,0x4d,0x23,0x33,0x25,0x24,0x4d,0x33,0x33,0x26,0x29,0x34,
    0x27,0x28,0x33,0x4d,0x22,0x24,0x2a,0x1a,0x23,0x28,0x34,0x55,0x28,0x23,0x23,0x24,
    0x22,0x4d,0x4d,0x4d,0x22,0x4d,0x4d,0x22,0x4d,0x4d,0x22,0x22,0x22,0x22,0x4d,0x33,
    0x46,0x46,0x46,0x46,0x46,0x22,0x51,0x51,0x51,0x4d,0x4d,0x4d,0x4d,0x51,0x51,0x51,
    0x51,0x23,0x34,0x51,0x4d,0x43,0x42,0x42,0x23,0x4d,0x4d,0x24,0x47,0x42,0x4d,0x4d,
    0x23,0x48,0x48,0x4d,0x4d,0x42,0x52,0x26,0x42,0x51,0x4d,0x23,0x49,0x26,0x47,0x2a,
    0x24,0x4d,0x23,0x42,0x28,0x28,0x42,0x29,0x26,0x42,0x43,0x42,0x26,0x2a,0x34,0x28,
    0x3b,0x22,0x4d,0x23,0x24,0x29,0x47,0x26,0x2a,0x33,0x29,0x29,0x34,0x55,0x25,0x24,
    0x4a,0x35,0x26,0x27,0x23,0x4d,0x23,0x23,0x55,0x24,0x4d,0x33,0x33,0x27,0x2b,0x23,
    0x28,0x28,0x23,0x33,0x22,0x26,0x2e,0x25,0x47,0x2a,0x42,0x04,0x2a,0x34,0x04,0x25,
    0x22,0x4d,0x4d,0x22,0x22,0x4d,0x4d,0x22,0x4d,0x4d,0x22,0x22,0x22,0x22,0x4d,0x33,
    0x50,0x46,0x46,0x46,0x46,0x22,0x51,0x51,0x51,0x4d,0x4d,0x4d,0x4d,0x4d,0x51,0x51,
    0x51,0x42,0x24,0x51,0x51,0x57,0x2a,0x33,0x42,0x4d,0x51,0x25,0x25,0x33,0x4d,0x23,
    0x23,0x27,0x43,0x4d,0x4d,0x23,0x23,0x26,0x24,0x26,0x4e,0x42,0x2c,0x43,0x24,0x2c,
    0x42,0x4d,0x23,0x34,0x26,0x28,0x24,0x06,0x26,0x42,0x27,0x23,0x54,0x27,0x34,0x28,
    0x28,0x4d,0x4d,0x42,0x24,0x27,0x47,0x55,0x59,0x23,0x29,0x29,0x34,0x38,0x24,0x25,
    0x3d,0x36,0x38,0x29,0x42,0x4d,0x4d,0x23,0x28,0x24,0x4d,0x23,0x4d,0x27,0x2c,0x23,
    0x26,0x28,0x33,0x22,0x4d,0x47,0x2d,0x35,0x25,0x39,0x23,0x28,0x29,0x24,0x29,0x54,
    0x22,0x4d,0x4d,0x4d,0x4d,0x22,0x22,0x4d,0x4d,0x4d,0x4d,0x22,0x22,0x22,0x4d,0x33,
    0x46,0x46,0x46,0x46,0x46,0x22,0x51,0x51,0x51,0x51,0x51,0x4d,0x51,0x51,0x4d,0x51,
    0x51,0x42,0x24,0x51,0x48,0x2a,0x29,0x34,0x42,0x4d,0x4d,0x57,0x27,0x4d,0x4d,0x33,
    0x34,0x2d,0x29,0x4d,0x4d,0x51,0x42,0x27,0x42,0x2a,0x2c,0x42,0x54,0x25,0x34,0x29,
    0x35,0x4d,0x4d,0x23,0x4e,0x39,0x34,0x2e,0x29,0x23,0x06,0x47,0x26,0x2c,0x35,0x26,
    0x54,0x4d,0x4d,0x33,0x26,0x10,0x36,0x23,0x24,0x33,0x27,0x28,0x34,0x43,0x35,0x26,
    0x2d,0x36,0x35,0x39,0x24,0x4d,0x42,0x34,0x26,0x25,0x22,0x4d,0x22,0x27,0x07,0x34,
    0x28,0x27,0x34,0x24,0x24,0x23,0x39,0x23,0x27,0x2a,0x34,0x27,0x27,0x34,0x28,0x26,
    0x22,0x22,0x22,0x4d,0x4d,0x22,0x22,0x4d,0x4d,0x22,0x22,0x22,0x22,0x4d,0x33,0x33,
    0x50,0x50,0x50,0x46,0x46,0x22,0x51,0x51,0x51,0x51,0x51,0x51,0x51,0x4d,0x51,0x51,
    0x51,0x23,0x42,0x51,0x52,0x24,0x42,0x24,0x42,0x4d,0x4d,0x49,0x4e,0x4d,0x4d,0x4d,
    0x23,0x55,0x28,0x4d,0x4d,0x4d,0x54,0x3a,0x42,0x25,0x56,0x51,0x48,0x26,0x34,0x4e,
    0x24,0x4d,0x23,0x42,0x26,0x47,0x24,0x27,0x26,0x25,0x2e,0x26,0x27,0x30,0x35,0x26,
    0x26,0x4d,0x4d,0x23,0x47,0x25,0x34,0x24,0x28,0x42,0x28,0x39,0x23,0x42,0x25,0x25,
    0x58,0x24,0x24,0x4e,0x34,0x4d,0x23,0x34,0x29,0x47,0x4d,0x24,0x23,0x17,0x31,0x34,
    0x26,0x28,0x24,0x29,0x24,0x47,0x02,0x33,0x29,0x12,0x34,0x27,0x1b,0x33,0x26,0x25,
    0x22,0x22,0x22,0x4d,0x4d,0x22,0x22,0x4d,0x4d,0x22,0x22,0x4d,0x22,0x22,0x4d,0x23,
    0x50,0x50,0x46,0x46,0x46,0x50,0x51,0x51,0x51,0x4d,0x51,0x51,0x51,0x4d,0x51,0x51,
    0x51,0x23,0x42,0x51,0x24,0x56,0x52,0x24,0x43,0x55,0x23,0x56,0x42,0x23,0x4d,0x4d,
    0x23,0x08,0x4f,0x4d,0x4d,0x23,0x42,0x49,0x35,0x23,0x4d,0x51,0x29,0x28,0x25,0x27,
    0x24,0x4d,0x23,0x42,0x27,0x28,0x24,0x55,0x47,0x38,0x37,0x4e,0x38,0x2c,0x24,0x28,
    0x26,0x22,0x4d,0x42,0x24,0x29,0x36,0x23,0x48,0x34,0x27,0x2a,0x42,0x28,0x36,0x47,
    0x28,0x34,0x25,0x27,0x34,0x23,0x4d,0x23,0x28,0x42,0x53,0x29,0x24,0x24,0x27,0x24,
    0x59,0x2a,0x34,0x04,0x54,0x23,0x26,0x33,0x29,0x32,0x34,0x2a,0x2e,0x33,0x27,0x25,
    0x22,0x22,0x22,0x4d,0x4d,0x22,0x22,0x4d,0x4d,0x22,0x4d,0x4d,0x22,0x4d,0x4d,0x4d,
    0x50,0x50,0x50,0x46,0x46,0x22,0x51,0x51,0x51,0x51,0x51,0x51,0x51,0x51,0x51,0x51,
    0x51,0x42,0x47,0x51,0x23,0x2c,0x59,0x4d,0x5a,0x40,0x51,0x47,0x47,0x4d,0x4d,0x4d,
    0x23,0x2d,0x3d,0x4d,0x4d,0x34,0x42,0x26,0x34,0x4e,0x24,0x51,0x2c,0x49,0x47,0x29,
    0x24,0x4d,0x51,0x4d,0x26,0x27,0x42,0x56,0x25,0x47,0x57,0x25,0x24,0x2a,0x24,0x22,
    0x24,0x4d,0x4d,0x23,0x34,0x29,0x25,0x53,0x2b,0x34,0x27,0x59,0x23,0x25,0x25,0x24,
    0x25,0x4d,0x25,0x49,0x34,0x4d,0x23,0x33,0x47,0x23,0x25,0x2c,0x24,0x36,0x27,0x34,
    0x55,0x27,0x34,0x25,0x25,0x52,0x29,0x23,0x28,0x2b,0x23,0x28,0x27,0x23,0x27,0x24,
    0x22,0x4d,0x4d,0x4d,0x22,0x4d,0x4d,0x4d,0x4d,0x22,0x22,0x22,0x22,0x4d,0x4d,0x33,
    0x50,0x50,0x46,0x46,0x46,0x22,0x51,0x51,0x51,0x51,0x51,0x51,0x51,0x51,0x51,0x51,
    0x51,0x23,0x24,0x51,0x23,0x47,0x54,0x4d,0x58,0x4a,0x23,0x2a,0x27,0x4d,0x4d,0x4d,
    0x42,0x06,0x28,0x33,0x4d,0x34,0x23,0x26,0x24,0x25,0x42,0x23,0x25,0x36,0x42,0x42,
    0x42,0x4d,0x4d,0x4d,0x56,0x28,0x23,0x27,0x36,0x25,0x2b,0x25,0x24,0x27,0x24,0x47,
    0x27,0x4d,0x4d,0x23,0x47,0x0e,0x36,0x47,0x29,0x24,0x42,0x47,0x34,0x27,0x38,0x24,
    0x28,0x35,0x4d,0x24,0x47,0x4d,0x42,0x24,0x27,0x34,0x23,0x26,0x36,0x25,0x28,0x34,
    0x28,0x27,0x34,0x29,0x25,0x25,0x2c,0x35,0x23,0x27,0x24,0x4e,0x26,0x33,0x23,0x42,
    0x22,0x4d,0x4d,0x4d,0x22,0x22,0x4d,0x4d,0x4d,0x22,0x22,0x22,0x22,0x4d,0x4d,0x33,
    0x50,0x50,0x50,0x50,0x50,0x22,0x51,0x51,0x51,0x51,0x51,0x51,0x51,0x51,0x51,0x51,
    0x51,0x23,0x42,0x51,0x42,0x35,0x4d,0x42,0x24,0x53,0x51,0x2e,0x2a,0x4d,0x4d,0x23,
    0x23,0x28,0x48,0x23,0x4d,0x34,0x25,0x55,0x42,0x4d,0x22,0x42,0x2a,0x4e,0x24,0x29,
    0x35,0x33,0x23,0x23,0x55,0x29,0x42,0x49,0x38,0x47,0x2b,0x25,0x26,0x41,0x24,0x4e,
    0x28,0x4d,0x4d,0x42,0x34,0x29,0x36,0x48,0x3d,0x42,0x25,0x25,0x34,0x06,0x28,0x42,
    0x28,0x47,0x26,0x27,0x24,0x4d,0x23,0x23,0x28,0x25,0x23,0x26,0x35,0x4e,0x28,0x23,
    0x29,0x29,0x34,0x2c,0x26,0x53,0x2c,0x36,0x25,0x55,0x23,0x29,0x2b,0x34,0x27,0x25,
    0x22,0x22,0x22,0x4d,0x4d,0x4d,0x4d,0x22,0x22,0x22,0x22,0x22,0x4d,0x4d,0x4d,0x33,
    0x22,0x22,0x22,0x22,0x50,0x22,0x51,0x51,0x51,0x51,0x51,0x51,0x51,0x51,0x51,0x51,
    0x51,0x42,0x42,0x4d,0x26,0x41,0x57,0x4d,0x29,0x59,0x4d,0x2a,0x29,0x4d,0x22,0x4d,
    0x4d,0x55,0x4e,0x33,0x4d,0x42,0x26,0x27,0x34,0x28,0x49,0x42,0x2c,0x28,0x24,0x2a,
    0x47,0x4d,0x23,0x42,0x54,0x28,0x47,0x49,0x28,0x34,0x2a,0x4e,0x25,0x3b,0x34,0x54,
    0x28,0x4d,0x4d,0x42,0x42,0x54,0x34,0x25,0x2a,0x33,0x27,0x27,0x42,0x26,0x28,0x42,
    0x26,0x42,0x26,0x27,0x34,0x4d,0x23,0x34,0x27,0x24,0x24,0x27,0x24,0x24,0x24,0x33,
    0x2a,0x2a,0x34,0x2b,0x28,0x23,0x29,0x35,0x25,0x26,0x33,0x2b,0x18,0x42,0x27,0x47,
    0x22,0x4d,0x22,0x4d,0x33,0x4d,0x4d,0x22,0x4d,0x22,0x22,0x4d,0x22,0x4d,0x4d,0x4d,
    0x4d,0x22,0x22,0x50,0x22,0x4d,0x51,0x51,0x51,0x51,0x51,0x51,0x51,0x51,0x51,0x51,
    0x51,0x42,0x42,0x4d,0x26,0x4c,0x58,0x23,0x29,0x27,0x4d,0x28,0x28,0x33,0x4d,0x4d,
    0x33,0x26,0x26,0x4d,0x4d,0x23,0x53,0x27,0x34,0x58,0x2c,0x42,0x57,0x48,0x47,0x40,
    0x4e,0x4d,0x23,0x34,0x26,0x36,0x34,0x29,0x38,0x35,0x2e,0x39,0x53,0x27,0x47,0x26,
    0x26,0x51,0x4d,0x23,0x23,0x26,0x36,0x28,0x2c,0x33,0x43,0x49,0x42,0x38,0x38,0x42,
    0x03,0x24,0x4e,0x2c,0x34,0x4d,0x42,0x24,0x29,0x47,0x24,0x28,0x24,0x34,0x47,0x34,
    0x28,0x29,0x23,0x05,0x25,0x23,0x3d,0x35,0x25,0x28,0x33,0x2a,0x2c,0x34,0x2a,0x56,
    0x22,0x22,0x22,0x22,0x4d,0x4d,0x4d,0x22,0x22,0x4d,0x4d,0x4d,0x4d,0x22,0x22,0x4d,
    0x4d,0x22,0x50,0x50,0x22,0x4d,0x51,0x51,0x51,0x51,0x51,0x51,0x51,0x51,0x51,0x51,
    0x51,0x42,0x24,0x51,0x42,0x26,0x51,0x23,0x52,0x52,0x51,0x48,0x47,0x23,0x4d,0x4d,
    0x23,0x26,0x28,0x33,0x4d,0x42,0x23,0x4a,0x47,0x25,0x55,0x42,0x24,0x47,0x48,0x5c,
    0x28,0x4d,0x23,0x34,0x28,0x26,0x23,0x48,0x24,0x48,0x2e,0x25,0x47,0x43,0x34,0x28,
    0x43,0x23,0x4d,0x23,0x24,0x2b,0x38,0x39,0x2d,0x23,0x29,0x29,0x23,0x29,0x38,0x42,
    0x42,0x23,0x27,0x0a,0x24,0x4d,0x34,0x34,0x28,0x24,0x23,0x27,0x25,0x25,0x4e,0x34,
    0x25,0x28,0x33,0x49,0x25,0x24,0x2d,0x36,0x26,0x28,0x23,0x54,0x1c,0x19,0x2d,0x27,
    0x46,0x4d,0x4d,0x22,0x4d,0x22,0x22,0x4d,0x22,0x22,0x4d,0x4d,0x22,0x22,0x22,0x4d,
    0x22,0x50,0x22,0x22,0x22,0x4d,0x51,0x51,0x51,0x51,0x51,0x51,0x51,0x51,0x51,0x51,
    0x51,0x42,0x47,0x23,0x4d,0x27,0x24,0x4d,0x43,0x4a,0x4d,0x58,0x27,0x33,0x4d,0x4d,
    0x23,0x2b,0x3b,0x33,0x4d,0x42,0x47,0x2b,0x24,0x26,0x2a,0x34,0x29,0x4e,0x25,0x4f,
    0x35,0x23,0x23,0x33,0x25,0x28,0x42,0x2c,0x27,0x23,0x05,0x24,0x4d,0x48,0x42,0x56,
    0x48,0x23,0x4d,0x42,0x24,0x29,0x36,0x47,0x24,0x33,0x29,0x2a,0x24,0x27,0x38,0x33,
    0x47,0x35,0x54,0x29,0x24,0x4d,0x33,0x23,0x26,0x25,0x47,0x29,0x25,0x23,0x26,0x23,
    0x28,0x26,0x23,0x2a,0x26,0x25,0x12,0x39,0x25,0x2a,0x42,0x35,0x43,0x34,0x28,0x25,
    0x22,0x4d,0x4d,0x4d,0x4d,0x4d,0x22,0x4d,0x4d,0x4d,0x4d,0x4d,0x4d,0x22,0x22,0x4d,
    0x50,0x50,0x22,0x22,0x22,0x51,0x51,0x51,0x51,0x51,0x51,0x51,0x51,0x51,0x51,0x51,
    0x51,0x42,0x24,0x51,0x51,0x29,0x47,0x4d,0x08,0x2e,0x4d,0x28,0x4e,0x23,0x4d,0x4d,
    0x23,0x06,0x27,0x4d,0x4d,0x23,0x42,0x48,0x33,0x28,0x29,0x24,0x2b,0x43,0x4d,0x52,
    0x47,0x23,0x4d,0x23,0x25,0x02,0x42,0x2e,0x3b,0x4d,0x26,0x25,0x22,0x47,0x34,0x26,
    0x27,0x23,0x51,0x23,0x24,0x06,0x48,0x4d,0x23,0x23,0x56,0x29,0x24,0x3e,0x39,0x23,
    0x43,0x36,0x4d,0x24,0x24,0x51,0x4d,0x23,0x27,0x25,0x42,0x2a,0x34,0x25,0x27,0x42,
    0x47,0x25,0x23,0x2c,0x26,0x47,0x2c,0x38,0x25,0x43,0x33,0x4e,0x26,0x33,0x23,0x24,
    0x22,0x22,0x22,0x22,0x4d,0x4d,0x4d,0x4d,0x4d,0x22,0x4d,0x22,0x22,0x4d,0x22,0x22,
    0x22,0x50,0x22,0x22,0x4d,0x51,0x51,0x51,0x51,0x51,0x51,0x4d,0x4d,0x51,0x51,0x51,
    0x51,0x51,0x23,0x51,0x4d,0x55,0x52,0x23,0x27,0x27,0x4d,0x25,0x25,0x23,0x4d,0x4d,
    0x23,0x49,0x38,0x4d,0x4d,0x33,0x24,0x27,0x4d,0x28,0x57,0x47,0x2b,0x27,0x23,0x2a,
    0x36,0x4d,0x4d,0x42,0x4e,0x26,0x42,0x02,0x28,0x22,0x4d,0x42,0x34,0x2b,0x24,0x26,
    0x2a,0x23,0x4d,0x23,0x24,0x0a,0x28,0x35,0x28,0x33,0x26,0x28,0x33,0x42,0x35,0x24,
    0x29,0x25,0x25,0x3d,0x24,0x4d,0x23,0x42,0x26,0x24,0x25,0x2c,0x35,0x4e,0x2b,0x33,
    0x26,0x26,0x42,0x2c,0x28,0x22,0x27,0x24,0x4d,0x42,0x23,0x24,0x16,0x23,0x29,0x27,
    0x46,0x4d,0x22,0x22,0x22,0x22,0x22,0x22,0x22,0x4d,0x22,0x22,0x22,0x22,0x22,0x4d,
    0x22,0x50,0x22,0x4d,0x4d,0x51,0x51,0x51,0x4d,0x4d,0x4d,0x4d,0x4d,0x4d,0x4d,0x4d,
    0x4d,0x23,0x34,0x51,0x23,0x42,0x23,0x42,0x4a,0x3a,0x4d,0x27,0x26,0x33,0x4d,0x4d,
    0x23,0x04,0x26,0x4d,0x4d,0x33,0x47,0x28,0x4d,0x28,0x3b,0x42,0x28,0x28,0x42,0x2a,
    0x48,0x4d,0x4d,0x42,0x4d,0x23,0x23,0x4e,0x25,0x22,0x52,0x25,0x34,0x2b,0x23,0x25,
    0x26,0x4d,0x4d,0x23,0x24,0x30,0x39,0x47,0x27,0x42,0x24,0x25,0x23,0x24,0x26,0x42,
    0x29,0x24,0x24,0x2a,0x34,0x4d,0x23,0x23,0x25,0x24,0x25,0x2c,0x36,0x24,0x26,0x23,
    0x4d,0x24,0x34,0x28,0x47,0x23,0x27,0x34,0x33,0x26,0x23,0x25,0x26,0x33,0x27,0x28,
    0x2f,0x4d,0x22,0x22,0x22,0x22,0x22,0x22,0x22,0x22,0x22,0x22,0x22,0x22,0x22,0x4d,
    0x4d,0x22,0x4d,0x4d,0x51,0x51,0x51,0x4d,0x4d,0x4d,0x4d,0x4d,0x4d,0x4d,0x4d,0x4d,
    0x4d,0x23,0x34,0x4d,0x24,0x31,0x58,0x42,0x44,0x2d,0x4d,0x43,0x28,0x4d,0x4d,0x33,
    0x23,0x07,0x29,0x22,0x22,0x33,0x23,0x28,0x33,0x28,0x3d,0x42,0x27,0x25,0x42,0x27,
    0x47,0x4d,0x4d,0x23,0x42,0x25,0x42,0x26,0x47,0x4d,0x27,0x47,0x34,0x3a,0x23,0x2a,
    0x2b,0x50,0x4d,0x23,0x47,0x2b,0x25,0x35,0x2a,0x34,0x23,0x48,0x23,0x27,0x38,0x42,
    0x2d,0x36,0x24,0x28,0x34,0x4d,0x23,0x4d,0x26,0x25,0x25,0x30,0x38,0x24,0x3a,0x42,
    0x24,0x26,0x24,0x24,0x23,0x23,0x28,0x34,0x24,0x29,0x33,0x26,0x27,0x23,0x26,0x48,
    0x22,0x22,0x22,0x22,0x22,0x22,0x22,0x22,0x22,0x22,0x22,0x22,0x22,0x22,0x22,0x4d,
    0x51,0x4d,0x4d,0x4d,0x51,0x4d,0x22,0x50,0x22,0x22,0x22,0x50,0x22,0x22,0x4d,0x4d,
    0x4d,0x4d,0x42,0x4d,0x47,0x5b,0x2a,0x46,0x2a,0x2b,0x4d,0x25,0x54,0x33,0x4d,0x4d,
    0x33,0x2b,0x3b,0x4d,0x22,0x4d,0x53,0x27,0x4d,0x27,0x2d,0x34,0x27,0x47,0x42,0x26,
    0x24,0x4d,0x4d,0x4d,0x28,0x27,0x4d,0x26,0x42,0x4d,0x27,0x25,0x24,0x26,0x33,0x4e,
    0x43,0x22,0x22,0x33,0x34,0x28,0x24,0x24,0x43,0x23,0x47,0x26,0x33,0x56,0x28,0x23,
    0x2b,0x38,0x24,0x25,0x42,0x22,0x33,0x4d,0x25,0x24,0x42,0x2a,0x35,0x25,0x2a,0x22,
    0x28,0x27,0x4d,0x36,0x24,0x4d,0x27,0x34,0x23,0x27,0x34,0x36,0x3a,0x23,0x24,0x23,
    0x22,0x22,0x22,0x22,0x22,0x22,0x22,0x22,0x22,0x22,0x22,0x22,0x22,0x22,0x22,0x22,
    0x51,0x51,0x51,0x51,0x51,0x22,0x22,0x50,0x50,0x50,0x50,0x50,0x50,0x50,0x22,0x22,
    0x22,0x4d,0x4d,0x4d,0x23,0x23,0x51,0x46,0x29,0x2b,0x22,0x23,0x51,0x4d,0x22,0x22,
    0x4d,0x56,0x28,0x4d,0x22,0x22,0x24,0x25,0x46,0x28,0x2b,0x33,0x28,0x24,0x4d,0x23,
    0x33,0x4d,0x22,0x46,0x25,0x28,0x4d,0x01,0x23,0x22,0x25,0x24,0x23,0x23,0x22,0x46,
    0x46,0x22,0x22,0x4d,0x42,0x28,0x23,0x42,0x4e,0x4d,0x26,0x26,0x4d,0x24,0x47,0x23,
    0x26,0x47,0x23,0x23,0x4d,0x22,0x22,0x4d,0x47,0x24,0x22,0x25,0x23,0x24,0x54,0x46,
    0x25,0x26,0x22,0x24,0x24,0x4d,0x26,0x23,0x33,0x25,0x33,0x24,0x25,0x22,0x42,0x4d,
    0x22,0x22,0x22,0x22,0x22,0x22,0x22,0x22,0x22,0x22,0x22,0x22,0x22,0x22,0x22,0x22,
    0x23,0x51,0x51,0x51,0x51,0x51,0x22,0x50,0x50,0x50,0x50,0x50,0x50,0x50,0x50,0x50,
    0x50,0x22,0x22,0x22,0x50,0x50,0x50,0x22,0x50,0x50,0x22,0x46,0x46,0x50,0x50,0x50,
    0x50,0x50,0x22,0x22,0x22,0x50,0x46,0x46,0x22,0x50,0x46,0x50,0x46,0x50,0x22,0x46,
    0x22,0x50,0x22,0x22,0x46,0x46,0x22,0x46,0x22,0x22,0x22,0x22,0x22,0x46,0x22,0x22,
    0x4d,0x22,0x22,0x22,0x22,0x22,0x22,0x4d,0x2f,0x22,0x22,0x22,0x22,0x22,0x22,0x22,
    0x22,0x4d,0x22,0x22,0x4d,0x22,0x22,0x22,0x22,0x22,0x22,0x2f,0x22,0x22,0x46,0x22,
    0x46,0x46,0x22,0x2f,0x2f,0x22,0x46,0x22,0x22,0x2f,0x22,0x46,0x46,0x22,0x46,0x2f,
    0x22,0x22,0x22,0x22,0x22,0x22,0x22,0x22,0x22,0x2f,0x2f,0x2f,0x22,0x22,0x22,0x4d,
    0x52,0x23,0x23,0x51,0x51,0x51,0x22,0x50,0x50,0x50,0x50,0x50,0x50,0x50,0x50,0x50,
    0x50,0x50,0x22,0x50,0x22,0x22,0x22,0x50,0x46,0x46,0x50,0x50,0x50,0x46,0x46,0x2f,
    0x46,0x46,0x46,0x2f,0x46,0x46,0x46,0x46,0x46,0x46,0x46,0x46,0x46,0x2f,0x22,0x22,
    0x22,0x22,0x46,0x22,0x22,0x22,0x22,0x46,0x46,0x46,0x2f,0x22,0x22,0x22,0x22,0x22,
    0x22,0x22,0x22,0x22,0x22,0x22,0x22,0x22,0x22,0x22,0x22,0x22,0x22,0x22,0x22,0x22,
    0x22,0x22,0x22,0x4d,0x4d,0x22,0x22,0x22,0x22,0x22,0x22,0x2f,0x22,0x22,0x22,0x22,
    0x22,0x22,0x22,0x2f,0x2f,0x2f,0x2f,0x2f,0x2f,0x22,0x2f,0x2f,0x2f,0x2f,0x2f,0x2f,
    0x2f,0x2f,0x2f,0x2f,0x2f,0x2f,0x22,0x2f,0x2f,0x2f,0x2f,0x2f,0x2f,0x2f,0x22,0x22,
    0x23,0x23,0x52,0x23,0x51,0x51,0x4d,0x50,0x46,0x46,0x46,0x46,0x46,0x46,0x46,0x46,
    0x46,0x50,0x50,0x46,0x46,0x46,0x46,0x46,0x46,0x46,0x46,0x46,0x46,0x46,0x46,0x46,
    0x46,0x46,0x46,0x46,0x46,0x46,0x46,0x46,0x46,0x46,0x46,0x2f,0x46,0x22,0x22,0x22,
    0x22,0x22,0x22,0x2f,0x46,0x46,0x46,0x46,0x46,0x46,0x46,0x22,0x22,0x22,0x4d,0x4d,
    0x22,0x22,0x22,0x22,0x22,0x22,0x2f,0x2f,0x2f,0x2f,0x2f,0x22,0x22,0x22,0x22,0x22,
    0x22,0x22,0x22,0x22,0x22,0x22,0x22,0x22,0x22,0x22,0x22,0x2f,0x2f,0x22,0x22,0x2f,
    0x2f,0x2f,0x2f,0x2f,0x2f,0x2f,0x2f,0x2f,0x2f,0x2f,0x2f,0x2f,0x2f,0x22,0x2f,0x2f,
    0x2f,0x2f,0x2f,0x2f,0x2f,0x2f,0x2f,0x2f,0x2f,0x2f,0x2f,0x2f,0x2f,0x2f,0x22,0x22,
    0x50,0x4d,0x52,0x52,0x51,0x51,0x4d,0x50,0x50,0x46,0x46,0x46,0x46,0x46,0x46,0x46,
    0x46,0x46,0x46,0x46,0x46,0x46,0x46,0x46,0x46,0x46,0x46,0x46,0x46,0x46,0x46,0x46,
    0x46,0x2f,0x2f,0x2f,0x46,0x46,0x2f,0x2f,0x2f,0x46,0x2f,0x2f,0x2f,0x2f,0x2f,0x22,
    0x2f,0x2f,0x22,0x46,0x46,0x46,0x46,0x46,0x21,0x46,0x46,0x2f,0x22,0x22,0x4d,0x4d,
    0x4d,0x4d,0x22,0x22,0x2f,0x22,0x2f,0x2f,0x2f,0x2f,0x2f,0x22,0x22,0x22,0x22,0x22,
    0x22,0x22,0x22,0x22,0x22,0x22,0x22,0x22,0x2f,0x2f,0x2f,0x2f,0x22,0x2f,0x2f,0x2f,
    0x2f,0x2f,0x2f,0x2f,0x2f,0x2f,0x2f,0x2f,0x2f,0x2f,0x2f,0x2f,0x2f,0x2f,0x2f,0x2f,
    0x2f,0x2f,0x46,0x2f,0x2f,0x2f,0x2f,0x2f,0x2f,0x2f,0x46,0x46,0x46,0x2f,0x2f,0x22,
    0x42,0x22,0x52,0x47,0x51,0x4d,0x4d,0x22,0x22,0x50,0x46,0x46,0x46,0x46,0x46,0x46,
    0x46,0x46,0x46,0x46,0x46,0x46,0x46,0x46,0x46,0x46,0x46,0x46,0x46,0x46,0x46,0x46,
    0x46,0x46,0x46,0x46,0x46,0x2f,0x22,0x22,0x22,0x22,0x22,0x2f,0x46,0x46,0x46,0x46,
    0x46,0x46,0x2f,0x2f,0x2f,0x2f,0x46,0x46,0x46,0x46,0x46,0x46,0x46,0x2f,0x22,0x4d,
    0x4d,0x22,0x2f,0x22,0x22,0x2f,0x2f,0x46,0x46,0x46,0x2f,0x2f,0x22,0x22,0x22,0x22,
    0x22,0x22,0x22,0x22,0x22,0x2f,0x2f,0x22,0x46,0x46,0x2f,0x22,0x2f,0x2f,0x2f,0x2f,
    0x2f,0x2f,0x2f,0x2f,0x2f,0x46,0x2f,0x2f,0x46,0x46,0x2f,0x2f,0x2f,0x46,0x46,0x46,
    0x2f,0x2f,0x2f,0x46,0x2f,0x2f,0x2f,0x2f,0x2f,0x2f,0x46,0x2f,0x2f,0x2f,0x2f,0x2f,
    0x52,0x51,0x51,0x51,0x24,0x22,0x46,0x22,0x4d,0x4d,0x22,0x50,0x46,0x46,0x46,0x46,
    0x46,0x46,0x46,0x46,0x46,0x46,0x46,0x46,0x46,0x46,0x46,0x46,0x46,0x46,0x46,0x46,
    0x46,0x46,0x46,0x46,0x46,0x46,0x2f,0x22,0x22,0x22,0x22,0x2f,0x46,0x46,0x46,0x46,
    0x46,0x46,0x2f,0x22,0x2f,0x2f,0x46,0x46,0x46,0x46,0x46,0x21,0x46,0x46,0x22,0x4d,
    0x4d,0x22,0x2f,0x22,0x2f,0x2f,0x2f,0x2f,0x46,0x2f,0x2f,0x2f,0x2f,0x46,0x22,0x22,
    0x22,0x22,0x2f,0x22,0x2f,0x2f,0x2f,0x2f,0x2f,0x2f,0x2f,0x2f,0x2f,0x2f,0x2f,0x2f,
    0x22,0x2f,0x2f,0x2f,0x2f,0x2f,0x46,0x46,0x46,0x2f,0x2f,0x2f,0x2f,0x46,0x46,0x46,
    0x46,0x2f,0x2f,0x46,0x46,0x2f,0x2f,0x2f,0x2f,0x2f,0x46,0x46,0x46,0x2f,0x2f,0x2f,
    0x52,0x23,0x42,0x51,0x22,0x22,0x45,0x45,0x46,0x22,0x4d,0x4d,0x4d,0x4d,0x22,0x46,
    0x46,0x46,0x46,0x46,0x46,0x46,0x46,0x46,0x46,0x46,0x46,0x46,0x46,0x46,0x46,0x46,
    0x46,0x46,0x46,0x46,0x46,0x2f,0x22,0x22,0x22,0x22,0x22,0x46,0x46,0x46,0x46,0x46,
    0x46,0x46,0x22,0x22,0x22,0x22,0x46,0x46,0x46,0x46,0x46,0x46,0x46,0x46,0x22,0x22,
    0x22,0x2f,0x2f,0x2f,0x2f,0x2f,0x2f,0x2f,0x46,0x46,0x46,0x2f,0x2f,0x2f,0x2f,0x2f,
    0x2f,0x2f,0x2f,0x22,0x2f,0x2f,0x2f,0x2f,0x2f,0x2f,0x2f,0x2f,0x2f,0x22,0x2f,0x22,
    0x22,0x2f,0x2f,0x46,0x46,0x46,0x46,0x46,0x2f,0x2f,0x46,0x2f,0x2f,0x46,0x46,0x46,
    0x2f,0x2f,0x2f,0x46,0x46,0x2f,0x2f,0x2f,0x2f,0x2f,0x46,0x46,0x46,0x46,0x2f,0x2f,
    0x52,0x23,0x52,0x52,0x4d,0x50,0x46,0x21,0x45,0x45,0x46,0x2f,0x4d,0x4d,0x23,0x4d,
    0x4d,0x22,0x22,0x46,0x50,0x46,0x46,0x46,0x46,0x46,0x46,0x46,0x46,0x46,0x46,0x46,
    0x46,0x46,0x46,0x46,0x22,0x22,0x22,0x4d,0x4d,0x4d,0x22,0x2f,0x46,0x46,0x46,0x46,
    0x46,0x2f,0x22,0x22,0x22,0x22,0x2f,0x46,0x46,0x46,0x2f,0x46,0x46,0x2f,0x2f,0x22,
    0x22,0x2f,0x2f,0x22,0x22,0x22,0x22,0x2f,0x2f,0x46,0x46,0x46,0x22,0x22,0x2f,0x2f,
    0x22,0x22,0x2f,0x2f,0x22,0x2f,0x22,0x2f,0x2f,0x22,0x2f,0x2f,0x22,0x22,0x22,0x2f,
    0x2f,0x22,0x22,0x2f,0x2f,0x2f,0x2f,0x2f,0x2f,0x2f,0x2f,0x2f,0x2f,0x2f,0x2f,0x2f,
    0x2f,0x2f,0x2f,0x46,0x2f,0x2f,0x2f,0x2f,0x2f,0x2f,0x2f,0x2f,0x2f,0x46,0x46,0x2f,
};

