/* GENERIERT von re15_port/tools/irons_tisch_engine_export.py — NICHT HAND-EDITIEREN.
 *
 * Die zwei Welt-Props auf Irons' Schreibtisch (ROOM1150/1151), Runde 30 Thema E2.
 * Dossier: analysis/befunde_runde30/irons-diary-welt.md.
 *
 *   re15_irons_diary_md1  RE2 ROOM10E0.RDT @0x002320 (372 B, md5 cf9f316d...), unveraendert
 *   re15_irons_diary_tim  RE2 ROOM10E0.RDT @0x015224 (17440 B, md5 63bd93f2...), unveraendert
 *   re15_irons_karte_md1  RE1.5 ROOM1110.RDT @0x0013D8 (156 B, md5 93975479...), Keycard,
 *                         unveraendert
 *   re15_irons_karte_tim  KONSTRUIERT aus ITPS.ITP @0x63000 (Item-Bild 0x21), Kopf der
 *                         Keycard-TIM ROOM1110.RDT @0x02BAC8; md5 885d9161...
 */

static const unsigned char re15_irons_diary_md1[372] = {
    0x14,0x01,0x00,0x00,0x00,0x00,0x00,0x00,0x02,0x00,0x00,0x00,0x38,0x00,0x00,0x00,
    0x08,0x00,0x00,0x00,0x78,0x00,0x00,0x00,0x06,0x00,0x00,0x00,0xa8,0x00,0x00,0x00,
    0x00,0x00,0x00,0x00,0x08,0x01,0x00,0x00,0x38,0x00,0x00,0x00,0x08,0x00,0x00,0x00,
    0x78,0x00,0x00,0x00,0x06,0x00,0x00,0x00,0xa8,0x00,0x00,0x00,0x06,0x00,0x00,0x00,
    0x08,0x01,0x00,0x00,0x77,0xff,0x0d,0x00,0xbd,0x00,0x00,0x00,0x77,0xff,0x0d,0x00,
    0x43,0xff,0x00,0x00,0x77,0xff,0xf3,0xff,0xbd,0x00,0x00,0x00,0x77,0xff,0xf3,0xff,
    0x43,0xff,0x00,0x00,0x89,0x00,0x0d,0x00,0xbd,0x00,0x00,0x00,0x89,0x00,0x0d,0x00,
    0x43,0xff,0x00,0x00,0x89,0x00,0xf3,0xff,0xbd,0x00,0x00,0x00,0x89,0x00,0xf3,0xff,
    0x43,0xff,0x00,0x00,0x00,0xf0,0x00,0x00,0x00,0x00,0x00,0x00,0x00,0x00,0x00,0x00,
    0x00,0xf0,0x00,0x00,0x00,0x10,0x00,0x00,0x00,0x00,0x00,0x00,0x00,0x00,0x00,0x00,
    0x00,0x10,0x00,0x00,0x00,0x00,0x00,0x10,0x00,0x00,0x00,0x00,0x00,0x00,0x00,0xf0,
    0x00,0x00,0x00,0x00,0x00,0x00,0x02,0x00,0x00,0x00,0x03,0x00,0x00,0x00,0x00,0x00,
    0x00,0x00,0x01,0x00,0x01,0x00,0x03,0x00,0x01,0x00,0x07,0x00,0x01,0x00,0x01,0x00,
    0x01,0x00,0x05,0x00,0x02,0x00,0x07,0x00,0x02,0x00,0x06,0x00,0x02,0x00,0x05,0x00,
    0x02,0x00,0x04,0x00,0x03,0x00,0x06,0x00,0x03,0x00,0x02,0x00,0x03,0x00,0x04,0x00,
    0x03,0x00,0x00,0x00,0x04,0x00,0x00,0x00,0x04,0x00,0x01,0x00,0x04,0x00,0x04,0x00,
    0x04,0x00,0x05,0x00,0x05,0x00,0x06,0x00,0x05,0x00,0x07,0x00,0x05,0x00,0x02,0x00,
    0x05,0x00,0x03,0x00,0x09,0x00,0x00,0x78,0x09,0x39,0x80,0x00,0x09,0x00,0x00,0x00,
    0x09,0x39,0x00,0x00,0x03,0x38,0x00,0x78,0x38,0x38,0x80,0x00,0x03,0x3f,0x00,0x00,
    0x38,0x3f,0x00,0x00,0x3b,0x39,0x00,0x78,0x3b,0x00,0x80,0x00,0x4c,0x39,0x00,0x00,
    0x4c,0x00,0x00,0x00,0x03,0x38,0x00,0x78,0x38,0x38,0x80,0x00,0x03,0x3f,0x00,0x00,
    0x38,0x3f,0x00,0x00,0x7e,0x00,0x00,0x78,0x7e,0x39,0x80,0x00,0x49,0x00,0x00,0x00,
    0x49,0x39,0x00,0x00,0x3e,0x00,0x00,0x78,0x3e,0x39,0x80,0x00,0x09,0x00,0x00,0x00,
    0x09,0x39,0x00,0x00,
};

static const unsigned char re15_irons_diary_tim[17440] = {
    0x10,0x00,0x00,0x00,0x09,0x00,0x00,0x00,0x0c,0x04,0x00,0x00,0x00,0x00,0xe0,0x01,
    0x00,0x01,0x02,0x00,0x00,0x00,0x9a,0x36,0x36,0x2e,0xf3,0x29,0x52,0x4a,0x31,0x46,
    0x10,0x42,0xf0,0x2d,0x0f,0x2e,0xef,0x3d,0xaf,0x29,0x6f,0x21,0xee,0x39,0xce,0x39,
    0xce,0x29,0xed,0x29,0xcd,0x35,0xad,0x35,0xac,0x2d,0x6c,0x2d,0x6c,0x29,0x2c,0x19,
    0xad,0x25,0x8b,0x2d,0x6b,0x21,0x4a,0x21,0x4a,0x21,0x49,0x21,0x29,0x25,0x29,0x1d,
    0x0a,0x19,0x48,0x25,0x08,0x21,0x08,0x19,0xe9,0x18,0xe8,0x14,0xc7,0x14,0xe8,0x18,
    0xa6,0x14,0xa6,0x14,0x00,0x00,0x00,0x00,0x00,0x00,0x00,0x00,0x00,0x00,0x00,0x00,
    0x00,0x00,0x00,0x00,0x00,0x00,0x00,0x00,0x00,0x00,0x00,0x00,0x00,0x00,0x00,0x00,
    0x00,0x00,0x00,0x00,0x00,0x00,0x00,0x00,0x00,0x00,0x00,0x00,0x00,0x00,0x00,0x00,
    0x00,0x00,0x00,0x00,0x00,0x00,0x00,0x00,0x00,0x00,0x00,0x00,0x00,0x00,0x00,0x00,
    0x00,0x00,0x00,0x00,0x00,0x00,0x00,0x00,0x00,0x00,0x00,0x00,0x00,0x00,0x00,0x00,
    0x00,0x00,0x00,0x00,0x00,0x00,0x00,0x00,0x00,0x00,0x00,0x00,0x00,0x00,0x00,0x00,
    0x00,0x00,0x00,0x00,0x00,0x00,0x00,0x00,0x00,0x00,0x00,0x00,0x00,0x00,0x00,0x00,
    0x00,0x00,0x00,0x00,0x00,0x00,0x00,0x00,0x00,0x00,0x00,0x00,0x00,0x00,0x00,0x00,
    0x00,0x00,0x00,0x00,0x00,0x00,0x00,0x00,0x00,0x00,0x00,0x00,0x00,0x00,0x00,0x00,
    0x00,0x00,0x00,0x00,0x00,0x00,0x00,0x00,0x00,0x00,0x00,0x00,0x00,0x00,0x00,0x00,
    0x00,0x00,0x00,0x00,0x00,0x00,0x00,0x00,0x00,0x00,0x00,0x00,0x00,0x00,0x00,0x00,
    0x00,0x00,0x00,0x00,0x00,0x00,0x00,0x00,0x00,0x00,0x00,0x00,0x00,0x00,0x00,0x00,
    0x00,0x00,0x00,0x00,0x00,0x00,0x00,0x00,0x00,0x00,0x00,0x00,0x00,0x00,0x00,0x00,
    0x00,0x00,0x00,0x00,0x00,0x00,0x00,0x00,0x00,0x00,0x00,0x00,0x00,0x00,0x00,0x00,
    0x00,0x00,0x00,0x00,0x00,0x00,0x00,0x00,0x00,0x00,0x00,0x00,0x00,0x00,0x00,0x00,
    0x00,0x00,0x00,0x00,0x00,0x00,0x00,0x00,0x00,0x00,0x00,0x00,0x00,0x00,0x00,0x00,
    0x00,0x00,0x00,0x00,0x00,0x00,0x00,0x00,0x00,0x00,0x00,0x00,0x00,0x00,0x00,0x00,
    0x00,0x00,0x00,0x00,0x00,0x00,0x00,0x00,0x00,0x00,0x00,0x00,0x00,0x00,0x00,0x00,
    0x00,0x00,0x00,0x00,0x00,0x00,0x00,0x00,0x00,0x00,0x00,0x00,0x00,0x00,0x00,0x00,
    0x00,0x00,0x00,0x00,0x00,0x00,0x00,0x00,0x00,0x00,0x00,0x00,0x00,0x00,0x00,0x00,
    0x00,0x00,0x00,0x00,0x00,0x00,0x00,0x00,0x00,0x00,0x00,0x00,0x00,0x00,0x00,0x00,
    0x00,0x00,0x00,0x00,0x00,0x00,0x00,0x00,0x00,0x00,0x00,0x00,0x00,0x00,0x00,0x00,
    0x00,0x00,0x00,0x00,0x00,0x00,0x00,0x00,0x00,0x00,0x00,0x00,0x00,0x00,0x00,0x00,
    0x00,0x00,0x00,0x00,0x00,0x00,0x00,0x00,0x00,0x00,0x00,0x00,0x00,0x00,0x00,0x00,
    0x00,0x00,0x00,0x00,0x00,0x00,0x00,0x00,0x00,0x00,0x00,0x00,0x00,0x00,0x00,0x00,
    0x00,0x00,0x00,0x00,0x00,0x00,0x00,0x00,0x00,0x00,0x00,0x00,0x00,0x00,0x00,0x00,
    0x00,0x00,0x00,0x00,0x00,0x00,0x00,0x00,0x00,0x00,0x00,0x00,0x00,0x00,0x00,0x00,
    0x00,0x00,0x00,0x00,0x00,0x00,0x08,0x21,0xe7,0x1c,0xc6,0x18,0xa5,0x14,0x84,0x10,
    0x63,0x0c,0x42,0x08,0x21,0x04,0x09,0x21,0xe8,0x1c,0xc7,0x18,0xa6,0x14,0x85,0x10,
    0x64,0x0c,0x86,0x10,0x43,0x08,0x65,0x0c,0x22,0x04,0x44,0x08,0x23,0x04,0x02,0x00,
    0x01,0x00,0x65,0x08,0x44,0x04,0x23,0x00,0xe8,0x18,0x64,0x08,0x65,0x04,0xc7,0x14,
    0xa6,0x10,0x43,0x04,0x22,0x00,0x09,0x1d,0x85,0x0c,0x86,0x04,0x64,0x04,0x43,0x00,
    0x29,0x21,0x08,0x1d,0xe7,0x18,0xc6,0x14,0xa5,0x10,0x84,0x0c,0x63,0x08,0x42,0x04,
    0x84,0x08,0x63,0x04,0x42,0x00,0x21,0x00,0x00,0x80,0x00,0x80,0x00,0x80,0x00,0x80,
    0x00,0x80,0x00,0x80,0x00,0x80,0x00,0x80,0x00,0x80,0x00,0x80,0x00,0x80,0x00,0x80,
    0x00,0x80,0x00,0x80,0x00,0x80,0x00,0x80,0x00,0x80,0x00,0x80,0x00,0x80,0x00,0x80,
    0x00,0x80,0x00,0x80,0x00,0x80,0x00,0x80,0x00,0x80,0x00,0x80,0x00,0x80,0x00,0x80,
    0x00,0x80,0x00,0x80,0x00,0x80,0x00,0x80,0x00,0x80,0x00,0x80,0x00,0x80,0x00,0x80,
    0x00,0x80,0x00,0x80,0x00,0x80,0x00,0x80,0x00,0x80,0x00,0x80,0x00,0x80,0x00,0x80,
    0x00,0x80,0x00,0x80,0x00,0x80,0x00,0x80,0x00,0x80,0x00,0x80,0x00,0x80,0x00,0x80,
    0x00,0x80,0x00,0x80,0x00,0x80,0x00,0x80,0x00,0x80,0x00,0x80,0x00,0x80,0x00,0x80,
    0x00,0x80,0x00,0x80,0x00,0x80,0x00,0x80,0x00,0x80,0x00,0x80,0x00,0x80,0x00,0x80,
    0x00,0x80,0x00,0x80,0x00,0x80,0x00,0x80,0x00,0x80,0x00,0x80,0x00,0x80,0x00,0x80,
    0x00,0x80,0x00,0x80,0x00,0x80,0x00,0x80,0x00,0x80,0x00,0x80,0x00,0x80,0x00,0x80,
    0x00,0x80,0x00,0x80,0x00,0x80,0x00,0x80,0x00,0x80,0x00,0x80,0x00,0x80,0x00,0x80,
    0x00,0x80,0x00,0x80,0x00,0x80,0x00,0x80,0x00,0x80,0x00,0x80,0x00,0x80,0x00,0x80,
    0x00,0x80,0x00,0x80,0x00,0x80,0x00,0x80,0x00,0x80,0x00,0x80,0x00,0x80,0x00,0x80,
    0x00,0x80,0x00,0x80,0x00,0x80,0x00,0x80,0x00,0x80,0x00,0x80,0x00,0x80,0x00,0x80,
    0x00,0x80,0x00,0x80,0x00,0x80,0x00,0x80,0x00,0x80,0x00,0x80,0x00,0x80,0x00,0x80,
    0x00,0x80,0x00,0x80,0x00,0x80,0x00,0x80,0x00,0x80,0x00,0x80,0x00,0x80,0x00,0x80,
    0x00,0x80,0x00,0x80,0x00,0x80,0x00,0x80,0x00,0x80,0x00,0x80,0x00,0x80,0x00,0x80,
    0x00,0x80,0x00,0x80,0x00,0x80,0x00,0x80,0x00,0x80,0x00,0x80,0x00,0x80,0x00,0x80,
    0x00,0x80,0x00,0x80,0x00,0x80,0x00,0x80,0x00,0x80,0x00,0x80,0x00,0x80,0x00,0x80,
    0x00,0x80,0x00,0x80,0x00,0x80,0x00,0x80,0x00,0x80,0x00,0x80,0x00,0x80,0x00,0x80,
    0x00,0x80,0x00,0x80,0x00,0x80,0x00,0x80,0x00,0x80,0x00,0x80,0x00,0x80,0x00,0x80,
    0x00,0x80,0x00,0x80,0x00,0x80,0x00,0x80,0x00,0x80,0x00,0x80,0x00,0x80,0x00,0x80,
    0x00,0x80,0x00,0x80,0x00,0x80,0x00,0x80,0x00,0x80,0x00,0x80,0x00,0x80,0x00,0x80,
    0x00,0x80,0x00,0x80,0x00,0x80,0x00,0x80,0x00,0x80,0x00,0x80,0x00,0x80,0x00,0x80,
    0x00,0x80,0x00,0x80,0x00,0x80,0x00,0x80,0x00,0x80,0x00,0x80,0x00,0x80,0x00,0x80,
    0x00,0x80,0x00,0x80,0x0c,0x40,0x00,0x00,0x00,0x00,0x00,0x00,0x40,0x00,0x80,0x00,
    0x23,0x23,0x23,0x23,0x23,0x23,0x23,0x23,0x23,0x23,0x23,0x23,0x23,0x23,0x23,0x25,
    0x22,0x22,0x22,0x22,0x22,0x22,0x22,0x22,0x22,0x22,0x22,0x22,0x22,0x22,0x22,0x22,
    0x22,0x22,0x22,0x22,0x22,0x22,0x22,0x22,0x22,0x22,0x22,0x22,0x22,0x22,0x22,0x22,
    0x22,0x22,0x22,0x22,0x22,0x22,0x22,0x22,0x22,0x22,0x22,0x22,0x22,0x23,0x26,0x25,
    0x25,0x20,0x20,0x1c,0x1c,0x1c,0x1c,0x20,0x25,0x23,0x25,0x25,0x25,0x25,0x25,0x25,
    0x25,0x25,0x25,0x25,0x25,0x25,0x25,0x25,0x25,0x25,0x25,0x25,0x25,0x25,0x25,0x25,
    0x25,0x25,0x25,0x25,0x25,0x25,0x25,0x25,0x25,0x25,0x25,0x25,0x25,0x25,0x25,0x25,
    0x25,0x25,0x25,0x25,0x25,0x25,0x25,0x25,0x25,0x25,0x25,0x27,0x25,0x25,0x23,0x25,
    0x1d,0x1d,0x22,0x22,0x22,0x22,0x1e,0x1e,0x1b,0x1b,0x16,0x0a,0x07,0x0e,0x23,0x25,
    0x22,0x19,0x16,0x16,0x16,0x16,0x16,0x16,0x16,0x18,0x18,0x18,0x18,0x18,0x18,0x18,
    0x18,0x18,0x18,0x18,0x18,0x18,0x18,0x18,0x18,0x18,0x18,0x18,0x18,0x18,0x18,0x18,
    0x18,0x18,0x18,0x18,0x18,0x18,0x18,0x18,0x18,0x18,0x18,0x18,0x22,0x23,0x26,0x25,
    0x25,0x20,0x20,0x1c,0x1c,0x1c,0x1c,0x20,0x25,0x23,0x25,0x21,0x21,0x21,0x21,0x21,
    0x21,0x21,0x21,0x21,0x21,0x21,0x21,0x21,0x21,0x21,0x21,0x21,0x21,0x21,0x21,0x21,
    0x21,0x21,0x21,0x21,0x21,0x21,0x21,0x21,0x21,0x21,0x21,0x21,0x21,0x21,0x21,0x21,
    0x21,0x21,0x21,0x21,0x21,0x21,0x21,0x21,0x21,0x21,0x25,0x27,0x25,0x21,0x23,0x25,
    0x1d,0x1d,0x22,0x22,0x22,0x22,0x1e,0x1e,0x1b,0x1b,0x16,0x0a,0x07,0x0e,0x23,0x25,
    0x22,0x19,0x0e,0x1a,0x1a,0x1a,0x1a,0x1a,0x1a,0x1a,0x1a,0x1a,0x1a,0x1a,0x1a,0x1a,
    0x1a,0x1a,0x1a,0x1a,0x1a,0x1a,0x1a,0x1a,0x1a,0x1a,0x1a,0x1a,0x1a,0x1a,0x1a,0x1a,
    0x1a,0x1a,0x1a,0x1a,0x1a,0x1a,0x1a,0x1a,0x1a,0x1a,0x1a,0x18,0x22,0x23,0x26,0x25,
    0x25,0x20,0x20,0x1c,0x1c,0x1c,0x1c,0x20,0x25,0x23,0x25,0x21,0x27,0x27,0x27,0x27,
    0x27,0x27,0x27,0x24,0x24,0x24,0x24,0x24,0x24,0x24,0x24,0x24,0x24,0x24,0x24,0x24,
    0x24,0x24,0x24,0x24,0x24,0x24,0x24,0x24,0x24,0x24,0x24,0x24,0x24,0x24,0x24,0x24,
    0x24,0x24,0x24,0x24,0x24,0x24,0x24,0x27,0x27,0x21,0x25,0x27,0x25,0x21,0x23,0x25,
    0x1d,0x1d,0x22,0x22,0x22,0x22,0x1e,0x1e,0x1b,0x1b,0x16,0x0a,0x07,0x0e,0x23,0x25,
    0x22,0x19,0x0e,0x1a,0x1a,0x18,0x18,0x18,0x18,0x18,0x18,0x18,0x18,0x18,0x18,0x18,
    0x18,0x18,0x18,0x18,0x18,0x18,0x18,0x1a,0x1a,0x1a,0x1a,0x1a,0x1a,0x1a,0x1a,0x1a,
    0x1a,0x1a,0x1a,0x1a,0x1a,0x1a,0x1a,0x1a,0x1a,0x1a,0x1a,0x18,0x22,0x23,0x26,0x25,
    0x25,0x20,0x20,0x1c,0x1c,0x1c,0x1c,0x20,0x25,0x23,0x25,0x21,0x27,0x27,0x27,0x24,
    0x24,0x24,0x24,0x24,0x24,0x24,0x24,0x24,0x24,0x24,0x24,0x24,0x24,0x25,0x25,0x25,
    0x25,0x25,0x25,0x25,0x25,0x25,0x25,0x25,0x25,0x25,0x25,0x25,0x25,0x25,0x25,0x25,
    0x25,0x25,0x25,0x24,0x27,0x27,0x27,0x27,0x27,0x21,0x25,0x27,0x25,0x21,0x23,0x25,
    0x1d,0x1d,0x22,0x22,0x22,0x22,0x1e,0x1e,0x1b,0x1b,0x16,0x0a,0x07,0x0e,0x23,0x25,
    0x22,0x19,0x0e,0x1a,0x18,0x18,0x18,0x18,0x18,0x18,0x18,0x18,0x18,0x18,0x18,0x18,
    0x18,0x18,0x18,0x18,0x18,0x18,0x18,0x18,0x18,0x18,0x18,0x1a,0x1a,0x1a,0x1a,0x1a,
    0x1a,0x1a,0x1a,0x1a,0x1a,0x1a,0x1a,0x1a,0x1a,0x1a,0x1a,0x18,0x22,0x23,0x26,0x25,
    0x25,0x20,0x20,0x1c,0x1c,0x1c,0x1c,0x20,0x25,0x23,0x25,0x21,0x24,0x24,0x24,0x24,
    0x24,0x24,0x24,0x24,0x24,0x24,0x24,0x24,0x24,0x25,0x25,0x25,0x25,0x25,0x25,0x25,
    0x25,0x25,0x25,0x25,0x25,0x25,0x25,0x25,0x25,0x25,0x25,0x25,0x25,0x25,0x25,0x25,
    0x25,0x25,0x24,0x24,0x24,0x24,0x24,0x24,0x24,0x21,0x25,0x27,0x25,0x21,0x23,0x25,
    0x1d,0x1d,0x20,0x20,0x20,0x1c,0x13,0x13,0x13,0x1b,0x16,0x0a,0x07,0x0e,0x23,0x25,
    0x22,0x19,0x0a,0x1a,0x18,0x18,0x16,0x16,0x16,0x16,0x16,0x18,0x18,0x18,0x18,0x18,
    0x18,0x18,0x18,0x18,0x18,0x18,0x18,0x18,0x18,0x18,0x18,0x18,0x18,0x18,0x18,0x18,
    0x18,0x18,0x1a,0x1a,0x1a,0x1a,0x1a,0x1a,0x1a,0x1a,0x1a,0x18,0x22,0x23,0x26,0x25,
    0x25,0x20,0x20,0x1c,0x1c,0x1c,0x1c,0x20,0x25,0x23,0x25,0x21,0x24,0x24,0x24,0x24,
    0x24,0x25,0x25,0x25,0x25,0x25,0x25,0x25,0x25,0x25,0x25,0x25,0x25,0x25,0x25,0x25,
    0x25,0x25,0x25,0x25,0x25,0x25,0x25,0x25,0x25,0x25,0x25,0x25,0x25,0x25,0x25,0x25,
    0x25,0x25,0x25,0x25,0x25,0x25,0x25,0x24,0x24,0x21,0x25,0x27,0x25,0x21,0x23,0x25,
    0x1d,0x1d,0x20,0x1f,0x17,0x10,0x0c,0x0c,0x10,0x1b,0x16,0x0a,0x07,0x0e,0x23,0x25,
    0x22,0x19,0x0a,0x1a,0x18,0x18,0x18,0x18,0x18,0x18,0x19,0x19,0x19,0x19,0x19,0x19,
    0x19,0x19,0x19,0x19,0x19,0x19,0x19,0x19,0x19,0x19,0x19,0x19,0x19,0x19,0x19,0x19,
    0x19,0x19,0x19,0x1a,0x1a,0x1a,0x1a,0x1a,0x1a,0x1a,0x1a,0x18,0x22,0x23,0x26,0x25,
    0x25,0x20,0x20,0x1c,0x1c,0x1c,0x1c,0x20,0x25,0x23,0x25,0x21,0x27,0x27,0x27,0x27,
    0x24,0x24,0x24,0x24,0x25,0x25,0x25,0x25,0x25,0x25,0x25,0x25,0x25,0x25,0x25,0x25,
    0x25,0x25,0x25,0x25,0x25,0x25,0x25,0x25,0x25,0x25,0x25,0x25,0x25,0x25,0x25,0x25,
    0x25,0x25,0x25,0x25,0x25,0x25,0x25,0x24,0x24,0x21,0x25,0x27,0x25,0x21,0x23,0x25,
    0x1d,0x1d,0x20,0x1f,0x17,0x10,0x0c,0x0c,0x10,0x1b,0x16,0x0a,0x07,0x0e,0x23,0x25,
    0x22,0x19,0x0a,0x1a,0x18,0x18,0x16,0x16,0x16,0x18,0x06,0x06,0x06,0x06,0x06,0x06,
    0x06,0x06,0x06,0x06,0x09,0x09,0x09,0x09,0x09,0x09,0x09,0x09,0x0d,0x0d,0x11,0x11,
    0x11,0x11,0x19,0x18,0x18,0x18,0x18,0x1a,0x1a,0x1a,0x1a,0x18,0x22,0x23,0x26,0x25,
    0x25,0x20,0x20,0x1c,0x1c,0x1c,0x1c,0x20,0x25,0x23,0x25,0x21,0x27,0x27,0x24,0x24,
    0x24,0x25,0x25,0x25,0x25,0x25,0x25,0x25,0x25,0x25,0x25,0x25,0x25,0x25,0x25,0x25,
    0x25,0x25,0x25,0x25,0x25,0x25,0x25,0x25,0x25,0x25,0x25,0x25,0x25,0x25,0x25,0x25,
    0x24,0x24,0x24,0x24,0x24,0x24,0x27,0x27,0x27,0x21,0x25,0x27,0x25,0x21,0x23,0x25,
    0x1d,0x1d,0x20,0x1f,0x17,0x10,0x0c,0x0c,0x10,0x1b,0x16,0x0a,0x07,0x0e,0x23,0x25,
    0x22,0x19,0x0a,0x1a,0x18,0x16,0x16,0x16,0x18,0x18,0x06,0x09,0x1f,0x11,0x11,0x1f,
    0x0d,0x11,0x09,0x09,0x09,0x09,0x14,0x14,0x11,0x0d,0x0d,0x0d,0x0d,0x0d,0x0d,0x11,
    0x11,0x11,0x19,0x18,0x18,0x1a,0x1a,0x1a,0x1a,0x1a,0x1a,0x18,0x22,0x23,0x26,0x25,
    0x25,0x20,0x20,0x1c,0x1c,0x1c,0x1c,0x20,0x25,0x23,0x25,0x21,0x24,0x24,0x25,0x25,
    0x25,0x25,0x25,0x25,0x25,0x25,0x25,0x25,0x25,0x25,0x25,0x25,0x25,0x25,0x25,0x25,
    0x25,0x25,0x25,0x25,0x25,0x25,0x25,0x25,0x25,0x25,0x25,0x25,0x25,0x25,0x25,0x25,
    0x25,0x25,0x25,0x25,0x24,0x24,0x24,0x27,0x27,0x21,0x25,0x27,0x25,0x21,0x23,0x25,
    0x1d,0x1d,0x20,0x1f,0x17,0x10,0x0c,0x0c,0x10,0x1b,0x16,0x0a,0x07,0x0e,0x23,0x25,
    0x22,0x19,0x0a,0x1a,0x1a,0x18,0x18,0x18,0x18,0x18,0x05,0x06,0x1f,0x1f,0x11,0x14,
    0x0d,0x1f,0x0d,0x0d,0x1f,0x09,0x1f,0x1f,0x1f,0x0d,0x11,0x14,0x1f,0x1f,0x1f,0x14,
    0x0d,0x11,0x19,0x18,0x18,0x18,0x18,0x18,0x18,0x1a,0x1a,0x18,0x22,0x23,0x26,0x25,
    0x25,0x20,0x20,0x1c,0x1c,0x1c,0x1c,0x20,0x25,0x23,0x25,0x21,0x24,0x24,0x25,0x25,
    0x25,0x25,0x25,0x25,0x25,0x25,0x25,0x25,0x25,0x25,0x25,0x25,0x25,0x25,0x25,0x25,
    0x25,0x25,0x25,0x25,0x25,0x25,0x25,0x25,0x25,0x25,0x25,0x25,0x25,0x25,0x25,0x25,
    0x25,0x25,0x25,0x25,0x25,0x25,0x25,0x24,0x24,0x21,0x25,0x27,0x25,0x21,0x23,0x25,
    0x1d,0x1d,0x20,0x1f,0x17,0x10,0x0c,0x0c,0x10,0x1b,0x16,0x0a,0x07,0x0e,0x23,0x25,
    0x22,0x19,0x0a,0x1a,0x18,0x18,0x16,0x16,0x16,0x18,0x05,0x06,0x1f,0x1f,0x14,0x1f,
    0x14,0x1f,0x1f,0x14,0x0d,0x09,0x20,0x20,0x1f,0x1f,0x20,0x1f,0x20,0x1f,0x20,0x11,
    0x0d,0x11,0x19,0x18,0x18,0x18,0x18,0x1a,0x1a,0x1a,0x1a,0x18,0x22,0x23,0x26,0x25,
    0x25,0x20,0x20,0x1c,0x1c,0x1c,0x1c,0x20,0x25,0x23,0x25,0x21,0x24,0x24,0x25,0x25,
    0x25,0x25,0x25,0x25,0x25,0x25,0x25,0x25,0x25,0x25,0x25,0x25,0x25,0x25,0x25,0x25,
    0x25,0x25,0x25,0x25,0x25,0x25,0x25,0x25,0x25,0x25,0x25,0x25,0x25,0x25,0x25,0x25,
    0x25,0x25,0x25,0x25,0x25,0x25,0x25,0x24,0x24,0x21,0x25,0x27,0x25,0x21,0x23,0x25,
    0x1d,0x1d,0x20,0x1f,0x17,0x10,0x0c,0x0c,0x10,0x1b,0x16,0x0a,0x07,0x0e,0x23,0x25,
    0x22,0x19,0x0a,0x1a,0x18,0x16,0x16,0x16,0x16,0x18,0x05,0x06,0x1f,0x1f,0x20,0x1f,
    0x14,0x1f,0x1f,0x14,0x0d,0x09,0x20,0x20,0x1f,0x1f,0x20,0x20,0x14,0x1f,0x1f,0x11,
    0x0d,0x0d,0x19,0x18,0x1a,0x1a,0x1a,0x1a,0x1a,0x1a,0x1a,0x16,0x22,0x23,0x26,0x25,
    0x25,0x20,0x20,0x1c,0x1c,0x1c,0x1c,0x20,0x25,0x23,0x25,0x21,0x24,0x24,0x25,0x25,
    0x25,0x25,0x25,0x25,0x25,0x25,0x25,0x25,0x25,0x25,0x25,0x25,0x25,0x25,0x25,0x25,
    0x25,0x25,0x25,0x25,0x25,0x25,0x25,0x25,0x25,0x25,0x25,0x25,0x25,0x25,0x25,0x25,
    0x25,0x25,0x25,0x25,0x25,0x25,0x25,0x24,0x24,0x21,0x25,0x27,0x25,0x21,0x23,0x25,
    0x1d,0x1d,0x20,0x1f,0x17,0x10,0x0c,0x0c,0x10,0x1b,0x16,0x0a,0x07,0x0e,0x23,0x25,
    0x22,0x19,0x0a,0x1a,0x18,0x16,0x16,0x16,0x16,0x18,0x05,0x05,0x06,0x05,0x05,0x09,
    0x09,0x0d,0x0d,0x1f,0x0d,0x06,0x09,0x11,0x11,0x1f,0x11,0x11,0x0d,0x0d,0x0d,0x0d,
    0x0d,0x0d,0x1a,0x18,0x18,0x18,0x18,0x18,0x18,0x18,0x1a,0x16,0x22,0x23,0x26,0x25,
    0x25,0x20,0x20,0x1c,0x1c,0x1c,0x1c,0x20,0x25,0x23,0x25,0x21,0x24,0x24,0x24,0x25,
    0x25,0x25,0x25,0x25,0x25,0x25,0x25,0x25,0x25,0x25,0x25,0x25,0x25,0x25,0x25,0x25,
    0x25,0x25,0x25,0x25,0x25,0x25,0x25,0x25,0x25,0x25,0x25,0x25,0x25,0x25,0x25,0x25,
    0x25,0x25,0x25,0x25,0x25,0x25,0x25,0x24,0x24,0x21,0x25,0x27,0x25,0x21,0x23,0x25,
    0x1d,0x1d,0x20,0x1f,0x17,0x10,0x0c,0x0c,0x10,0x1b,0x16,0x0a,0x07,0x0e,0x23,0x25,
    0x22,0x19,0x0a,0x1a,0x18,0x16,0x16,0x16,0x16,0x18,0x04,0x05,0x05,0x05,0x05,0x05,
    0x05,0x05,0x05,0x05,0x05,0x05,0x05,0x06,0x09,0x09,0x09,0x09,0x09,0x09,0x09,0x09,
    0x09,0x09,0x1a,0x18,0x16,0x18,0x18,0x18,0x1a,0x1a,0x1a,0x16,0x22,0x23,0x26,0x25,
    0x25,0x20,0x20,0x1c,0x1c,0x1c,0x1c,0x20,0x25,0x23,0x25,0x21,0x27,0x27,0x24,0x25,
    0x25,0x25,0x25,0x25,0x25,0x25,0x25,0x25,0x25,0x25,0x25,0x25,0x25,0x25,0x25,0x25,
    0x25,0x25,0x25,0x25,0x25,0x25,0x25,0x25,0x25,0x25,0x25,0x25,0x25,0x25,0x25,0x25,
    0x25,0x25,0x25,0x25,0x25,0x25,0x25,0x25,0x24,0x21,0x25,0x27,0x25,0x21,0x23,0x25,
    0x1d,0x1d,0x20,0x1f,0x17,0x10,0x0c,0x0c,0x10,0x1b,0x16,0x0a,0x07,0x0e,0x23,0x25,
    0x22,0x19,0x0a,0x18,0x18,0x18,0x18,0x18,0x16,0x18,0x04,0x05,0x09,0x1f,0x14,0x11,
    0x0d,0x1f,0x14,0x0d,0x05,0x14,0x14,0x11,0x14,0x0d,0x0d,0x14,0x1f,0x11,0x09,0x09,
    0x09,0x09,0x1a,0x18,0x16,0x18,0x18,0x18,0x18,0x1a,0x1a,0x16,0x22,0x23,0x26,0x25,
    0x25,0x20,0x20,0x1c,0x1c,0x1c,0x1c,0x20,0x25,0x23,0x25,0x21,0x27,0x27,0x24,0x24,
    0x24,0x24,0x25,0x25,0x25,0x25,0x25,0x25,0x25,0x25,0x25,0x25,0x25,0x25,0x25,0x25,
    0x25,0x25,0x25,0x25,0x25,0x25,0x25,0x25,0x25,0x25,0x25,0x25,0x25,0x25,0x25,0x25,
    0x25,0x25,0x25,0x25,0x25,0x25,0x25,0x25,0x24,0x21,0x25,0x27,0x25,0x21,0x23,0x25,
    0x1d,0x1d,0x20,0x1f,0x17,0x10,0x0c,0x0c,0x10,0x1b,0x16,0x0a,0x07,0x0e,0x23,0x25,
    0x22,0x19,0x0a,0x18,0x16,0x16,0x16,0x16,0x16,0x18,0x04,0x05,0x06,0x20,0x20,0x1f,
    0x20,0x20,0x1f,0x14,0x05,0x1f,0x1f,0x1f,0x1f,0x1f,0x1f,0x1f,0x14,0x11,0x0d,0x09,
    0x09,0x09,0x1a,0x16,0x18,0x18,0x18,0x18,0x18,0x18,0x18,0x0e,0x22,0x23,0x26,0x25,
    0x25,0x20,0x20,0x1c,0x1c,0x1c,0x1c,0x20,0x25,0x23,0x25,0x21,0x24,0x24,0x24,0x24,
    0x24,0x24,0x24,0x24,0x24,0x25,0x25,0x25,0x24,0x24,0x24,0x25,0x25,0x25,0x25,0x25,
    0x25,0x25,0x25,0x25,0x25,0x25,0x25,0x25,0x25,0x25,0x25,0x25,0x25,0x25,0x25,0x25,
    0x25,0x25,0x25,0x25,0x25,0x25,0x25,0x24,0x24,0x21,0x25,0x27,0x25,0x21,0x23,0x25,
    0x1d,0x1d,0x20,0x1f,0x17,0x10,0x0c,0x0c,0x10,0x1b,0x16,0x0a,0x07,0x0e,0x23,0x25,
    0x22,0x19,0x0a,0x18,0x16,0x0e,0x0e,0x0e,0x0e,0x16,0x04,0x04,0x05,0x06,0x0d,0x0d,
    0x0d,0x0d,0x09,0x05,0x05,0x14,0x11,0x0d,0x09,0x09,0x09,0x14,0x0d,0x0d,0x09,0x06,
    0x06,0x06,0x1a,0x18,0x18,0x18,0x18,0x18,0x18,0x18,0x18,0x0e,0x22,0x23,0x26,0x25,
    0x25,0x20,0x20,0x1c,0x1c,0x1c,0x1c,0x20,0x25,0x23,0x25,0x21,0x24,0x24,0x24,0x24,
    0x24,0x25,0x25,0x25,0x25,0x25,0x25,0x25,0x25,0x25,0x25,0x25,0x25,0x25,0x25,0x25,
    0x25,0x25,0x25,0x25,0x25,0x25,0x25,0x25,0x25,0x25,0x25,0x25,0x25,0x25,0x24,0x25,
    0x25,0x25,0x24,0x24,0x24,0x24,0x24,0x24,0x24,0x21,0x25,0x27,0x25,0x21,0x23,0x25,
    0x1d,0x1d,0x20,0x1f,0x17,0x10,0x0c,0x0c,0x10,0x1b,0x16,0x0a,0x07,0x0e,0x23,0x25,
    0x22,0x19,0x0a,0x18,0x16,0x16,0x0e,0x0e,0x0e,0x16,0x04,0x04,0x04,0x05,0x05,0x05,
    0x05,0x05,0x05,0x05,0x05,0x05,0x05,0x05,0x05,0x05,0x05,0x05,0x05,0x05,0x05,0x05,
    0x05,0x05,0x1a,0x16,0x16,0x18,0x18,0x18,0x18,0x18,0x18,0x0e,0x22,0x23,0x26,0x25,
    0x25,0x20,0x20,0x1c,0x1c,0x1c,0x1c,0x20,0x25,0x23,0x25,0x21,0x24,0x24,0x24,0x24,
    0x25,0x25,0x25,0x25,0x25,0x25,0x25,0x25,0x25,0x25,0x25,0x25,0x25,0x25,0x25,0x25,
    0x25,0x25,0x25,0x25,0x25,0x25,0x25,0x25,0x25,0x25,0x25,0x25,0x25,0x25,0x25,0x25,
    0x25,0x25,0x25,0x25,0x25,0x25,0x24,0x24,0x27,0x21,0x25,0x27,0x25,0x21,0x23,0x25,
    0x1d,0x1d,0x20,0x1f,0x17,0x10,0x0c,0x0c,0x10,0x1b,0x16,0x0a,0x07,0x0e,0x23,0x25,
    0x22,0x19,0x0a,0x18,0x16,0x0e,0x0e,0x0e,0x0e,0x16,0x16,0x16,0x16,0x16,0x16,0x16,
    0x16,0x16,0x16,0x16,0x16,0x16,0x16,0x16,0x18,0x18,0x18,0x18,0x18,0x18,0x18,0x18,
    0x18,0x18,0x18,0x16,0x16,0x16,0x16,0x16,0x18,0x18,0x18,0x0e,0x22,0x23,0x26,0x25,
    0x25,0x20,0x20,0x1c,0x1c,0x1c,0x1c,0x20,0x25,0x23,0x25,0x21,0x24,0x24,0x24,0x25,
    0x25,0x25,0x25,0x25,0x25,0x25,0x25,0x25,0x25,0x25,0x25,0x25,0x25,0x25,0x25,0x25,
    0x25,0x25,0x25,0x25,0x25,0x25,0x25,0x25,0x25,0x25,0x25,0x25,0x25,0x25,0x25,0x25,
    0x25,0x25,0x25,0x25,0x25,0x25,0x24,0x27,0x27,0x21,0x25,0x27,0x25,0x21,0x23,0x25,
    0x1d,0x1d,0x20,0x1f,0x17,0x10,0x0c,0x0c,0x10,0x1b,0x16,0x0a,0x07,0x0e,0x23,0x25,
    0x22,0x19,0x0a,0x18,0x0e,0x0e,0x0e,0x0e,0x0e,0x0e,0x0e,0x0e,0x0e,0x0e,0x0e,0x0e,
    0x0e,0x0e,0x0e,0x0e,0x0e,0x0e,0x0e,0x0e,0x16,0x16,0x16,0x16,0x16,0x16,0x16,0x16,
    0x16,0x16,0x16,0x16,0x16,0x16,0x16,0x16,0x16,0x18,0x18,0x0e,0x22,0x23,0x26,0x25,
    0x25,0x20,0x20,0x1c,0x1c,0x1c,0x1c,0x20,0x25,0x23,0x25,0x21,0x24,0x24,0x24,0x24,
    0x24,0x24,0x25,0x25,0x25,0x25,0x25,0x25,0x25,0x25,0x25,0x25,0x25,0x25,0x25,0x25,
    0x25,0x25,0x25,0x25,0x25,0x25,0x25,0x25,0x25,0x25,0x25,0x25,0x25,0x25,0x25,0x25,
    0x25,0x25,0x25,0x25,0x25,0x25,0x25,0x24,0x27,0x21,0x25,0x27,0x25,0x21,0x23,0x25,
    0x1d,0x1d,0x20,0x1f,0x17,0x10,0x0c,0x0c,0x10,0x1b,0x16,0x0a,0x07,0x0e,0x23,0x25,
    0x22,0x19,0x0a,0x18,0x0e,0x0e,0x0e,0x0e,0x0e,0x0e,0x0e,0x0e,0x0e,0x0e,0x0e,0x0e,
    0x0e,0x0e,0x0e,0x0e,0x0e,0x0e,0x0e,0x0e,0x0e,0x0e,0x0e,0x0e,0x16,0x16,0x16,0x16,
    0x16,0x16,0x16,0x18,0x18,0x18,0x18,0x18,0x18,0x18,0x18,0x0e,0x22,0x23,0x26,0x25,
    0x25,0x20,0x20,0x1c,0x1c,0x1c,0x1c,0x20,0x25,0x23,0x25,0x21,0x27,0x24,0x25,0x25,
    0x25,0x25,0x25,0x25,0x25,0x25,0x25,0x25,0x25,0x25,0x25,0x25,0x25,0x25,0x25,0x25,
    0x25,0x25,0x25,0x25,0x25,0x25,0x25,0x25,0x25,0x25,0x25,0x25,0x25,0x25,0x25,0x25,
    0x25,0x25,0x25,0x24,0x24,0x24,0x24,0x24,0x24,0x21,0x25,0x27,0x25,0x21,0x23,0x25,
    0x1d,0x1d,0x20,0x1f,0x17,0x10,0x0c,0x0c,0x10,0x1b,0x16,0x0a,0x07,0x0e,0x23,0x25,
    0x22,0x19,0x0a,0x18,0x16,0x16,0x0e,0x0e,0x0e,0x0e,0x0e,0x0e,0x0e,0x0e,0x0e,0x0e,
    0x0e,0x0e,0x0e,0x0e,0x0e,0x0e,0x0e,0x0e,0x0e,0x0e,0x0e,0x0e,0x0e,0x0e,0x16,0x16,
    0x16,0x16,0x16,0x16,0x16,0x16,0x16,0x16,0x1a,0x1a,0x1a,0x0e,0x22,0x23,0x26,0x25,
    0x25,0x20,0x20,0x1c,0x1c,0x1c,0x1c,0x20,0x25,0x23,0x25,0x21,0x27,0x27,0x27,0x24,
    0x25,0x25,0x25,0x25,0x25,0x25,0x25,0x25,0x25,0x25,0x25,0x25,0x25,0x25,0x25,0x25,
    0x25,0x25,0x25,0x25,0x25,0x25,0x25,0x25,0x25,0x25,0x25,0x25,0x25,0x25,0x25,0x25,
    0x25,0x25,0x24,0x24,0x24,0x24,0x24,0x27,0x27,0x21,0x25,0x27,0x25,0x21,0x23,0x25,
    0x1d,0x1d,0x20,0x1c,0x1c,0x1c,0x19,0x13,0x13,0x1b,0x16,0x0a,0x07,0x0e,0x23,0x25,
    0x22,0x19,0x0a,0x18,0x0e,0x0e,0x0e,0x0e,0x0e,0x0e,0x0e,0x0e,0x0e,0x0e,0x0e,0x0e,
    0x0e,0x0e,0x0e,0x0e,0x0e,0x0e,0x0e,0x0e,0x0e,0x0e,0x0e,0x0e,0x0e,0x0e,0x0e,0x0e,
    0x0e,0x16,0x16,0x16,0x16,0x16,0x16,0x16,0x16,0x18,0x1a,0x0a,0x22,0x23,0x26,0x25,
    0x25,0x20,0x20,0x1c,0x1c,0x1c,0x1c,0x20,0x25,0x23,0x25,0x21,0x24,0x24,0x25,0x25,
    0x25,0x25,0x25,0x25,0x25,0x25,0x25,0x25,0x25,0x25,0x25,0x25,0x25,0x25,0x25,0x25,
    0x25,0x25,0x25,0x25,0x25,0x25,0x25,0x25,0x25,0x25,0x25,0x25,0x25,0x25,0x25,0x24,
    0x24,0x24,0x24,0x24,0x27,0x27,0x27,0x27,0x27,0x21,0x25,0x27,0x25,0x21,0x23,0x25,
    0x1d,0x1d,0x22,0x22,0x22,0x22,0x1e,0x1e,0x1b,0x1b,0x16,0x0a,0x07,0x0e,0x23,0x25,
    0x22,0x19,0x0a,0x18,0x0e,0x0e,0x0e,0x0e,0x0e,0x0e,0x0e,0x0e,0x0e,0x0e,0x0e,0x0e,
    0x0e,0x0e,0x0e,0x0e,0x0e,0x0e,0x0e,0x0e,0x0e,0x0e,0x0e,0x0e,0x0e,0x0e,0x16,0x16,
    0x16,0x16,0x16,0x18,0x1a,0x1a,0x1a,0x1a,0x1a,0x1a,0x1a,0x0a,0x22,0x23,0x26,0x25,
    0x25,0x20,0x20,0x1c,0x1c,0x1c,0x1c,0x20,0x25,0x23,0x25,0x21,0x24,0x24,0x24,0x24,
    0x25,0x25,0x25,0x25,0x25,0x25,0x25,0x25,0x25,0x25,0x25,0x25,0x25,0x25,0x25,0x25,
    0x25,0x25,0x25,0x25,0x25,0x25,0x25,0x25,0x25,0x25,0x25,0x25,0x25,0x25,0x25,0x25,
    0x25,0x25,0x25,0x25,0x25,0x24,0x24,0x24,0x24,0x21,0x25,0x27,0x25,0x21,0x23,0x25,
    0x1d,0x1d,0x22,0x22,0x22,0x22,0x1e,0x1e,0x1b,0x1b,0x16,0x0a,0x07,0x0e,0x23,0x25,
    0x22,0x19,0x0a,0x18,0x16,0x0e,0x0e,0x0e,0x0e,0x0e,0x0e,0x0e,0x0e,0x0e,0x0e,0x0e,
    0x0e,0x0e,0x0e,0x0e,0x0e,0x0e,0x0e,0x0e,0x0e,0x0e,0x0e,0x0e,0x0e,0x0e,0x0e,0x16,
    0x16,0x16,0x18,0x18,0x18,0x18,0x18,0x18,0x18,0x18,0x18,0x0a,0x22,0x23,0x26,0x25,
    0x25,0x25,0x25,0x25,0x25,0x25,0x25,0x25,0x25,0x23,0x25,0x21,0x24,0x25,0x25,0x25,
    0x25,0x25,0x25,0x25,0x25,0x25,0x25,0x25,0x25,0x25,0x25,0x25,0x25,0x25,0x25,0x25,
    0x25,0x25,0x25,0x25,0x25,0x25,0x25,0x25,0x25,0x25,0x25,0x25,0x25,0x25,0x25,0x25,
    0x25,0x25,0x25,0x25,0x25,0x25,0x24,0x24,0x24,0x21,0x25,0x27,0x25,0x21,0x23,0x25,
    0x1d,0x1d,0x22,0x22,0x22,0x22,0x1e,0x1e,0x1b,0x1b,0x16,0x0a,0x07,0x0e,0x23,0x25,
    0x22,0x19,0x0a,0x18,0x0e,0x0e,0x0e,0x0e,0x0e,0x0e,0x0e,0x0e,0x0e,0x0e,0x0e,0x0e,
    0x0e,0x0e,0x0e,0x0e,0x0e,0x0e,0x0e,0x0e,0x0e,0x0e,0x0e,0x0e,0x0e,0x0e,0x0e,0x0e,
    0x16,0x1a,0x15,0x15,0x15,0x15,0x15,0x0b,0x0b,0x22,0x22,0x22,0x22,0x23,0x26,0x26,
    0x26,0x26,0x26,0x26,0x26,0x26,0x26,0x26,0x26,0x26,0x24,0x24,0x24,0x24,0x24,0x24,
    0x24,0x24,0x24,0x24,0x25,0x25,0x25,0x25,0x25,0x25,0x25,0x25,0x25,0x25,0x25,0x25,
    0x25,0x25,0x25,0x25,0x25,0x25,0x25,0x25,0x25,0x25,0x25,0x25,0x25,0x25,0x25,0x25,
    0x25,0x25,0x25,0x25,0x25,0x25,0x24,0x24,0x24,0x21,0x25,0x27,0x25,0x21,0x23,0x25,
    0x1d,0x1d,0x22,0x22,0x22,0x22,0x1e,0x1e,0x1b,0x1b,0x16,0x0a,0x07,0x0e,0x23,0x25,
    0x22,0x19,0x0a,0x18,0x0e,0x0e,0x0e,0x0e,0x0e,0x0e,0x0e,0x0e,0x0e,0x0e,0x0e,0x0e,
    0x0e,0x0e,0x0e,0x0e,0x0e,0x0e,0x0e,0x0e,0x0e,0x0e,0x0e,0x0e,0x0e,0x0e,0x0e,0x0e,
    0x16,0x15,0x02,0x02,0x02,0x02,0x02,0x03,0x0b,0x23,0x23,0x23,0x23,0x23,0x20,0x20,
    0x20,0x20,0x20,0x20,0x20,0x20,0x20,0x20,0x20,0x26,0x26,0x26,0x26,0x26,0x26,0x26,
    0x26,0x26,0x26,0x26,0x26,0x26,0x25,0x25,0x25,0x25,0x25,0x25,0x25,0x25,0x25,0x25,
    0x25,0x25,0x25,0x25,0x25,0x25,0x25,0x25,0x25,0x25,0x25,0x25,0x25,0x25,0x25,0x25,
    0x25,0x25,0x25,0x25,0x25,0x25,0x24,0x24,0x24,0x21,0x25,0x27,0x25,0x21,0x23,0x25,
    0x1d,0x1d,0x22,0x22,0x22,0x22,0x1e,0x1e,0x1b,0x1b,0x16,0x0a,0x07,0x0e,0x23,0x25,
    0x22,0x19,0x0a,0x18,0x18,0x0e,0x0e,0x0e,0x0e,0x0e,0x0e,0x0e,0x0e,0x0e,0x0e,0x0e,
    0x0e,0x0e,0x0e,0x0e,0x0e,0x0e,0x0e,0x0e,0x0e,0x0e,0x0e,0x0e,0x0e,0x0e,0x0e,0x0e,
    0x16,0x15,0x03,0x0b,0x0b,0x0b,0x03,0x02,0x0b,0x08,0x08,0x08,0x08,0x08,0x0f,0x1a,
    0x1a,0x1a,0x1a,0x1a,0x1a,0x1a,0x1a,0x1a,0x1a,0x22,0x22,0x22,0x22,0x22,0x22,0x22,
    0x22,0x22,0x22,0x22,0x22,0x26,0x25,0x25,0x25,0x25,0x25,0x25,0x25,0x25,0x25,0x25,
    0x25,0x25,0x25,0x25,0x25,0x25,0x25,0x25,0x25,0x25,0x25,0x25,0x25,0x25,0x25,0x25,
    0x25,0x25,0x25,0x25,0x25,0x25,0x24,0x24,0x24,0x21,0x25,0x27,0x25,0x21,0x23,0x25,
    0x1d,0x1d,0x22,0x22,0x22,0x22,0x1e,0x1e,0x1b,0x1b,0x16,0x0a,0x07,0x0e,0x23,0x25,
    0x22,0x19,0x0a,0x1a,0x18,0x16,0x16,0x16,0x16,0x16,0x0e,0x0e,0x0e,0x0e,0x0e,0x0e,
    0x0e,0x0e,0x0e,0x0e,0x0e,0x0e,0x0e,0x0e,0x0e,0x0e,0x0e,0x0e,0x0e,0x0e,0x0e,0x0e,
    0x16,0x15,0x0b,0x01,0x02,0x02,0x0b,0x02,0x0b,0x08,0x12,0x12,0x12,0x12,0x0f,0x1a,
    0x1a,0x1a,0x1a,0x1a,0x1a,0x1a,0x1a,0x1a,0x1a,0x22,0x22,0x22,0x22,0x18,0x25,0x22,
    0x22,0x22,0x18,0x25,0x22,0x26,0x25,0x25,0x25,0x25,0x25,0x25,0x25,0x25,0x25,0x25,
    0x25,0x25,0x25,0x25,0x25,0x25,0x25,0x25,0x25,0x25,0x25,0x25,0x25,0x25,0x25,0x25,
    0x25,0x25,0x25,0x25,0x25,0x25,0x25,0x24,0x24,0x21,0x25,0x27,0x25,0x21,0x23,0x25,
    0x1d,0x1d,0x22,0x22,0x22,0x22,0x1e,0x1e,0x1b,0x1b,0x16,0x0a,0x07,0x0e,0x23,0x25,
    0x22,0x19,0x0a,0x1a,0x18,0x18,0x18,0x16,0x16,0x0e,0x0e,0x0e,0x0e,0x0e,0x0e,0x0e,
    0x0e,0x0e,0x0e,0x0e,0x0e,0x0e,0x0e,0x0e,0x0e,0x0e,0x0e,0x0e,0x0e,0x0e,0x0e,0x0e,
    0x16,0x15,0x0b,0x01,0x01,0x01,0x0b,0x02,0x0b,0x08,0x12,0x12,0x12,0x12,0x0f,0x1a,
    0x1a,0x1a,0x1a,0x1a,0x1a,0x1a,0x1a,0x1a,0x1a,0x22,0x22,0x22,0x22,0x25,0x25,0x22,
    0x22,0x22,0x25,0x25,0x22,0x26,0x25,0x25,0x25,0x25,0x25,0x25,0x25,0x25,0x25,0x25,
    0x25,0x25,0x25,0x25,0x25,0x25,0x25,0x25,0x25,0x25,0x25,0x25,0x25,0x25,0x25,0x25,
    0x25,0x25,0x25,0x25,0x25,0x25,0x25,0x24,0x24,0x21,0x25,0x27,0x25,0x21,0x23,0x25,
    0x1d,0x1d,0x22,0x22,0x22,0x22,0x1e,0x1e,0x1b,0x1b,0x16,0x0a,0x07,0x0e,0x23,0x25,
    0x22,0x19,0x0a,0x18,0x18,0x16,0x16,0x16,0x16,0x16,0x16,0x16,0x16,0x16,0x0e,0x0e,
    0x0e,0x0e,0x0e,0x0e,0x0e,0x0e,0x0e,0x0e,0x0e,0x0e,0x0e,0x0e,0x0e,0x0e,0x0e,0x0e,
    0x16,0x15,0x03,0x0b,0x0b,0x0b,0x03,0x02,0x0b,0x08,0x08,0x08,0x08,0x08,0x0f,0x1a,
    0x1a,0x1a,0x1a,0x1a,0x1a,0x1a,0x1a,0x1a,0x1a,0x22,0x22,0x22,0x22,0x22,0x22,0x22,
    0x22,0x22,0x22,0x22,0x22,0x26,0x25,0x25,0x25,0x25,0x25,0x25,0x25,0x25,0x25,0x25,
    0x25,0x25,0x25,0x25,0x25,0x25,0x25,0x25,0x25,0x25,0x25,0x25,0x25,0x25,0x25,0x25,
    0x25,0x25,0x25,0x25,0x25,0x25,0x25,0x24,0x24,0x21,0x25,0x27,0x25,0x21,0x23,0x25,
    0x1d,0x1d,0x22,0x22,0x22,0x22,0x1e,0x1e,0x1b,0x1b,0x16,0x0a,0x07,0x0e,0x23,0x25,
    0x22,0x19,0x0a,0x18,0x18,0x16,0x16,0x16,0x16,0x16,0x16,0x16,0x0e,0x0e,0x0e,0x0e,
    0x0e,0x0e,0x0e,0x0e,0x0e,0x0e,0x0e,0x0e,0x0e,0x0e,0x0e,0x0e,0x0e,0x0e,0x0e,0x0e,
    0x16,0x15,0x02,0x02,0x02,0x02,0x02,0x03,0x0b,0x23,0x23,0x23,0x23,0x23,0x20,0x20,
    0x20,0x20,0x20,0x20,0x20,0x20,0x20,0x20,0x20,0x26,0x26,0x26,0x27,0x26,0x26,0x26,
    0x26,0x26,0x26,0x26,0x26,0x26,0x25,0x25,0x25,0x25,0x25,0x25,0x25,0x25,0x25,0x25,
    0x25,0x25,0x25,0x25,0x25,0x25,0x25,0x25,0x25,0x25,0x25,0x25,0x25,0x25,0x25,0x25,
    0x25,0x25,0x25,0x25,0x25,0x25,0x25,0x24,0x24,0x21,0x25,0x27,0x25,0x21,0x23,0x25,
    0x1d,0x1d,0x22,0x22,0x22,0x22,0x1e,0x1e,0x1b,0x1b,0x16,0x0a,0x07,0x0e,0x23,0x25,
    0x22,0x19,0x0a,0x1a,0x18,0x18,0x16,0x16,0x16,0x16,0x16,0x16,0x16,0x16,0x16,0x16,
    0x16,0x16,0x0e,0x0e,0x0e,0x0e,0x0e,0x0e,0x0e,0x0e,0x0e,0x0e,0x0e,0x0e,0x0e,0x0e,
    0x16,0x22,0x15,0x15,0x15,0x15,0x15,0x0b,0x0b,0x22,0x22,0x22,0x22,0x23,0x26,0x26,
    0x26,0x26,0x26,0x26,0x26,0x26,0x26,0x26,0x26,0x23,0x25,0x25,0x27,0x27,0x24,0x24,
    0x24,0x24,0x24,0x24,0x25,0x25,0x25,0x25,0x25,0x25,0x25,0x25,0x25,0x25,0x25,0x25,
    0x25,0x25,0x25,0x25,0x25,0x25,0x25,0x25,0x25,0x25,0x25,0x25,0x25,0x25,0x25,0x25,
    0x25,0x25,0x25,0x25,0x25,0x25,0x24,0x24,0x24,0x21,0x25,0x27,0x25,0x21,0x23,0x25,
    0x1d,0x1d,0x22,0x22,0x22,0x22,0x1e,0x1e,0x1b,0x1b,0x16,0x0a,0x07,0x0e,0x23,0x25,
    0x22,0x19,0x0a,0x1a,0x1a,0x1a,0x1a,0x1a,0x18,0x18,0x18,0x16,0x16,0x16,0x16,0x0e,
    0x0e,0x0e,0x0e,0x0e,0x0e,0x0e,0x0e,0x0e,0x0e,0x0e,0x0e,0x0e,0x0e,0x0e,0x0e,0x0e,
    0x16,0x16,0x25,0x25,0x25,0x25,0x25,0x25,0x25,0x22,0x22,0x0a,0x22,0x23,0x26,0x25,
    0x25,0x25,0x25,0x25,0x25,0x25,0x25,0x25,0x25,0x23,0x25,0x21,0x27,0x24,0x24,0x25,
    0x25,0x25,0x25,0x25,0x25,0x25,0x25,0x25,0x25,0x25,0x25,0x25,0x25,0x25,0x25,0x25,
    0x25,0x25,0x25,0x25,0x25,0x25,0x25,0x25,0x25,0x25,0x25,0x25,0x25,0x25,0x25,0x25,
    0x25,0x25,0x25,0x25,0x25,0x25,0x24,0x24,0x27,0x21,0x25,0x27,0x25,0x21,0x23,0x25,
    0x1d,0x1d,0x22,0x22,0x22,0x22,0x1e,0x1e,0x1b,0x1b,0x16,0x0a,0x07,0x0e,0x23,0x25,
    0x22,0x19,0x0a,0x1a,0x18,0x18,0x16,0x16,0x16,0x16,0x16,0x16,0x16,0x16,0x16,0x16,
    0x16,0x16,0x16,0x16,0x16,0x0e,0x0e,0x0e,0x0e,0x0e,0x0e,0x0e,0x0e,0x0e,0x0e,0x0e,
    0x0e,0x0e,0x0e,0x0e,0x0e,0x0e,0x0e,0x16,0x16,0x16,0x18,0x0a,0x22,0x23,0x26,0x25,
    0x25,0x20,0x20,0x1c,0x1c,0x1c,0x1c,0x20,0x25,0x23,0x25,0x21,0x27,0x27,0x24,0x25,
    0x25,0x25,0x25,0x25,0x25,0x25,0x25,0x25,0x25,0x25,0x25,0x25,0x25,0x25,0x25,0x25,
    0x25,0x25,0x25,0x25,0x25,0x25,0x25,0x25,0x25,0x25,0x25,0x25,0x25,0x25,0x25,0x25,
    0x25,0x25,0x25,0x25,0x25,0x24,0x24,0x27,0x27,0x21,0x25,0x27,0x25,0x21,0x23,0x25,
    0x1d,0x1d,0x22,0x22,0x22,0x22,0x1e,0x1e,0x1b,0x1b,0x16,0x0a,0x07,0x0e,0x23,0x25,
    0x22,0x19,0x0a,0x1a,0x18,0x18,0x18,0x16,0x16,0x16,0x16,0x16,0x16,0x16,0x16,0x16,
    0x16,0x16,0x0e,0x0e,0x0e,0x0e,0x0e,0x0e,0x0e,0x0e,0x0e,0x0e,0x0e,0x0e,0x0e,0x0e,
    0x0e,0x0e,0x0e,0x0e,0x0e,0x0e,0x0e,0x16,0x16,0x16,0x18,0x0a,0x22,0x23,0x26,0x25,
    0x25,0x20,0x20,0x1c,0x1c,0x1c,0x1c,0x20,0x25,0x23,0x25,0x21,0x24,0x25,0x25,0x25,
    0x25,0x25,0x25,0x25,0x25,0x25,0x25,0x25,0x25,0x25,0x25,0x25,0x25,0x25,0x25,0x25,
    0x25,0x25,0x25,0x25,0x25,0x25,0x25,0x25,0x25,0x25,0x25,0x25,0x25,0x25,0x25,0x25,
    0x25,0x25,0x25,0x25,0x24,0x24,0x24,0x24,0x27,0x21,0x25,0x27,0x25,0x21,0x23,0x25,
    0x1d,0x1d,0x22,0x22,0x22,0x22,0x1e,0x1e,0x1b,0x1b,0x16,0x0a,0x07,0x0e,0x23,0x25,
    0x22,0x19,0x0a,0x1a,0x18,0x18,0x16,0x16,0x16,0x16,0x16,0x16,0x16,0x16,0x16,0x16,
    0x0e,0x0e,0x0e,0x0e,0x0e,0x0e,0x0e,0x0e,0x0e,0x0e,0x0e,0x0e,0x0e,0x0e,0x0e,0x0e,
    0x0e,0x0e,0x0e,0x0e,0x0e,0x16,0x16,0x16,0x16,0x18,0x18,0x0a,0x22,0x23,0x26,0x25,
    0x25,0x20,0x20,0x1c,0x1c,0x1c,0x1c,0x20,0x25,0x23,0x25,0x21,0x24,0x24,0x25,0x25,
    0x25,0x25,0x25,0x25,0x25,0x25,0x25,0x25,0x25,0x25,0x25,0x25,0x25,0x25,0x25,0x25,
    0x25,0x25,0x25,0x25,0x25,0x25,0x25,0x25,0x25,0x25,0x25,0x25,0x25,0x25,0x25,0x24,
    0x24,0x24,0x24,0x24,0x27,0x27,0x27,0x27,0x27,0x21,0x25,0x27,0x25,0x21,0x23,0x25,
    0x1d,0x1d,0x22,0x22,0x22,0x22,0x1e,0x1e,0x1b,0x1b,0x16,0x0a,0x07,0x0e,0x23,0x25,
    0x22,0x19,0x0a,0x1a,0x18,0x18,0x18,0x18,0x18,0x18,0x16,0x16,0x16,0x16,0x16,0x16,
    0x16,0x16,0x16,0x16,0x16,0x0e,0x0e,0x0e,0x0e,0x0e,0x0e,0x0e,0x0e,0x0e,0x0e,0x0e,
    0x0e,0x0e,0x16,0x16,0x16,0x18,0x18,0x1a,0x1a,0x1a,0x1a,0x0a,0x22,0x23,0x26,0x25,
    0x25,0x20,0x20,0x1c,0x1c,0x1c,0x1c,0x20,0x25,0x23,0x25,0x21,0x24,0x24,0x25,0x25,
    0x25,0x25,0x25,0x25,0x25,0x25,0x25,0x25,0x25,0x25,0x25,0x25,0x25,0x25,0x25,0x25,
    0x25,0x25,0x25,0x25,0x25,0x25,0x25,0x25,0x25,0x25,0x25,0x25,0x25,0x25,0x25,0x25,
    0x25,0x24,0x24,0x24,0x24,0x24,0x24,0x24,0x24,0x21,0x25,0x27,0x25,0x21,0x23,0x25,
    0x1d,0x1d,0x22,0x22,0x22,0x22,0x1e,0x1e,0x1b,0x1b,0x16,0x0a,0x07,0x0e,0x23,0x25,
    0x22,0x19,0x0a,0x1a,0x18,0x18,0x16,0x16,0x16,0x16,0x16,0x16,0x16,0x16,0x16,0x16,
    0x16,0x16,0x16,0x16,0x16,0x16,0x16,0x16,0x16,0x0e,0x0e,0x0e,0x0e,0x0e,0x0e,0x0e,
    0x0e,0x0e,0x0e,0x0e,0x0e,0x0e,0x18,0x18,0x18,0x1a,0x1a,0x0a,0x22,0x23,0x26,0x25,
    0x25,0x20,0x20,0x1c,0x1c,0x1c,0x1c,0x20,0x25,0x23,0x25,0x21,0x27,0x24,0x24,0x24,
    0x25,0x25,0x25,0x25,0x25,0x25,0x25,0x25,0x25,0x25,0x25,0x25,0x25,0x25,0x25,0x25,
    0x25,0x25,0x25,0x25,0x25,0x25,0x25,0x25,0x25,0x25,0x25,0x25,0x25,0x25,0x25,0x25,
    0x25,0x25,0x25,0x25,0x25,0x25,0x25,0x24,0x24,0x21,0x25,0x27,0x25,0x21,0x23,0x25,
    0x1d,0x1d,0x22,0x22,0x22,0x22,0x1e,0x1e,0x1b,0x1b,0x16,0x0a,0x07,0x0e,0x23,0x25,
    0x22,0x19,0x0a,0x1a,0x18,0x18,0x18,0x18,0x18,0x18,0x18,0x18,0x16,0x16,0x16,0x16,
    0x16,0x16,0x16,0x16,0x16,0x0e,0x0e,0x0e,0x0e,0x0e,0x0e,0x0e,0x0e,0x0e,0x0e,0x0e,
    0x0e,0x0e,0x0e,0x0e,0x0e,0x0e,0x0e,0x16,0x16,0x18,0x1a,0x0a,0x22,0x23,0x26,0x25,
    0x25,0x20,0x20,0x1c,0x1c,0x1c,0x1c,0x20,0x25,0x23,0x25,0x21,0x27,0x27,0x24,0x24,
    0x24,0x24,0x25,0x25,0x25,0x25,0x25,0x25,0x25,0x25,0x25,0x25,0x25,0x25,0x25,0x25,
    0x25,0x25,0x25,0x25,0x25,0x25,0x25,0x25,0x25,0x25,0x25,0x25,0x25,0x25,0x25,0x25,
    0x25,0x25,0x25,0x25,0x25,0x25,0x25,0x24,0x24,0x21,0x25,0x27,0x25,0x21,0x23,0x25,
    0x1d,0x1d,0x22,0x22,0x22,0x22,0x1e,0x1e,0x1b,0x1b,0x16,0x0a,0x07,0x0e,0x23,0x25,
    0x22,0x19,0x0a,0x1a,0x18,0x18,0x18,0x18,0x18,0x18,0x18,0x18,0x18,0x18,0x18,0x18,
    0x18,0x16,0x16,0x16,0x16,0x16,0x16,0x16,0x16,0x16,0x0e,0x0e,0x0e,0x0e,0x0e,0x0e,
    0x0e,0x0e,0x0e,0x0e,0x0e,0x0e,0x0e,0x0e,0x18,0x18,0x18,0x0a,0x22,0x23,0x26,0x25,
    0x25,0x20,0x20,0x1c,0x1c,0x1c,0x1c,0x20,0x25,0x23,0x25,0x21,0x24,0x24,0x24,0x25,
    0x25,0x25,0x25,0x25,0x25,0x25,0x25,0x25,0x25,0x25,0x25,0x25,0x25,0x25,0x25,0x25,
    0x25,0x25,0x25,0x25,0x25,0x25,0x25,0x25,0x25,0x25,0x25,0x25,0x25,0x25,0x24,0x25,
    0x25,0x25,0x25,0x24,0x24,0x24,0x24,0x24,0x27,0x21,0x25,0x27,0x25,0x21,0x23,0x25,
    0x1d,0x1d,0x22,0x22,0x22,0x22,0x1e,0x1e,0x1b,0x1b,0x16,0x0a,0x07,0x0e,0x23,0x25,
    0x22,0x19,0x0e,0x1a,0x1a,0x1a,0x18,0x18,0x18,0x18,0x18,0x18,0x16,0x16,0x16,0x16,
    0x16,0x16,0x16,0x16,0x0e,0x0e,0x0e,0x0e,0x0e,0x0e,0x0e,0x0e,0x0e,0x0e,0x0e,0x0e,
    0x0e,0x0e,0x0e,0x0e,0x0e,0x16,0x16,0x16,0x16,0x18,0x18,0x0a,0x22,0x23,0x26,0x25,
    0x25,0x20,0x20,0x1c,0x1c,0x1c,0x1c,0x20,0x25,0x23,0x25,0x21,0x24,0x24,0x25,0x25,
    0x25,0x25,0x25,0x25,0x25,0x25,0x25,0x25,0x25,0x25,0x25,0x25,0x25,0x25,0x25,0x25,
    0x25,0x25,0x25,0x25,0x25,0x25,0x25,0x25,0x25,0x25,0x25,0x25,0x25,0x25,0x25,0x24,
    0x24,0x24,0x24,0x24,0x24,0x24,0x24,0x27,0x27,0x21,0x25,0x27,0x25,0x21,0x23,0x25,
    0x1d,0x1d,0x22,0x22,0x22,0x22,0x1e,0x1e,0x1b,0x1b,0x16,0x0a,0x07,0x0e,0x23,0x25,
    0x22,0x19,0x0e,0x1a,0x18,0x18,0x18,0x18,0x18,0x18,0x18,0x18,0x18,0x18,0x18,0x18,
    0x18,0x18,0x18,0x18,0x16,0x16,0x16,0x16,0x16,0x16,0x16,0x16,0x16,0x16,0x16,0x16,
    0x16,0x16,0x16,0x0e,0x0e,0x0e,0x0e,0x16,0x16,0x18,0x18,0x0a,0x22,0x23,0x26,0x25,
    0x25,0x20,0x20,0x1c,0x1c,0x1c,0x1c,0x20,0x25,0x23,0x25,0x21,0x27,0x24,0x25,0x25,
    0x25,0x25,0x25,0x25,0x25,0x25,0x25,0x25,0x25,0x25,0x25,0x25,0x25,0x25,0x25,0x25,
    0x25,0x25,0x25,0x25,0x25,0x25,0x25,0x25,0x25,0x25,0x25,0x25,0x25,0x25,0x25,0x24,
    0x24,0x24,0x27,0x27,0x27,0x27,0x27,0x27,0x27,0x21,0x25,0x27,0x25,0x21,0x23,0x25,
    0x1d,0x1d,0x22,0x22,0x22,0x22,0x1e,0x1e,0x1b,0x1b,0x16,0x0a,0x07,0x0e,0x23,0x25,
    0x22,0x19,0x0e,0x1a,0x18,0x18,0x18,0x18,0x18,0x18,0x18,0x18,0x18,0x18,0x18,0x16,
    0x16,0x16,0x16,0x16,0x16,0x16,0x16,0x16,0x16,0x16,0x16,0x16,0x16,0x16,0x0e,0x0e,
    0x0e,0x0e,0x0e,0x16,0x16,0x16,0x18,0x18,0x18,0x1a,0x1a,0x0a,0x22,0x23,0x26,0x25,
    0x25,0x20,0x20,0x1c,0x1c,0x1c,0x1c,0x20,0x25,0x23,0x25,0x21,0x27,0x27,0x27,0x27,
    0x27,0x27,0x24,0x24,0x24,0x24,0x24,0x24,0x25,0x25,0x25,0x25,0x25,0x25,0x25,0x25,
    0x25,0x25,0x25,0x25,0x25,0x25,0x25,0x25,0x25,0x25,0x25,0x25,0x25,0x24,0x24,0x24,
    0x24,0x24,0x24,0x24,0x24,0x24,0x24,0x24,0x24,0x21,0x25,0x27,0x25,0x21,0x23,0x25,
    0x1d,0x1d,0x22,0x22,0x22,0x22,0x1e,0x1e,0x1b,0x1b,0x16,0x0a,0x07,0x0e,0x23,0x25,
    0x22,0x19,0x0e,0x1a,0x1a,0x1a,0x1a,0x1a,0x18,0x18,0x18,0x18,0x18,0x18,0x18,0x18,
    0x18,0x16,0x16,0x16,0x16,0x16,0x16,0x16,0x16,0x16,0x16,0x16,0x16,0x16,0x16,0x16,
    0x16,0x16,0x16,0x16,0x16,0x16,0x16,0x16,0x16,0x18,0x1a,0x0a,0x22,0x23,0x26,0x25,
    0x25,0x20,0x20,0x1c,0x1c,0x1c,0x1c,0x20,0x25,0x23,0x25,0x21,0x27,0x27,0x27,0x24,
    0x24,0x24,0x24,0x24,0x24,0x24,0x24,0x25,0x25,0x25,0x25,0x25,0x25,0x25,0x25,0x25,
    0x25,0x25,0x25,0x25,0x25,0x25,0x25,0x25,0x25,0x25,0x25,0x25,0x25,0x25,0x25,0x25,
    0x25,0x25,0x25,0x25,0x25,0x25,0x25,0x24,0x24,0x21,0x25,0x27,0x25,0x21,0x23,0x25,
    0x1d,0x1d,0x22,0x22,0x22,0x22,0x1e,0x1e,0x1b,0x1b,0x16,0x0a,0x07,0x0e,0x23,0x25,
    0x22,0x19,0x0e,0x1a,0x1a,0x18,0x18,0x18,0x18,0x18,0x18,0x18,0x18,0x18,0x18,0x18,
    0x18,0x18,0x18,0x18,0x18,0x18,0x18,0x18,0x18,0x18,0x18,0x18,0x16,0x16,0x16,0x16,
    0x16,0x16,0x16,0x16,0x16,0x16,0x16,0x16,0x16,0x16,0x18,0x0a,0x22,0x23,0x26,0x25,
    0x25,0x20,0x20,0x1c,0x1c,0x1c,0x1c,0x20,0x25,0x23,0x25,0x21,0x27,0x24,0x24,0x24,
    0x25,0x25,0x25,0x25,0x25,0x25,0x25,0x25,0x25,0x25,0x25,0x25,0x25,0x25,0x25,0x25,
    0x25,0x25,0x25,0x25,0x25,0x25,0x25,0x25,0x25,0x25,0x25,0x25,0x25,0x25,0x25,0x25,
    0x25,0x25,0x25,0x24,0x24,0x24,0x24,0x25,0x24,0x21,0x25,0x27,0x25,0x21,0x23,0x25,
    0x1d,0x1d,0x22,0x22,0x22,0x22,0x1e,0x1e,0x1b,0x1b,0x16,0x0a,0x07,0x0e,0x23,0x25,
    0x22,0x19,0x0e,0x1a,0x1a,0x1a,0x1a,0x1a,0x1a,0x1a,0x1a,0x1a,0x18,0x18,0x18,0x18,
    0x18,0x18,0x18,0x18,0x18,0x18,0x18,0x18,0x18,0x18,0x16,0x16,0x16,0x16,0x16,0x16,
    0x16,0x16,0x16,0x16,0x16,0x16,0x16,0x16,0x16,0x18,0x18,0x0a,0x22,0x23,0x26,0x25,
    0x25,0x20,0x20,0x1c,0x1c,0x1c,0x1c,0x20,0x25,0x23,0x25,0x21,0x24,0x24,0x24,0x25,
    0x25,0x25,0x25,0x25,0x25,0x25,0x25,0x25,0x25,0x25,0x25,0x25,0x25,0x25,0x25,0x25,
    0x25,0x25,0x25,0x25,0x25,0x25,0x25,0x25,0x25,0x25,0x25,0x25,0x25,0x25,0x25,0x25,
    0x25,0x25,0x25,0x25,0x25,0x25,0x25,0x24,0x24,0x21,0x25,0x27,0x25,0x21,0x23,0x25,
    0x1d,0x1d,0x22,0x22,0x22,0x22,0x1e,0x1e,0x1b,0x1b,0x16,0x0a,0x07,0x0e,0x23,0x25,
    0x22,0x19,0x0e,0x1a,0x1a,0x1a,0x1a,0x1a,0x1a,0x1a,0x18,0x18,0x18,0x18,0x18,0x18,
    0x18,0x18,0x18,0x18,0x18,0x18,0x18,0x18,0x18,0x18,0x18,0x18,0x18,0x18,0x18,0x16,
    0x16,0x16,0x16,0x18,0x18,0x18,0x18,0x18,0x1a,0x1a,0x1a,0x0e,0x22,0x23,0x26,0x25,
    0x25,0x20,0x20,0x1c,0x1c,0x1c,0x1c,0x20,0x25,0x23,0x25,0x21,0x24,0x24,0x24,0x25,
    0x25,0x25,0x25,0x25,0x25,0x25,0x25,0x25,0x25,0x25,0x25,0x25,0x25,0x25,0x25,0x25,
    0x25,0x25,0x25,0x25,0x25,0x25,0x25,0x25,0x25,0x25,0x25,0x25,0x25,0x25,0x25,0x25,
    0x25,0x25,0x25,0x25,0x25,0x25,0x24,0x24,0x27,0x21,0x25,0x27,0x25,0x21,0x23,0x25,
    0x1d,0x1d,0x22,0x22,0x22,0x22,0x1e,0x1e,0x1b,0x1b,0x16,0x0a,0x07,0x0e,0x23,0x25,
    0x22,0x19,0x0e,0x1a,0x1a,0x1a,0x1a,0x1a,0x1a,0x1a,0x1a,0x1a,0x1a,0x1a,0x1a,0x1a,
    0x1a,0x1a,0x1a,0x1a,0x18,0x18,0x18,0x18,0x18,0x18,0x18,0x18,0x18,0x18,0x18,0x18,
    0x16,0x16,0x16,0x16,0x16,0x16,0x16,0x16,0x18,0x18,0x1a,0x0e,0x22,0x23,0x26,0x25,
    0x25,0x20,0x20,0x1c,0x1c,0x1c,0x1c,0x20,0x25,0x23,0x25,0x21,0x27,0x24,0x24,0x25,
    0x25,0x25,0x25,0x25,0x25,0x25,0x25,0x25,0x25,0x25,0x25,0x25,0x25,0x25,0x25,0x25,
    0x25,0x25,0x25,0x25,0x25,0x25,0x25,0x25,0x25,0x25,0x25,0x25,0x25,0x25,0x25,0x25,
    0x25,0x24,0x24,0x24,0x24,0x24,0x27,0x27,0x27,0x21,0x25,0x27,0x25,0x21,0x23,0x25,
    0x1d,0x1d,0x22,0x22,0x22,0x22,0x1e,0x1e,0x1b,0x1b,0x16,0x0a,0x07,0x0e,0x23,0x25,
    0x22,0x19,0x0e,0x1a,0x1a,0x1a,0x1a,0x1a,0x1a,0x1a,0x1a,0x1a,0x1a,0x1a,0x1a,0x1a,
    0x1a,0x18,0x18,0x18,0x18,0x18,0x18,0x18,0x18,0x18,0x18,0x18,0x18,0x16,0x16,0x16,
    0x16,0x16,0x16,0x16,0x16,0x16,0x16,0x16,0x18,0x18,0x18,0x0e,0x22,0x23,0x26,0x25,
    0x25,0x20,0x20,0x1c,0x1c,0x1c,0x1c,0x20,0x25,0x23,0x25,0x21,0x27,0x24,0x24,0x25,
    0x25,0x25,0x25,0x25,0x25,0x25,0x25,0x25,0x25,0x25,0x25,0x25,0x25,0x25,0x25,0x25,
    0x25,0x25,0x25,0x25,0x25,0x25,0x25,0x25,0x25,0x25,0x25,0x25,0x25,0x25,0x25,0x25,
    0x25,0x25,0x25,0x25,0x25,0x25,0x25,0x24,0x27,0x21,0x25,0x27,0x25,0x21,0x23,0x25,
    0x1d,0x1d,0x22,0x22,0x22,0x22,0x1e,0x1e,0x1b,0x1b,0x16,0x0a,0x07,0x0e,0x23,0x25,
    0x22,0x19,0x0e,0x1a,0x1a,0x1a,0x1a,0x1a,0x1a,0x1a,0x1a,0x1a,0x1a,0x1a,0x1a,0x18,
    0x18,0x18,0x18,0x18,0x18,0x18,0x18,0x18,0x18,0x18,0x18,0x18,0x18,0x18,0x18,0x18,
    0x18,0x18,0x18,0x18,0x18,0x18,0x18,0x18,0x18,0x18,0x1a,0x0e,0x22,0x23,0x26,0x25,
    0x25,0x20,0x20,0x1c,0x1c,0x1c,0x1c,0x20,0x25,0x23,0x25,0x21,0x27,0x24,0x24,0x24,
    0x24,0x24,0x24,0x24,0x24,0x24,0x25,0x25,0x25,0x25,0x25,0x25,0x25,0x25,0x25,0x25,
    0x25,0x25,0x25,0x25,0x25,0x25,0x25,0x25,0x25,0x25,0x25,0x25,0x25,0x25,0x25,0x25,
    0x25,0x25,0x25,0x25,0x24,0x24,0x24,0x24,0x27,0x21,0x25,0x27,0x25,0x21,0x23,0x25,
    0x1d,0x1d,0x22,0x22,0x22,0x22,0x1e,0x1e,0x1b,0x1b,0x16,0x0a,0x07,0x0e,0x23,0x25,
    0x22,0x19,0x0e,0x1a,0x1a,0x1a,0x1a,0x1a,0x1a,0x1a,0x1a,0x1a,0x1a,0x1a,0x1a,0x1a,
    0x1a,0x1a,0x1a,0x18,0x18,0x18,0x18,0x18,0x18,0x18,0x18,0x18,0x18,0x18,0x18,0x18,
    0x18,0x18,0x18,0x18,0x18,0x18,0x18,0x18,0x18,0x18,0x1a,0x0e,0x22,0x23,0x26,0x25,
    0x25,0x20,0x20,0x1c,0x1c,0x1c,0x1c,0x20,0x25,0x23,0x25,0x21,0x27,0x27,0x24,0x24,
    0x24,0x24,0x25,0x25,0x25,0x25,0x25,0x25,0x25,0x25,0x25,0x25,0x25,0x25,0x25,0x25,
    0x25,0x25,0x25,0x25,0x25,0x25,0x25,0x25,0x25,0x25,0x25,0x25,0x25,0x25,0x25,0x25,
    0x25,0x25,0x25,0x25,0x25,0x25,0x25,0x24,0x24,0x21,0x25,0x27,0x25,0x21,0x23,0x25,
    0x1d,0x1d,0x22,0x22,0x22,0x22,0x1e,0x1e,0x1b,0x1b,0x16,0x0a,0x07,0x0e,0x23,0x25,
    0x22,0x19,0x0e,0x1a,0x1a,0x1a,0x1a,0x1a,0x1a,0x1a,0x1a,0x1a,0x1a,0x1a,0x1a,0x1a,
    0x1a,0x1a,0x1a,0x1a,0x1a,0x1a,0x1a,0x1a,0x1a,0x1a,0x1a,0x1a,0x1a,0x18,0x18,0x18,
    0x18,0x18,0x18,0x18,0x18,0x18,0x18,0x18,0x18,0x18,0x1a,0x16,0x22,0x23,0x26,0x25,
    0x25,0x20,0x20,0x1c,0x1c,0x1c,0x1c,0x20,0x25,0x23,0x25,0x21,0x27,0x24,0x24,0x24,
    0x24,0x24,0x24,0x24,0x25,0x25,0x25,0x25,0x25,0x25,0x25,0x25,0x25,0x25,0x25,0x25,
    0x25,0x25,0x25,0x25,0x25,0x25,0x25,0x25,0x25,0x25,0x25,0x25,0x25,0x25,0x25,0x25,
    0x25,0x25,0x24,0x24,0x24,0x24,0x24,0x24,0x24,0x21,0x25,0x27,0x25,0x21,0x23,0x25,
    0x1d,0x1d,0x22,0x22,0x22,0x22,0x1e,0x1e,0x1b,0x1b,0x16,0x0a,0x07,0x0e,0x23,0x25,
    0x22,0x19,0x0e,0x1a,0x1a,0x1a,0x1a,0x1a,0x1a,0x1a,0x1a,0x1a,0x1a,0x1a,0x1a,0x1a,
    0x1a,0x1a,0x1a,0x1a,0x1a,0x1a,0x1a,0x1a,0x1a,0x1a,0x1a,0x1a,0x1a,0x1a,0x1a,0x1a,
    0x1a,0x1a,0x1a,0x1a,0x1a,0x18,0x18,0x18,0x18,0x1a,0x1a,0x16,0x22,0x23,0x26,0x25,
    0x25,0x20,0x20,0x1c,0x1c,0x1c,0x1c,0x20,0x25,0x23,0x25,0x21,0x27,0x27,0x27,0x24,
    0x24,0x24,0x24,0x24,0x24,0x24,0x24,0x24,0x24,0x24,0x24,0x24,0x24,0x25,0x25,0x25,
    0x25,0x25,0x25,0x25,0x25,0x25,0x25,0x25,0x25,0x25,0x25,0x25,0x25,0x25,0x25,0x25,
    0x25,0x25,0x25,0x25,0x25,0x24,0x24,0x24,0x24,0x21,0x25,0x27,0x25,0x21,0x23,0x25,
    0x1d,0x1d,0x22,0x22,0x22,0x22,0x1e,0x1e,0x1b,0x1b,0x16,0x0a,0x07,0x0e,0x23,0x25,
    0x22,0x19,0x0e,0x1a,0x1a,0x1a,0x1a,0x1a,0x1a,0x1a,0x1a,0x1a,0x1a,0x1a,0x1a,0x1a,
    0x1a,0x1a,0x1a,0x1a,0x1a,0x1a,0x1a,0x1a,0x1a,0x1a,0x1a,0x1a,0x1a,0x1a,0x1a,0x1a,
    0x1a,0x1a,0x1a,0x1a,0x1a,0x1a,0x1a,0x1a,0x1a,0x1a,0x1a,0x16,0x22,0x23,0x26,0x25,
    0x25,0x20,0x20,0x1c,0x1c,0x1c,0x1c,0x20,0x25,0x23,0x25,0x21,0x24,0x24,0x24,0x24,
    0x24,0x24,0x24,0x24,0x24,0x24,0x24,0x24,0x24,0x24,0x24,0x24,0x24,0x24,0x24,0x25,
    0x25,0x25,0x25,0x25,0x25,0x25,0x25,0x25,0x25,0x25,0x25,0x25,0x25,0x25,0x25,0x25,
    0x24,0x24,0x24,0x24,0x24,0x24,0x24,0x24,0x24,0x21,0x25,0x27,0x25,0x21,0x23,0x25,
    0x1d,0x1d,0x22,0x22,0x22,0x22,0x1e,0x1e,0x1b,0x1b,0x16,0x0a,0x07,0x0e,0x23,0x25,
    0x22,0x19,0x0e,0x0e,0x0e,0x0e,0x0e,0x0e,0x0e,0x0e,0x0e,0x0e,0x0e,0x0e,0x0e,0x0e,
    0x0e,0x0e,0x0e,0x0e,0x0e,0x0e,0x0e,0x0e,0x0e,0x0e,0x0e,0x0e,0x0e,0x0e,0x0e,0x0e,
    0x0e,0x0e,0x0e,0x0e,0x0e,0x0e,0x0e,0x0e,0x0e,0x0e,0x0e,0x16,0x22,0x23,0x26,0x25,
    0x25,0x20,0x20,0x1c,0x1c,0x1c,0x1c,0x20,0x25,0x23,0x25,0x21,0x21,0x21,0x21,0x21,
    0x21,0x21,0x21,0x21,0x21,0x21,0x21,0x21,0x21,0x21,0x21,0x21,0x21,0x21,0x21,0x21,
    0x21,0x21,0x21,0x21,0x21,0x21,0x21,0x21,0x21,0x21,0x21,0x21,0x21,0x21,0x21,0x21,
    0x21,0x21,0x21,0x21,0x21,0x21,0x21,0x21,0x21,0x21,0x25,0x27,0x25,0x21,0x23,0x25,
    0x1d,0x23,0x23,0x23,0x23,0x23,0x23,0x23,0x23,0x23,0x23,0x23,0x23,0x23,0x23,0x25,
    0x22,0x22,0x22,0x22,0x22,0x22,0x22,0x22,0x22,0x22,0x22,0x22,0x22,0x22,0x22,0x22,
    0x22,0x22,0x22,0x22,0x22,0x22,0x22,0x22,0x22,0x22,0x22,0x22,0x22,0x22,0x22,0x22,
    0x22,0x22,0x22,0x22,0x22,0x22,0x22,0x22,0x22,0x22,0x22,0x22,0x22,0x23,0x26,0x25,
    0x25,0x20,0x20,0x1c,0x1c,0x1c,0x1c,0x20,0x25,0x23,0x25,0x25,0x25,0x25,0x25,0x25,
    0x25,0x25,0x25,0x25,0x25,0x25,0x25,0x25,0x25,0x25,0x25,0x25,0x25,0x25,0x25,0x25,
    0x25,0x25,0x25,0x25,0x25,0x25,0x25,0x25,0x25,0x25,0x25,0x25,0x25,0x25,0x25,0x25,
    0x25,0x25,0x25,0x25,0x25,0x25,0x25,0x25,0x25,0x25,0x25,0x27,0x25,0x21,0x23,0x25,
    0x23,0x23,0x23,0x23,0x23,0x23,0x23,0x23,0x23,0x23,0x23,0x23,0x23,0x23,0x23,0x23,
    0x23,0x23,0x23,0x23,0x23,0x23,0x23,0x23,0x23,0x23,0x23,0x23,0x23,0x23,0x23,0x23,
    0x23,0x23,0x23,0x23,0x23,0x23,0x23,0x23,0x23,0x23,0x23,0x23,0x23,0x23,0x23,0x23,
    0x23,0x23,0x23,0x23,0x23,0x23,0x23,0x23,0x23,0x23,0x23,0x23,0x23,0x23,0x26,0x25,
    0x25,0x20,0x20,0x1c,0x1c,0x1c,0x1c,0x20,0x25,0x23,0x23,0x23,0x23,0x23,0x23,0x23,
    0x23,0x23,0x23,0x23,0x23,0x23,0x23,0x23,0x23,0x23,0x23,0x23,0x23,0x23,0x23,0x23,
    0x23,0x23,0x23,0x23,0x23,0x23,0x23,0x23,0x23,0x23,0x23,0x23,0x23,0x23,0x23,0x23,
    0x23,0x23,0x23,0x23,0x23,0x23,0x23,0x23,0x23,0x23,0x23,0x27,0x23,0x23,0x23,0x23,
    0x26,0x26,0x26,0x26,0x26,0x26,0x26,0x26,0x26,0x26,0x26,0x26,0x26,0x26,0x26,0x26,
    0x26,0x26,0x26,0x26,0x26,0x26,0x26,0x26,0x26,0x26,0x26,0x26,0x26,0x26,0x26,0x26,
    0x26,0x26,0x26,0x26,0x26,0x26,0x26,0x26,0x26,0x26,0x26,0x26,0x26,0x26,0x26,0x26,
    0x26,0x26,0x26,0x26,0x26,0x26,0x26,0x26,0x26,0x26,0x26,0x26,0x26,0x26,0x26,0x25,
    0x25,0x20,0x20,0x1c,0x1c,0x1c,0x1c,0x20,0x25,0x26,0x26,0x26,0x26,0x26,0x26,0x26,
    0x26,0x26,0x26,0x26,0x26,0x26,0x26,0x26,0x26,0x26,0x26,0x26,0x26,0x26,0x26,0x26,
    0x26,0x26,0x26,0x26,0x26,0x26,0x26,0x26,0x26,0x26,0x26,0x26,0x26,0x26,0x26,0x26,
    0x26,0x26,0x26,0x26,0x26,0x26,0x26,0x26,0x26,0x26,0x26,0x27,0x26,0x26,0x26,0x26,
    0x25,0x25,0x25,0x25,0x25,0x25,0x25,0x25,0x25,0x25,0x25,0x25,0x25,0x25,0x25,0x25,
    0x25,0x25,0x25,0x25,0x25,0x25,0x25,0x25,0x25,0x25,0x25,0x25,0x25,0x25,0x25,0x25,
    0x25,0x25,0x25,0x25,0x25,0x25,0x25,0x25,0x25,0x25,0x25,0x25,0x25,0x25,0x25,0x25,
    0x25,0x25,0x25,0x25,0x25,0x25,0x25,0x25,0x25,0x25,0x25,0x25,0x25,0x25,0x25,0x25,
    0x25,0x20,0x20,0x1c,0x1c,0x1c,0x1c,0x20,0x25,0x25,0x25,0x25,0x25,0x25,0x25,0x25,
    0x25,0x25,0x25,0x25,0x25,0x25,0x25,0x25,0x25,0x25,0x25,0x25,0x25,0x25,0x25,0x25,
    0x25,0x25,0x25,0x25,0x25,0x25,0x25,0x25,0x25,0x25,0x25,0x25,0x25,0x25,0x25,0x25,
    0x25,0x25,0x25,0x25,0x25,0x25,0x25,0x25,0x25,0x25,0x25,0x25,0x25,0x25,0x25,0x25,
    0x1c,0x1c,0x1c,0x1c,0x1c,0x1c,0x1c,0x1c,0x1c,0x1c,0x1c,0x1c,0x1c,0x1c,0x1c,0x1c,
    0x1c,0x1c,0x1c,0x1c,0x1c,0x1c,0x1c,0x1c,0x1c,0x1c,0x1c,0x1c,0x1c,0x1c,0x1c,0x1c,
    0x1c,0x1c,0x1c,0x1c,0x1c,0x1c,0x1c,0x1c,0x1c,0x1c,0x1c,0x1c,0x1c,0x1c,0x1c,0x1c,
    0x1c,0x1c,0x1c,0x1c,0x1c,0x1c,0x1c,0x1c,0x1c,0x1c,0x1c,0x1c,0x1c,0x1c,0x1c,0x1c,
    0x1c,0x1c,0x1c,0x1c,0x1c,0x1c,0x1c,0x1c,0x1c,0x1c,0x1c,0x1c,0x1c,0x1c,0x1c,0x1c,
    0x1c,0x1c,0x1c,0x1c,0x1c,0x1c,0x1c,0x1c,0x1c,0x1c,0x1c,0x1c,0x1c,0x1c,0x1c,0x1c,
    0x1c,0x1c,0x1c,0x1c,0x1c,0x1c,0x1c,0x1c,0x1c,0x1c,0x1c,0x1c,0x1c,0x1c,0x1c,0x1c,
    0x1c,0x1c,0x1c,0x1c,0x1c,0x1c,0x1c,0x1c,0x1c,0x1c,0x1c,0x1c,0x1c,0x1c,0x1c,0x1c,
    0x1c,0x1c,0x1c,0x1c,0x1c,0x1c,0x1c,0x1c,0x1c,0x1c,0x1c,0x1c,0x1c,0x1c,0x1c,0x1c,
    0x1c,0x1c,0x1c,0x1c,0x1c,0x1c,0x1c,0x1c,0x1c,0x1c,0x1c,0x1c,0x1c,0x1c,0x1c,0x1c,
    0x1c,0x1c,0x1c,0x1c,0x1c,0x1c,0x1c,0x1c,0x1c,0x1c,0x1c,0x1c,0x1c,0x1c,0x1c,0x1c,
    0x1c,0x1c,0x1c,0x1c,0x1c,0x1c,0x1c,0x1c,0x1c,0x1c,0x1c,0x1c,0x1c,0x1c,0x1c,0x1c,
    0x1c,0x1c,0x1c,0x1c,0x1c,0x1c,0x1c,0x1c,0x1c,0x1c,0x1c,0x1c,0x1c,0x1c,0x1c,0x1c,
    0x1c,0x1c,0x1c,0x1c,0x1c,0x1c,0x1c,0x1c,0x1c,0x1c,0x1c,0x1c,0x1c,0x1c,0x1c,0x1c,
    0x1c,0x1c,0x1c,0x1c,0x1c,0x1c,0x1c,0x1c,0x1c,0x1c,0x1c,0x1c,0x1c,0x1c,0x1c,0x1c,
    0x1c,0x1c,0x1c,0x1c,0x1c,0x1c,0x1c,0x1c,0x1c,0x1c,0x1c,0x1c,0x1c,0x1c,0x1c,0x1c,
    0x23,0x23,0x23,0x23,0x23,0x23,0x23,0x23,0x23,0x23,0x23,0x23,0x23,0x23,0x23,0x23,
    0x23,0x23,0x23,0x23,0x23,0x23,0x23,0x23,0x23,0x23,0x23,0x23,0x23,0x23,0x23,0x23,
    0x23,0x23,0x23,0x23,0x23,0x23,0x23,0x23,0x23,0x23,0x23,0x23,0x23,0x23,0x23,0x23,
    0x23,0x23,0x23,0x23,0x23,0x23,0x23,0x23,0x23,0x23,0x23,0x23,0x23,0x23,0x23,0x23,
    0x23,0x23,0x23,0x23,0x23,0x23,0x23,0x23,0x23,0x23,0x23,0x23,0x23,0x23,0x23,0x23,
    0x23,0x23,0x23,0x23,0x23,0x23,0x23,0x23,0x23,0x23,0x23,0x23,0x23,0x23,0x23,0x23,
    0x23,0x23,0x23,0x23,0x23,0x23,0x23,0x23,0x23,0x23,0x23,0x23,0x23,0x23,0x23,0x23,
    0x23,0x23,0x23,0x23,0x23,0x23,0x23,0x23,0x23,0x23,0x23,0x23,0x23,0x23,0x23,0x23,
    0x22,0x22,0x22,0x22,0x22,0x22,0x22,0x22,0x22,0x22,0x22,0x22,0x22,0x22,0x22,0x22,
    0x22,0x22,0x22,0x22,0x22,0x22,0x22,0x22,0x22,0x22,0x22,0x22,0x22,0x22,0x22,0x22,
    0x22,0x22,0x22,0x22,0x22,0x22,0x22,0x22,0x22,0x22,0x22,0x22,0x22,0x22,0x22,0x22,
    0x22,0x22,0x22,0x22,0x22,0x22,0x22,0x22,0x22,0x22,0x22,0x22,0x22,0x22,0x22,0x22,
    0x22,0x22,0x22,0x22,0x22,0x22,0x22,0x22,0x22,0x22,0x22,0x22,0x22,0x22,0x22,0x22,
    0x22,0x22,0x22,0x22,0x22,0x22,0x22,0x22,0x22,0x22,0x22,0x22,0x22,0x22,0x22,0x22,
    0x22,0x22,0x22,0x22,0x22,0x22,0x22,0x22,0x22,0x22,0x22,0x22,0x22,0x22,0x22,0x22,
    0x22,0x22,0x22,0x22,0x22,0x22,0x22,0x22,0x22,0x22,0x22,0x22,0x22,0x22,0x22,0x22,
    0x00,0x00,0x00,0x00,0x00,0x00,0x00,0x00,0x00,0x00,0x00,0x00,0x00,0x00,0x00,0x00,
    0x00,0x00,0x00,0x00,0x00,0x00,0x00,0x00,0x00,0x00,0x00,0x00,0x00,0x00,0x00,0x00,
    0x00,0x00,0x00,0x00,0x00,0x00,0x00,0x00,0x00,0x00,0x00,0x00,0x00,0x00,0x00,0x00,
    0x00,0x00,0x00,0x00,0x00,0x00,0x00,0x00,0x00,0x00,0x00,0x00,0x00,0x00,0x00,0x00,
    0x00,0x00,0x00,0x00,0x00,0x00,0x00,0x00,0x00,0x00,0x00,0x00,0x00,0x00,0x00,0x00,
    0x00,0x00,0x00,0x00,0x00,0x00,0x00,0x00,0x00,0x00,0x00,0x00,0x00,0x00,0x00,0x00,
    0x00,0x00,0x00,0x00,0x00,0x00,0x00,0x00,0x00,0x00,0x00,0x00,0x00,0x00,0x00,0x00,
    0x00,0x00,0x00,0x00,0x00,0x00,0x00,0x00,0x00,0x00,0x00,0x00,0x00,0x00,0x00,0x00,
    0x00,0x32,0x32,0x32,0x32,0x32,0x32,0x32,0x32,0x32,0x32,0x32,0x32,0x32,0x32,0x32,
    0x32,0x32,0x32,0x32,0x32,0x32,0x32,0x32,0x32,0x32,0x32,0x32,0x32,0x32,0x32,0x32,
    0x32,0x32,0x1b,0x2c,0x1b,0x2c,0x2c,0x10,0x1f,0x2d,0x2d,0x23,0x17,0x1f,0x12,0x07,
    0x12,0x31,0x12,0x00,0x00,0x00,0x00,0x00,0x00,0x00,0x00,0x00,0x00,0x00,0x00,0x00,
    0x00,0x00,0x00,0x00,0x00,0x00,0x00,0x00,0x00,0x00,0x00,0x00,0x00,0x00,0x00,0x00,
    0x00,0x00,0x00,0x00,0x00,0x00,0x00,0x00,0x00,0x00,0x00,0x00,0x00,0x00,0x00,0x00,
    0x00,0x00,0x00,0x00,0x00,0x00,0x00,0x00,0x00,0x00,0x00,0x00,0x00,0x00,0x00,0x00,
    0x00,0x00,0x00,0x00,0x00,0x00,0x00,0x00,0x00,0x00,0x00,0x00,0x00,0x00,0x00,0x00,
    0x00,0x32,0x32,0x32,0x32,0x32,0x32,0x32,0x32,0x32,0x32,0x32,0x32,0x32,0x32,0x32,
    0x32,0x32,0x32,0x32,0x32,0x32,0x32,0x32,0x32,0x32,0x32,0x32,0x32,0x32,0x32,0x32,
    0x32,0x32,0x1b,0x0e,0x2c,0x2c,0x10,0x2c,0x2c,0x2c,0x07,0x24,0x06,0x10,0x12,0x2d,
    0x2d,0x2d,0x12,0x12,0x12,0x1f,0x20,0x20,0x20,0x20,0x2d,0x20,0x20,0x20,0x31,0x20,
    0x20,0x12,0x31,0x31,0x07,0x20,0x20,0x31,0x2d,0x20,0x20,0x20,0x20,0x2d,0x31,0x31,
    0x12,0x20,0x20,0x12,0x20,0x08,0x30,0x20,0x20,0x20,0x20,0x20,0x31,0x16,0x20,0x20,
    0x20,0x20,0x31,0x12,0x08,0x08,0x12,0x08,0x12,0x20,0x31,0x31,0x20,0x00,0x00,0x00,
    0x00,0x00,0x00,0x00,0x00,0x00,0x00,0x00,0x00,0x00,0x00,0x00,0x00,0x00,0x00,0x00,
    0x31,0x32,0x32,0x32,0x32,0x32,0x32,0x32,0x32,0x32,0x32,0x32,0x32,0x32,0x32,0x32,
    0x32,0x32,0x32,0x32,0x32,0x32,0x32,0x32,0x32,0x32,0x32,0x32,0x32,0x32,0x32,0x32,
    0x32,0x32,0x22,0x0e,0x1b,0x2c,0x2c,0x10,0x10,0x1b,0x10,0x2f,0x1b,0x1f,0x07,0x2d,
    0x2d,0x2d,0x12,0x2d,0x2d,0x2d,0x12,0x31,0x31,0x20,0x12,0x12,0x12,0x20,0x31,0x31,
    0x12,0x12,0x31,0x20,0x2d,0x20,0x20,0x31,0x12,0x12,0x31,0x20,0x16,0x20,0x20,0x20,
    0x20,0x20,0x31,0x20,0x31,0x08,0x20,0x12,0x20,0x31,0x20,0x20,0x20,0x20,0x16,0x31,
    0x20,0x31,0x12,0x2d,0x2d,0x08,0x12,0x12,0x20,0x20,0x2d,0x2d,0x2d,0x12,0x12,0x12,
    0x12,0x20,0x31,0x20,0x20,0x31,0x12,0x31,0x12,0x2d,0x20,0x20,0x31,0x31,0x20,0x20,
    0x15,0x32,0x32,0x32,0x32,0x32,0x32,0x32,0x32,0x32,0x32,0x32,0x32,0x32,0x32,0x32,
    0x32,0x32,0x32,0x32,0x32,0x32,0x32,0x32,0x32,0x32,0x32,0x32,0x32,0x32,0x32,0x32,
    0x32,0x32,0x2b,0x22,0x22,0x0e,0x2c,0x2c,0x2c,0x0e,0x1b,0x10,0x10,0x10,0x2d,0x2d,
    0x07,0x10,0x2d,0x2d,0x12,0x1f,0x20,0x30,0x20,0x20,0x12,0x20,0x20,0x12,0x20,0x20,
    0x12,0x14,0x1f,0x12,0x20,0x20,0x20,0x30,0x20,0x31,0x20,0x2d,0x20,0x12,0x20,0x16,
    0x31,0x16,0x2d,0x12,0x12,0x12,0x20,0x31,0x20,0x31,0x12,0x20,0x20,0x20,0x20,0x20,
    0x20,0x20,0x12,0x2d,0x2d,0x12,0x12,0x2d,0x12,0x2d,0x2d,0x2d,0x12,0x12,0x12,0x12,
    0x20,0x20,0x20,0x12,0x12,0x2d,0x20,0x20,0x20,0x20,0x12,0x12,0x12,0x20,0x12,0x20,
    0x20,0x32,0x32,0x32,0x32,0x32,0x32,0x32,0x32,0x32,0x32,0x32,0x32,0x32,0x32,0x32,
    0x32,0x32,0x32,0x32,0x32,0x32,0x32,0x32,0x32,0x32,0x32,0x32,0x32,0x32,0x32,0x32,
    0x32,0x32,0x05,0x05,0x0d,0x2b,0x2b,0x0e,0x10,0x2c,0x2c,0x07,0x10,0x10,0x10,0x1f,
    0x1f,0x2d,0x2d,0x2d,0x12,0x2d,0x1f,0x20,0x2d,0x1f,0x2d,0x12,0x12,0x2d,0x31,0x12,
    0x14,0x20,0x20,0x12,0x20,0x12,0x08,0x2d,0x1f,0x20,0x20,0x2d,0x2d,0x12,0x12,0x12,
    0x31,0x20,0x31,0x20,0x2d,0x20,0x20,0x12,0x20,0x20,0x20,0x20,0x08,0x2d,0x12,0x2d,
    0x12,0x20,0x07,0x2d,0x2d,0x2d,0x2d,0x2d,0x12,0x12,0x2d,0x12,0x12,0x12,0x2d,0x2d,
    0x12,0x2d,0x2d,0x12,0x2d,0x12,0x31,0x20,0x14,0x12,0x2d,0x2d,0x2d,0x2d,0x12,0x2d,
    0x12,0x32,0x32,0x32,0x32,0x32,0x32,0x32,0x32,0x32,0x32,0x32,0x32,0x32,0x32,0x32,
    0x32,0x32,0x32,0x32,0x32,0x32,0x32,0x32,0x32,0x32,0x32,0x32,0x32,0x32,0x32,0x32,
    0x32,0x32,0x0e,0x2b,0x2b,0x06,0x06,0x2b,0x2c,0x2c,0x2c,0x2c,0x10,0x10,0x10,0x10,
    0x1f,0x1f,0x2d,0x2d,0x12,0x12,0x2d,0x2d,0x12,0x2d,0x2d,0x2d,0x31,0x1f,0x2d,0x12,
    0x12,0x20,0x20,0x12,0x12,0x20,0x16,0x20,0x1f,0x19,0x12,0x20,0x2d,0x31,0x20,0x1f,
    0x1f,0x12,0x12,0x12,0x12,0x20,0x12,0x20,0x12,0x2d,0x12,0x20,0x2d,0x1f,0x1f,0x2d,
    0x2d,0x12,0x2d,0x07,0x2d,0x1f,0x2d,0x2d,0x2d,0x2d,0x2d,0x2d,0x2d,0x12,0x2d,0x2d,
    0x2d,0x2d,0x2d,0x12,0x12,0x12,0x12,0x12,0x20,0x12,0x2d,0x2d,0x2d,0x12,0x2d,0x2d,
    0x2d,0x32,0x32,0x32,0x32,0x32,0x32,0x32,0x32,0x32,0x32,0x32,0x32,0x32,0x32,0x32,
    0x32,0x32,0x32,0x32,0x32,0x32,0x32,0x32,0x32,0x32,0x32,0x32,0x32,0x32,0x32,0x32,
    0x32,0x32,0x2b,0x0d,0x2b,0x0e,0x06,0x0e,0x2c,0x0e,0x0e,0x2c,0x10,0x2c,0x10,0x1f,
    0x10,0x2d,0x2d,0x2d,0x2d,0x08,0x2d,0x12,0x12,0x12,0x2d,0x12,0x12,0x1f,0x1f,0x12,
    0x12,0x12,0x1f,0x12,0x2d,0x12,0x2d,0x12,0x1f,0x25,0x20,0x12,0x12,0x12,0x1f,0x12,
    0x31,0x12,0x12,0x12,0x20,0x16,0x12,0x12,0x31,0x12,0x20,0x1f,0x20,0x1f,0x07,0x2d,
    0x07,0x2d,0x2d,0x2d,0x1f,0x2d,0x2d,0x12,0x12,0x2d,0x12,0x12,0x2d,0x2d,0x2d,0x2d,
    0x2d,0x2d,0x2d,0x2d,0x2d,0x12,0x12,0x31,0x2d,0x12,0x1f,0x2d,0x2d,0x2d,0x2d,0x1f,
    0x1f,0x32,0x32,0x32,0x32,0x32,0x32,0x32,0x32,0x32,0x32,0x32,0x32,0x32,0x32,0x32,
    0x32,0x32,0x32,0x32,0x32,0x32,0x32,0x32,0x32,0x32,0x32,0x32,0x32,0x32,0x32,0x32,
    0x32,0x32,0x05,0x0d,0x0e,0x0d,0x0d,0x2b,0x0e,0x2c,0x2c,0x2c,0x2c,0x2c,0x2c,0x10,
    0x1f,0x2d,0x10,0x2d,0x12,0x12,0x1f,0x12,0x12,0x2d,0x12,0x1f,0x1f,0x1f,0x2d,0x1f,
    0x2d,0x2d,0x12,0x2d,0x2d,0x1f,0x1f,0x2d,0x10,0x14,0x1f,0x1f,0x1f,0x1f,0x2d,0x1f,
    0x1f,0x12,0x20,0x16,0x12,0x31,0x1f,0x2d,0x12,0x12,0x12,0x12,0x2d,0x10,0x10,0x10,
    0x2c,0x07,0x2d,0x10,0x1f,0x1f,0x10,0x2d,0x12,0x1f,0x2d,0x1f,0x1f,0x1f,0x1f,0x2d,
    0x2d,0x2d,0x2d,0x2d,0x2d,0x12,0x2d,0x2d,0x2d,0x07,0x07,0x2d,0x2d,0x2d,0x1f,0x1f,
    0x1f,0x32,0x32,0x32,0x32,0x32,0x32,0x32,0x32,0x32,0x32,0x32,0x32,0x32,0x32,0x32,
    0x32,0x32,0x32,0x32,0x32,0x32,0x32,0x32,0x32,0x32,0x32,0x32,0x32,0x32,0x32,0x32,
    0x32,0x32,0x2b,0x2b,0x2b,0x2b,0x22,0x2b,0x0e,0x0e,0x0e,0x1b,0x2c,0x2c,0x10,0x1b,
    0x10,0x2d,0x1f,0x1f,0x1f,0x12,0x2d,0x2d,0x12,0x2d,0x12,0x12,0x2d,0x1f,0x2d,0x2d,
    0x2d,0x1f,0x1f,0x2d,0x12,0x2d,0x2d,0x1f,0x1f,0x1f,0x1f,0x1f,0x1f,0x12,0x2d,0x2d,
    0x12,0x1f,0x1f,0x2d,0x1f,0x12,0x1f,0x2d,0x12,0x2d,0x2d,0x2d,0x2d,0x07,0x07,0x10,
    0x10,0x2d,0x2d,0x2d,0x10,0x10,0x10,0x10,0x1f,0x2d,0x2d,0x1f,0x10,0x1f,0x1f,0x10,
    0x2d,0x2d,0x1f,0x2d,0x2d,0x2d,0x2d,0x1f,0x10,0x10,0x10,0x2d,0x1f,0x2d,0x2d,0x1f,
    0x1f,0x32,0x32,0x32,0x32,0x32,0x32,0x32,0x32,0x32,0x32,0x32,0x32,0x32,0x32,0x32,
    0x32,0x32,0x32,0x32,0x32,0x32,0x32,0x32,0x32,0x32,0x32,0x32,0x32,0x32,0x32,0x32,
    0x32,0x32,0x05,0x2b,0x2b,0x0d,0x0d,0x2b,0x22,0x0e,0x1b,0x0e,0x1b,0x2c,0x1b,0x2c,
    0x10,0x10,0x2d,0x1f,0x1f,0x2d,0x12,0x2d,0x1f,0x2d,0x12,0x1f,0x2d,0x2d,0x10,0x2d,
    0x1f,0x1f,0x1f,0x1f,0x12,0x1f,0x1f,0x1f,0x1f,0x2d,0x2d,0x1f,0x1f,0x1f,0x1f,0x10,
    0x1f,0x12,0x12,0x1f,0x2d,0x2d,0x1f,0x1f,0x12,0x2d,0x1f,0x1f,0x07,0x07,0x07,0x06,
    0x2d,0x2d,0x2d,0x2d,0x07,0x10,0x10,0x2d,0x1f,0x10,0x10,0x10,0x10,0x2d,0x07,0x10,
    0x2d,0x2d,0x2d,0x07,0x1f,0x1f,0x1f,0x10,0x10,0x07,0x07,0x1f,0x2d,0x2d,0x2d,0x2d,
    0x1f,0x32,0x32,0x32,0x32,0x32,0x32,0x32,0x32,0x32,0x32,0x32,0x32,0x32,0x32,0x32,
    0x32,0x32,0x32,0x32,0x32,0x32,0x32,0x32,0x32,0x32,0x32,0x32,0x32,0x32,0x32,0x32,
    0x32,0x32,0x2a,0x2b,0x2b,0x2b,0x2b,0x22,0x1b,0x0e,0x10,0x2c,0x1b,0x10,0x10,0x10,
    0x2c,0x10,0x1f,0x1f,0x1f,0x1f,0x1f,0x10,0x1f,0x1f,0x07,0x2d,0x2d,0x07,0x2c,0x10,
    0x2c,0x10,0x1f,0x1f,0x1f,0x1f,0x1f,0x10,0x10,0x2c,0x10,0x1f,0x1f,0x2d,0x12,0x1f,
    0x1f,0x12,0x1f,0x12,0x2d,0x2d,0x1f,0x2d,0x12,0x1f,0x1f,0x2d,0x07,0x07,0x1f,0x10,
    0x2d,0x1f,0x1f,0x07,0x10,0x10,0x10,0x1f,0x10,0x10,0x10,0x2c,0x2d,0x07,0x10,0x10,
    0x2d,0x2d,0x2d,0x10,0x1f,0x2d,0x10,0x10,0x2d,0x2d,0x2d,0x2d,0x10,0x10,0x2d,0x1f,
    0x1f,0x32,0x32,0x32,0x32,0x32,0x32,0x32,0x32,0x32,0x32,0x32,0x32,0x32,0x32,0x32,
    0x32,0x32,0x32,0x32,0x32,0x32,0x32,0x32,0x32,0x32,0x32,0x32,0x32,0x32,0x32,0x32,
    0x32,0x32,0x0d,0x2b,0x0d,0x2a,0x22,0x22,0x2b,0x22,0x2c,0x2c,0x0e,0x1b,0x1b,0x2c,
    0x10,0x2c,0x10,0x1f,0x10,0x10,0x1f,0x10,0x2d,0x10,0x10,0x2d,0x10,0x10,0x2c,0x2c,
    0x2c,0x2c,0x2c,0x10,0x1f,0x10,0x1f,0x1f,0x1f,0x10,0x1f,0x1f,0x1f,0x10,0x1f,0x2d,
    0x1f,0x10,0x2d,0x2d,0x2d,0x10,0x1f,0x1f,0x2d,0x2d,0x2d,0x07,0x10,0x2c,0x2c,0x2c,
    0x1f,0x1f,0x1f,0x10,0x10,0x10,0x10,0x2c,0x07,0x10,0x07,0x10,0x1f,0x10,0x1f,0x10,
    0x10,0x10,0x10,0x07,0x1f,0x10,0x2c,0x2c,0x10,0x10,0x10,0x2d,0x10,0x10,0x10,0x1f,
    0x2d,0x32,0x32,0x32,0x32,0x32,0x32,0x32,0x32,0x32,0x32,0x32,0x32,0x32,0x32,0x32,
    0x32,0x32,0x32,0x32,0x32,0x32,0x32,0x32,0x32,0x32,0x32,0x32,0x32,0x32,0x32,0x32,
    0x32,0x32,0x1e,0x04,0x0d,0x0d,0x0d,0x22,0x0e,0x2b,0x2c,0x10,0x2c,0x1b,0x0e,0x1b,
    0x2c,0x2c,0x10,0x10,0x10,0x1f,0x10,0x10,0x1f,0x2d,0x10,0x1f,0x10,0x2c,0x2c,0x2c,
    0x2c,0x10,0x10,0x2d,0x10,0x2c,0x07,0x10,0x10,0x10,0x2c,0x10,0x10,0x10,0x10,0x10,
    0x1f,0x10,0x10,0x1f,0x2d,0x10,0x10,0x10,0x10,0x07,0x10,0x07,0x10,0x10,0x10,0x2c,
    0x10,0x2c,0x10,0x10,0x2c,0x10,0x10,0x10,0x10,0x2c,0x10,0x10,0x1f,0x10,0x10,0x2c,
    0x10,0x10,0x10,0x10,0x10,0x07,0x10,0x10,0x10,0x10,0x10,0x10,0x10,0x2c,0x12,0x10,
    0x1f,0x32,0x32,0x32,0x32,0x32,0x32,0x32,0x32,0x32,0x32,0x32,0x32,0x32,0x32,0x32,
    0x32,0x32,0x32,0x32,0x32,0x32,0x32,0x32,0x32,0x32,0x32,0x32,0x32,0x32,0x32,0x32,
    0x32,0x0c,0x0c,0x0d,0x0d,0x2b,0x2a,0x22,0x0e,0x0e,0x2c,0x1b,0x1b,0x2c,0x2c,0x1b,
    0x2c,0x10,0x10,0x10,0x1f,0x10,0x1f,0x1f,0x10,0x1f,0x1f,0x1f,0x10,0x1b,0x10,0x10,
    0x10,0x10,0x10,0x10,0x2c,0x2c,0x10,0x10,0x2c,0x10,0x10,0x10,0x10,0x10,0x10,0x10,
    0x1f,0x1f,0x1f,0x10,0x10,0x10,0x10,0x2c,0x2c,0x10,0x10,0x10,0x2c,0x10,0x2c,0x2c,
    0x10,0x2c,0x2c,0x2c,0x2c,0x2c,0x10,0x2c,0x2c,0x10,0x10,0x10,0x1b,0x10,0x10,0x10,
    0x10,0x10,0x10,0x2c,0x10,0x10,0x10,0x10,0x10,0x10,0x10,0x10,0x07,0x2c,0x1f,0x1f,
    0x10,0x32,0x32,0x32,0x32,0x32,0x32,0x32,0x32,0x32,0x32,0x32,0x32,0x32,0x32,0x32,
    0x32,0x32,0x32,0x32,0x32,0x32,0x32,0x32,0x32,0x32,0x32,0x32,0x32,0x32,0x32,0x32,
    0x32,0x2a,0x2a,0x0d,0x2a,0x2a,0x22,0x22,0x0e,0x1b,0x0e,0x0e,0x2c,0x1b,0x0e,0x1b,
    0x1b,0x10,0x2c,0x10,0x1f,0x2c,0x1f,0x1f,0x1b,0x10,0x10,0x1b,0x1b,0x2c,0x10,0x2c,
    0x2c,0x2c,0x1b,0x2c,0x2c,0x2c,0x2c,0x1b,0x2c,0x2c,0x2c,0x10,0x13,0x10,0x10,0x10,
    0x10,0x10,0x10,0x10,0x2c,0x2c,0x2c,0x2c,0x2c,0x2c,0x2c,0x2c,0x10,0x10,0x2c,0x2c,
    0x2c,0x06,0x10,0x2c,0x2c,0x2c,0x10,0x2c,0x10,0x10,0x10,0x10,0x2c,0x2c,0x2c,0x2c,
    0x10,0x2c,0x2c,0x2c,0x10,0x2c,0x10,0x10,0x10,0x10,0x2d,0x10,0x2c,0x1f,0x1f,0x10,
    0x10,0x32,0x32,0x32,0x32,0x32,0x32,0x32,0x32,0x32,0x32,0x32,0x32,0x32,0x32,0x32,
    0x32,0x32,0x32,0x32,0x32,0x32,0x32,0x32,0x32,0x32,0x32,0x32,0x32,0x32,0x32,0x32,
    0x32,0x0c,0x2a,0x0d,0x1e,0x0d,0x2b,0x0d,0x0e,0x0e,0x2b,0x0e,0x0e,0x1b,0x0e,0x1b,
    0x2c,0x10,0x10,0x2c,0x10,0x10,0x2c,0x10,0x10,0x2c,0x10,0x0e,0x0e,0x2c,0x2c,0x2c,
    0x2c,0x2c,0x2c,0x2c,0x2c,0x2c,0x2c,0x1b,0x2c,0x0e,0x2c,0x1b,0x10,0x10,0x10,0x2c,
    0x10,0x10,0x13,0x2d,0x10,0x2c,0x0e,0x0e,0x2c,0x06,0x0e,0x2c,0x10,0x2c,0x06,0x06,
    0x2c,0x1b,0x2c,0x2c,0x06,0x2c,0x10,0x2c,0x1b,0x10,0x2c,0x2c,0x1b,0x1b,0x2c,0x2c,
    0x2c,0x10,0x2c,0x1b,0x10,0x10,0x10,0x2c,0x10,0x2c,0x2c,0x10,0x1b,0x10,0x10,0x1f,
    0x1b,0x16,0x16,0x32,0x32,0x32,0x32,0x32,0x32,0x32,0x32,0x32,0x32,0x32,0x32,0x32,
    0x32,0x32,0x32,0x32,0x32,0x32,0x32,0x32,0x32,0x32,0x32,0x32,0x32,0x32,0x32,0x32,
    0x32,0x0c,0x1e,0x0c,0x0c,0x0d,0x0d,0x2a,0x2b,0x2b,0x22,0x0e,0x0e,0x0e,0x0e,0x1b,
    0x2c,0x1b,0x1b,0x2c,0x10,0x10,0x10,0x10,0x13,0x10,0x2c,0x2c,0x0e,0x2c,0x2c,0x0e,
    0x0e,0x2c,0x1b,0x1b,0x2c,0x1b,0x2c,0x2c,0x2c,0x0e,0x2c,0x1b,0x1b,0x2c,0x2c,0x2c,
    0x2c,0x2c,0x2c,0x2c,0x06,0x2c,0x2c,0x2c,0x2c,0x0e,0x0e,0x2c,0x1b,0x2c,0x06,0x2c,
    0x2c,0x2c,0x1b,0x2c,0x0e,0x1b,0x1b,0x1b,0x2c,0x2c,0x2c,0x2c,0x2c,0x2c,0x2c,0x2c,
    0x1b,0x2c,0x2c,0x2c,0x10,0x10,0x07,0x10,0x10,0x10,0x10,0x1b,0x1b,0x10,0x10,0x1b,
    0x10,0x32,0x32,0x32,0x32,0x32,0x32,0x32,0x32,0x32,0x32,0x32,0x32,0x32,0x32,0x32,
    0x32,0x32,0x32,0x32,0x32,0x32,0x32,0x32,0x32,0x32,0x32,0x32,0x32,0x32,0x32,0x32,
    0x32,0x29,0x03,0x0c,0x0d,0x1e,0x0d,0x05,0x22,0x0d,0x22,0x2b,0x0e,0x0e,0x0e,0x0e,
    0x0e,0x1b,0x1b,0x2c,0x2c,0x1b,0x1b,0x2b,0x2c,0x1b,0x2c,0x0e,0x2b,0x06,0x0e,0x0e,
    0x0e,0x06,0x2c,0x2c,0x0e,0x06,0x2c,0x0e,0x0e,0x1b,0x06,0x0e,0x0e,0x2c,0x2c,0x2c,
    0x2c,0x0e,0x0e,0x0e,0x06,0x06,0x2c,0x0e,0x2c,0x0e,0x0e,0x2c,0x2c,0x0e,0x0e,0x2b,
    0x0e,0x06,0x1b,0x1b,0x2c,0x0e,0x0e,0x0e,0x2c,0x2c,0x0e,0x0e,0x0e,0x0e,0x2c,0x0e,
    0x0e,0x2c,0x1b,0x2c,0x2c,0x2c,0x1b,0x2c,0x2c,0x1b,0x10,0x1b,0x2c,0x10,0x2c,0x2c,
    0x1b,0x16,0x16,0x32,0x16,0x32,0x32,0x32,0x32,0x16,0x32,0x16,0x32,0x32,0x32,0x32,
    0x32,0x32,0x32,0x16,0x16,0x32,0x32,0x32,0x32,0x32,0x32,0x32,0x32,0x32,0x32,0x16,
    0x32,0x2a,0x1d,0x29,0x0d,0x0d,0x0d,0x0d,0x2b,0x22,0x2b,0x2b,0x22,0x0e,0x2b,0x2b,
    0x0e,0x1b,0x1b,0x1b,0x1b,0x1b,0x2c,0x2c,0x2c,0x1b,0x1b,0x0e,0x0e,0x0e,0x0e,0x0e,
    0x0e,0x06,0x06,0x2b,0x0e,0x0e,0x0e,0x0e,0x0e,0x2c,0x06,0x0e,0x0e,0x0e,0x0e,0x0e,
    0x0e,0x0e,0x0e,0x0e,0x2b,0x0e,0x0e,0x0e,0x0e,0x06,0x0e,0x0e,0x2b,0x0e,0x06,0x0e,
    0x06,0x06,0x0e,0x0e,0x2c,0x0e,0x0e,0x2b,0x0e,0x0e,0x2b,0x0e,0x0e,0x0e,0x2b,0x0e,
    0x0e,0x2c,0x1b,0x2c,0x2c,0x1b,0x1b,0x2c,0x10,0x2c,0x2c,0x1b,0x1b,0x2c,0x2c,0x2c,
    0x0e,0x32,0x32,0x32,0x16,0x32,0x16,0x16,0x16,0x16,0x32,0x32,0x16,0x16,0x16,0x16,
    0x32,0x32,0x32,0x32,0x32,0x32,0x32,0x32,0x32,0x32,0x32,0x32,0x32,0x32,0x32,0x16,
    0x32,0x29,0x0c,0x2a,0x2a,0x2a,0x0d,0x0d,0x0d,0x22,0x22,0x2b,0x0e,0x2b,0x2b,0x0e,
    0x0e,0x2c,0x0e,0x1b,0x1b,0x1b,0x0e,0x0e,0x0e,0x1b,0x0e,0x0e,0x0e,0x2b,0x0e,0x0e,
    0x0e,0x0e,0x2b,0x2b,0x2b,0x2b,0x2b,0x0e,0x0e,0x0e,0x0e,0x0e,0x0e,0x0e,0x0e,0x0e,
    0x2b,0x0e,0x0e,0x0e,0x2b,0x2b,0x0e,0x0e,0x2b,0x0e,0x2b,0x2b,0x0e,0x2b,0x0e,0x0e,
    0x0e,0x0e,0x1b,0x06,0x2b,0x2b,0x0e,0x0e,0x0e,0x0e,0x2b,0x0e,0x0e,0x0e,0x2b,0x05,
    0x0e,0x1b,0x2c,0x2c,0x1b,0x1b,0x2c,0x2c,0x2c,0x1b,0x2c,0x2c,0x1b,0x1b,0x1b,0x1b,
    0x2c,0x16,0x16,0x16,0x16,0x16,0x16,0x15,0x16,0x15,0x16,0x16,0x32,0x32,0x16,0x32,
    0x32,0x32,0x32,0x32,0x32,0x32,0x32,0x32,0x32,0x32,0x32,0x32,0x32,0x32,0x32,0x32,
    0x32,0x29,0x04,0x0c,0x0c,0x2a,0x2a,0x0d,0x0d,0x0f,0x0d,0x0d,0x22,0x22,0x22,0x2b,
    0x0e,0x0e,0x0e,0x2b,0x2b,0x1b,0x0e,0x1b,0x2c,0x0e,0x2b,0x2b,0x2b,0x2b,0x2b,0x2b,
    0x2b,0x2b,0x0e,0x0e,0x0e,0x2b,0x2b,0x2b,0x2b,0x2b,0x2b,0x0e,0x2b,0x2b,0x2b,0x2b,
    0x2b,0x0e,0x0e,0x2b,0x2b,0x0e,0x0e,0x0e,0x0e,0x0e,0x2b,0x0e,0x0e,0x2b,0x0e,0x0e,
    0x2b,0x0e,0x0e,0x0e,0x2b,0x2b,0x0e,0x0e,0x0e,0x2b,0x0e,0x0e,0x0e,0x2b,0x0e,0x2b,
    0x1b,0x0e,0x06,0x2c,0x2c,0x0e,0x1b,0x1b,0x1b,0x1b,0x2c,0x2c,0x0e,0x0e,0x0e,0x1b,
    0x06,0x16,0x16,0x16,0x16,0x16,0x16,0x16,0x16,0x16,0x16,0x32,0x32,0x32,0x32,0x32,
    0x32,0x32,0x32,0x16,0x16,0x32,0x32,0x32,0x32,0x32,0x32,0x32,0x32,0x32,0x32,0x32,
    0x32,0x02,0x28,0x0b,0x29,0x0c,0x0c,0x0c,0x1e,0x0d,0x0d,0x0d,0x0d,0x0d,0x2a,0x22,
    0x2b,0x22,0x0e,0x0e,0x2b,0x2b,0x0e,0x2b,0x22,0x2b,0x2b,0x2b,0x22,0x05,0x2b,0x22,
    0x2b,0x2b,0x2b,0x0e,0x2b,0x2b,0x2b,0x0e,0x2b,0x2b,0x2b,0x2b,0x2b,0x2b,0x2b,0x2b,
    0x2b,0x0e,0x2b,0x2b,0x2b,0x2b,0x2b,0x2b,0x2b,0x2b,0x2b,0x2b,0x2b,0x2b,0x2b,0x0e,
    0x2b,0x2b,0x0e,0x0e,0x2b,0x2b,0x2b,0x2b,0x2b,0x0e,0x2b,0x2b,0x2b,0x2b,0x2b,0x2b,
    0x0e,0x0e,0x0e,0x0e,0x0e,0x11,0x1b,0x0e,0x0e,0x1b,0x0e,0x0e,0x2b,0x2c,0x0e,0x0e,
    0x0e,0x32,0x16,0x32,0x32,0x16,0x32,0x32,0x16,0x15,0x16,0x16,0x32,0x32,0x32,0x16,
    0x32,0x32,0x32,0x32,0x32,0x32,0x32,0x32,0x32,0x32,0x32,0x32,0x32,0x32,0x32,0x32,
    0x32,0x1a,0x0b,0x28,0x0b,0x0b,0x29,0x1d,0x0c,0x04,0x1e,0x2a,0x2a,0x2a,0x0d,0x0d,
    0x0d,0x0d,0x2a,0x22,0x22,0x22,0x22,0x22,0x22,0x2a,0x0d,0x2b,0x0d,0x2a,0x0d,0x0d,
    0x2a,0x0d,0x2a,0x0d,0x0d,0x0d,0x2a,0x0d,0x0d,0x0d,0x0d,0x0d,0x0d,0x0d,0x0d,0x2a,
    0x0d,0x0d,0x22,0x22,0x0d,0x22,0x0d,0x22,0x2b,0x2b,0x0d,0x0d,0x22,0x0d,0x0d,0x2b,
    0x22,0x2a,0x0d,0x0d,0x22,0x22,0x0d,0x2b,0x0d,0x0d,0x0d,0x05,0x0d,0x2b,0x22,0x2b,
    0x2b,0x2b,0x2b,0x2b,0x2b,0x0e,0x2b,0x0e,0x2b,0x0e,0x0e,0x2b,0x0e,0x2b,0x0e,0x2b,
    0x0d,0x16,0x16,0x32,0x16,0x16,0x16,0x16,0x16,0x16,0x16,0x32,0x32,0x16,0x16,0x16,
    0x16,0x16,0x32,0x32,0x32,0x32,0x32,0x32,0x16,0x16,0x32,0x32,0x32,0x32,0x32,0x32,
    0x16,0x27,0x27,0x0a,0x1a,0x28,0x0b,0x29,0x29,0x29,0x0c,0x0c,0x29,0x0c,0x0c,0x0c,
    0x0c,0x0c,0x0c,0x1e,0x2a,0x2a,0x2a,0x2a,0x0d,0x04,0x2a,0x2a,0x2a,0x2a,0x2a,0x1e,
    0x0c,0x2a,0x2a,0x0c,0x0c,0x1e,0x2a,0x2a,0x2a,0x2a,0x1e,0x2a,0x2a,0x1e,0x04,0x0c,
    0x2a,0x2a,0x2a,0x1e,0x2a,0x0d,0x2a,0x2a,0x2a,0x0d,0x2a,0x04,0x2a,0x0d,0x0d,0x2a,
    0x2a,0x2a,0x0d,0x0d,0x0d,0x0d,0x0d,0x2a,0x0d,0x2a,0x2a,0x2a,0x0d,0x0d,0x0d,0x0d,
    0x0d,0x0d,0x22,0x2b,0x0d,0x22,0x0d,0x0d,0x22,0x22,0x0d,0x0d,0x0d,0x0d,0x0d,0x0d,
    0x0d,0x32,0x16,0x32,0x16,0x16,0x16,0x16,0x16,0x16,0x16,0x16,0x16,0x32,0x32,0x32,
    0x32,0x32,0x32,0x32,0x32,0x32,0x32,0x32,0x16,0x32,0x16,0x32,0x32,0x32,0x32,0x32,
    0x16,0x21,0x27,0x09,0x09,0x27,0x0a,0x0a,0x28,0x28,0x1d,0x0b,0x29,0x1d,0x0b,0x0b,
    0x0b,0x0b,0x29,0x1d,0x0c,0x0c,0x0c,0x0c,0x0c,0x29,0x29,0x29,0x29,0x29,0x29,0x29,
    0x29,0x29,0x29,0x0b,0x29,0x29,0x29,0x29,0x29,0x0b,0x0b,0x1d,0x1d,0x0b,0x0b,0x0b,
    0x29,0x29,0x29,0x0c,0x29,0x0c,0x0c,0x0c,0x0c,0x0c,0x0c,0x0c,0x29,0x0c,0x0c,0x04,
    0x0c,0x0c,0x0c,0x0c,0x04,0x2a,0x2a,0x2a,0x0c,0x0c,0x0c,0x0c,0x2a,0x04,0x2a,0x2a,
    0x1e,0x2a,0x2a,0x1e,0x2a,0x2a,0x1e,0x0d,0x2a,0x1e,0x1e,0x1e,0x1e,0x1e,0x1e,0x1e,
    0x0c,0x16,0x16,0x16,0x16,0x16,0x16,0x16,0x16,0x16,0x16,0x32,0x32,0x32,0x32,0x32,
    0x16,0x32,0x32,0x32,0x32,0x32,0x32,0x32,0x32,0x32,0x16,0x32,0x32,0x32,0x32,0x16,
    0x16,0x09,0x26,0x26,0x26,0x27,0x09,0x27,0x0a,0x28,0x28,0x28,0x28,0x28,0x28,0x28,
    0x0b,0x28,0x0b,0x0b,0x0b,0x0b,0x0b,0x0b,0x0b,0x28,0x28,0x0b,0x0b,0x0b,0x0b,0x0b,
    0x0b,0x0b,0x28,0x0b,0x0b,0x0b,0x28,0x0b,0x28,0x1a,0x1a,0x02,0x0b,0x28,0x28,0x28,
    0x0b,0x0b,0x0b,0x0b,0x0b,0x28,0x0b,0x03,0x29,0x03,0x0b,0x0b,0x0b,0x0b,0x03,0x0b,
    0x0b,0x29,0x0b,0x1d,0x29,0x1d,0x29,0x29,0x1d,0x1d,0x1d,0x29,0x29,0x29,0x29,0x0c,
    0x29,0x29,0x29,0x29,0x0c,0x29,0x29,0x29,0x29,0x03,0x29,0x29,0x0c,0x1d,0x29,0x1d,
    0x1d,0x16,0x16,0x16,0x16,0x16,0x16,0x16,0x16,0x32,0x16,0x16,0x16,0x16,0x16,0x32,
    0x32,0x32,0x32,0x32,0x16,0x16,0x16,0x32,0x16,0x32,0x32,0x32,0x32,0x32,0x32,0x32,
    0x32,0x27,0x26,0x27,0x01,0x27,0x27,0x02,0x0b,0x28,0x0b,0x0b,0x0b,0x0b,0x28,0x28,
    0x28,0x0b,0x0b,0x0b,0x0b,0x0b,0x28,0x03,0x28,0x28,0x0b,0x0b,0x0b,0x0b,0x28,0x28,
    0x0b,0x1a,0x1a,0x1a,0x0b,0x28,0x28,0x28,0x1a,0x1a,0x28,0x02,0x02,0x28,0x28,0x28,
    0x28,0x28,0x28,0x28,0x28,0x28,0x1a,0x28,0x28,0x0b,0x28,0x28,0x28,0x28,0x02,0x28,
    0x0b,0x0b,0x1a,0x0b,0x0b,0x0b,0x29,0x29,0x0b,0x0b,0x0b,0x0b,0x03,0x0b,0x0b,0x29,
    0x03,0x0b,0x29,0x29,0x0b,0x0b,0x29,0x0b,0x0b,0x0b,0x0b,0x0b,0x0b,0x0b,0x0b,0x0b,
    0x28,0x16,0x20,0x16,0x15,0x16,0x15,0x16,0x16,0x32,0x32,0x32,0x32,0x16,0x32,0x32,
    0x32,0x32,0x32,0x32,0x32,0x32,0x32,0x32,0x32,0x16,0x32,0x32,0x32,0x32,0x32,0x32,
    0x32,0x21,0x27,0x27,0x28,0x28,0x0b,0x28,0x29,0x0c,0x0c,0x0c,0x1d,0x0b,0x29,0x29,
    0x29,0x0c,0x2a,0x0c,0x0c,0x0c,0x29,0x0c,0x29,0x1d,0x0c,0x29,0x29,0x29,0x0c,0x0c,
    0x0c,0x1d,0x1d,0x29,0x29,0x29,0x29,0x0c,0x29,0x29,0x29,0x03,0x03,0x29,0x29,0x29,
    0x0b,0x03,0x0b,0x28,0x0b,0x0b,0x0b,0x1d,0x0b,0x03,0x03,0x1d,0x03,0x0b,0x0b,0x1d,
    0x0b,0x0b,0x0b,0x1d,0x0c,0x0c,0x29,0x0c,0x29,0x1d,0x1d,0x29,0x0b,0x0b,0x0b,0x0b,
    0x0b,0x28,0x03,0x0b,0x0b,0x0b,0x0b,0x0b,0x28,0x0b,0x0b,0x0b,0x0b,0x0b,0x28,0x0b,
    0x29,0x16,0x15,0x16,0x15,0x16,0x16,0x16,0x16,0x15,0x16,0x32,0x32,0x32,0x16,0x32,
    0x32,0x32,0x32,0x32,0x32,0x32,0x32,0x16,0x16,0x16,0x32,0x16,0x32,0x32,0x32,0x32,
    0x32,0x02,0x03,0x29,0x29,0x03,0x1d,0x29,0x29,0x2a,0x0c,0x0c,0x1e,0x2a,0x2a,0x2a,
    0x0d,0x0d,0x0d,0x0d,0x0d,0x2a,0x2a,0x2a,0x0d,0x1e,0x2a,0x0d,0x0d,0x0d,0x2a,0x0d,
    0x2a,0x2a,0x2a,0x0d,0x0d,0x0d,0x2a,0x0d,0x0d,0x0d,0x2a,0x2a,0x2a,0x2a,0x0c,0x04,
    0x0c,0x04,0x29,0x0c,0x0c,0x0c,0x0c,0x0c,0x0c,0x2a,0x0c,0x1e,0x0c,0x04,0x0c,0x0c,
    0x0c,0x0c,0x1e,0x0c,0x0c,0x2a,0x1e,0x2a,0x2a,0x2a,0x2a,0x04,0x0c,0x0c,0x0c,0x29,
    0x29,0x29,0x0c,0x29,0x0c,0x0c,0x29,0x0c,0x29,0x29,0x0c,0x29,0x0c,0x0c,0x29,0x0c,
    0x2a,0x16,0x15,0x15,0x15,0x15,0x15,0x16,0x16,0x16,0x16,0x16,0x16,0x16,0x16,0x16,
    0x16,0x16,0x16,0x32,0x16,0x32,0x32,0x16,0x16,0x32,0x16,0x16,0x32,0x32,0x16,0x32,
    0x16,0x03,0x29,0x1d,0x03,0x0b,0x0b,0x0c,0x0c,0x1e,0x2a,0x0d,0x2a,0x2a,0x0d,0x22,
    0x0d,0x22,0x2b,0x0d,0x22,0x0e,0x0d,0x0d,0x0d,0x0d,0x0d,0x22,0x22,0x0d,0x22,0x22,
    0x0f,0x22,0x0d,0x0d,0x22,0x22,0x0d,0x22,0x0d,0x2b,0x22,0x2a,0x0d,0x0d,0x2a,0x0d,
    0x0d,0x0d,0x2a,0x2a,0x2a,0x2a,0x0d,0x0d,0x2a,0x0d,0x2a,0x0d,0x2a,0x2a,0x2a,0x2a,
    0x2a,0x0d,0x0d,0x22,0x0d,0x22,0x2a,0x2b,0x0d,0x0d,0x0d,0x0d,0x0d,0x0d,0x0d,0x2a,
    0x2a,0x0d,0x0d,0x2a,0x2a,0x2a,0x2a,0x2a,0x2a,0x2a,0x0d,0x2a,0x0d,0x0d,0x2a,0x0d,
    0x0d,0x15,0x16,0x15,0x16,0x16,0x16,0x16,0x16,0x16,0x16,0x16,0x32,0x16,0x16,0x16,
    0x16,0x16,0x16,0x16,0x16,0x32,0x32,0x16,0x16,0x32,0x16,0x16,0x16,0x32,0x32,0x32,
    0x32,0x0c,0x29,0x0c,0x2a,0x0c,0x2a,0x1e,0x0d,0x0d,0x0d,0x05,0x2b,0x22,0x0d,0x2b,
    0x22,0x22,0x2b,0x2b,0x0e,0x0e,0x2b,0x22,0x2b,0x0e,0x0e,0x0e,0x0e,0x0e,0x0e,0x2b,
    0x22,0x2b,0x2b,0x0e,0x22,0x2b,0x0e,0x2b,0x0e,0x06,0x2b,0x2b,0x2b,0x2b,0x2b,0x2b,
    0x22,0x2b,0x2b,0x22,0x0d,0x0d,0x2b,0x2b,0x22,0x2b,0x2b,0x2b,0x2b,0x2b,0x0d,0x2b,
    0x05,0x22,0x0d,0x0d,0x2b,0x0e,0x22,0x2b,0x0e,0x2b,0x2b,0x22,0x0d,0x2a,0x0d,0x2a,
    0x0d,0x0d,0x2a,0x0d,0x2a,0x0d,0x2a,0x0d,0x0d,0x0d,0x0d,0x0d,0x2b,0x0d,0x2a,0x0d,
    0x2b,0x15,0x16,0x16,0x16,0x16,0x15,0x20,0x16,0x15,0x16,0x16,0x16,0x15,0x15,0x15,
    0x16,0x16,0x16,0x32,0x32,0x32,0x32,0x32,0x32,0x32,0x32,0x32,0x32,0x32,0x32,0x32,
    0x32,0x29,0x0b,0x2a,0x1e,0x29,0x2a,0x0d,0x2a,0x2a,0x05,0x0e,0x0e,0x22,0x0d,0x0e,
    0x2b,0x22,0x0e,0x0e,0x1b,0x0e,0x2b,0x0d,0x22,0x0e,0x2b,0x1b,0x1b,0x1b,0x2b,0x0e,
    0x2b,0x0e,0x0e,0x0e,0x0e,0x2b,0x2b,0x2b,0x0e,0x0e,0x2c,0x0e,0x2b,0x2b,0x2b,0x2b,
    0x2b,0x2b,0x2b,0x2b,0x22,0x2b,0x0e,0x2b,0x2b,0x2b,0x0e,0x2b,0x2b,0x2b,0x2b,0x2b,
    0x2b,0x2b,0x0e,0x0e,0x0e,0x0e,0x2b,0x0e,0x0e,0x06,0x0e,0x0e,0x22,0x2b,0x2b,0x2b,
    0x2b,0x2b,0x2b,0x2b,0x2b,0x2b,0x2b,0x2b,0x2b,0x2b,0x22,0x2b,0x2b,0x2b,0x2b,0x2b,
    0x0e,0x16,0x16,0x16,0x16,0x16,0x20,0x20,0x20,0x20,0x20,0x20,0x15,0x20,0x15,0x16,
    0x16,0x16,0x16,0x16,0x32,0x32,0x32,0x32,0x32,0x32,0x32,0x32,0x32,0x32,0x32,0x32,
    0x32,0x29,0x04,0x29,0x04,0x2a,0x0d,0x2b,0x0d,0x2b,0x0d,0x0d,0x0d,0x2b,0x0e,0x2b,
    0x0e,0x1b,0x0e,0x0e,0x2c,0x2b,0x2b,0x0e,0x1b,0x0e,0x2c,0x2c,0x1b,0x2b,0x0e,0x0e,
    0x0e,0x0e,0x2b,0x0e,0x0e,0x0e,0x0e,0x0e,0x0e,0x1b,0x1b,0x0e,0x1b,0x0e,0x0e,0x06,
    0x2b,0x2b,0x0e,0x2b,0x2b,0x0e,0x2b,0x0e,0x0e,0x2b,0x2b,0x2b,0x2b,0x0e,0x2b,0x0e,
    0x0e,0x0e,0x0e,0x1b,0x1b,0x0e,0x0e,0x1b,0x0e,0x0e,0x0e,0x2c,0x0e,0x0e,0x0e,0x0e,
    0x2b,0x2b,0x2b,0x2b,0x0e,0x0e,0x0e,0x0e,0x2b,0x0e,0x0e,0x0e,0x2b,0x0e,0x2b,0x0e,
    0x0e,0x16,0x16,0x15,0x15,0x20,0x14,0x14,0x12,0x16,0x31,0x20,0x20,0x15,0x16,0x16,
    0x16,0x16,0x16,0x32,0x32,0x32,0x16,0x16,0x16,0x16,0x16,0x32,0x16,0x32,0x16,0x32,
    0x16,0x29,0x29,0x29,0x0c,0x0d,0x0d,0x05,0x0d,0x0d,0x0d,0x0e,0x0e,0x0e,0x0e,0x06,
    0x0e,0x0e,0x1b,0x0e,0x2c,0x1b,0x2c,0x2c,0x2b,0x1b,0x2c,0x1b,0x11,0x1b,0x0e,0x0e,
    0x1b,0x0e,0x0e,0x0e,0x0e,0x0e,0x0e,0x0e,0x0e,0x1b,0x1b,0x2c,0x2b,0x0e,0x0e,0x0e,
    0x0e,0x2b,0x0e,0x0e,0x0e,0x0e,0x2b,0x0e,0x0e,0x2b,0x06,0x0e,0x0e,0x1b,0x1b,0x0e,
    0x0e,0x0e,0x1b,0x2c,0x1b,0x0e,0x0e,0x10,0x0e,0x0e,0x0e,0x2c,0x0e,0x2b,0x0e,0x0e,
    0x2b,0x0e,0x2b,0x2b,0x2b,0x0e,0x0e,0x0e,0x0e,0x2b,0x0e,0x0e,0x0e,0x0e,0x0e,0x2b,
    0x0e,0x15,0x15,0x14,0x14,0x12,0x14,0x20,0x12,0x12,0x14,0x12,0x12,0x15,0x12,0x20,
    0x20,0x15,0x20,0x16,0x16,0x32,0x16,0x16,0x16,0x32,0x16,0x32,0x16,0x32,0x32,0x32,
    0x32,0x0c,0x04,0x0c,0x0c,0x0d,0x0d,0x2a,0x05,0x05,0x0d,0x0d,0x2b,0x2b,0x0e,0x0e,
    0x0e,0x2c,0x2c,0x2c,0x10,0x1b,0x2c,0x2c,0x2b,0x2c,0x2c,0x1b,0x1b,0x1b,0x1b,0x2c,
    0x2c,0x1b,0x1b,0x1b,0x1b,0x1b,0x1b,0x0e,0x1b,0x1b,0x1b,0x2c,0x0e,0x06,0x0e,0x2c,
    0x0e,0x0e,0x0e,0x2c,0x0e,0x0e,0x06,0x0e,0x0e,0x0e,0x2c,0x1b,0x1b,0x0e,0x2c,0x1b,
    0x2c,0x0e,0x1b,0x1b,0x1b,0x2c,0x1b,0x1b,0x0e,0x1b,0x1b,0x0e,0x0e,0x0e,0x0e,0x0e,
    0x0e,0x2b,0x2b,0x0e,0x0e,0x0e,0x0e,0x0e,0x06,0x0e,0x0e,0x0e,0x0e,0x0e,0x2b,0x2b,
    0x0e,0x20,0x20,0x20,0x20,0x20,0x14,0x12,0x12,0x12,0x14,0x12,0x12,0x14,0x12,0x16,
    0x16,0x16,0x16,0x16,0x15,0x32,0x32,0x32,0x32,0x32,0x32,0x16,0x16,0x32,0x32,0x16,
    0x16,0x0c,0x0c,0x2a,0x2a,0x1e,0x05,0x0d,0x0d,0x2b,0x22,0x22,0x2b,0x2b,0x0e,0x10,
    0x10,0x2c,0x10,0x2c,0x1b,0x10,0x1b,0x10,0x2c,0x06,0x1b,0x1b,0x2c,0x2c,0x2c,0x2c,
    0x2c,0x1b,0x2c,0x2c,0x0e,0x0e,0x1b,0x1b,0x1b,0x1b,0x0e,0x1b,0x2c,0x07,0x2c,0x0e,
    0x2c,0x2c,0x2c,0x2c,0x2c,0x1b,0x2c,0x0e,0x1b,0x0e,0x1b,0x0e,0x1b,0x1b,0x2c,0x2c,
    0x2c,0x1b,0x1b,0x1b,0x1b,0x0e,0x1b,0x2c,0x1b,0x1b,0x0e,0x0e,0x2b,0x0e,0x0e,0x0e,
    0x0e,0x2b,0x2b,0x0e,0x0e,0x0e,0x2b,0x0e,0x0e,0x0e,0x0e,0x0e,0x0e,0x0e,0x0e,0x0e,
    0x2c,0x16,0x20,0x12,0x12,0x20,0x14,0x14,0x12,0x12,0x14,0x14,0x12,0x14,0x12,0x08,
    0x16,0x16,0x16,0x16,0x16,0x16,0x16,0x16,0x16,0x32,0x32,0x32,0x16,0x16,0x16,0x16,
    0x32,0x0c,0x0c,0x0d,0x0d,0x2b,0x0d,0x05,0x2b,0x2b,0x0e,0x2c,0x0e,0x0e,0x0e,0x1b,
    0x13,0x10,0x07,0x10,0x10,0x10,0x13,0x10,0x13,0x10,0x2c,0x1b,0x10,0x10,0x2c,0x10,
    0x2c,0x10,0x10,0x10,0x07,0x2c,0x2c,0x10,0x10,0x2c,0x2c,0x1b,0x1b,0x1b,0x13,0x10,
    0x10,0x1b,0x10,0x10,0x10,0x10,0x2c,0x2c,0x10,0x10,0x10,0x1b,0x10,0x2c,0x2c,0x10,
    0x10,0x1b,0x1b,0x1b,0x1b,0x2c,0x2c,0x2c,0x1b,0x1b,0x1b,0x0e,0x0e,0x2c,0x0e,0x0e,
    0x2c,0x0e,0x0e,0x0e,0x2c,0x1b,0x0e,0x2b,0x0e,0x2c,0x0e,0x1b,0x0e,0x0e,0x0e,0x06,
    0x1b,0x15,0x20,0x20,0x12,0x12,0x12,0x12,0x12,0x12,0x14,0x1f,0x1f,0x12,0x1f,0x12,
    0x08,0x31,0x12,0x20,0x16,0x16,0x16,0x16,0x32,0x32,0x16,0x16,0x32,0x32,0x16,0x32,
    0x32,0x0d,0x0d,0x2a,0x0d,0x0d,0x0d,0x0d,0x2a,0x0e,0x0e,0x22,0x0e,0x1b,0x10,0x2c,
    0x1b,0x0e,0x2c,0x10,0x1f,0x10,0x1f,0x1b,0x2c,0x10,0x10,0x2c,0x10,0x10,0x1b,0x10,
    0x1f,0x2c,0x2c,0x10,0x1f,0x10,0x2c,0x1f,0x10,0x1f,0x10,0x1f,0x10,0x10,0x13,0x10,
    0x10,0x10,0x1b,0x10,0x13,0x2c,0x10,0x10,0x10,0x10,0x1b,0x10,0x10,0x10,0x10,0x10,
    0x10,0x10,0x10,0x2c,0x10,0x2c,0x2c,0x2c,0x1b,0x1b,0x2c,0x1b,0x2c,0x2c,0x2c,0x1b,
    0x1b,0x1b,0x1b,0x2c,0x2c,0x1b,0x2c,0x2c,0x0e,0x2c,0x2c,0x2c,0x1b,0x2c,0x2c,0x2c,
    0x1b,0x14,0x14,0x12,0x12,0x12,0x12,0x12,0x12,0x10,0x1f,0x10,0x14,0x12,0x12,0x12,
    0x12,0x12,0x31,0x20,0x16,0x16,0x16,0x32,0x32,0x32,0x32,0x32,0x32,0x32,0x32,0x32,
    0x32,0x0c,0x0d,0x05,0x0d,0x1e,0x22,0x0d,0x2a,0x0e,0x22,0x2b,0x0e,0x22,0x2c,0x2c,
    0x13,0x10,0x2c,0x2c,0x10,0x10,0x12,0x1f,0x1f,0x10,0x10,0x1f,0x10,0x10,0x10,0x10,
    0x1b,0x1b,0x10,0x2c,0x2c,0x10,0x2c,0x10,0x10,0x10,0x10,0x10,0x10,0x10,0x10,0x10,
    0x10,0x10,0x10,0x07,0x2c,0x10,0x10,0x10,0x10,0x10,0x10,0x2c,0x1b,0x2c,0x10,0x1f,
    0x10,0x13,0x10,0x10,0x2c,0x10,0x2c,0x2c,0x10,0x1b,0x1b,0x1b,0x2c,0x2c,0x2c,0x1b,
    0x1b,0x2c,0x1b,0x2c,0x2c,0x2c,0x2c,0x2c,0x2c,0x1b,0x2c,0x10,0x10,0x2c,0x10,0x2c,
    0x0e,0x12,0x12,0x12,0x12,0x12,0x12,0x1f,0x1f,0x12,0x10,0x10,0x10,0x1f,0x12,0x12,
    0x12,0x08,0x12,0x16,0x16,0x16,0x16,0x16,0x32,0x32,0x32,0x32,0x32,0x32,0x32,0x32,
    0x32,0x0d,0x2a,0x05,0x22,0x2a,0x0d,0x2b,0x2b,0x1b,0x0e,0x0e,0x2c,0x10,0x1b,0x1b,
    0x1b,0x2c,0x2c,0x10,0x1f,0x10,0x1f,0x10,0x10,0x10,0x10,0x10,0x2d,0x10,0x1f,0x07,
    0x10,0x10,0x2d,0x10,0x10,0x10,0x10,0x2d,0x10,0x10,0x1f,0x10,0x10,0x10,0x10,0x10,
    0x10,0x10,0x10,0x10,0x10,0x08,0x10,0x10,0x10,0x10,0x10,0x1f,0x2d,0x1f,0x1f,0x10,
    0x18,0x10,0x1f,0x1f,0x10,0x2c,0x2c,0x2c,0x2c,0x2c,0x1b,0x2c,0x1b,0x2c,0x10,0x2c,
    0x1b,0x2c,0x2c,0x2c,0x2c,0x2c,0x10,0x2c,0x10,0x10,0x2c,0x10,0x2c,0x2c,0x2c,0x06,
    0x2c,0x14,0x12,0x12,0x1f,0x12,0x1f,0x1f,0x10,0x10,0x10,0x10,0x10,0x07,0x2d,0x10,
    0x12,0x12,0x12,0x15,0x15,0x16,0x16,0x16,0x16,0x32,0x16,0x16,0x16,0x16,0x16,0x16,
    0x32,0x2b,0x2a,0x0d,0x0d,0x2a,0x22,0x0e,0x0e,0x1b,0x1b,0x0e,0x2c,0x2c,0x1b,0x10,
    0x10,0x10,0x1f,0x10,0x10,0x10,0x1f,0x1f,0x08,0x10,0x2c,0x2d,0x10,0x1f,0x2d,0x2d,
    0x2d,0x1f,0x10,0x1f,0x10,0x10,0x2d,0x2c,0x1f,0x12,0x1f,0x2c,0x10,0x10,0x10,0x10,
    0x2c,0x10,0x2c,0x10,0x10,0x10,0x10,0x2d,0x10,0x10,0x2c,0x10,0x10,0x2c,0x2c,0x10,
    0x10,0x10,0x2c,0x10,0x10,0x10,0x10,0x10,0x2c,0x10,0x2c,0x10,0x10,0x10,0x10,0x2c,
    0x1f,0x10,0x2c,0x2c,0x2c,0x2c,0x2c,0x10,0x10,0x10,0x2c,0x10,0x10,0x2c,0x2c,0x10,
    0x10,0x14,0x14,0x12,0x12,0x1f,0x13,0x10,0x1b,0x1b,0x0e,0x0e,0x0e,0x1b,0x1b,0x1f,
    0x1f,0x1f,0x12,0x14,0x20,0x16,0x16,0x16,0x16,0x16,0x16,0x16,0x16,0x32,0x32,0x32,
    0x32,0x04,0x29,0x2a,0x2a,0x2a,0x22,0x10,0x22,0x0e,0x2c,0x1b,0x10,0x1b,0x2c,0x2c,
    0x10,0x10,0x10,0x10,0x1f,0x1f,0x10,0x12,0x08,0x2d,0x10,0x1f,0x1f,0x1f,0x1f,0x10,
    0x10,0x10,0x10,0x1f,0x1f,0x2d,0x1f,0x1b,0x10,0x1f,0x10,0x1f,0x2d,0x2d,0x10,0x07,
    0x10,0x10,0x1f,0x07,0x2d,0x10,0x10,0x10,0x1f,0x1f,0x10,0x1f,0x10,0x10,0x12,0x10,
    0x1f,0x1f,0x10,0x10,0x10,0x07,0x07,0x10,0x10,0x10,0x2c,0x10,0x10,0x10,0x2c,0x10,
    0x1f,0x07,0x10,0x10,0x10,0x2c,0x10,0x10,0x10,0x2c,0x10,0x10,0x2c,0x2c,0x10,0x10,
    0x14,0x14,0x13,0x14,0x1f,0x13,0x13,0x0e,0x0e,0x22,0x0e,0x0e,0x11,0x13,0x10,0x10,
    0x1f,0x12,0x12,0x20,0x16,0x16,0x16,0x16,0x32,0x16,0x32,0x32,0x16,0x32,0x32,0x32,
    0x32,0x22,0x2b,0x2a,0x2b,0x0e,0x2b,0x22,0x2b,0x2c,0x1b,0x1b,0x1b,0x2c,0x10,0x10,
    0x10,0x10,0x2d,0x2d,0x1f,0x10,0x1f,0x1f,0x12,0x2d,0x2d,0x10,0x10,0x1f,0x2d,0x10,
    0x10,0x1f,0x2d,0x1f,0x10,0x1f,0x1f,0x2c,0x2d,0x2d,0x2d,0x2d,0x2d,0x2d,0x2d,0x1f,
    0x10,0x2c,0x07,0x2d,0x07,0x10,0x10,0x10,0x10,0x1f,0x1f,0x1f,0x12,0x1f,0x10,0x1f,
    0x2d,0x2d,0x10,0x10,0x07,0x2d,0x10,0x2d,0x10,0x10,0x10,0x10,0x1f,0x10,0x1f,0x1f,
    0x10,0x2d,0x1f,0x1f,0x10,0x10,0x10,0x10,0x10,0x2c,0x07,0x10,0x07,0x2c,0x10,0x1f,
    0x14,0x1f,0x1f,0x1f,0x1f,0x10,0x13,0x0e,0x0e,0x22,0x11,0x0e,0x0e,0x1b,0x10,0x1f,
    0x12,0x12,0x12,0x08,0x16,0x16,0x16,0x16,0x32,0x32,0x32,0x32,0x16,0x32,0x32,0x32,
    0x32,0x2b,0x2b,0x22,0x2b,0x0e,0x2b,0x2c,0x2c,0x0e,0x2c,0x10,0x2c,0x2c,0x1b,0x10,
    0x10,0x10,0x10,0x2d,0x1f,0x1f,0x2d,0x2d,0x2d,0x2d,0x2d,0x2d,0x2d,0x10,0x2d,0x2d,
    0x2d,0x1f,0x2d,0x2d,0x1f,0x1f,0x1f,0x1f,0x2d,0x2d,0x2d,0x1f,0x1f,0x1f,0x1f,0x2d,
    0x1f,0x1f,0x2d,0x2d,0x2d,0x2d,0x2d,0x2d,0x2d,0x1f,0x1f,0x2d,0x1f,0x1f,0x12,0x1f,
    0x1f,0x10,0x07,0x10,0x10,0x1f,0x10,0x2d,0x10,0x1f,0x10,0x10,0x2d,0x2d,0x2d,0x2d,
    0x2d,0x1f,0x2d,0x2d,0x1f,0x1f,0x10,0x2d,0x07,0x10,0x2d,0x10,0x10,0x10,0x10,0x10,
    0x14,0x1f,0x14,0x1f,0x10,0x13,0x1b,0x0e,0x0e,0x22,0x11,0x0e,0x0e,0x2c,0x10,0x12,
    0x12,0x12,0x12,0x08,0x16,0x16,0x16,0x16,0x16,0x16,0x32,0x16,0x16,0x32,0x32,0x16,
    0x32,0x2b,0x2b,0x0d,0x0d,0x1b,0x2b,0x0e,0x2c,0x0e,0x06,0x1b,0x2c,0x2c,0x2c,0x2c,
    0x10,0x2c,0x1f,0x2d,0x2d,0x2d,0x1f,0x12,0x2d,0x12,0x12,0x2d,0x2d,0x2d,0x1f,0x1f,
    0x2d,0x1f,0x2d,0x2d,0x1f,0x2d,0x1f,0x1f,0x2d,0x10,0x1f,0x2d,0x2d,0x1f,0x2d,0x2d,
    0x2d,0x10,0x10,0x10,0x10,0x2d,0x07,0x1f,0x1f,0x1f,0x2d,0x1f,0x2d,0x12,0x12,0x1f,
    0x1f,0x2d,0x2d,0x2d,0x10,0x2d,0x2d,0x1f,0x2d,0x2d,0x10,0x1f,0x2d,0x2d,0x2d,0x2d,
    0x1f,0x2d,0x1f,0x10,0x2d,0x10,0x2d,0x1f,0x1f,0x2d,0x1f,0x2d,0x2d,0x10,0x1f,0x10,
    0x14,0x14,0x12,0x1f,0x1b,0x13,0x10,0x0e,0x11,0x22,0x22,0x11,0x0e,0x1b,0x13,0x10,
    0x12,0x12,0x12,0x20,0x16,0x15,0x16,0x16,0x16,0x16,0x16,0x16,0x32,0x16,0x32,0x32,
    0x32,0x2b,0x2b,0x22,0x2b,0x2c,0x2c,0x0e,0x2c,0x2c,0x2c,0x2c,0x2c,0x2c,0x2d,0x10,
    0x10,0x1f,0x10,0x2d,0x2d,0x2d,0x1f,0x12,0x12,0x2d,0x2d,0x2d,0x2d,0x2d,0x1f,0x1f,
    0x1f,0x1f,0x1f,0x2d,0x2d,0x2d,0x1f,0x2d,0x2d,0x2d,0x2d,0x12,0x2d,0x2d,0x2d,0x2d,
    0x2d,0x2d,0x2d,0x2d,0x2d,0x2d,0x1f,0x2d,0x2d,0x1f,0x2d,0x1f,0x12,0x2d,0x1f,0x2d,
    0x2d,0x2d,0x2d,0x2d,0x10,0x10,0x10,0x10,0x2d,0x2d,0x1f,0x2d,0x1f,0x1f,0x1f,0x1f,
    0x1f,0x1f,0x2d,0x2d,0x2d,0x07,0x1f,0x1f,0x1f,0x1f,0x1f,0x1f,0x2d,0x2d,0x2d,0x1f,
    0x12,0x12,0x14,0x14,0x10,0x1f,0x13,0x1b,0x1b,0x0e,0x0e,0x11,0x1b,0x10,0x1f,0x12,
    0x12,0x12,0x12,0x15,0x31,0x16,0x15,0x16,0x16,0x16,0x32,0x32,0x32,0x16,0x32,0x32,
    0x32,0x2b,0x0e,0x2c,0x06,0x2c,0x2c,0x2c,0x2c,0x1b,0x2c,0x2c,0x2c,0x2c,0x10,0x2d,
    0x07,0x2d,0x1f,0x2d,0x12,0x12,0x2d,0x2d,0x12,0x12,0x12,0x12,0x12,0x12,0x12,0x2d,
    0x2d,0x2d,0x1f,0x2d,0x12,0x12,0x2d,0x12,0x12,0x12,0x2d,0x12,0x1f,0x2d,0x2d,0x2d,
    0x1f,0x2d,0x1f,0x2d,0x2d,0x2d,0x1f,0x12,0x12,0x20,0x2d,0x2d,0x12,0x1f,0x1f,0x2d,
    0x12,0x2d,0x2d,0x1f,0x2d,0x1f,0x10,0x1f,0x12,0x2d,0x2d,0x1f,0x1f,0x12,0x1f,0x1f,
    0x12,0x1f,0x2d,0x12,0x1f,0x20,0x1f,0x1f,0x1f,0x12,0x2d,0x1f,0x1f,0x2d,0x2d,0x1f,
    0x20,0x12,0x12,0x12,0x12,0x12,0x1f,0x1f,0x10,0x10,0x10,0x1b,0x10,0x10,0x1f,0x2d,
    0x12,0x12,0x14,0x20,0x16,0x16,0x16,0x16,0x32,0x32,0x32,0x16,0x16,0x16,0x32,0x32,
    0x16,0x22,0x22,0x2b,0x1b,0x1b,0x2c,0x0e,0x2c,0x2c,0x1b,0x2c,0x2c,0x2c,0x10,0x07,
    0x10,0x1f,0x12,0x1f,0x20,0x20,0x2d,0x12,0x20,0x2d,0x2d,0x2d,0x12,0x2d,0x12,0x2d,
    0x2d,0x2d,0x2d,0x12,0x12,0x2d,0x2d,0x20,0x2d,0x12,0x2d,0x12,0x2d,0x2d,0x2d,0x12,
    0x1f,0x2d,0x2d,0x12,0x1f,0x2d,0x12,0x12,0x12,0x20,0x1f,0x16,0x12,0x2d,0x12,0x12,
    0x12,0x2d,0x2d,0x2d,0x2d,0x12,0x31,0x1f,0x12,0x12,0x2d,0x12,0x12,0x1f,0x2d,0x2d,
    0x12,0x14,0x12,0x2d,0x2d,0x1f,0x20,0x1f,0x20,0x12,0x1f,0x1f,0x1f,0x12,0x2d,0x14,
    0x20,0x20,0x12,0x12,0x12,0x12,0x12,0x1f,0x10,0x10,0x10,0x10,0x10,0x14,0x1f,0x12,
    0x12,0x12,0x20,0x20,0x16,0x16,0x16,0x32,0x16,0x16,0x32,0x32,0x16,0x32,0x32,0x32,
    0x32,0x0e,0x0e,0x22,0x0e,0x10,0x10,0x1b,0x10,0x1f,0x12,0x1f,0x1f,0x12,0x12,0x2d,
    0x20,0x12,0x20,0x20,0x20,0x1f,0x20,0x20,0x12,0x12,0x1f,0x12,0x07,0x20,0x07,0x2d,
    0x08,0x2d,0x12,0x20,0x12,0x1f,0x19,0x20,0x12,0x2d,0x1f,0x12,0x2d,0x12,0x2d,0x2d,
    0x2d,0x1f,0x12,0x12,0x12,0x12,0x20,0x20,0x20,0x30,0x20,0x2d,0x12,0x20,0x2d,0x1f,
    0x2d,0x2d,0x12,0x2d,0x12,0x12,0x12,0x12,0x31,0x12,0x12,0x12,0x2d,0x12,0x12,0x12,
    0x12,0x1f,0x20,0x12,0x20,0x2d,0x12,0x2d,0x12,0x12,0x2d,0x12,0x20,0x20,0x12,0x20,
    0x14,0x14,0x14,0x12,0x14,0x12,0x1f,0x1f,0x1f,0x1f,0x1f,0x10,0x1f,0x12,0x12,0x12,
    0x12,0x08,0x12,0x20,0x16,0x16,0x32,0x32,0x16,0x32,0x16,0x32,0x16,0x16,0x16,0x32,
    0x32,0x2c,0x2b,0x2b,0x2c,0x10,0x10,0x10,0x10,0x10,0x2d,0x1f,0x1f,0x1f,0x2d,0x12,
    0x20,0x20,0x20,0x12,0x20,0x20,0x31,0x20,0x12,0x20,0x20,0x20,0x20,0x20,0x12,0x20,
    0x12,0x2d,0x12,0x20,0x20,0x12,0x12,0x20,0x12,0x16,0x31,0x12,0x12,0x08,0x12,0x2d,
    0x2d,0x2d,0x2d,0x2d,0x2d,0x2d,0x2d,0x2d,0x12,0x12,0x12,0x12,0x12,0x2d,0x2d,0x12,
    0x12,0x12,0x20,0x20,0x20,0x31,0x12,0x20,0x20,0x12,0x12,0x12,0x1f,0x12,0x20,0x20,
    0x20,0x20,0x20,0x12,0x31,0x20,0x12,0x12,0x20,0x20,0x12,0x12,0x12,0x2d,0x20,0x20,
    0x14,0x20,0x12,0x12,0x14,0x12,0x14,0x14,0x14,0x1f,0x2d,0x1f,0x12,0x12,0x12,0x12,
    0x12,0x31,0x20,0x20,0x16,0x16,0x16,0x16,0x16,0x16,0x16,0x16,0x16,0x32,0x16,0x16,
    0x32,0x2b,0x0e,0x0e,0x0e,0x10,0x2c,0x1b,0x10,0x12,0x2d,0x2d,0x10,0x12,0x12,0x12,
    0x12,0x20,0x20,0x31,0x20,0x20,0x31,0x20,0x20,0x31,0x20,0x12,0x31,0x15,0x2d,0x20,
    0x20,0x31,0x31,0x20,0x31,0x20,0x20,0x20,0x20,0x31,0x20,0x2d,0x08,0x20,0x2d,0x12,
    0x20,0x12,0x2d,0x12,0x20,0x12,0x12,0x12,0x12,0x12,0x2d,0x2d,0x2d,0x2d,0x12,0x12,
    0x2d,0x12,0x31,0x20,0x20,0x20,0x12,0x31,0x20,0x20,0x20,0x20,0x12,0x12,0x12,0x12,
    0x20,0x12,0x20,0x20,0x20,0x20,0x31,0x12,0x31,0x12,0x20,0x20,0x12,0x20,0x20,0x12,
    0x15,0x20,0x20,0x20,0x12,0x12,0x12,0x12,0x12,0x12,0x14,0x1f,0x12,0x12,0x08,0x12,
    0x15,0x20,0x15,0x15,0x20,0x15,0x16,0x32,0x32,0x32,0x32,0x32,0x32,0x32,0x32,0x32,
    0x32,0x2b,0x0e,0x06,0x1b,0x10,0x10,0x10,0x2d,0x2d,0x1f,0x12,0x12,0x12,0x12,0x12,
    0x20,0x20,0x16,0x20,0x31,0x12,0x20,0x31,0x20,0x20,0x20,0x12,0x31,0x31,0x20,0x20,
    0x20,0x31,0x31,0x20,0x20,0x20,0x31,0x20,0x20,0x20,0x20,0x20,0x31,0x12,0x12,0x12,
    0x12,0x08,0x12,0x12,0x20,0x12,0x20,0x31,0x31,0x31,0x12,0x12,0x12,0x20,0x31,0x31,
    0x20,0x20,0x31,0x31,0x20,0x20,0x16,0x31,0x20,0x20,0x31,0x31,0x12,0x31,0x31,0x12,
    0x16,0x20,0x20,0x32,0x20,0x20,0x20,0x31,0x16,0x31,0x20,0x32,0x20,0x20,0x31,0x12,
    0x16,0x16,0x15,0x16,0x12,0x12,0x14,0x12,0x12,0x12,0x12,0x12,0x12,0x12,0x20,0x20,
    0x20,0x15,0x16,0x16,0x16,0x16,0x16,0x16,0x16,0x16,0x16,0x16,0x16,0x16,0x32,0x16,
    0x32,0x2b,0x2c,0x2c,0x2c,0x1b,0x1b,0x2c,0x12,0x1f,0x1f,0x1f,0x12,0x20,0x31,0x20,
    0x20,0x31,0x20,0x32,0x31,0x20,0x31,0x31,0x20,0x20,0x20,0x15,0x31,0x31,0x20,0x20,
    0x20,0x31,0x31,0x31,0x31,0x20,0x31,0x20,0x31,0x31,0x16,0x31,0x20,0x20,0x31,0x31,
    0x20,0x31,0x31,0x31,0x20,0x12,0x12,0x31,0x31,0x12,0x12,0x20,0x20,0x20,0x20,0x31,
    0x31,0x12,0x20,0x16,0x20,0x16,0x16,0x20,0x32,0x20,0x20,0x31,0x20,0x20,0x12,0x12,
    0x14,0x20,0x20,0x31,0x16,0x31,0x16,0x20,0x31,0x20,0x20,0x31,0x16,0x31,0x31,0x31,
    0x16,0x16,0x15,0x15,0x20,0x20,0x14,0x14,0x14,0x12,0x12,0x14,0x14,0x20,0x20,0x15,
    0x15,0x16,0x16,0x15,0x16,0x16,0x16,0x16,0x16,0x16,0x32,0x16,0x32,0x16,0x16,0x32,
    0x32,0x0d,0x2b,0x10,0x10,0x10,0x1b,0x10,0x1f,0x10,0x1f,0x1f,0x12,0x12,0x12,0x12,
    0x20,0x31,0x20,0x16,0x20,0x31,0x20,0x16,0x16,0x20,0x15,0x20,0x31,0x20,0x16,0x20,
    0x20,0x31,0x20,0x08,0x31,0x16,0x20,0x31,0x31,0x16,0x31,0x16,0x31,0x12,0x12,0x20,
    0x20,0x31,0x31,0x31,0x31,0x31,0x31,0x20,0x31,0x20,0x20,0x32,0x20,0x20,0x31,0x20,
    0x20,0x20,0x20,0x20,0x20,0x31,0x31,0x20,0x12,0x31,0x20,0x31,0x31,0x31,0x20,0x20,
    0x1f,0x31,0x20,0x20,0x00,0x00,0x00,0x00,0x00,0x20,0x20,0x20,0x00,0x00,0x00,0x00,
    0x15,0x16,0x16,0x20,0x20,0x20,0x12,0x15,0x15,0x16,0x20,0x15,0x20,0x16,0x16,0x16,
    0x16,0x15,0x16,0x16,0x16,0x16,0x16,0x32,0x32,0x32,0x32,0x32,0x32,0x32,0x32,0x32,
    0x32,0x0e,0x2b,0x1b,0x2c,0x10,0x10,0x10,0x2d,0x10,0x1f,0x2d,0x2d,0x2d,0x12,0x12,
    0x20,0x2d,0x12,0x20,0x31,0x31,0x31,0x20,0x31,0x2d,0x31,0x20,0x20,0x20,0x16,0x20,
    0x20,0x20,0x20,0x32,0x31,0x20,0x16,0x16,0x20,0x31,0x20,0x31,0x20,0x16,0x16,0x16,
    0x32,0x31,0x31,0x20,0x31,0x20,0x20,0x20,0x16,0x31,0x20,0x20,0x16,0x16,0x16,0x20,
    0x20,0x20,0x20,0x20,0x20,0x20,0x31,0x20,0x12,0x20,0x12,0x31,0x31,0x12,0x20,0x20,
    0x12,0x16,0x16,0x20,0x00,0x00,0x00,0x15,0x31,0x31,0x20,0x12,0x20,0x31,0x00,0x00,
    0x16,0x16,0x16,0x15,0x15,0x15,0x16,0x16,0x15,0x16,0x16,0x20,0x16,0x16,0x16,0x16,
    0x16,0x16,0x16,0x32,0x32,0x32,0x32,0x32,0x16,0x16,0x32,0x32,0x32,0x32,0x32,0x32,
    0x32,0x06,0x2c,0x0e,0x1b,0x10,0x10,0x10,0x10,0x10,0x1f,0x1f,0x2d,0x1f,0x2d,0x20,
    0x20,0x2d,0x20,0x20,0x20,0x16,0x16,0x12,0x16,0x20,0x20,0x12,0x20,0x31,0x16,0x20,
    0x12,0x31,0x12,0x20,0x20,0x12,0x31,0x31,0x20,0x20,0x20,0x20,0x20,0x31,0x12,0x20,
    0x20,0x31,0x16,0x31,0x16,0x16,0x20,0x20,0x16,0x31,0x31,0x20,0x31,0x20,0x20,0x20,
    0x20,0x20,0x20,0x20,0x20,0x20,0x12,0x2d,0x12,0x31,0x12,0x08,0x31,0x08,0x12,0x31,
    0x20,0x20,0x31,0x16,0x00,0x00,0x16,0x20,0x20,0x31,0x12,0x20,0x12,0x08,0x08,0x00,
    0x19,0x20,0x20,0x20,0x15,0x15,0x15,0x15,0x20,0x20,0x16,0x20,0x15,0x16,0x16,0x16,
    0x16,0x32,0x16,0x16,0x16,0x32,0x32,0x32,0x16,0x16,0x32,0x32,0x32,0x32,0x32,0x32,
    0x32,0x0e,0x2c,0x0e,0x1b,0x07,0x10,0x2d,0x10,0x1f,0x2d,0x1f,0x2d,0x1f,0x31,0x20,
    0x12,0x20,0x20,0x20,0x16,0x16,0x20,0x2d,0x12,0x20,0x31,0x16,0x20,0x20,0x20,0x20,
    0x31,0x16,0x20,0x20,0x16,0x20,0x31,0x31,0x20,0x16,0x20,0x20,0x20,0x20,0x31,0x31,
    0x31,0x31,0x16,0x20,0x20,0x20,0x20,0x20,0x20,0x20,0x20,0x31,0x12,0x20,0x16,0x20,
    0x12,0x20,0x20,0x31,0x20,0x12,0x2d,0x2d,0x20,0x31,0x20,0x31,0x12,0x31,0x31,0x20,
    0x31,0x20,0x31,0x20,0x00,0x31,0x16,0x20,0x20,0x31,0x2d,0x12,0x12,0x12,0x12,0x08,
    0x16,0x16,0x16,0x32,0x16,0x15,0x16,0x16,0x16,0x16,0x15,0x16,0x15,0x15,0x16,0x16,
    0x16,0x32,0x32,0x32,0x32,0x32,0x32,0x32,0x32,0x32,0x32,0x32,0x32,0x32,0x32,0x32,
    0x32,0x0e,0x2b,0x2c,0x2c,0x2c,0x2c,0x10,0x10,0x10,0x31,0x2d,0x10,0x2d,0x12,0x20,
    0x31,0x20,0x31,0x16,0x20,0x20,0x32,0x20,0x20,0x20,0x20,0x31,0x20,0x20,0x20,0x20,
    0x16,0x16,0x12,0x20,0x31,0x20,0x20,0x20,0x20,0x20,0x16,0x16,0x16,0x20,0x20,0x20,
    0x20,0x20,0x31,0x20,0x12,0x20,0x31,0x12,0x20,0x20,0x31,0x20,0x10,0x12,0x31,0x20,
    0x20,0x16,0x31,0x20,0x20,0x20,0x12,0x12,0x20,0x12,0x31,0x31,0x12,0x12,0x31,0x12,
    0x12,0x20,0x31,0x31,0x00,0x20,0x31,0x20,0x12,0x12,0x12,0x12,0x12,0x20,0x12,0x12,
    0x32,0x32,0x32,0x16,0x16,0x16,0x32,0x32,0x32,0x16,0x16,0x32,0x32,0x32,0x16,0x16,
    0x32,0x32,0x32,0x16,0x16,0x32,0x32,0x32,0x16,0x32,0x16,0x32,0x32,0x32,0x32,0x32,
    0x16,0x22,0x2b,0x10,0x0e,0x10,0x10,0x2c,0x10,0x2d,0x1f,0x1f,0x12,0x1f,0x2d,0x2d,
    0x2d,0x20,0x20,0x20,0x31,0x31,0x20,0x31,0x16,0x31,0x16,0x20,0x20,0x16,0x20,0x20,
    0x20,0x20,0x31,0x20,0x31,0x2d,0x20,0x20,0x16,0x31,0x20,0x12,0x20,0x31,0x20,0x31,
    0x20,0x31,0x31,0x31,0x31,0x20,0x20,0x16,0x20,0x16,0x31,0x32,0x20,0x31,0x31,0x20,
    0x16,0x31,0x20,0x20,0x20,0x12,0x12,0x12,0x31,0x31,0x20,0x20,0x31,0x20,0x12,0x20,
    0x12,0x31,0x20,0x31,0x31,0x31,0x12,0x31,0x12,0x12,0x12,0x31,0x20,0x20,0x20,0x31,
    0x16,0x16,0x15,0x16,0x20,0x15,0x16,0x16,0x16,0x16,0x16,0x16,0x16,0x16,0x16,0x16,
    0x32,0x32,0x16,0x16,0x32,0x32,0x16,0x32,0x16,0x32,0x16,0x32,0x32,0x32,0x32,0x32,
    0x32,0x05,0x0e,0x05,0x0e,0x0e,0x2c,0x2c,0x10,0x10,0x1f,0x1f,0x12,0x12,0x12,0x12,
    0x12,0x12,0x31,0x20,0x20,0x16,0x31,0x31,0x16,0x16,0x16,0x31,0x31,0x20,0x20,0x16,
    0x31,0x20,0x20,0x31,0x16,0x20,0x20,0x31,0x16,0x20,0x20,0x31,0x12,0x12,0x31,0x31,
    0x20,0x20,0x31,0x20,0x20,0x31,0x31,0x31,0x20,0x16,0x20,0x20,0x20,0x31,0x31,0x20,
    0x20,0x31,0x31,0x20,0x20,0x31,0x12,0x12,0x12,0x31,0x12,0x20,0x20,0x20,0x20,0x20,
    0x12,0x12,0x12,0x20,0x31,0x12,0x12,0x20,0x12,0x08,0x12,0x31,0x31,0x20,0x12,0x12,
    0x16,0x16,0x15,0x16,0x16,0x16,0x16,0x16,0x16,0x16,0x32,0x32,0x16,0x32,0x32,0x32,
    0x32,0x32,0x32,0x32,0x32,0x32,0x32,0x32,0x32,0x32,0x32,0x32,0x32,0x32,0x32,0x32,
    0x32,0x05,0x2b,0x05,0x2c,0x2c,0x1b,0x10,0x1f,0x2d,0x2d,0x1f,0x12,0x12,0x12,0x2d,
    0x2d,0x12,0x31,0x20,0x31,0x16,0x16,0x31,0x20,0x20,0x31,0x31,0x31,0x16,0x16,0x31,
    0x31,0x31,0x20,0x20,0x31,0x15,0x16,0x31,0x31,0x20,0x31,0x20,0x20,0x31,0x12,0x20,
    0x20,0x31,0x31,0x20,0x20,0x31,0x20,0x20,0x20,0x20,0x20,0x31,0x2d,0x20,0x20,0x20,
    0x16,0x31,0x31,0x31,0x20,0x12,0x12,0x31,0x31,0x20,0x20,0x20,0x12,0x20,0x20,0x20,
    0x20,0x31,0x12,0x12,0x12,0x2d,0x12,0x20,0x12,0x12,0x12,0x12,0x31,0x12,0x12,0x08,
    0x32,0x32,0x16,0x16,0x16,0x16,0x16,0x32,0x16,0x16,0x16,0x16,0x16,0x16,0x16,0x32,
    0x16,0x16,0x16,0x32,0x16,0x16,0x32,0x32,0x32,0x32,0x32,0x32,0x32,0x32,0x32,0x32,
    0x32,0x0e,0x1b,0x2b,0x2b,0x2c,0x2c,0x2c,0x10,0x2d,0x2d,0x2d,0x2d,0x1f,0x1f,0x1f,
    0x2d,0x31,0x20,0x20,0x20,0x31,0x16,0x31,0x20,0x12,0x12,0x12,0x20,0x31,0x20,0x31,
    0x20,0x20,0x20,0x31,0x31,0x20,0x20,0x12,0x31,0x31,0x20,0x20,0x20,0x12,0x20,0x20,
    0x20,0x20,0x31,0x20,0x20,0x12,0x2d,0x12,0x31,0x20,0x20,0x16,0x12,0x20,0x20,0x31,
    0x31,0x20,0x12,0x12,0x12,0x31,0x20,0x20,0x12,0x31,0x31,0x31,0x31,0x20,0x16,0x31,
    0x31,0x31,0x31,0x31,0x00,0x08,0x20,0x20,0x12,0x12,0x12,0x12,0x31,0x20,0x31,0x12,
    0x16,0x16,0x16,0x16,0x32,0x32,0x16,0x16,0x32,0x32,0x32,0x32,0x32,0x32,0x32,0x32,
    0x32,0x32,0x32,0x32,0x32,0x32,0x16,0x16,0x16,0x16,0x16,0x16,0x32,0x16,0x16,0x32,
    0x32,0x0e,0x2b,0x2b,0x1b,0x1b,0x1b,0x2c,0x10,0x2d,0x10,0x1f,0x12,0x2d,0x2d,0x12,
    0x2d,0x12,0x12,0x20,0x31,0x20,0x20,0x12,0x16,0x31,0x31,0x20,0x12,0x31,0x31,0x31,
    0x12,0x20,0x31,0x20,0x12,0x31,0x12,0x20,0x20,0x12,0x12,0x20,0x20,0x20,0x20,0x12,
    0x31,0x31,0x12,0x20,0x12,0x12,0x12,0x20,0x16,0x31,0x31,0x20,0x20,0x20,0x12,0x20,
    0x31,0x12,0x20,0x12,0x12,0x31,0x31,0x20,0x31,0x16,0x20,0x20,0x20,0x20,0x31,0x31,
    0x12,0x31,0x31,0x31,0x00,0x20,0x31,0x20,0x12,0x20,0x31,0x12,0x08,0x31,0x08,0x00,
};

static const unsigned char re15_irons_karte_md1[156] = {
    0x84,0x00,0x00,0x00,0x00,0x00,0x00,0x00,0x02,0x00,0x00,0x00,0x38,0x00,0x00,0x00,
    0x04,0x00,0x00,0x00,0x58,0x00,0x00,0x00,0x01,0x00,0x00,0x00,0x60,0x00,0x00,0x00,
    0x02,0x00,0x00,0x00,0x78,0x00,0x00,0x00,0x38,0x00,0x00,0x00,0x04,0x00,0x00,0x00,
    0x58,0x00,0x00,0x00,0x01,0x00,0x00,0x00,0x60,0x00,0x00,0x00,0x00,0x00,0x00,0x00,
    0x90,0x00,0x00,0x00,0x00,0x00,0x00,0x00,0x00,0x00,0x00,0x00,0x00,0x00,0x00,0x00,
    0x0e,0x01,0x00,0x00,0x5f,0xff,0x00,0x00,0x0e,0x01,0x00,0x00,0x5f,0xff,0x00,0x00,
    0x00,0x00,0x00,0x00,0x00,0x00,0x01,0xf0,0x00,0x00,0x00,0x00,0x00,0x00,0x02,0x00,
    0x00,0x00,0x01,0x00,0x00,0x00,0x00,0x00,0x00,0x00,0x03,0x00,0x00,0x00,0x02,0x00,
    0x00,0x00,0x00,0x00,0x66,0x00,0x00,0x78,0x66,0x3f,0x80,0x00,0x00,0x3f,0x00,0x00,
    0x00,0x00,0x00,0x78,0x66,0x00,0x80,0x00,0x00,0x3f,0x00,0x00,
};

static const unsigned char re15_irons_karte_tim[8736] = {
    0x10,0x00,0x00,0x00,0x09,0x00,0x00,0x00,0x0c,0x02,0x00,0x00,0x00,0x00,0x00,0x00,
    0x00,0x01,0x01,0x00,0x00,0x00,0xef,0x39,0xef,0x39,0xce,0x39,0xce,0x39,0xce,0x35,
    0xce,0x39,0xce,0x39,0xce,0x39,0xce,0x35,0xce,0x35,0xce,0x39,0xce,0x39,0xce,0x35,
    0xce,0x35,0xcd,0x39,0xce,0x39,0xce,0x35,0xcd,0x35,0xcd,0x35,0xcd,0x35,0xcd,0x35,
    0xcd,0x35,0xcd,0x35,0xae,0x39,0xae,0x35,0xad,0x39,0xad,0x35,0xad,0x35,0xae,0x39,
    0xad,0x39,0xad,0x35,0xad,0x35,0xad,0x35,0xad,0x35,0xad,0x35,0xad,0x35,0xad,0x35,
    0xad,0x31,0xad,0x35,0xad,0x39,0xad,0x35,0xad,0x35,0xad,0x35,0xad,0x35,0xad,0x35,
    0xad,0x35,0xad,0x35,0xad,0x31,0xad,0x35,0xad,0x35,0xad,0x35,0xad,0x35,0xad,0x35,
    0xad,0x35,0xad,0x35,0xad,0x35,0xad,0x35,0xac,0x31,0xad,0x35,0xad,0x35,0xac,0x31,
    0xad,0x35,0xad,0x35,0xad,0x31,0xad,0x31,0xad,0x35,0xad,0x35,0xad,0x35,0xac,0x31,
    0xad,0x35,0xad,0x35,0xad,0x35,0xad,0x31,0xad,0x35,0xad,0x35,0xad,0x31,0xac,0x35,
    0xad,0x35,0xad,0x35,0xad,0x35,0xad,0x35,0xad,0x31,0xad,0x31,0xad,0x35,0xad,0x35,
    0xad,0x35,0xad,0x35,0xad,0x35,0xad,0x35,0xad,0x35,0xad,0x35,0xad,0x39,0xad,0x35,
    0xad,0x35,0xad,0x35,0xad,0x35,0xad,0x35,0xad,0x31,0xad,0x31,0xad,0x31,0xad,0x31,
    0xad,0x31,0xad,0x31,0xac,0x35,0xac,0x35,0xac,0x31,0xac,0x31,0xac,0x31,0x8d,0x31,
    0x8c,0x35,0x8c,0x35,0x8c,0x35,0x8c,0x31,0x8c,0x31,0x8c,0x31,0x8c,0x31,0x8c,0x31,
    0x8c,0x31,0x8c,0x35,0x8c,0x35,0x8c,0x31,0x8c,0x31,0x8c,0x31,0x8c,0x31,0x8c,0x31,
    0x8c,0x35,0x8c,0x31,0x8c,0x31,0x8c,0x31,0x8c,0x31,0x8c,0x31,0x8c,0x31,0x8c,0x2d,
    0x8c,0x31,0x8c,0x31,0x8c,0x31,0x8c,0x31,0x8c,0x31,0x8c,0x31,0x8c,0x35,0x8c,0x31,
    0x8c,0x31,0x8c,0x31,0x8c,0x31,0x8c,0x31,0x8d,0x31,0x8c,0x31,0x8c,0x31,0x8c,0x31,
    0x8c,0x31,0x8c,0x31,0x8c,0x31,0x8c,0x2d,0x8c,0x31,0x8c,0x31,0x8c,0x35,0x8c,0x31,
    0x8c,0x31,0x8c,0x31,0x8c,0x31,0x8c,0x31,0x8c,0x2d,0x8c,0x31,0x8c,0x31,0x8c,0x31,
    0x8c,0x31,0x8c,0x31,0x8c,0x31,0x8c,0x2d,0x8c,0x31,0x8c,0x31,0x8c,0x31,0x8c,0x31,
    0x8c,0x31,0x8c,0x31,0x8c,0x31,0x8c,0x31,0x8c,0x2d,0x8b,0x31,0x6b,0x31,0x6b,0x31,
    0x6c,0x2d,0x6b,0x2d,0x6b,0x31,0x6b,0x2d,0x6b,0x2d,0x6b,0x2d,0x6b,0x2d,0x6b,0x31,
    0x6b,0x2d,0x6b,0x2d,0x6b,0x2d,0x6b,0x2d,0x6b,0x2d,0x6b,0x2d,0x6b,0x2d,0x6b,0x2d,
    0x6b,0x2d,0x6b,0x2d,0x6b,0x2d,0x6b,0x2d,0x6b,0x2d,0x6b,0x2d,0x6b,0x2d,0x6b,0x2d,
    0x6b,0x2d,0x6b,0x2d,0x6b,0x2d,0x6b,0x2d,0x6b,0x29,0x6b,0x2d,0x4b,0x2d,0x6b,0x2d,
    0x6b,0x2d,0x4b,0x2d,0x6b,0x2d,0x6b,0x29,0x6a,0x2d,0x4a,0x2d,0x4a,0x29,0x4a,0x29,
    0x4a,0x2d,0x4a,0x29,0x4a,0x29,0x4b,0x2d,0x4a,0x2d,0x4a,0x29,0x4a,0x29,0x4a,0x29,
    0x4a,0x29,0x4a,0x29,0x4a,0x29,0x4a,0x29,0x4a,0x29,0x4a,0x29,0x4a,0x29,0x4a,0x29,
    0x4a,0x29,0x49,0x29,0x4a,0x29,0x4a,0x29,0x4a,0x29,0x4a,0x29,0x2a,0x29,0x29,0x29,
    0x29,0x25,0x29,0x29,0x29,0x25,0x29,0x25,0x29,0x25,0x08,0x25,0x08,0x21,0xe7,0x1c,
    0xc6,0x1c,0x00,0x04,0x0c,0x20,0x00,0x00,0xc0,0x03,0x00,0x00,0x40,0x00,0x40,0x00,
    0x01,0x01,0x04,0x07,0x10,0x10,0x10,0x10,0x10,0x10,0x10,0x10,0x06,0x04,0x15,0x9a,
    0xd1,0xdf,0xc5,0xc0,0xdc,0xd1,0xc9,0xc9,0xed,0xe9,0xe2,0xd6,0xdc,0xeb,0xd2,0xd9,
    0xda,0xef,0xda,0xc0,0xcc,0xcc,0xbb,0x67,0x53,0x84,0xb2,0xb3,0x98,0x99,0x99,0x67,
    0x11,0x24,0x2f,0x5f,0x2d,0x04,0x04,0x06,0x07,0x02,0x01,0x01,0x03,0x05,0x02,0x01,
    0x01,0x0a,0x0d,0x03,0x01,0x05,0x0e,0x4f,0x22,0x03,0x29,0x79,0xa6,0xa6,0x4f,0x2f,
    0x00,0x00,0xd7,0xd5,0xc7,0xe2,0x00,0x00,0xf7,0x00,0x00,0x00,0x00,0x00,0xfd,0xfe,
    0x00,0x00,0x00,0x00,0xfe,0xfe,0x00,0x00,0x00,0x00,0x00,0x00,0x00,0x00,0x00,0x00,
    0x00,0x00,0x00,0x00,0x00,0x00,0x00,0x00,0x00,0x00,0x00,0x00,0x00,0x00,0x00,0x00,
    0x01,0x10,0x10,0x10,0x10,0x10,0x10,0x10,0x10,0x10,0x10,0x10,0x08,0x08,0x0f,0x2e,
    0x2e,0x10,0x21,0x2e,0x1b,0x10,0x3f,0x71,0x71,0x6e,0xa5,0xae,0xa6,0x96,0xba,0xc9,
    0xbf,0xc1,0xc3,0xd4,0xd4,0xbe,0xc0,0xdc,0xd8,0xd1,0xc9,0xdc,0xee,0xd2,0xcb,0xc5,
    0xe5,0xf7,0xe5,0xe2,0xc6,0xad,0x9c,0x5e,0x21,0x0d,0x1f,0x61,0x25,0x22,0x24,0x25,
    0x52,0x2f,0x0d,0x0d,0x1f,0x1f,0x1b,0x0d,0x09,0x0d,0x22,0x09,0x05,0x09,0x09,0x0d,
    0x09,0x02,0x02,0x0e,0x24,0x24,0x09,0x02,0x09,0x63,0x72,0x26,0x26,0x26,0x41,0xb8,
    0xc2,0x96,0x7b,0xa6,0xcd,0xf1,0xfa,0x00,0x00,0x00,0x00,0x00,0x00,0x00,0x00,0x00,
    0x00,0x00,0x00,0x00,0x00,0x00,0x00,0x00,0x00,0x00,0x00,0x00,0x00,0x00,0x00,0x00,
    0x04,0x0c,0x10,0x10,0x10,0x10,0x10,0x10,0x10,0x10,0x10,0x10,0x0f,0x0f,0x10,0x1b,
    0x2e,0x29,0x10,0x0b,0x06,0x0c,0x10,0x10,0x10,0x1b,0x1e,0x10,0x21,0x29,0x2e,0x1b,
    0x21,0x3f,0x48,0x2e,0x10,0x2e,0x61,0x61,0x48,0x48,0x7a,0x8e,0x72,0x71,0x8e,0xa6,
    0xb4,0xb4,0xbf,0xe3,0xe3,0xc7,0xaf,0x7a,0x3f,0x27,0x43,0x54,0x61,0x61,0x61,0x61,
    0x61,0x61,0x61,0x61,0x50,0x48,0x48,0x50,0x61,0x61,0x4f,0x43,0x2f,0x48,0x2e,0x29,
    0x22,0x25,0x2f,0x25,0x22,0x1f,0x2e,0x43,0x4f,0x25,0x0e,0x09,0x25,0x2e,0x22,0x09,
    0x09,0x05,0x0e,0x11,0x05,0x01,0x75,0x00,0x00,0x00,0x00,0x00,0x00,0x00,0x00,0x00,
    0x00,0x00,0x00,0x00,0x00,0x00,0x00,0x00,0x00,0x00,0x00,0x00,0x00,0x00,0x00,0x00,
    0x10,0x10,0x10,0x10,0x10,0x10,0x10,0x10,0x10,0x10,0x10,0x10,0x10,0x10,0x10,0x29,
    0x3f,0x21,0x10,0x10,0x10,0x10,0x10,0x10,0x10,0x10,0x10,0x10,0x10,0x10,0x10,0x10,
    0x10,0x10,0x10,0x10,0x10,0x10,0x19,0x23,0x2c,0x23,0x10,0x1f,0x14,0x35,0x2a,0x1b,
    0x2e,0x2e,0x7a,0xba,0xd1,0xc3,0x9e,0x76,0x3c,0x37,0x3c,0x54,0x61,0x61,0x61,0x61,
    0x61,0x61,0x61,0x61,0x61,0x61,0x61,0x61,0x61,0x61,0x61,0x61,0x61,0x61,0x50,0x61,
    0x61,0x61,0x61,0x61,0x77,0x9c,0x90,0x78,0x6f,0x61,0x77,0x9c,0x8c,0x77,0x6e,0x77,
    0x6e,0x78,0x72,0x26,0x0a,0x01,0x75,0x00,0x00,0x00,0x00,0x00,0x00,0x00,0x00,0x00,
    0x00,0x00,0x00,0x00,0x00,0x00,0x00,0x00,0x00,0x00,0x00,0x00,0x00,0x00,0x00,0x00,
    0x10,0x10,0x10,0x10,0x10,0x10,0x10,0x10,0x10,0x10,0x10,0x10,0x10,0x1a,0x2d,0x3e,
    0x1e,0x10,0x10,0x10,0x10,0x10,0x10,0x10,0x10,0x10,0x10,0x10,0x10,0x10,0x10,0x10,
    0x10,0x10,0x10,0x10,0x10,0x10,0x23,0x31,0x31,0x2c,0x32,0x2f,0x39,0x38,0x3b,0x48,
    0x3f,0x29,0x48,0xa7,0xd1,0xbf,0x8e,0x43,0x43,0x44,0x54,0x61,0x61,0x61,0x61,0x61,
    0x61,0x61,0x61,0x61,0x61,0x61,0x61,0x61,0x61,0x61,0x61,0x61,0x61,0x61,0x61,0x61,
    0x61,0x61,0x61,0x61,0x78,0x78,0x6f,0x61,0x61,0x61,0x78,0x78,0x78,0x7e,0x90,0xad,
    0xae,0xb5,0xc3,0xa9,0x67,0x26,0x84,0x00,0x00,0x00,0x00,0x00,0x00,0x00,0x00,0x00,
    0x00,0x00,0x00,0x00,0x00,0x00,0x00,0x00,0x00,0x00,0x00,0x00,0x00,0x00,0x00,0x00,
    0x10,0x10,0x10,0x10,0x10,0x10,0x10,0x10,0x10,0x10,0x10,0x10,0x10,0x1a,0x3e,0x5c,
    0x28,0x10,0x10,0x10,0x10,0x10,0x10,0x10,0x10,0x10,0x10,0x10,0x10,0x10,0x10,0x10,
    0x10,0x10,0x10,0x10,0x12,0x12,0x19,0x19,0x10,0x2c,0x34,0x4f,0x51,0x5c,0x51,0x50,
    0x50,0x50,0x71,0xb1,0xce,0xc3,0x80,0x1b,0x29,0x48,0x61,0x61,0x61,0x61,0x61,0x61,
    0x61,0x61,0x61,0x61,0x61,0x61,0x61,0x61,0x61,0x61,0x61,0x61,0x61,0x61,0x61,0x61,
    0x61,0x61,0x61,0x61,0x61,0x61,0x61,0x61,0x61,0x61,0x61,0x61,0x61,0x79,0x8d,0xa7,
    0xb9,0xc9,0xe4,0xeb,0xcb,0xa2,0x99,0x00,0x00,0x00,0x00,0x00,0x00,0x00,0x00,0x00,
    0x00,0x00,0x00,0x00,0x00,0x00,0x00,0x00,0x00,0x00,0x00,0x00,0x00,0x00,0x00,0x00,
    0x10,0x10,0x10,0x10,0x10,0x10,0x10,0x10,0x10,0x10,0x10,0x10,0x10,0x10,0x2d,0x59,
    0x31,0x19,0x10,0x10,0x10,0x10,0x10,0x10,0x10,0x10,0x10,0x10,0x10,0x10,0x10,0x10,
    0x10,0x10,0x13,0x16,0x16,0x13,0x10,0x10,0x10,0x21,0x47,0x58,0x46,0x35,0x3b,0x3b,
    0x48,0x61,0x96,0xba,0xce,0xce,0x96,0x2e,0x21,0x2e,0x48,0x48,0x50,0x61,0x61,0x61,
    0x61,0x61,0x61,0x61,0x61,0x61,0x61,0x61,0x61,0x61,0x61,0x61,0x61,0x61,0x61,0x61,
    0x61,0x61,0x61,0x61,0x61,0x61,0x61,0x61,0x61,0x61,0x61,0x61,0x61,0x71,0x7b,0x83,
    0x85,0xcb,0xee,0xf9,0xe0,0xc0,0xa1,0x00,0x00,0x00,0x00,0x00,0x00,0x00,0x00,0x00,
    0x00,0x00,0x00,0x00,0x00,0x00,0x00,0x00,0x00,0x00,0x00,0x00,0x00,0x00,0x00,0x00,
    0x10,0x10,0x10,0x10,0x10,0x10,0x10,0x10,0x10,0x10,0x10,0x10,0x10,0x10,0x23,0x32,
    0x31,0x1b,0x10,0x10,0x10,0x10,0x10,0x10,0x10,0x10,0x10,0x10,0x10,0x10,0x10,0x10,
    0x10,0x10,0x12,0x14,0x13,0x10,0x10,0x10,0x10,0x19,0x31,0x56,0x33,0x42,0x3e,0x2d,
    0x10,0x50,0xa7,0xce,0xd1,0xd8,0xa7,0x48,0x10,0x1b,0x10,0x2e,0x60,0x61,0x61,0x61,
    0x61,0x50,0x50,0x61,0x61,0x61,0x61,0x61,0x61,0x61,0x61,0x61,0x61,0x61,0x61,0x61,
    0x61,0x61,0x61,0x61,0x61,0x61,0x61,0x61,0x61,0x61,0x61,0x61,0x61,0x61,0x64,0x74,
    0x84,0xbb,0xd1,0xdf,0xce,0xbf,0xb8,0x00,0x00,0x00,0x00,0x00,0x00,0x00,0x00,0x00,
    0x00,0x00,0x00,0x00,0x00,0x00,0x00,0x00,0x00,0x00,0x00,0x00,0x00,0x00,0x00,0x00,
    0x10,0x10,0x10,0x10,0x10,0x10,0x10,0x10,0x10,0x10,0x10,0x10,0x10,0x13,0x15,0x42,
    0x3e,0x1e,0x10,0x10,0x10,0x10,0x10,0x10,0x10,0x10,0x10,0x10,0x10,0x10,0x10,0x10,
    0x10,0x10,0x10,0x10,0x10,0x10,0x10,0x10,0x1a,0x28,0x46,0x4f,0x5f,0x59,0x5d,0x2e,
    0x1b,0x48,0xa7,0xd8,0xce,0xbf,0x9e,0x50,0x29,0x48,0x90,0xbd,0xb4,0x8d,0x7a,0x50,
    0x29,0x29,0x48,0x61,0x61,0x61,0x61,0x61,0x61,0x61,0x61,0x61,0x61,0x61,0x61,0x61,
    0x61,0x61,0x61,0x61,0x61,0x61,0x61,0x61,0x61,0x61,0x6f,0x6f,0x6f,0x61,0x72,0x8e,
    0xa7,0xb7,0xb6,0x98,0x7c,0x96,0xb8,0x00,0x00,0x00,0x00,0x00,0x00,0x00,0x00,0x00,
    0x00,0x00,0x00,0x00,0x00,0x00,0x00,0x00,0x00,0x00,0x00,0x00,0x00,0x00,0x00,0x00,
    0x10,0x10,0x10,0x10,0x10,0x10,0x10,0x10,0x10,0x10,0x10,0x10,0x12,0x13,0x15,0x1c,
    0x1a,0x10,0x10,0x10,0x10,0x10,0x10,0x10,0x10,0x10,0x10,0x10,0x10,0x10,0x10,0x10,
    0x10,0x10,0x10,0x10,0x10,0x10,0x10,0x10,0x2d,0x42,0x4a,0x4f,0x56,0x58,0x5b,0x3f,
    0x21,0x29,0x8e,0xc9,0xca,0xb3,0x89,0x69,0x68,0x8f,0xcd,0xf1,0xe7,0xce,0x9e,0x61,
    0x2e,0x3f,0x50,0x61,0x61,0x61,0x61,0x61,0x61,0x61,0x61,0x61,0x61,0x61,0x61,0x61,
    0x61,0x61,0x61,0x61,0x61,0x61,0x61,0x61,0x6f,0x78,0x90,0x9c,0x8c,0x7e,0x7f,0x9d,
    0xa6,0xa8,0x7b,0x40,0x11,0x7b,0xc6,0x00,0x00,0x00,0x00,0x00,0x00,0x00,0x00,0x00,
    0x00,0x00,0x00,0x00,0x00,0x00,0x00,0x00,0x00,0x00,0x00,0x00,0x00,0x00,0x00,0x00,
    0x10,0x10,0x10,0x10,0x10,0x10,0x10,0x10,0x10,0x10,0x10,0x10,0x10,0x10,0x1b,0x21,
    0x1b,0x10,0x10,0x10,0x10,0x10,0x10,0x10,0x10,0x10,0x10,0x10,0x10,0x10,0x10,0x10,
    0x10,0x10,0x10,0x10,0x10,0x10,0x18,0x1d,0x29,0x38,0x37,0x2f,0x56,0x56,0x5a,0x50,
    0x2e,0x28,0x8d,0xc2,0xce,0xb3,0x69,0x44,0x7d,0xb5,0xe3,0xf5,0xea,0xb7,0x3f,0x29,
    0x48,0x61,0x61,0x61,0x61,0x61,0x61,0x61,0x61,0x61,0x61,0x61,0x61,0x61,0x61,0x61,
    0x61,0x61,0x61,0x61,0x61,0x61,0x61,0x61,0x61,0x78,0x7e,0x8c,0x8c,0x90,0xa5,0xa5,
    0xa6,0xb1,0x93,0x64,0x26,0x64,0xc6,0x00,0x00,0x00,0x00,0x00,0x00,0x00,0x00,0x00,
    0x00,0x00,0x00,0x00,0x00,0x00,0x00,0x00,0x00,0x00,0x00,0x00,0x00,0x00,0x00,0x00,
    0x10,0x10,0x10,0x10,0x10,0x10,0x10,0x10,0x10,0x10,0x10,0x10,0x10,0x1b,0x3f,0x50,
    0x29,0x10,0x10,0x10,0x10,0x10,0x10,0x10,0x10,0x10,0x10,0x10,0x10,0x10,0x10,0x10,
    0x10,0x10,0x10,0x10,0x10,0x10,0x1d,0x2d,0x46,0x4a,0x4b,0x58,0x56,0x58,0x5b,0x61,
    0x5e,0x5d,0x8c,0xb8,0xd8,0xa7,0x3f,0x21,0x71,0xbf,0xd8,0xdc,0xce,0x9e,0x50,0x48,
    0x50,0x61,0x61,0x61,0x61,0x61,0x61,0x61,0x61,0x61,0x61,0x61,0x61,0x61,0x61,0x61,
    0x61,0x61,0x61,0x61,0x61,0x61,0x61,0x61,0x61,0x61,0x61,0x76,0x7e,0x8c,0x7e,0x7f,
    0x8e,0xa7,0x97,0x64,0x11,0x24,0xb8,0x00,0x00,0x00,0x00,0x00,0x00,0x00,0x00,0x00,
    0x00,0x00,0x00,0x00,0x00,0x00,0x00,0x00,0x00,0x00,0x00,0x00,0x00,0x00,0x00,0x00,
    0x10,0x10,0x10,0x10,0x07,0x04,0x07,0x10,0x10,0x10,0x10,0x10,0x10,0x1b,0x2e,0x61,
    0x2e,0x10,0x10,0x10,0x10,0x10,0x10,0x10,0x10,0x10,0x10,0x10,0x10,0x10,0x10,0x10,
    0x10,0x10,0x10,0x10,0x12,0x14,0x35,0x42,0x5c,0x4e,0x58,0x56,0x58,0x61,0x61,0x61,
    0x60,0x60,0x7a,0xb7,0xce,0xb1,0x2e,0x04,0x48,0xc3,0xe3,0xdf,0xd8,0xbf,0x91,0x5f,
    0x5f,0x60,0x61,0x61,0x61,0x61,0x61,0x61,0x61,0x61,0x61,0x61,0x61,0x61,0x61,0x61,
    0x61,0x61,0x61,0x61,0x61,0x61,0x68,0x68,0x69,0x86,0x8c,0x9c,0x9c,0x8d,0x72,0x73,
    0x83,0xa0,0xa7,0x52,0x11,0x05,0x9e,0x00,0x00,0x00,0x00,0x00,0x00,0x00,0x00,0x00,
    0x00,0x00,0x00,0x00,0x00,0x00,0x00,0x00,0x00,0x00,0x00,0x00,0x00,0x00,0x00,0x00,
    0x10,0x10,0x10,0x21,0x21,0x06,0x0c,0x10,0x1b,0x07,0x07,0x10,0x10,0x10,0x29,0x50,
    0x3f,0x20,0x10,0x10,0x10,0x10,0x10,0x10,0x10,0x10,0x10,0x10,0x10,0x10,0x10,0x10,
    0x10,0x10,0x10,0x10,0x13,0x2a,0x40,0x2f,0x39,0x2f,0x34,0x58,0x5b,0x61,0x61,0x50,
    0x48,0x71,0x96,0xba,0xce,0xc3,0x71,0x0c,0x61,0xce,0xf2,0xe3,0xce,0xb5,0x8c,0x5c,
    0x5d,0x5f,0x61,0x61,0x61,0x61,0x61,0x61,0x61,0x61,0x61,0x61,0x61,0x61,0x61,0x61,
    0x61,0x61,0x61,0x61,0x68,0x69,0x6c,0x6c,0x6c,0x6c,0x88,0x88,0x82,0x75,0x67,0x75,
    0x94,0xa1,0xb1,0x7b,0x26,0x0a,0x75,0x00,0x00,0x00,0x00,0x00,0x00,0x00,0x00,0x00,
    0x00,0x00,0x00,0x00,0x00,0x00,0x00,0x00,0x00,0x00,0x00,0x00,0x00,0x00,0x00,0x00,
    0x10,0x50,0xb1,0xdf,0xc9,0x9e,0xb7,0xa7,0x61,0x07,0x04,0x0b,0x10,0x12,0x2a,0x39,
    0x39,0x14,0x10,0x10,0x10,0x10,0x10,0x10,0x10,0x10,0x10,0x10,0x18,0x1d,0x1d,0x10,
    0x10,0x10,0x10,0x10,0x19,0x2c,0x32,0x47,0x44,0x4b,0x61,0x61,0x61,0x61,0x50,0x2e,
    0x1b,0x61,0xb1,0xc9,0xd1,0xd8,0x9e,0x50,0x71,0xc3,0xed,0xe3,0xc3,0xa7,0x8d,0x6e,
    0x60,0x61,0x61,0x61,0x61,0x61,0x61,0x61,0x61,0x61,0x61,0x61,0x61,0x61,0x61,0x61,
    0x61,0x61,0x61,0x61,0x68,0x6b,0x6b,0x81,0x74,0x75,0x67,0x75,0x7c,0x82,0x97,0xa0,
    0xa8,0xb1,0xa8,0x84,0x41,0x26,0x41,0x00,0x00,0x00,0x00,0x00,0x00,0x00,0x00,0x00,
    0x00,0x00,0x00,0x00,0x00,0x00,0x00,0x00,0x00,0x00,0x00,0x00,0x00,0x00,0x00,0x00,
    0x07,0x9e,0xd8,0xbf,0xa7,0xea,0xf6,0xdc,0xb7,0x29,0x04,0x07,0x12,0x16,0x37,0x36,
    0x17,0x15,0x10,0x10,0x10,0x10,0x10,0x10,0x10,0x10,0x10,0x10,0x1d,0x1d,0x1d,0x18,
    0x10,0x10,0x18,0x1d,0x2d,0x46,0x5c,0x5d,0x5f,0x61,0x61,0x61,0x61,0x61,0x50,0x2e,
    0x1b,0x50,0xb7,0xd8,0xce,0xbf,0x9e,0x80,0x71,0xb1,0xc4,0xc4,0xc1,0xb1,0x8e,0x7a,
    0x61,0x61,0x61,0x61,0x71,0x80,0x80,0x7a,0x61,0x61,0x7a,0x80,0x7a,0x71,0x61,0x61,
    0x61,0x61,0x61,0x61,0x62,0x64,0x66,0x75,0x74,0x73,0x72,0x7f,0x9c,0xad,0xae,0xb0,
    0xb1,0xa1,0x84,0x67,0x41,0x30,0x49,0x00,0x00,0x00,0x00,0x00,0x00,0x00,0x00,0x00,
    0x00,0x00,0x00,0x00,0x00,0x00,0x00,0x00,0x00,0x00,0x00,0x00,0x00,0x00,0x00,0x00,
    0x28,0xad,0xc7,0x9a,0x61,0xc9,0xf2,0xe2,0xd5,0x5e,0x04,0x06,0x10,0x22,0x50,0x4a,
    0x15,0x13,0x10,0x10,0x10,0x10,0x10,0x10,0x10,0x10,0x10,0x10,0x18,0x10,0x10,0x10,
    0x10,0x1d,0x31,0x3e,0x5c,0x5c,0x42,0x37,0x3c,0x54,0x61,0x61,0x61,0x61,0x61,0x3f,
    0x21,0x2e,0x96,0xd1,0xce,0xb7,0x80,0x71,0x61,0x8f,0xb3,0xc4,0xbc,0x8f,0x71,0x61,
    0x61,0x61,0x61,0x61,0x80,0x9e,0xb1,0xb7,0xc3,0xd1,0xc9,0xba,0xa7,0x8e,0x61,0x61,
    0x61,0x61,0x61,0x62,0x64,0x7b,0x8d,0xa5,0x90,0x79,0x63,0x82,0x96,0xaf,0xb0,0xb1,
    0xb1,0xa0,0x83,0x73,0x72,0x82,0xa7,0x00,0x00,0x00,0x00,0x00,0x00,0x00,0x00,0x00,
    0x00,0x00,0x00,0x00,0x00,0x00,0x00,0x00,0x00,0x00,0x00,0x00,0x00,0x00,0x00,0x00,
    0x90,0xc1,0x89,0x89,0x8e,0xba,0xd1,0xd0,0xbd,0x4e,0x06,0x04,0x0c,0x21,0x48,0x48,
    0x21,0x10,0x10,0x10,0x10,0x10,0x10,0x10,0x10,0x10,0x10,0x18,0x10,0x10,0x10,0x10,
    0x10,0x1d,0x3e,0x5c,0x5c,0x42,0x39,0x44,0x54,0x61,0x61,0x61,0x61,0x61,0x61,0x48,
    0x2e,0x2e,0xa7,0xdf,0xdf,0xb7,0x48,0x50,0x80,0xac,0xc3,0xd8,0xc9,0x9e,0x61,0x61,
    0x61,0x61,0x61,0x61,0x7a,0x96,0xb1,0xc9,0xdf,0xe7,0xd8,0xd1,0xc9,0xb1,0x7a,0x61,
    0x61,0x61,0x62,0x65,0x67,0x7b,0x8d,0x8c,0x79,0x73,0x67,0x7c,0x98,0xa8,0xb1,0xb1,
    0xb1,0xa7,0x8e,0x62,0x52,0x95,0xc1,0x00,0x00,0x00,0x00,0x00,0x00,0x00,0x00,0x00,
    0x00,0x00,0x00,0x00,0x00,0x00,0x00,0x00,0x00,0x00,0x00,0x00,0x00,0x00,0x00,0x00,
    0x8e,0xce,0xbc,0xb7,0xbf,0xc9,0xd1,0xc9,0x8e,0x1b,0x07,0x0c,0x10,0x20,0x43,0x50,
    0x2e,0x10,0x10,0x10,0x10,0x10,0x10,0x10,0x18,0x1d,0x1d,0x1d,0x10,0x10,0x10,0x10,
    0x10,0x21,0x46,0x5e,0x44,0x37,0x3c,0x52,0x61,0x61,0x61,0x61,0x61,0x61,0x61,0x61,
    0x61,0x71,0xb1,0xd1,0xdc,0x9e,0x29,0x2e,0x8e,0xc3,0xd8,0xea,0xe7,0xb9,0x5b,0x58,
    0x5a,0x61,0x61,0x61,0x71,0x7a,0x80,0x9e,0xba,0xd8,0xdf,0xd8,0xc3,0xa7,0x80,0x61,
    0x61,0x63,0x65,0x6a,0x6b,0x6c,0x69,0x68,0x64,0x7c,0x93,0xa1,0xb1,0xb1,0xa8,0xa8,
    0xa8,0xa7,0x82,0x40,0x11,0x87,0xc4,0x00,0x00,0x00,0x00,0x00,0x00,0x00,0x00,0x00,
    0x00,0x00,0x00,0x00,0x00,0x00,0x00,0x00,0x00,0x00,0x00,0x00,0x00,0x00,0x00,0x00,
    0x48,0xb7,0xc3,0xed,0xe3,0xce,0xd8,0xea,0x8e,0x04,0x07,0x10,0x14,0x36,0x3c,0x44,
    0x35,0x12,0x10,0x10,0x10,0x10,0x10,0x10,0x18,0x1d,0x1d,0x18,0x10,0x10,0x10,0x19,
    0x2c,0x32,0x57,0x5f,0x48,0x47,0x56,0x58,0x61,0x61,0x61,0x61,0x61,0x61,0x61,0x61,
    0x7a,0x96,0xb7,0xc9,0xd8,0xb1,0x48,0x29,0x8e,0xd1,0xe3,0xdc,0xc8,0x9b,0x6d,0x32,
    0x34,0x5b,0x61,0x61,0x61,0x71,0x80,0xb7,0xdc,0xf5,0xf6,0xdf,0xb7,0x8e,0x7a,0x61,
    0x63,0x65,0x75,0x6a,0x6b,0x69,0x72,0x65,0x67,0x84,0xa1,0xb1,0xa8,0x94,0x75,0x84,
    0x98,0xb1,0x93,0x49,0x26,0x7b,0x00,0x00,0x00,0x00,0x00,0x00,0x00,0x00,0x00,0x00,
    0x00,0x00,0x00,0x00,0x00,0x00,0x00,0x00,0x00,0x00,0x00,0x00,0x00,0x00,0x00,0x00,
    0x07,0x29,0x50,0x71,0x71,0x96,0xb4,0xa6,0x3f,0x10,0x10,0x10,0x20,0x43,0x4b,0x39,
    0x16,0x12,0x10,0x10,0x10,0x1d,0x1d,0x1d,0x10,0x10,0x10,0x10,0x10,0x10,0x1b,0x23,
    0x32,0x56,0x55,0x59,0x59,0x57,0x58,0x5b,0x61,0x61,0x61,0x61,0x61,0x61,0x61,0x50,
    0x6f,0x9f,0xce,0xd1,0xd8,0xbc,0x78,0x10,0x80,0xd8,0xed,0xd8,0xc3,0xa3,0x5b,0x19,
    0x29,0x50,0x61,0x61,0x61,0x80,0xba,0xdc,0xed,0xf3,0xea,0xc9,0x96,0x61,0x62,0x63,
    0x6a,0x6a,0x6b,0x6c,0x69,0x78,0x7f,0x93,0x97,0xa8,0xb1,0xb1,0xa8,0x98,0x94,0xa1,
    0xa8,0xb1,0x97,0x64,0x11,0x2f,0xcd,0x00,0x00,0x00,0x00,0x00,0x00,0x00,0x00,0x00,
    0x00,0x00,0x00,0x00,0x00,0x00,0x00,0x00,0x00,0x00,0x00,0x00,0x00,0x00,0x00,0x00,
    0x0b,0x04,0x1b,0x8e,0xc3,0xa5,0x5d,0x28,0x07,0x0b,0x10,0x10,0x1b,0x3f,0x50,0x29,
    0x10,0x10,0x10,0x10,0x10,0x1d,0x1d,0x1d,0x10,0x10,0x10,0x10,0x10,0x10,0x29,0x50,
    0x4f,0x33,0x57,0x55,0x56,0x58,0x61,0x61,0x61,0x61,0x61,0x61,0x61,0x61,0x4f,0x55,
    0x55,0x9b,0xc9,0xd6,0xd5,0xc6,0x90,0x38,0x6a,0xca,0xf3,0xe7,0xdc,0xb7,0x7a,0x3f,
    0x48,0x61,0x61,0x61,0x61,0x80,0xbf,0xe3,0xed,0xe3,0xce,0xb7,0x8e,0x61,0x63,0x66,
    0x66,0x81,0x8a,0xa4,0x9d,0xa5,0xa5,0xad,0xb0,0xb1,0xb1,0xb1,0xb1,0xb1,0xb5,0xb8,
    0xb8,0xb5,0xa7,0x64,0x24,0x02,0xb8,0x00,0x00,0x00,0x00,0x00,0x00,0x00,0x00,0x00,
    0x00,0x00,0x00,0x00,0x00,0x00,0x00,0x00,0x00,0x00,0x00,0x00,0x00,0x00,0x00,0x00,
    0x08,0x4a,0xd8,0xe3,0xe7,0xdc,0xe9,0x8e,0x07,0x10,0x10,0x10,0x10,0x2e,0x61,0x3f,
    0x1b,0x10,0x13,0x15,0x15,0x15,0x13,0x10,0x10,0x10,0x10,0x10,0x1b,0x29,0x43,0x39,
    0x36,0x42,0x5c,0x59,0x5a,0x5b,0x61,0x61,0x61,0x61,0x61,0x61,0x61,0x61,0x50,0x2e,
    0x1d,0x61,0xbf,0xdf,0xd5,0xc2,0x9a,0x3d,0x3d,0xc1,0xe0,0xd8,0xb1,0x71,0x61,0x61,
    0x61,0x61,0x61,0x61,0x61,0x61,0xb7,0xdf,0xf2,0xdc,0xbf,0xa7,0x8f,0x54,0x3c,0x4c,
    0x62,0x7a,0x96,0x9e,0x9d,0xa6,0xae,0xb0,0xb1,0xb1,0xb1,0xb1,0xb1,0xb8,0xc2,0xcd,
    0xc6,0xc2,0xb1,0x82,0x40,0x11,0xaf,0x00,0x00,0x00,0x00,0x00,0x00,0x00,0x00,0x00,
    0x00,0x00,0x00,0x00,0x00,0x00,0x00,0x00,0x00,0x00,0x00,0x00,0x00,0x00,0x00,0x00,
    0x15,0x9a,0xce,0xce,0xa7,0xb1,0xe3,0xd1,0x80,0x3f,0x1b,0x10,0x10,0x29,0x50,0x48,
    0x21,0x13,0x15,0x35,0x27,0x13,0x10,0x10,0x10,0x10,0x10,0x10,0x21,0x43,0x44,0x3b,
    0x42,0x5c,0x5c,0x5e,0x60,0x61,0x61,0x61,0x61,0x61,0x61,0x61,0x61,0x61,0x61,0x47,
    0x31,0x6d,0xcc,0xf3,0xdc,0xb7,0x88,0x88,0xab,0xbf,0xca,0xc7,0xb3,0x9e,0x96,0x80,
    0x61,0x61,0x61,0x61,0x61,0x61,0x9e,0xdc,0xf6,0xec,0xde,0xc6,0xab,0x6b,0x3d,0x6a,
    0x88,0x96,0x8e,0x7a,0x76,0x8e,0xa7,0xb1,0xb1,0xb1,0xb1,0xb1,0xa8,0xb6,0xbc,0xc7,
    0xca,0xc3,0xb7,0xa0,0x65,0x26,0x73,0x00,0x00,0x00,0x00,0x00,0x00,0x00,0x00,0x00,
    0x00,0x00,0x00,0x00,0x00,0x00,0x00,0x00,0x00,0x00,0x00,0x00,0x00,0x00,0x00,0x00,
    0x71,0xbf,0x96,0x21,0x04,0x0c,0xb7,0xd1,0x96,0x48,0x21,0x1b,0x2e,0x50,0x61,0x50,
    0x29,0x10,0x2c,0x32,0x23,0x10,0x10,0x10,0x10,0x10,0x1b,0x29,0x48,0x39,0x37,0x3b,
    0x57,0x57,0x50,0x61,0x61,0x61,0x61,0x61,0x61,0x61,0x61,0x61,0x61,0x61,0x61,0x5a,
    0x58,0x6d,0xbe,0xea,0xdf,0xa7,0x50,0x7a,0x9e,0xb7,0xc1,0xc1,0xb3,0xab,0x80,0x71,
    0x61,0x61,0x61,0x61,0x7f,0xa5,0xcd,0xec,0xf9,0xf7,0xe2,0xb8,0x91,0x95,0xa0,0xb7,
    0xc3,0xd1,0xbc,0x8a,0x3a,0x6a,0x9a,0xb1,0xb1,0xb1,0xb1,0xa1,0x84,0x84,0xa9,0xc5,
    0xd1,0xc9,0xba,0xa8,0x7b,0x30,0x26,0x00,0x00,0x00,0x00,0x00,0x00,0x00,0x00,0x00,
    0x00,0x00,0x00,0x00,0x00,0x00,0x00,0x00,0x00,0x00,0x00,0x00,0x00,0x00,0x00,0x00,
    0xa7,0xd1,0x80,0x04,0x04,0x04,0x96,0xe7,0xa7,0x1b,0x10,0x10,0x2e,0x61,0x61,0x5b,
    0x33,0x19,0x19,0x19,0x10,0x10,0x10,0x10,0x10,0x10,0x20,0x43,0x61,0x54,0x54,0x5a,
    0x56,0x58,0x5b,0x61,0x61,0x61,0x61,0x61,0x61,0x61,0x61,0x61,0x61,0x61,0x61,0x61,
    0x61,0x71,0xb7,0xd8,0xd8,0x96,0x21,0x48,0x91,0xc2,0xc7,0xd3,0xbf,0x97,0x5a,0x5a,
    0x5b,0x61,0x61,0x61,0x8f,0xc2,0xe2,0xec,0xf5,0xf2,0xc9,0x80,0x71,0xb1,0xdf,0xf5,
    0xf9,0xfa,0xed,0xc1,0x45,0x72,0x95,0xb1,0xb1,0xb1,0xb1,0xa1,0x98,0x98,0xb9,0xc9,
    0xd8,0xce,0xbf,0xb7,0xa0,0x97,0x97,0x00,0x00,0x00,0x00,0x00,0x00,0x00,0x00,0x00,
    0x00,0x00,0x00,0x00,0x00,0x00,0x00,0x00,0x00,0x00,0x00,0x00,0x00,0x00,0x00,0x00,
    0xb7,0xd1,0xba,0x5e,0x6e,0x9d,0xce,0xd8,0x80,0x07,0x04,0x0c,0x29,0x50,0x5a,0x56,
    0x31,0x19,0x10,0x10,0x10,0x10,0x10,0x1e,0x3e,0x35,0x36,0x39,0x44,0x44,0x51,0x5d,
    0x5e,0x61,0x61,0x61,0x61,0x61,0x61,0x61,0x61,0x61,0x61,0x61,0x61,0x61,0x61,0x61,
    0x7a,0x9e,0xba,0xc9,0xd8,0x9e,0x3f,0x2e,0x9c,0xd7,0xdb,0xdc,0xcc,0xa3,0x6d,0x56,
    0x5a,0x61,0x61,0x61,0x80,0xc3,0xe7,0xe9,0xe5,0xe2,0xbd,0x6e,0x21,0xb7,0xf2,0xfa,
    0xfa,0xfa,0xf7,0xd5,0x8d,0x61,0x80,0x9e,0xb1,0xb1,0xb1,0xb1,0xb1,0xb1,0xba,0xc3,
    0xd1,0xd1,0xc3,0xb7,0xa8,0xb5,0xc6,0x00,0x00,0x00,0x00,0x00,0x00,0x00,0x00,0x00,
    0x00,0x00,0x00,0x00,0x00,0x00,0x00,0x00,0x00,0x00,0x00,0x00,0x00,0x00,0x00,0x00,
    0x50,0xc3,0xe9,0xd5,0xe5,0xf5,0xf1,0xaf,0x29,0x0c,0x0b,0x10,0x20,0x43,0x50,0x33,
    0x19,0x10,0x10,0x10,0x10,0x10,0x10,0x2d,0x42,0x3b,0x44,0x4b,0x37,0x36,0x4a,0x5e,
    0x60,0x61,0x61,0x61,0x61,0x61,0x61,0x61,0x61,0x61,0x61,0x61,0x61,0x61,0x61,0x5f,
    0x7e,0xb0,0xce,0xd8,0xd8,0xba,0x61,0x1e,0x91,0xdf,0xed,0xe3,0xd8,0xb9,0x8b,0x5a,
    0x61,0x61,0x61,0x61,0x61,0x8f,0xae,0xad,0xbd,0xd7,0xcd,0x9d,0x50,0xb1,0xe7,0xfa,
    0xf9,0xf7,0xf1,0xc2,0x71,0x21,0x50,0x80,0x9e,0x9e,0xa7,0xb1,0xb1,0xb1,0xb7,0xbf,
    0xce,0xd1,0xc0,0xa2,0x7c,0xb1,0xd7,0x00,0x00,0x00,0x00,0x00,0x00,0x00,0x00,0x00,
    0x00,0x00,0x00,0x00,0x00,0x00,0x00,0x00,0x00,0x00,0x00,0x00,0x00,0x00,0x00,0x00,
    0x06,0x35,0x6c,0xc4,0xe3,0xc2,0x7f,0x21,0x10,0x10,0x10,0x14,0x36,0x3c,0x61,0x2e,
    0x10,0x10,0x10,0x10,0x10,0x12,0x16,0x36,0x36,0x39,0x4a,0x51,0x42,0x15,0x3b,0x50,
    0x61,0x61,0x61,0x61,0x61,0x61,0x61,0x61,0x61,0x61,0x61,0x61,0x61,0x61,0x5f,0x5d,
    0x70,0xaa,0xd1,0xd8,0xd8,0xc9,0x80,0x2e,0x8e,0xd8,0xf2,0xe7,0xdc,0xbf,0x96,0x61,
    0x61,0x61,0x61,0x61,0x61,0x7f,0xa6,0xc6,0xde,0xe9,0xec,0xc9,0x9d,0xad,0xd6,0xf2,
    0xf2,0xe7,0xe3,0xce,0x9e,0x48,0x50,0x61,0x61,0x8e,0x9e,0x96,0x96,0x9e,0xb1,0xba,
    0xc9,0xd8,0xc5,0xa2,0x67,0xb2,0x00,0x00,0x00,0x00,0x00,0x00,0x00,0x00,0x00,0x00,
    0x00,0x00,0x00,0x00,0x00,0x00,0x00,0x00,0x00,0x00,0x00,0x00,0x00,0x00,0x00,0x00,
    0x21,0x68,0x3b,0x1b,0x22,0x29,0x2e,0x2e,0x1b,0x0c,0x10,0x27,0x44,0x54,0x61,0x48,
    0x21,0x10,0x10,0x10,0x1a,0x27,0x35,0x36,0x3b,0x5c,0x5c,0x5c,0x5d,0x4a,0x61,0x61,
    0x61,0x61,0x61,0x61,0x61,0x61,0x61,0x61,0x61,0x61,0x61,0x61,0x61,0x61,0x50,0x59,
    0x55,0x9b,0xc9,0xdf,0xd1,0xbf,0x96,0x7a,0x93,0xcf,0xf2,0xe7,0xce,0xb1,0x8e,0x71,
    0x61,0x61,0x61,0x61,0x61,0x7a,0xba,0xe3,0xf2,0xec,0xdb,0xc6,0xbd,0xbd,0xe5,0xfa,
    0xfc,0xfc,0xfb,0xf8,0xe7,0xdc,0xdf,0xe3,0xdf,0xd1,0xba,0x80,0x7a,0x8e,0xa7,0xb7,
    0xc3,0xd1,0xcb,0xb2,0x85,0xa2,0xe5,0x00,0x00,0x00,0x00,0x00,0x00,0x00,0x00,0x00,
    0x00,0x00,0x00,0x00,0x00,0x00,0x00,0x00,0x00,0x00,0x00,0x00,0x00,0x00,0x00,0x00,
    0xb1,0xe7,0xd8,0xce,0xb2,0x99,0xbb,0xb1,0x2e,0x04,0x0b,0x1b,0x3f,0x61,0x61,0x50,
    0x23,0x10,0x10,0x10,0x2d,0x5c,0x3b,0x3c,0x4a,0x5c,0x5c,0x5c,0x5e,0x60,0x61,0x61,
    0x61,0x61,0x61,0x61,0x61,0x61,0x61,0x61,0x61,0x61,0x61,0x61,0x61,0x61,0x61,0x4f,
    0x57,0x9b,0xd1,0xf2,0xd8,0xa7,0x82,0x73,0x75,0xc5,0xe0,0xdc,0xc3,0xb1,0x96,0x7a,
    0x61,0x61,0x61,0x71,0x80,0x9e,0xd8,0xf6,0xf9,0xec,0xd0,0xc6,0xd0,0xe7,0xfa,0xfd,
    0xfe,0xfe,0xfd,0xfe,0xfe,0xfe,0xfe,0xfd,0xfb,0xf5,0xdc,0xa7,0x71,0x80,0x9e,0xb1,
    0xba,0xbf,0xbf,0xa9,0x85,0x75,0xe2,0x00,0x00,0x00,0x00,0x00,0x00,0x00,0x00,0x00,
    0x00,0x00,0x00,0x00,0x00,0x00,0x00,0x00,0x00,0x00,0x00,0x00,0x00,0x00,0x00,0x00,
    0xc3,0xf3,0xdf,0xba,0xe0,0xfc,0xf9,0xd1,0x50,0x0b,0x10,0x10,0x2e,0x61,0x58,0x56,
    0x2c,0x1f,0x22,0x16,0x2f,0x32,0x56,0x4b,0x44,0x5f,0x5f,0x61,0x61,0x61,0x61,0x61,
    0x61,0x61,0x61,0x61,0x61,0x61,0x61,0x61,0x61,0x61,0x61,0x61,0x61,0x61,0x61,0x61,
    0x7a,0x9e,0xd1,0xf2,0xd8,0x9e,0x62,0x63,0x64,0x93,0xa8,0xb1,0xb7,0xa7,0x80,0x71,
    0x61,0x61,0x61,0x71,0x8e,0xa7,0xc9,0xe3,0xf5,0xe3,0xc3,0xa7,0xc9,0xe7,0xf8,0xfb,
    0xfc,0xfd,0xfd,0xfd,0xfd,0xfd,0xfe,0xfd,0xfc,0xfa,0xe3,0xb7,0x71,0x7a,0x96,0xb1,
    0xb1,0xb1,0xb1,0xa9,0x99,0x99,0xe7,0x00,0x00,0x00,0x00,0x00,0x00,0x00,0x00,0x00,
    0x00,0x00,0x00,0x00,0x00,0x00,0x00,0x00,0x00,0x00,0x00,0x00,0x00,0x00,0x00,0x00,
    0x71,0x61,0x50,0x7a,0xc9,0xf3,0xdc,0x7a,0x29,0x1b,0x10,0x10,0x29,0x50,0x58,0x55,
    0x55,0x32,0x34,0x37,0x37,0x4f,0x52,0x39,0x37,0x44,0x5e,0x5e,0x61,0x61,0x61,0x61,
    0x61,0x61,0x61,0x61,0x61,0x61,0x61,0x61,0x61,0x61,0x61,0x61,0x61,0x61,0x61,0x71,
    0x96,0xb8,0xd0,0xdf,0xd1,0xa7,0x61,0x61,0x80,0xb1,0xce,0xe3,0xd1,0x9e,0x61,0x61,
    0x61,0x61,0x61,0x61,0x80,0xa7,0xc3,0xd8,0xe3,0xd1,0xb1,0x71,0xb1,0xdc,0xf3,0xf8,
    0xf9,0xf9,0xf3,0xdf,0xf3,0xfb,0xfd,0xfd,0xfa,0xe3,0xb7,0x8e,0x7a,0x80,0x9e,0xa7,
    0xb1,0xb1,0xb1,0xb6,0xb2,0xb2,0xd8,0x00,0x00,0x00,0x00,0x00,0x00,0x00,0x00,0x00,
    0x00,0x00,0x00,0x00,0x00,0x00,0x00,0x00,0x00,0x00,0x00,0x00,0x00,0x00,0x00,0x00,
    0x0b,0x0c,0x21,0x8e,0xb1,0x9e,0x48,0x1b,0x10,0x10,0x12,0x16,0x39,0x4b,0x50,0x33,
    0x1d,0x33,0x54,0x39,0x39,0x3c,0x39,0x3c,0x54,0x5e,0x5d,0x5e,0x60,0x61,0x61,0x61,
    0x61,0x61,0x61,0x61,0x61,0x61,0x61,0x61,0x61,0x61,0x61,0x61,0x61,0x61,0x61,0x61,
    0x9d,0xc6,0xd5,0xd6,0xd1,0xa7,0x3f,0x48,0xb1,0xd1,0xd8,0xd8,0xc3,0x96,0x61,0x61,
    0x61,0x61,0x61,0x61,0x80,0xb7,0xd8,0xdc,0xdf,0xdc,0xc3,0xb1,0xb7,0xd8,0xed,0xf5,
    0xf8,0xf9,0xfb,0xfc,0xfe,0xfe,0xfe,0xfd,0xf8,0xce,0x8e,0x8e,0x96,0xa7,0xb1,0xb1,
    0xb1,0xb7,0xbf,0xc9,0xc5,0xba,0xb1,0x00,0x00,0x00,0x00,0x00,0x00,0x00,0x00,0x00,
    0x00,0x00,0x00,0x00,0x00,0x00,0x00,0x00,0x00,0x00,0x00,0x00,0x00,0x00,0x00,0x00,
    0x0d,0x64,0xc0,0xc9,0xba,0x96,0x71,0x48,0x10,0x0c,0x10,0x2a,0x4b,0x54,0x61,0x33,
    0x23,0x2f,0x37,0x3c,0x54,0x3c,0x3c,0x4b,0x61,0x61,0x61,0x61,0x61,0x61,0x61,0x61,
    0x61,0x61,0x61,0x61,0x61,0x61,0x61,0x61,0x61,0x61,0x61,0x61,0x61,0x61,0x54,0x44,
    0x87,0xbc,0xd6,0xd8,0xd6,0xb0,0x50,0x21,0x71,0xb1,0xb1,0xac,0xa4,0x86,0x68,0x61,
    0x61,0x61,0x61,0x61,0x7a,0xba,0xe3,0xed,0xf2,0xf3,0xe3,0xc3,0x9e,0xc3,0xe3,0xf6,
    0xfa,0xfc,0xfc,0xfd,0xfd,0xfc,0xfb,0xf9,0xdf,0xb7,0x80,0x8e,0x9e,0xb1,0xb1,0xb1,
    0xb1,0xba,0xc9,0xcb,0xc5,0xc3,0xc6,0x00,0x00,0x00,0x00,0x00,0x00,0x00,0x00,0x00,
    0x00,0x00,0x00,0x00,0x00,0x00,0x00,0x00,0x00,0x00,0x00,0x00,0x00,0x00,0x00,0x00,
    0x64,0xb2,0xeb,0xf6,0xe3,0xdc,0xd8,0xa7,0x0c,0x04,0x0c,0x29,0x50,0x61,0x61,0x58,
    0x34,0x33,0x44,0x44,0x39,0x37,0x4b,0x61,0x61,0x61,0x61,0x61,0x61,0x61,0x61,0x61,
    0x61,0x61,0x61,0x61,0x61,0x61,0x61,0x61,0x61,0x61,0x61,0x61,0x61,0x61,0x44,0x37,
    0x3d,0xb2,0xe7,0xe5,0xdb,0xbd,0x77,0x29,0x50,0x7a,0x7d,0x86,0x6c,0x86,0x68,0x61,
    0x61,0x61,0x61,0x61,0x61,0xb7,0xdf,0xf3,0xf6,0xf9,0xf5,0xc9,0x7a,0xb1,0xe7,0xfa,
    0xfb,0xf9,0xf6,0xf8,0xf5,0xea,0xd8,0xc3,0xb1,0x9e,0x9e,0xb1,0xb1,0xb1,0xb1,0xba,
    0xc3,0xc9,0xc5,0xbb,0xbb,0xc0,0xd7,0x00,0x00,0x00,0x00,0x00,0x00,0x00,0x00,0x00,
    0x00,0x00,0x00,0x00,0x00,0x00,0x00,0x00,0x00,0x00,0x00,0x00,0x00,0x00,0x00,0x00,
    0x50,0x8e,0xba,0xc3,0xe7,0xf9,0xed,0xc3,0x3f,0x0b,0x10,0x21,0x48,0x61,0x61,0x60,
    0x5d,0x5c,0x5d,0x5e,0x47,0x56,0x58,0x61,0x61,0x61,0x61,0x61,0x61,0x61,0x61,0x61,
    0x61,0x61,0x61,0x61,0x61,0x61,0x61,0x61,0x61,0x61,0x61,0x61,0x61,0x61,0x52,0x2b,
    0x11,0xa2,0xe4,0xe9,0xd6,0xb5,0x8e,0x71,0x79,0x8d,0xa5,0x9d,0x86,0x68,0x61,0x61,
    0x62,0x63,0x65,0x64,0x62,0x9e,0xd1,0xf2,0xf4,0xf6,0xf5,0xce,0x96,0xa7,0xea,0xfb,
    0xfb,0xf8,0xe7,0xce,0x96,0x21,0x2e,0x50,0x80,0x96,0xa7,0xb1,0xb1,0xb1,0xb1,0xc3,
    0xd1,0xe0,0xcb,0x99,0x67,0xa9,0xdb,0x00,0x00,0x00,0x00,0x00,0x00,0x00,0x00,0x00,
    0x00,0x00,0x00,0x00,0x00,0x00,0x00,0x00,0x00,0x00,0x00,0x00,0x00,0x00,0x00,0x00,
    0x10,0x10,0x1b,0x10,0x50,0x8e,0x8e,0x9e,0x48,0x10,0x10,0x10,0x33,0x61,0x4b,0x39,
    0x4a,0x5c,0x5c,0x5d,0x59,0x58,0x5b,0x61,0x61,0x61,0x61,0x61,0x61,0x61,0x61,0x61,
    0x61,0x61,0x61,0x61,0x61,0x61,0x61,0x61,0x61,0x61,0x61,0x61,0x61,0x61,0x61,0x52,
    0x4f,0xa0,0xdc,0xed,0xd1,0x9e,0x8e,0x96,0xb0,0xc2,0xd7,0xcd,0xae,0x8c,0x7e,0x6f,
    0x63,0x65,0x66,0x64,0x69,0x89,0xc2,0xe1,0xf0,0xf0,0xec,0xc9,0x9b,0x6d,0xcc,0xf4,
    0xf9,0xea,0xd6,0xb8,0x9d,0x7f,0x8e,0x9e,0xb1,0xb1,0xb1,0xb1,0xb1,0xb1,0xb1,0xc3,
    0xdc,0xf2,0xd2,0x85,0x26,0x67,0x00,0x00,0x00,0x00,0x00,0x00,0x00,0x00,0x00,0x00,
    0x00,0x00,0x00,0x00,0x00,0x00,0x00,0x00,0x00,0x00,0x00,0x00,0x00,0x00,0x00,0x00,
    0x10,0x10,0x0b,0x04,0x21,0xa7,0xba,0x80,0x2e,0x1b,0x1f,0x31,0x34,0x5b,0x44,0x3b,
    0x3b,0x3b,0x39,0x4b,0x5b,0x5b,0x61,0x61,0x61,0x61,0x61,0x61,0x61,0x61,0x61,0x61,
    0x61,0x61,0x61,0x61,0x61,0x61,0x61,0x61,0x61,0x61,0x61,0x61,0x61,0x61,0x61,0x71,
    0x80,0xb1,0xd8,0xf2,0xd1,0x8e,0x61,0x96,0xc9,0xdc,0xea,0xe9,0xcd,0xad,0x90,0x79,
    0x61,0x62,0x61,0x68,0x86,0x89,0xd0,0xf4,0xfa,0xf7,0xe2,0xbd,0x9b,0x6d,0x8b,0xb6,
    0xba,0xa6,0xa5,0xa5,0xad,0xb0,0xb1,0xb1,0xb1,0xb1,0xb1,0xb1,0xb1,0xb7,0xba,0xc9,
    0xd8,0xdf,0xcb,0x84,0x11,0x26,0xd0,0x00,0x00,0x00,0x00,0x00,0x00,0x00,0x00,0x00,
    0x00,0x00,0x00,0x00,0x00,0x00,0x00,0x00,0x00,0x00,0x00,0x00,0x00,0x00,0x00,0x00,
    0x3f,0x10,0x04,0x10,0x8e,0xdf,0xed,0x96,0x10,0x10,0x1f,0x34,0x5a,0x61,0x60,0x51,
    0x4a,0x3c,0x4b,0x58,0x56,0x58,0x61,0x61,0x61,0x61,0x61,0x61,0x61,0x61,0x61,0x61,
    0x61,0x61,0x61,0x61,0x61,0x61,0x61,0x61,0x61,0x61,0x61,0x61,0x61,0x61,0x61,0x7a,
    0x9e,0xbf,0xd1,0xdf,0xc3,0x71,0x1b,0x80,0xba,0xc9,0xc9,0xc3,0xb7,0xb1,0x9e,0x8d,
    0x7e,0x7e,0x6f,0x71,0x8e,0xa7,0xd8,0xf6,0xfb,0xf5,0xd6,0xb4,0x91,0x7a,0x71,0x7a,
    0x80,0x91,0xa6,0xaf,0xb0,0xb1,0xb1,0xb1,0xb1,0xb1,0xb1,0xb1,0xb1,0xbf,0xce,0xd8,
    0xd1,0xce,0xc0,0x84,0x30,0x11,0xcd,0x00,0x00,0x00,0x00,0x00,0x00,0x00,0x00,0x00,
    0x00,0x00,0x00,0x00,0x00,0x00,0x00,0x00,0x00,0x00,0x00,0x00,0x00,0x00,0x00,0x00,
    0xb7,0xb1,0x50,0xb7,0xea,0xf2,0xe7,0x8e,0x10,0x10,0x10,0x2e,0x61,0x61,0x61,0x3c,
    0x36,0x44,0x61,0x5b,0x5b,0x61,0x61,0x61,0x61,0x61,0x61,0x61,0x61,0x61,0x61,0x61,
    0x61,0x61,0x61,0x61,0x61,0x61,0x61,0x61,0x61,0x61,0x61,0x61,0x61,0x61,0x61,0x61,
    0xa7,0xce,0xd8,0xd8,0xce,0xa7,0x61,0x7a,0x9e,0xb7,0xb7,0xb1,0xa7,0x8e,0x79,0x8c,
    0x9c,0x90,0x79,0x61,0x96,0xba,0xd8,0xe7,0xf2,0xe7,0xd0,0xb4,0xa6,0x9d,0xa7,0xb1,
    0xb1,0xb1,0xb1,0xb1,0xb1,0xb1,0xb1,0xb1,0xb1,0xb1,0xb1,0xb1,0xb1,0xba,0xc9,0xd1,
    0xce,0xbf,0xb6,0x83,0x53,0x41,0xc9,0x00,0x00,0x00,0x00,0x00,0x00,0x00,0x00,0x00,
    0x00,0x00,0x00,0x00,0x00,0x00,0x00,0x00,0x00,0x00,0x00,0x00,0x00,0x00,0x00,0x00,
    0xd8,0xea,0xce,0xce,0xd8,0xc3,0x91,0x48,0x1b,0x10,0x10,0x29,0x50,0x61,0x61,0x5f,
    0x5c,0x5d,0x60,0x61,0x61,0x61,0x61,0x61,0x61,0x61,0x61,0x61,0x61,0x61,0x61,0x61,
    0x61,0x61,0x61,0x61,0x61,0x61,0x61,0x61,0x61,0x61,0x61,0x61,0x61,0x61,0x61,0x61,
    0x96,0xc3,0xd8,0xd8,0xce,0xb7,0x8a,0x8a,0xbc,0xd1,0xc9,0xba,0xa7,0x8e,0x71,0x72,
    0x74,0x67,0x65,0x62,0x8e,0xc3,0xe7,0xed,0xf3,0xed,0xd5,0xae,0xa5,0xa6,0xb0,0xb1,
    0xb1,0xb1,0xb1,0xb1,0xb1,0xb1,0xb1,0xb1,0xb1,0xb1,0xb1,0xb1,0xb1,0xb7,0xba,0xbf,
    0xba,0xa9,0x84,0x75,0x67,0x75,0xc0,0x00,0x00,0x00,0x00,0x00,0x00,0x00,0x00,0x00,
    0x00,0x00,0x00,0x00,0x00,0x00,0x00,0x00,0x00,0x00,0x00,0x00,0x00,0x00,0x00,0x00,
    0xce,0xdc,0xd1,0xd6,0xc2,0x9c,0x5e,0x21,0x1b,0x10,0x10,0x21,0x48,0x61,0x61,0x60,
    0x60,0x61,0x61,0x61,0x61,0x61,0x61,0x61,0x61,0x61,0x61,0x61,0x61,0x61,0x61,0x61,
    0x61,0x61,0x61,0x61,0x61,0x61,0x61,0x61,0x61,0x61,0x61,0x61,0x61,0x61,0x61,0x61,
    0x80,0xc3,0xed,0xdc,0xbf,0xac,0x8a,0x87,0xb3,0xce,0xce,0xbf,0xb1,0x96,0x7a,0x63,
    0x65,0x67,0x65,0x63,0x7a,0xbf,0xe3,0xea,0xe7,0xe3,0xc9,0x9d,0x71,0x80,0x9e,0xb1,
    0xb1,0xb1,0xb1,0xb1,0xb1,0xb1,0xb1,0xb1,0xb1,0xb1,0xb1,0xb1,0xb1,0xb1,0xb1,0xb1,
    0xb1,0x97,0x7b,0x65,0x7b,0x93,0xa8,0x00,0x00,0x00,0x00,0x00,0x00,0x00,0x00,0x00,
    0x00,0x00,0x00,0x00,0x00,0x00,0x00,0x00,0x00,0x00,0x00,0x00,0x00,0x00,0x00,0x00,
    0x9e,0x50,0x7a,0xba,0xd6,0xf6,0xdc,0x61,0x29,0x10,0x29,0x48,0x61,0x61,0x61,0x61,
    0x61,0x61,0x61,0x61,0x61,0x61,0x61,0x61,0x61,0x61,0x61,0x61,0x61,0x61,0x61,0x61,
    0x61,0x61,0x61,0x61,0x61,0x61,0x61,0x61,0x61,0x61,0x61,0x61,0x61,0x61,0x61,0x61,
    0x79,0xc3,0xea,0xe7,0xc9,0xa7,0x8e,0x7a,0xa7,0xce,0xe3,0xd1,0xba,0x9e,0x80,0x61,
    0x65,0x67,0x66,0x64,0x61,0x9e,0xc3,0xdc,0xdc,0xd8,0xc9,0xa7,0x71,0x7a,0x96,0xb1,
    0xb1,0xb1,0xb1,0xb1,0xb1,0xb1,0xb1,0xb1,0xb1,0xb1,0xb1,0xb1,0xb1,0xb1,0xb1,0xb1,
    0xb1,0x9e,0x80,0x52,0x72,0xa8,0xcf,0x00,0x00,0x00,0x00,0x00,0x00,0x00,0x00,0x00,
    0x00,0x00,0x00,0x00,0x00,0x00,0x00,0x00,0x00,0x00,0x00,0x00,0x00,0x00,0x00,0x00,
    0x21,0x04,0x07,0x61,0xba,0xea,0xd8,0x48,0x10,0x10,0x29,0x50,0x61,0x61,0x61,0x5f,
    0x5f,0x60,0x61,0x61,0x61,0x61,0x61,0x61,0x61,0x61,0x61,0x61,0x61,0x61,0x61,0x61,
    0x61,0x61,0x61,0x61,0x61,0x61,0x61,0x61,0x61,0x61,0x61,0x61,0x61,0x61,0x61,0x7e,
    0x9c,0xc6,0xe5,0xed,0xc9,0x8e,0x80,0x96,0xba,0xdc,0xed,0xd1,0xb1,0x80,0x71,0x61,
    0x64,0x65,0x66,0x72,0x7f,0xae,0xd0,0xed,0xea,0xdf,0xc9,0xb1,0x7a,0x71,0x8e,0xa7,
    0xb1,0xb1,0xb1,0xb1,0xb1,0xb1,0xb1,0xb1,0xb1,0xb1,0xb1,0xb1,0xb1,0xb1,0xb1,0xb1,
    0xb1,0xa0,0x73,0x30,0x30,0xa9,0xe3,0x00,0x00,0x00,0x00,0x00,0x00,0x00,0x00,0x00,
    0x00,0x00,0x00,0x00,0x00,0x00,0x00,0x00,0x00,0x00,0x00,0x00,0x00,0x00,0x00,0x00,
    0x10,0x0c,0x10,0x2e,0x71,0xb1,0xa7,0x3f,0x10,0x10,0x1b,0x48,0x61,0x61,0x60,0x5d,
    0x5d,0x5f,0x61,0x61,0x61,0x61,0x61,0x61,0x61,0x61,0x61,0x61,0x61,0x61,0x61,0x61,
    0x61,0x61,0x61,0x61,0x61,0x61,0x61,0x61,0x61,0x61,0x61,0x61,0x61,0x61,0x61,0x7f,
    0x9d,0xc2,0xdc,0xf2,0xc9,0x7a,0x71,0xb7,0xe3,0xe7,0xdf,0xc9,0xa7,0x61,0x61,0x61,
    0x61,0x62,0x62,0x7e,0x9c,0xb4,0xd5,0xec,0xea,0xd8,0xba,0x9e,0x80,0x7a,0x96,0xa7,
    0xb1,0xb1,0xb1,0xb1,0xb1,0xb1,0xb1,0xb1,0xb1,0xb1,0xb1,0xb1,0xb1,0xb1,0xb1,0xb1,
    0xb1,0xb1,0x7b,0x30,0x11,0xa8,0x00,0x00,0x00,0x00,0x00,0x00,0x00,0x00,0x00,0x00,
    0x00,0x00,0x00,0x00,0x00,0x00,0x00,0x00,0x00,0x00,0x00,0x00,0x00,0x00,0x00,0x00,
    0x10,0x10,0x10,0x29,0x48,0x48,0x2e,0x2a,0x16,0x16,0x1a,0x3f,0x61,0x61,0x61,0x60,
    0x61,0x61,0x61,0x61,0x61,0x61,0x61,0x61,0x61,0x61,0x61,0x61,0x61,0x61,0x61,0x61,
    0x61,0x61,0x61,0x61,0x61,0x61,0x61,0x61,0x61,0x61,0x61,0x61,0x61,0x61,0x61,0x7a,
    0xa7,0xc9,0xd8,0xdc,0xba,0x61,0x22,0x97,0xcf,0xdd,0xe4,0xe7,0xc3,0x80,0x61,0x78,
    0x7e,0x78,0x6f,0x79,0x91,0xb1,0xc9,0xd8,0xd1,0xb7,0x96,0x80,0x8e,0xa7,0xb1,0xb1,
    0xb1,0xb1,0xb1,0xb1,0xb1,0xb1,0xb1,0xb1,0xb1,0xb1,0xb1,0xb1,0xb1,0xb1,0xb1,0xb1,
    0xb1,0xb1,0x93,0x64,0x26,0x83,0x00,0x00,0x00,0x00,0x00,0x00,0x00,0x00,0x00,0x00,
    0x00,0x00,0x00,0x00,0x00,0x00,0x00,0x00,0x00,0x00,0x00,0x00,0x00,0x00,0x00,0x00,
    0x10,0x10,0x10,0x10,0x10,0x10,0x10,0x12,0x14,0x27,0x3e,0x5d,0x60,0x61,0x61,0x61,
    0x61,0x61,0x61,0x61,0x61,0x61,0x61,0x61,0x61,0x61,0x61,0x61,0x61,0x61,0x61,0x61,
    0x61,0x61,0x61,0x61,0x61,0x61,0x61,0x61,0x61,0x61,0x61,0x61,0x61,0x61,0x61,0x71,
    0xb1,0xd8,0xdf,0xdc,0xc9,0x80,0x1b,0x49,0x99,0xcb,0xdd,0xe4,0xc3,0x8e,0x6f,0x8c,
    0x9c,0x90,0x8d,0x8e,0x9e,0xb1,0xa7,0x8e,0x71,0x71,0x7a,0x80,0x9e,0xa7,0xb1,0xb1,
    0xb1,0xb1,0xb1,0xb1,0xb1,0xb1,0xb1,0xb1,0xb1,0xb1,0xb1,0xb1,0xb1,0xb1,0xb1,0xb1,
    0xb1,0xb1,0xa0,0x73,0x30,0x49,0xde,0x00,0x00,0x00,0x00,0x00,0x00,0x00,0x00,0x00,
    0x00,0x00,0x00,0x00,0x00,0x00,0x00,0x00,0x00,0x00,0x00,0x00,0x00,0x00,0x00,0x00,
    0x10,0x10,0x10,0x10,0x10,0x10,0x10,0x10,0x10,0x1b,0x3f,0x60,0x61,0x61,0x61,0x61,
    0x61,0x61,0x61,0x61,0x61,0x61,0x61,0x61,0x61,0x61,0x61,0x61,0x61,0x61,0x61,0x61,
    0x61,0x61,0x61,0x61,0x61,0x61,0x61,0x61,0x61,0x61,0x61,0x61,0x61,0x61,0x61,0x61,
    0xb1,0xdf,0xf2,0xdf,0xc9,0x9e,0x61,0x7a,0xb9,0xd8,0xd8,0xd1,0xba,0x96,0x61,0x6f,
    0x6f,0x79,0x91,0xb1,0xb1,0xb1,0xb1,0xa7,0x9e,0xa7,0xb1,0xb1,0xb1,0xb1,0xb1,0xb1,
    0xb1,0xb1,0xb1,0xb1,0xb1,0xb1,0xb1,0xb1,0xb1,0xb1,0xb1,0xb1,0xb1,0xb1,0xb1,0xb1,
    0xb1,0xb1,0xb1,0x82,0x30,0x11,0xd7,0x00,0x00,0x00,0x00,0x00,0x00,0x00,0x00,0x00,
    0x00,0x00,0x00,0x00,0x00,0x00,0x00,0x00,0x00,0x00,0x00,0x00,0x00,0x00,0x00,0x00,
    0x10,0x10,0x10,0x10,0x10,0x10,0x10,0x10,0x10,0x10,0x2e,0x61,0x61,0x61,0x61,0x61,
    0x61,0x61,0x61,0x61,0x61,0x61,0x61,0x61,0x61,0x61,0x61,0x61,0x61,0x61,0x61,0x61,
    0x61,0x61,0x61,0x61,0x61,0x61,0x61,0x61,0x61,0x61,0x61,0x61,0x61,0x61,0x61,0x61,
    0x8e,0xce,0xf3,0xdc,0xb7,0x96,0x8e,0x96,0xc9,0xe7,0xe3,0xc9,0xa7,0x8e,0x71,0x6f,
    0x7e,0x9c,0xa5,0xb0,0xb1,0xb1,0xb1,0xb1,0xb1,0xb1,0xb1,0xb1,0xb1,0xb1,0xb1,0xb1,
    0xb1,0xb1,0xb1,0xb1,0xb1,0xb1,0xb1,0xb1,0xb1,0xb1,0xb1,0xb1,0xb1,0xb1,0xb1,0xb1,
    0xb1,0xb1,0xb1,0x97,0x74,0x41,0xc7,0x00,0x00,0x00,0x00,0x00,0x00,0x00,0x00,0x00,
    0x00,0x00,0x00,0x00,0x00,0x00,0x00,0x00,0x00,0x00,0x00,0x00,0x00,0x00,0x00,0x00,
    0x10,0x10,0x1a,0x1a,0x10,0x10,0x10,0x10,0x10,0x10,0x29,0x50,0x61,0x61,0x61,0x61,
    0x61,0x61,0x61,0x61,0x61,0x61,0x61,0x61,0x61,0x61,0x61,0x61,0x61,0x61,0x61,0x61,
    0x61,0x61,0x61,0x61,0x61,0x61,0x61,0x61,0x61,0x61,0x61,0x61,0x61,0x61,0x61,0x7a,
    0x8e,0xc9,0xed,0xdc,0xb1,0x71,0x8e,0xb4,0xd6,0xe9,0xed,0xd1,0xb7,0x96,0x7a,0x6f,
    0x8c,0x9c,0xad,0xae,0xb1,0xb1,0xb1,0xb1,0xb1,0xb1,0xb1,0xb1,0xb1,0xb1,0xb1,0xb1,
    0xb1,0xb1,0xb1,0xb1,0xb1,0xb1,0xb1,0xb1,0xb1,0xb1,0xb1,0xb1,0xb1,0xb1,0xb1,0xb1,
    0xb1,0xb1,0xb1,0xa8,0x94,0x84,0xbf,0x00,0x00,0x00,0x00,0x00,0x00,0x00,0x00,0x00,
    0x00,0x00,0x00,0x00,0x00,0x00,0x00,0x00,0x00,0x00,0x00,0x00,0x00,0x00,0x00,0x00,
    0x10,0x28,0x5c,0x28,0x10,0x10,0x10,0x2d,0x3e,0x28,0x28,0x48,0x61,0x61,0x61,0x61,
    0x61,0x61,0x61,0x61,0x61,0x61,0x61,0x61,0x61,0x61,0x61,0x61,0x61,0x61,0x61,0x61,
    0x61,0x61,0x61,0x61,0x61,0x61,0x61,0x61,0x61,0x61,0x61,0x61,0x61,0x61,0x61,0x8e,
    0xa9,0xcb,0xe8,0xe7,0xa7,0x21,0x77,0xbd,0xd7,0xe2,0xea,0xd1,0xba,0x9e,0x80,0x61,
    0x7e,0x9c,0xad,0xaf,0xb1,0xb1,0xb1,0xb1,0xb1,0xb1,0xb1,0xb1,0xb1,0xb1,0xb1,0xb1,
    0xb1,0xb1,0xb1,0xb1,0xb1,0xb1,0xb1,0xb1,0xb1,0xb1,0xb1,0xb1,0xb1,0xb1,0xb1,0xb1,
    0xb1,0xa7,0x9e,0x8e,0x91,0xaf,0xc6,0x00,0x00,0x00,0x00,0x00,0x00,0x00,0x00,0x00,
    0x00,0x00,0x00,0x00,0x00,0x00,0x00,0x00,0x00,0x00,0x00,0x00,0x00,0x00,0x00,0x00,
    0x10,0x1a,0x1a,0x10,0x10,0x10,0x10,0x1d,0x55,0x3e,0x5c,0x5e,0x61,0x61,0x61,0x61,
    0x61,0x61,0x61,0x61,0x61,0x61,0x61,0x61,0x61,0x61,0x61,0x61,0x61,0x61,0x61,0x61,
    0x61,0x61,0x61,0x61,0x61,0x61,0x61,0x61,0x61,0x61,0x61,0x61,0x61,0x61,0x61,0x82,
    0xa2,0xcb,0xdd,0xea,0xb9,0x58,0x5a,0x9b,0xba,0xc3,0xd1,0xc9,0xb7,0x8f,0x86,0x86,
    0x89,0xa4,0xb1,0xb1,0xb1,0xb1,0xb1,0xb1,0xb1,0xb1,0xb1,0xb1,0xb1,0xb1,0xb1,0xb1,
    0xb1,0xb1,0xb1,0xb1,0xb1,0xb1,0xb1,0xb1,0xb1,0xb1,0xb1,0xb1,0xb1,0xb1,0xb1,0xb1,
    0xb1,0x9e,0x82,0x52,0x7a,0xb4,0xd7,0x00,0x00,0x00,0x00,0x00,0x00,0x00,0x00,0x00,
    0x00,0x00,0x00,0x00,0x00,0x00,0x00,0x00,0x00,0x00,0x00,0x00,0x00,0x00,0x00,0x00,
    0x10,0x10,0x10,0x10,0x10,0x10,0x10,0x18,0x1d,0x2c,0x50,0x61,0x61,0x61,0x61,0x61,
    0x61,0x61,0x61,0x61,0x61,0x61,0x61,0x61,0x61,0x61,0x61,0x61,0x61,0x61,0x61,0x61,
    0x61,0x61,0x61,0x61,0x61,0x61,0x61,0x61,0x61,0x61,0x61,0x61,0x61,0x61,0x61,0x7a,
    0xb2,0xd1,0xd8,0xd8,0xbe,0x6d,0x32,0x8b,0xc3,0xce,0xd8,0xce,0xa7,0x71,0x76,0x6b,
    0x87,0x9a,0xa8,0xb1,0xb1,0xb1,0xb1,0xb1,0xb1,0xb1,0xb1,0xb1,0xb1,0xb1,0xb1,0xb1,
    0xb1,0xb1,0xb1,0xb1,0xb1,0xb1,0xb1,0xb1,0xb1,0xb1,0xb1,0xb1,0xb1,0xb1,0xb1,0xb1,
    0xb1,0xa7,0x7b,0x30,0x2b,0xa0,0xdb,0x00,0x00,0x00,0x00,0x00,0x00,0x00,0x00,0x00,
    0x00,0x00,0x00,0x00,0x00,0x00,0x00,0x00,0x00,0x00,0x00,0x00,0x00,0x00,0x00,0x00,
    0x12,0x10,0x10,0x10,0x10,0x10,0x1a,0x1e,0x28,0x3e,0x4e,0x61,0x61,0x61,0x61,0x61,
    0x61,0x61,0x61,0x61,0x61,0x61,0x61,0x61,0x61,0x61,0x61,0x61,0x61,0x61,0x61,0x61,
    0x61,0x61,0x61,0x61,0x61,0x61,0x61,0x61,0x61,0x61,0x61,0x61,0x61,0x61,0x61,0x71,
    0xb7,0xdf,0xe7,0xdf,0xc8,0x80,0x1b,0x7a,0xb7,0xc3,0xc3,0xbf,0x9e,0x7a,0x63,0x65,
    0x67,0x84,0xa1,0xb1,0xb1,0xb1,0xb1,0xb1,0xb1,0xb1,0xb1,0xb1,0xb1,0xb1,0xb1,0xb1,
    0xb1,0xb1,0xb1,0xb1,0xb1,0xb1,0xb1,0xb1,0xb1,0xb1,0xb1,0xb1,0xb1,0xb1,0xb1,0xb1,
    0xb1,0xb1,0x83,0x49,0x11,0xa0,0x00,0x00,0x00,0x00,0x00,0x00,0x00,0x00,0x00,0x00,
    0x00,0x00,0x00,0x00,0x00,0x00,0x00,0x00,0x00,0x00,0x00,0x00,0x00,0x00,0x00,0x00,
    0x15,0x13,0x10,0x10,0x10,0x10,0x28,0x5c,0x5c,0x3e,0x46,0x61,0x61,0x61,0x61,0x61,
    0x61,0x61,0x61,0x61,0x61,0x61,0x61,0x61,0x61,0x61,0x61,0x61,0x61,0x61,0x61,0x61,
    0x61,0x61,0x61,0x61,0x61,0x61,0x61,0x61,0x61,0x61,0x61,0x61,0x61,0x61,0x61,0x61,
    0xb1,0xdf,0xed,0xdc,0xbf,0x96,0x71,0x7a,0x96,0xa7,0x9e,0x96,0x8d,0x8d,0x90,0x82,
    0x75,0x7c,0x98,0xb1,0xb1,0xb1,0xac,0xab,0x89,0xa4,0xab,0xb1,0xb1,0xb1,0xb1,0xb1,
    0xb1,0xb1,0xb1,0xb1,0xb1,0xb1,0xb1,0xb1,0xb1,0xb1,0xb1,0xb1,0xb1,0xb1,0xb1,0xb1,
    0xb1,0xb7,0xa9,0x75,0x30,0x84,0x00,0x00,0x00,0x00,0x00,0x00,0x00,0x00,0x00,0x00,
    0x00,0x00,0x00,0x00,0x00,0x00,0x00,0x00,0x00,0x00,0x00,0x00,0x00,0x00,0x00,0x00,
    0x10,0x10,0x10,0x10,0x10,0x10,0x13,0x15,0x15,0x14,0x2a,0x50,0x61,0x61,0x61,0x61,
    0x61,0x61,0x61,0x61,0x61,0x61,0x61,0x61,0x61,0x61,0x61,0x61,0x61,0x61,0x61,0x61,
    0x61,0x61,0x61,0x61,0x61,0x61,0x61,0x61,0x61,0x61,0x61,0x61,0x61,0x61,0x61,0x61,
    0x8e,0xd1,0xf3,0xd8,0xa7,0x80,0x71,0x61,0x71,0x71,0x61,0x62,0x72,0x7f,0x8c,0x88,
    0x87,0x87,0xa1,0xac,0xb1,0xb1,0xb1,0xab,0xa4,0xab,0xac,0xb1,0xb1,0xb1,0xb1,0xb1,
    0xb1,0xb1,0xb1,0xb1,0xb1,0xb1,0xb1,0xb1,0xb1,0xb1,0xb1,0xb0,0xaf,0xaf,0xb0,0xb7,
    0xc3,0xdc,0xe4,0xbb,0x67,0x67,0xe9,0x00,0x00,0x00,0x00,0x00,0x00,0x00,0x00,0x00,
    0x00,0x00,0x00,0x00,0x00,0x00,0x00,0x00,0x00,0x00,0x00,0x00,0x00,0x00,0x00,0x00,
    0x10,0x10,0x10,0x10,0x10,0x1d,0x1d,0x3e,0x5c,0x3b,0x37,0x4b,0x61,0x61,0x61,0x61,
    0x61,0x61,0x61,0x61,0x61,0x61,0x61,0x61,0x61,0x61,0x61,0x61,0x61,0x61,0x61,0x61,
    0x61,0x61,0x61,0x61,0x61,0x61,0x61,0x61,0x61,0x61,0x61,0x62,0x63,0x62,0x71,0x80,
    0x9e,0xd1,0xed,0xdc,0x9e,0x44,0x50,0x61,0x78,0x8c,0x90,0x82,0x67,0x6a,0x68,0x6b,
    0x87,0x7c,0x94,0xa1,0xb1,0xb1,0xb1,0xb1,0xb1,0xb1,0xb1,0xb1,0xb1,0xb1,0xb1,0xb1,
    0xb1,0xb1,0xb1,0xb1,0xb1,0xb1,0xb1,0xb1,0xb1,0xb1,0xb0,0xad,0xa5,0xad,0xae,0xb1,
    0xc9,0xe7,0xf8,0xee,0xcb,0x99,0xf1,0x00,0x00,0x00,0x00,0x00,0x00,0x00,0x00,0x00,
    0x00,0x00,0x00,0x00,0x00,0x00,0x00,0x00,0x00,0x00,0x00,0x00,0x00,0x00,0x00,0x00,
    0x13,0x15,0x13,0x10,0x10,0x1d,0x31,0x31,0x1e,0x2e,0x61,0x61,0x61,0x61,0x61,0x61,
    0x61,0x61,0x61,0x60,0x61,0x61,0x61,0x61,0x61,0x61,0x61,0x61,0x61,0x61,0x61,0x61,
    0x61,0x61,0x61,0x61,0x61,0x61,0x61,0x61,0x61,0x61,0x63,0x65,0x66,0x52,0x48,0x8e,
    0xba,0xd8,0xea,0xe3,0xb3,0x15,0x3b,0x68,0x7e,0x8c,0x8c,0x86,0x6b,0x6c,0x6c,0x6c,
    0x81,0x75,0x84,0x98,0xb1,0xb1,0xb1,0xb1,0xb1,0xb1,0xb1,0xb1,0xb1,0xb1,0xb1,0xb1,
    0xb1,0xb1,0xb1,0xb1,0xb1,0xb1,0xb1,0xb1,0xb1,0xb1,0xb1,0xaf,0xaf,0xaf,0xb0,0xb1,
    0xc3,0xe7,0xf8,0xf6,0xd9,0xbb,0xdf,0x00,0x00,0x00,0x00,0x00,0x00,0x00,0x00,0x00,
    0x00,0x00,0x00,0x00,0x00,0x00,0x00,0x00,0x00,0x00,0x00,0x00,0x00,0x00,0x00,0x00,
    0x15,0x13,0x12,0x10,0x10,0x19,0x2c,0x29,0x1b,0x21,0x48,0x61,0x71,0x71,0x61,0x50,
    0x2e,0x2d,0x5c,0x5d,0x6f,0x71,0x61,0x61,0x61,0x61,0x61,0x61,0x71,0x7a,0x80,0x80,
    0x71,0x61,0x61,0x61,0x61,0x71,0x7f,0x8d,0x8f,0x91,0x93,0x7b,0x62,0x3f,0x1b,0x7a,
    0xce,0xea,0xe3,0xd1,0xab,0x68,0x6f,0x90,0x9c,0x7e,0x68,0x69,0x6c,0x6c,0x6b,0x6a,
    0x75,0x87,0x8a,0xab,0xac,0xb1,0xb1,0xb1,0xb1,0xb1,0xb1,0xb1,0xb1,0xb1,0xb1,0xb1,
    0xb1,0xb1,0xb1,0xb1,0xb1,0xb1,0xb1,0xb1,0xb1,0xb1,0xb1,0xb1,0xb1,0xb1,0xba,0xbf,
    0xce,0xe3,0xed,0xf2,0xcf,0xa2,0xb9,0x00,0x00,0x00,0x00,0x00,0x00,0x00,0x00,0x00,
    0x00,0x00,0x00,0x00,0x00,0x00,0x00,0x00,0x00,0x00,0x00,0x00,0x00,0x00,0x00,0x00,
    0x35,0x1c,0x10,0x10,0x10,0x10,0x27,0x35,0x27,0x1b,0x61,0xa7,0xb1,0xb1,0xa7,0x9e,
    0x96,0x9d,0xb8,0xbc,0xb7,0xa7,0x9e,0x9e,0xb7,0xbf,0xc3,0xc3,0xc9,0xd1,0xc3,0xbf,
    0xba,0xba,0xc3,0xd1,0xd8,0xd1,0xd0,0xd5,0xd5,0xd0,0xce,0xce,0xce,0xce,0xc9,0xd8,
    0xf6,0xf9,0xe3,0xb1,0x80,0x71,0x68,0x86,0x6c,0x86,0x68,0x76,0x86,0x6c,0x86,0x88,
    0x8f,0x8a,0x87,0xab,0xac,0xb1,0xb1,0xb1,0xb1,0xb1,0xb1,0xb1,0xb1,0xb1,0xb1,0xb1,
    0xb1,0xb1,0xb1,0xb1,0xb1,0xb1,0xb1,0xb1,0xb1,0xb1,0xb1,0xb1,0xb1,0xb1,0xba,0xbf,
    0xc9,0xc5,0xb9,0x98,0x94,0xa7,0xc6,0x00,0x00,0x00,0x00,0x00,0x00,0x00,0x00,0x00,
    0x00,0x00,0x00,0x00,0x00,0x00,0x00,0x00,0x00,0x00,0x00,0x00,0x00,0x00,0x00,0x00,
    0x3e,0x27,0x16,0x13,0x10,0x10,0x29,0x50,0x46,0x1a,0x50,0xa7,0xce,0xed,0xf3,0xeb,
    0xdd,0xd8,0xd8,0xd8,0xdf,0xea,0xf2,0xed,0xe7,0xe3,0xdc,0xd8,0xdf,0xea,0xed,0xf3,
    0xed,0xe3,0xdf,0xe3,0xe7,0xe7,0xed,0xf2,0xf2,0xf2,0xe6,0xe0,0xdf,0xdc,0xdf,0xea,
    0xea,0xe3,0xc3,0x8e,0x61,0x61,0x61,0x68,0x69,0x69,0x8c,0x9c,0x8c,0x6f,0x6f,0x8c,
    0x9c,0x8f,0x8f,0xa4,0xac,0xb1,0xb1,0xb1,0xb1,0xa0,0x97,0x93,0x93,0x94,0x98,0xa8,
    0xb1,0xb1,0xb1,0xb1,0xa7,0xa0,0x93,0x82,0x7b,0x7c,0x7c,0x84,0x98,0xa8,0xb1,0xb1,
    0xa8,0x83,0x30,0x0a,0x0e,0x7b,0xd7,0x00,0x00,0x00,0x00,0x00,0x00,0x00,0x00,0x00,
    0x00,0x00,0x00,0x00,0x00,0x00,0x00,0x00,0x00,0x00,0x00,0x00,0x00,0x00,0x00,0x00,
    0x0d,0x12,0x16,0x2a,0x3f,0x21,0x1a,0x3e,0x3e,0x1e,0x29,0x48,0x72,0x92,0x92,0x75,
    0x94,0xa9,0x97,0x96,0x8e,0x80,0x7a,0x7a,0x80,0x93,0x93,0x7b,0x7b,0x82,0x80,0x61,
    0x3f,0x48,0x63,0x93,0x94,0x94,0x84,0x74,0x62,0x4b,0x39,0x3a,0x6a,0x83,0x94,0x84,
    0x64,0x58,0x32,0x34,0x61,0x61,0x50,0x2f,0x2b,0x2b,0x2b,0x2b,0x11,0x11,0x2b,0x40,
    0x52,0x78,0x78,0x6f,0x52,0x2f,0x2f,0x40,0x30,0x2b,0x26,0x26,0x41,0x66,0x75,0x7b,
    0x74,0x41,0x30,0x26,0x26,0x26,0x26,0x11,0x26,0x53,0x75,0x84,0x84,0x74,0x64,0x30,
    0x30,0x26,0x05,0x01,0x01,0x53,0xf1,0x00,0x00,0x00,0x00,0x00,0x00,0x00,0x00,0x00,
    0x00,0x00,0x00,0x00,0x00,0x00,0x00,0x00,0x00,0x00,0x00,0x00,0x00,0x00,0x00,0x00,
    0x22,0x07,0x09,0x09,0x06,0x04,0x03,0x09,0x10,0x0d,0x07,0x09,0x09,0x11,0x11,0x0a,
    0x02,0x01,0x03,0x0b,0x0d,0x0d,0x1f,0x25,0x24,0x0a,0x02,0x03,0x03,0x0d,0x10,0x25,
    0x30,0x41,0x26,0x0a,0x05,0x0e,0x11,0x25,0x4f,0x76,0x83,0x99,0x67,0x0a,0x0a,0x09,
    0x0c,0x2c,0x55,0x47,0x2b,0x11,0x0a,0x02,0x05,0x11,0x41,0x66,0x83,0x8a,0x89,0x88,
    0x76,0x4f,0x11,0x0a,0x26,0x63,0x91,0xb4,0xbd,0xc2,0xbd,0xb4,0xa6,0x7f,0x52,0x72,
    0x97,0xb7,0xbf,0xc3,0xd0,0xd7,0xd7,0xd7,0xd4,0xd4,0xcc,0xc6,0xcd,0xd5,0xd7,0xe2,
    0xf1,0xf1,0x00,0xd8,0xbb,0xf7,0x00,0x00,0x00,0x00,0x00,0x00,0x00,0x00,0x00,0x00,
    0x00,0x00,0x00,0x00,0x00,0x00,0x00,0x00,0x00,0x00,0x00,0x00,0x00,0x00,0x00,0x00,
};

