/* GENERIERT von re15_port/tools/tor/tor_sequenz_bauen.py - NICHT HAND-EDITIEREN.
 *
 * Tuerarchiv (Modellteil, RE2-Aufbau) des Gelaendertors ROOM1170 fuer die RE2-Tuersequenz.
 * +0 u32 MD1-Versatz = 0x298, +4 u32 TIM-Versatz = 0x198c, ab +8 SCD-Tabelle; TIM zuletzt.
 * 9 Skripte, abgeleitet aus RE2 DOOR2E (Aenderungen im Kopf des Werkzeugs).
 * Mesh 0 Fluegel 164 Dreiecke, Mesh 1 Pfosten 16 Dreiecke (tools/tor/tor_modell.py,
 * analysis/tor_1170/07_modell.md). Den Ton liefert shared_assets/RE2/TORSE.VBS.
 */
/* Skript 0: 13 0c 16 00 14 00 04 00 00 00 18 01 1a 00 14 00 04 00 01 00 18 02 1a 00 16 00 01 00 */
/* Skript 1: 4d 00 00 00 01 00 80 0a 10 00 c4 09 b8 0d b2 06 00 00 00 00 00 00 4d 01 00 00 01 01 80 02 10 00 c4 09 b8 0d 1e 08 00 00 00 00 00 00 53 00 02 07 00 fe 74 00 00 1c 09 0a 46 00 09 0a 1e 00 18 04 36 00 00 00 01 00 00 00 00 00 00 00 09 0a 1e 00 04 0c 18 03 09 0a 46 00 04 0b 18 05 18 07 01 00 */
/* Skript 2: 4d 00 00 00 01 00 80 0a 10 00 c4 09 b8 0d a2 fa 00 00 00 08 00 00 4d 01 00 00 01 01 80 02 10 00 c4 09 b8 0d 36 f9 00 00 00 08 00 00 53 00 02 07 00 fe 74 00 00 1c 09 0a 46 00 09 0a 1e 00 18 04 36 00 00 00 01 00 00 00 00 00 00 00 09 0a 1e 00 04 0c 18 03 09 0a 46 00 04 0b 18 06 18 08 01 00 */
/* Skript 3: 2e 05 00 00 2f 00 00 00 2f 0a 01 00 2f 04 07 00 0d 00 06 00 0f 00 30 02 30 02 0e 00 0d 00 08 00 05 00 31 30 02 30 02 00 0e 00 2f 0a ff ff 0d 00 14 00 05 00 31 30 02 30 02 30 02 30 02 31 30 02 30 02 30 02 30 02 0e 00 01 00 */
/* Skript 4: 06 00 10 00 23 00 0d 00 01 00 02 00 17 ff ff 00 f4 ff 08 00 01 00 */
/* Skript 5: 2e 05 01 00 2f 02 00 00 2f 00 00 00 2f 06 02 00 2f 08 02 00 0d 00 06 00 14 00 30 31 02 00 0e 00 2f 08 00 00 0d 00 06 00 14 00 30 31 02 00 0e 00 2f 08 fe ff 0d 00 06 00 14 00 30 31 02 00 0e 00 0d 00 04 00 1e 00 30 02 0e 00 01 00 */
/* Skript 6: 2e 05 01 00 2f 02 00 00 2f 00 00 00 2f 06 02 00 2f 08 fe ff 0d 00 06 00 14 00 30 31 02 00 0e 00 2f 08 00 00 0d 00 06 00 14 00 30 31 02 00 0e 00 2f 08 02 00 0d 00 06 00 14 00 30 31 02 00 0e 00 0d 00 04 00 1e 00 30 02 0e 00 01 00 00 00 */
/* Skript 7: 2e 05 00 00 2f 02 00 00 2f 00 00 00 2f 06 02 00 2f 08 02 00 0d 00 06 00 14 00 30 31 02 00 0e 00 2f 08 00 00 0d 00 06 00 14 00 30 31 02 00 0e 00 2f 08 fe ff 0d 00 06 00 14 00 30 31 02 00 0e 00 53 00 02 07 00 04 0d 00 04 00 1e 00 30 02 0e 00 01 00 */
/* Skript 8: 2e 05 00 00 2f 02 00 00 2f 00 00 00 2f 06 02 00 2f 08 fe ff 0d 00 06 00 14 00 30 31 02 00 0e 00 2f 08 00 00 0d 00 06 00 14 00 30 31 02 00 0e 00 2f 08 02 00 0d 00 06 00 14 00 30 31 02 00 0e 00 53 00 02 07 00 04 0d 00 04 00 1e 00 30 02 0e 00 01 00 00 00 */
static const unsigned char re15_tor1170_door[39852] = {
    0x98,0x02,0x00,0x00,0x8c,0x19,0x00,0x00,0x12,0x00,0x2e,0x00,0x8e,0x00,0xee,0x00,
    0x38,0x01,0x4e,0x01,0x9a,0x01,0xe8,0x01,0x3a,0x02,0x13,0x0c,0x16,0x00,0x14,0x00,
    0x04,0x00,0x00,0x00,0x18,0x01,0x1a,0x00,0x14,0x00,0x04,0x00,0x01,0x00,0x18,0x02,
    0x1a,0x00,0x16,0x00,0x01,0x00,0x4d,0x00,0x00,0x00,0x01,0x00,0x80,0x0a,0x10,0x00,
    0xc4,0x09,0xb8,0x0d,0xb2,0x06,0x00,0x00,0x00,0x00,0x00,0x00,0x4d,0x01,0x00,0x00,
    0x01,0x01,0x80,0x02,0x10,0x00,0xc4,0x09,0xb8,0x0d,0x1e,0x08,0x00,0x00,0x00,0x00,
    0x00,0x00,0x53,0x00,0x02,0x07,0x00,0xfe,0x74,0x00,0x00,0x1c,0x09,0x0a,0x46,0x00,
    0x09,0x0a,0x1e,0x00,0x18,0x04,0x36,0x00,0x00,0x00,0x01,0x00,0x00,0x00,0x00,0x00,
    0x00,0x00,0x09,0x0a,0x1e,0x00,0x04,0x0c,0x18,0x03,0x09,0x0a,0x46,0x00,0x04,0x0b,
    0x18,0x05,0x18,0x07,0x01,0x00,0x4d,0x00,0x00,0x00,0x01,0x00,0x80,0x0a,0x10,0x00,
    0xc4,0x09,0xb8,0x0d,0xa2,0xfa,0x00,0x00,0x00,0x08,0x00,0x00,0x4d,0x01,0x00,0x00,
    0x01,0x01,0x80,0x02,0x10,0x00,0xc4,0x09,0xb8,0x0d,0x36,0xf9,0x00,0x00,0x00,0x08,
    0x00,0x00,0x53,0x00,0x02,0x07,0x00,0xfe,0x74,0x00,0x00,0x1c,0x09,0x0a,0x46,0x00,
    0x09,0x0a,0x1e,0x00,0x18,0x04,0x36,0x00,0x00,0x00,0x01,0x00,0x00,0x00,0x00,0x00,
    0x00,0x00,0x09,0x0a,0x1e,0x00,0x04,0x0c,0x18,0x03,0x09,0x0a,0x46,0x00,0x04,0x0b,
    0x18,0x06,0x18,0x08,0x01,0x00,0x2e,0x05,0x00,0x00,0x2f,0x00,0x00,0x00,0x2f,0x0a,
    0x01,0x00,0x2f,0x04,0x07,0x00,0x0d,0x00,0x06,0x00,0x0f,0x00,0x30,0x02,0x30,0x02,
    0x0e,0x00,0x0d,0x00,0x08,0x00,0x05,0x00,0x31,0x30,0x02,0x30,0x02,0x00,0x0e,0x00,
    0x2f,0x0a,0xff,0xff,0x0d,0x00,0x14,0x00,0x05,0x00,0x31,0x30,0x02,0x30,0x02,0x30,
    0x02,0x30,0x02,0x31,0x30,0x02,0x30,0x02,0x30,0x02,0x30,0x02,0x0e,0x00,0x01,0x00,
    0x06,0x00,0x10,0x00,0x23,0x00,0x0d,0x00,0x01,0x00,0x02,0x00,0x17,0xff,0xff,0x00,
    0xf4,0xff,0x08,0x00,0x01,0x00,0x2e,0x05,0x01,0x00,0x2f,0x02,0x00,0x00,0x2f,0x00,
    0x00,0x00,0x2f,0x06,0x02,0x00,0x2f,0x08,0x02,0x00,0x0d,0x00,0x06,0x00,0x14,0x00,
    0x30,0x31,0x02,0x00,0x0e,0x00,0x2f,0x08,0x00,0x00,0x0d,0x00,0x06,0x00,0x14,0x00,
    0x30,0x31,0x02,0x00,0x0e,0x00,0x2f,0x08,0xfe,0xff,0x0d,0x00,0x06,0x00,0x14,0x00,
    0x30,0x31,0x02,0x00,0x0e,0x00,0x0d,0x00,0x04,0x00,0x1e,0x00,0x30,0x02,0x0e,0x00,
    0x01,0x00,0x2e,0x05,0x01,0x00,0x2f,0x02,0x00,0x00,0x2f,0x00,0x00,0x00,0x2f,0x06,
    0x02,0x00,0x2f,0x08,0xfe,0xff,0x0d,0x00,0x06,0x00,0x14,0x00,0x30,0x31,0x02,0x00,
    0x0e,0x00,0x2f,0x08,0x00,0x00,0x0d,0x00,0x06,0x00,0x14,0x00,0x30,0x31,0x02,0x00,
    0x0e,0x00,0x2f,0x08,0x02,0x00,0x0d,0x00,0x06,0x00,0x14,0x00,0x30,0x31,0x02,0x00,
    0x0e,0x00,0x0d,0x00,0x04,0x00,0x1e,0x00,0x30,0x02,0x0e,0x00,0x01,0x00,0x00,0x00,
    0x2e,0x05,0x00,0x00,0x2f,0x02,0x00,0x00,0x2f,0x00,0x00,0x00,0x2f,0x06,0x02,0x00,
    0x2f,0x08,0x02,0x00,0x0d,0x00,0x06,0x00,0x14,0x00,0x30,0x31,0x02,0x00,0x0e,0x00,
    0x2f,0x08,0x00,0x00,0x0d,0x00,0x06,0x00,0x14,0x00,0x30,0x31,0x02,0x00,0x0e,0x00,
    0x2f,0x08,0xfe,0xff,0x0d,0x00,0x06,0x00,0x14,0x00,0x30,0x31,0x02,0x00,0x0e,0x00,
    0x53,0x00,0x02,0x07,0x00,0x04,0x0d,0x00,0x04,0x00,0x1e,0x00,0x30,0x02,0x0e,0x00,
    0x01,0x00,0x2e,0x05,0x00,0x00,0x2f,0x02,0x00,0x00,0x2f,0x00,0x00,0x00,0x2f,0x06,
    0x02,0x00,0x2f,0x08,0xfe,0xff,0x0d,0x00,0x06,0x00,0x14,0x00,0x30,0x31,0x02,0x00,
    0x0e,0x00,0x2f,0x08,0x00,0x00,0x0d,0x00,0x06,0x00,0x14,0x00,0x30,0x31,0x02,0x00,
    0x0e,0x00,0x2f,0x08,0x02,0x00,0x0d,0x00,0x06,0x00,0x14,0x00,0x30,0x31,0x02,0x00,
    0x0e,0x00,0x53,0x00,0x02,0x07,0x00,0x04,0x0d,0x00,0x04,0x00,0x1e,0x00,0x30,0x02,
    0x0e,0x00,0x01,0x00,0x00,0x00,0x00,0x00,0x84,0x0e,0x00,0x00,0x00,0x00,0x00,0x00,
    0x04,0x00,0x00,0x00,0x70,0x00,0x00,0x00,0x5c,0x00,0x00,0x00,0xb0,0x03,0x00,0x00,
    0x44,0x00,0x00,0x00,0x08,0x06,0x00,0x00,0xa4,0x00,0x00,0x00,0x78,0x0e,0x00,0x00,
    0x70,0x00,0x00,0x00,0x5c,0x00,0x00,0x00,0xb0,0x03,0x00,0x00,0x44,0x00,0x00,0x00,
    0xb8,0x0d,0x00,0x00,0x00,0x00,0x00,0x00,0x28,0x16,0x00,0x00,0x50,0x03,0x00,0x00,
    0x0c,0x00,0x00,0x00,0xd0,0x05,0x00,0x00,0x07,0x00,0x00,0x00,0xb8,0x0d,0x00,0x00,
    0x10,0x00,0x00,0x00,0x28,0x16,0x00,0x00,0x50,0x03,0x00,0x00,0x0c,0x00,0x00,0x00,
    0xd0,0x05,0x00,0x00,0x07,0x00,0x00,0x00,0x78,0x0e,0x00,0x00,0x00,0x00,0x00,0x00,
    0xe8,0x16,0x00,0x00,0x00,0x00,0xb8,0xf6,0x90,0x00,0x00,0x00,0x83,0xff,0x66,0xf5,
    0xb6,0xff,0x00,0x00,0x83,0xff,0xc6,0xf6,0x48,0x00,0x00,0x00,0x00,0x00,0x2e,0xf5,
    0xed,0xff,0x00,0x00,0x83,0xff,0xd4,0xf5,0x48,0xff,0x00,0x00,0x83,0xff,0xe3,0xf6,
    0xb8,0xff,0x00,0x00,0x00,0x00,0x0b,0xf6,0x10,0xff,0x00,0x00,0x00,0x00,0xf1,0xf6,
    0x70,0xff,0x00,0x00,0x7d,0x00,0xd4,0xf5,0x48,0xff,0x00,0x00,0x7d,0x00,0xe3,0xf6,
    0xb8,0xff,0x00,0x00,0x7d,0x00,0x66,0xf5,0xb6,0xff,0x00,0x00,0x7d,0x00,0xc6,0xf6,
    0x48,0x00,0x00,0x00,0x83,0xff,0xd4,0xf4,0x56,0xfe,0x00,0x00,0x00,0x00,0x8b,0xf4,
    0x64,0xfe,0x00,0x00,0x83,0xff,0x64,0xf5,0x39,0xfe,0x00,0x00,0x00,0x00,0xac,0xf5,
    0x2b,0xfe,0x00,0x00,0x7d,0x00,0x64,0xf5,0x39,0xfe,0x00,0x00,0x7d,0x00,0xd4,0xf4,
    0x56,0xfe,0x00,0x00,0x83,0xff,0xd4,0xf4,0x21,0xf4,0x00,0x00,0x00,0x00,0x8b,0xf4,
    0x13,0xf4,0x00,0x00,0x83,0xff,0x64,0xf5,0x3e,0xf4,0x00,0x00,0x00,0x00,0xac,0xf5,
    0x4c,0xf4,0x00,0x00,0x7d,0x00,0x64,0xf5,0x3e,0xf4,0x00,0x00,0x7d,0x00,0xd4,0xf4,
    0x21,0xf4,0x00,0x00,0x83,0xff,0x66,0xf5,0xc0,0xf2,0x00,0x00,0x00,0x00,0x2e,0xf5,
    0x89,0xf2,0x00,0x00,0x83,0xff,0xd4,0xf5,0x2f,0xf3,0x00,0x00,0x00,0x00,0x0b,0xf6,
    0x66,0xf3,0x00,0x00,0x7d,0x00,0xd4,0xf5,0x2f,0xf3,0x00,0x00,0x7d,0x00,0x66,0xf5,
    0xc0,0xf2,0x00,0x00,0x83,0xff,0xc6,0xf6,0x2e,0xf2,0x00,0x00,0x00,0x00,0xb8,0xf6,
    0xe6,0xf1,0x00,0x00,0x83,0xff,0xe3,0xf6,0xbf,0xf2,0x00,0x00,0x00,0x00,0xf1,0xf6,
    0x07,0xf3,0x00,0x00,0x7d,0x00,0xe3,0xf6,0xbf,0xf2,0x00,0x00,0x7d,0x00,0xc6,0xf6,
    0x2e,0xf2,0x00,0x00,0x83,0xff,0xe7,0xfb,0x2e,0xf2,0x00,0x00,0x00,0x00,0xf5,0xfb,
    0xe6,0xf1,0x00,0x00,0x83,0xff,0xca,0xfb,0xbf,0xf2,0x00,0x00,0x00,0x00,0xbc,0xfb,
    0x07,0xf3,0x00,0x00,0x7d,0x00,0xca,0xfb,0xbf,0xf2,0x00,0x00,0x7d,0x00,0xe7,0xfb,
    0x2e,0xf2,0x00,0x00,0x83,0xff,0x47,0xfd,0xc0,0xf2,0x00,0x00,0x00,0x00,0x7e,0xfd,
    0x89,0xf2,0x00,0x00,0x83,0xff,0xd9,0xfc,0x2f,0xf3,0x00,0x00,0x00,0x00,0xa1,0xfc,
    0x66,0xf3,0x00,0x00,0x7d,0x00,0xd9,0xfc,0x2f,0xf3,0x00,0x00,0x7d,0x00,0x47,0xfd,
    0xc0,0xf2,0x00,0x00,0x83,0xff,0xd9,0xfd,0x21,0xf4,0x00,0x00,0x00,0x00,0x21,0xfe,
    0x13,0xf4,0x00,0x00,0x83,0xff,0x49,0xfd,0x3e,0xf4,0x00,0x00,0x00,0x00,0x01,0xfd,
    0x4c,0xf4,0x00,0x00,0x7d,0x00,0x49,0xfd,0x3e,0xf4,0x00,0x00,0x7d,0x00,0xd9,0xfd,
    0x21,0xf4,0x00,0x00,0x83,0xff,0xd9,0xfd,0x56,0xfe,0x00,0x00,0x00,0x00,0x21,0xfe,
    0x64,0xfe,0x00,0x00,0x83,0xff,0x49,0xfd,0x39,0xfe,0x00,0x00,0x00,0x00,0x01,0xfd,
    0x2b,0xfe,0x00,0x00,0x7d,0x00,0x49,0xfd,0x39,0xfe,0x00,0x00,0x7d,0x00,0xd9,0xfd,
    0x56,0xfe,0x00,0x00,0x83,0xff,0x47,0xfd,0xb6,0xff,0x00,0x00,0x00,0x00,0x7e,0xfd,
    0xed,0xff,0x00,0x00,0x83,0xff,0xd9,0xfc,0x48,0xff,0x00,0x00,0x00,0x00,0xa1,0xfc,
    0x10,0xff,0x00,0x00,0x7d,0x00,0xd9,0xfc,0x48,0xff,0x00,0x00,0x7d,0x00,0x47,0xfd,
    0xb6,0xff,0x00,0x00,0x83,0xff,0xe7,0xfb,0x48,0x00,0x00,0x00,0x00,0x00,0xf5,0xfb,
    0x90,0x00,0x00,0x00,0x83,0xff,0xca,0xfb,0xb8,0xff,0x00,0x00,0x00,0x00,0xbc,0xfb,
    0x70,0xff,0x00,0x00,0x7d,0x00,0xca,0xfb,0xb8,0xff,0x00,0x00,0x7d,0x00,0xe7,0xfb,
    0x48,0x00,0x00,0x00,0x00,0x00,0xe0,0xf6,0xd2,0xfd,0x00,0x00,0x00,0x00,0xe0,0xf6,
    0x98,0xf4,0x00,0x00,0x00,0x00,0x82,0xfc,0x98,0xf4,0x00,0x00,0x00,0x00,0x82,0xfc,
    0xd2,0xfd,0x00,0x00,0x00,0x00,0x1c,0xf5,0x41,0xfd,0x00,0x00,0x00,0x00,0x1c,0xf5,
    0xe2,0xfb,0x00,0x00,0x00,0x00,0xe0,0xf6,0xe2,0xfb,0x00,0x00,0x00,0x00,0xe0,0xf6,
    0x41,0xfd,0x00,0x00,0x00,0x00,0x1c,0xf5,0x7d,0xf6,0x00,0x00,0x00,0x00,0x1c,0xf5,
    0x65,0xf5,0x00,0x00,0x00,0x00,0xe0,0xf6,0x65,0xf5,0x00,0x00,0x00,0x00,0xe0,0xf6,
    0x7d,0xf6,0x00,0x00,0x00,0x00,0x82,0xfc,0x28,0xfd,0x00,0x00,0x00,0x00,0x82,0xfc,
    0xe9,0xfb,0x00,0x00,0x00,0x00,0x91,0xfd,0xe9,0xfb,0x00,0x00,0x00,0x00,0x91,0xfd,
    0x28,0xfd,0x00,0x00,0x00,0x00,0x82,0xfc,0x22,0xf6,0x00,0x00,0x00,0x00,0x82,0xfc,
    0x2b,0xf5,0x00,0x00,0x00,0x00,0x91,0xfd,0x2b,0xf5,0x00,0x00,0x00,0x00,0x91,0xfd,
    0x22,0xf6,0x00,0x00,0x00,0x00,0x00,0x00,0x70,0xff,0x00,0x00,0x83,0xff,0x00,0x00,
    0xb8,0xff,0x00,0x00,0x83,0xff,0xa0,0xf2,0xb8,0xff,0x00,0x00,0x00,0x00,0xa0,0xf2,
    0x70,0xff,0x00,0x00,0x83,0xff,0x00,0x00,0x48,0x00,0x00,0x00,0x83,0xff,0xa0,0xf2,
    0x48,0x00,0x00,0x00,0x00,0x00,0x00,0x00,0x90,0x00,0x00,0x00,0x00,0x00,0xa0,0xf2,
    0x90,0x00,0x00,0x00,0x7d,0x00,0x00,0x00,0x48,0x00,0x00,0x00,0x7d,0x00,0xa0,0xf2,
    0x48,0x00,0x00,0x00,0x7d,0x00,0x00,0x00,0xb8,0xff,0x00,0x00,0x7d,0x00,0xa0,0xf2,
    0xb8,0xff,0x00,0x00,0x06,0xf8,0xb0,0xfa,0xd0,0x0c,0x00,0x00,0xff,0xf7,0xb4,0xfa,
    0xcd,0x0c,0x00,0x00,0x00,0xf0,0x00,0x00,0x00,0x00,0x00,0x00,0x07,0xf8,0x58,0x05,
    0x33,0xf3,0x00,0x00,0xf3,0xf7,0x48,0x05,0x38,0xf3,0x00,0x00,0xfa,0x07,0x4c,0x05,
    0x2f,0xf3,0x00,0x00,0x0f,0x08,0x53,0x05,0x3e,0xf3,0x00,0x00,0x00,0x10,0x00,0x00,
    0x00,0x00,0x00,0x00,0xfa,0x07,0xb3,0xfa,0xd1,0x0c,0x00,0x00,0x02,0x08,0xb1,0xfa,
    0xcc,0x0c,0x00,0x00,0xf3,0xf7,0x3b,0xf3,0x4c,0x05,0x00,0x00,0xfe,0xf7,0xcb,0x0c,
    0xb1,0xfa,0x00,0x00,0x06,0xf8,0xd1,0x0c,0xb4,0xfa,0x00,0x00,0x01,0x08,0xce,0x0c,
    0xb5,0xfa,0x00,0x00,0xfa,0x07,0xd0,0x0c,0xaf,0xfa,0x00,0x00,0x0d,0x08,0x3b,0xf3,
    0x4c,0x05,0x00,0x00,0xee,0xf7,0x2f,0xf2,0x00,0x00,0x00,0x00,0x04,0xf8,0xdd,0x0d,
    0x00,0x00,0x00,0x00,0xfc,0x07,0xdd,0x0d,0x00,0x00,0x00,0x00,0x12,0x08,0x2f,0xf2,
    0x00,0x00,0x00,0x00,0xf2,0xf7,0x39,0xf3,0xb7,0xfa,0x00,0x00,0xf3,0xf7,0x39,0xf3,
    0xb7,0xfa,0x00,0x00,0x06,0xf8,0xd2,0x0c,0x4b,0x05,0x00,0x00,0x07,0xf8,0xd2,0x0c,
    0x4c,0x05,0x00,0x00,0xfa,0x07,0xd1,0x0c,0x4c,0x05,0x00,0x00,0xf9,0x07,0xd2,0x0c,
    0x4c,0x05,0x00,0x00,0x0e,0x08,0x39,0xf3,0xb7,0xfa,0x00,0x00,0x0d,0x08,0x39,0xf3,
    0xb7,0xfa,0x00,0x00,0xfe,0xf7,0xb1,0xfa,0x34,0xf3,0x00,0x00,0x06,0xf8,0xb3,0xfa,
    0x2f,0xf3,0x00,0x00,0x07,0xf8,0x4c,0x05,0xd2,0x0c,0x00,0x00,0x06,0xf8,0x4c,0x05,
    0xd1,0x0c,0x00,0x00,0xf9,0x07,0x4c,0x05,0xd2,0x0c,0x00,0x00,0xfa,0x07,0x4b,0x05,
    0xd2,0x0c,0x00,0x00,0x01,0x08,0xb4,0xfa,0x33,0xf3,0x00,0x00,0xfa,0x07,0xb0,0xfa,
    0x30,0xf3,0x00,0x00,0x04,0xf8,0x00,0x00,0x23,0xf2,0x00,0x00,0x04,0xf8,0x00,0x00,
    0xdd,0x0d,0x00,0x00,0xfc,0x07,0x00,0x00,0xdd,0x0d,0x00,0x00,0xfc,0x07,0x00,0x00,
    0x23,0xf2,0x00,0x00,0x06,0xf8,0x50,0x05,0x30,0xf3,0x00,0x00,0x06,0xf8,0xaf,0xfa,
    0xd0,0x0c,0x00,0x00,0xff,0xf7,0xb5,0xfa,0xce,0x0c,0x00,0x00,0xfa,0x07,0xb4,0xfa,
    0xd1,0x0c,0x00,0x00,0x02,0x08,0xb1,0xfa,0xcb,0x0c,0x00,0x00,0xfa,0x07,0x50,0x05,
    0x30,0xf3,0x00,0x00,0x07,0xf8,0xd2,0x0c,0xb3,0xfa,0x00,0x00,0x06,0xf8,0xd1,0x0c,
    0xb3,0xfa,0x00,0x00,0xf1,0xf7,0x3e,0xf3,0x53,0x05,0x00,0x00,0x06,0xf8,0x2f,0xf3,
    0x4c,0x05,0x00,0x00,0x0d,0x08,0x38,0xf3,0x48,0x05,0x00,0x00,0xf9,0x07,0x33,0xf3,
    0x58,0x05,0x00,0x00,0xf9,0x07,0xd1,0x0c,0xb2,0xfa,0x00,0x00,0xfa,0x07,0xd1,0x0c,
    0xb3,0xfa,0x00,0x00,0x04,0xf8,0x23,0xf2,0x00,0x00,0x00,0x00,0xfc,0x07,0x23,0xf2,
    0x00,0x00,0x00,0x00,0x06,0xf8,0xd0,0x0c,0x50,0x05,0x00,0x00,0x08,0xf8,0x35,0xf3,
    0xa3,0xfa,0x00,0x00,0xeb,0xf7,0x3d,0xf3,0xba,0xfa,0x00,0x00,0xfa,0x07,0x2f,0xf3,
    0xb4,0xfa,0x00,0x00,0x18,0x08,0x45,0xf3,0xaa,0xfa,0x00,0x00,0xfa,0x07,0xd0,0x0c,
    0x50,0x05,0x00,0x00,0x06,0xf8,0x50,0x05,0xd0,0x0c,0x00,0x00,0xe8,0xf7,0xaa,0xfa,
    0x45,0xf3,0x00,0x00,0x06,0xf8,0xb4,0xfa,0x2f,0xf3,0x00,0x00,0x15,0x08,0xba,0xfa,
    0x3d,0xf3,0x00,0x00,0xf8,0x07,0xa3,0xfa,0x35,0xf3,0x00,0x00,0xfa,0x07,0x50,0x05,
    0xd0,0x0c,0x00,0x00,0x04,0xf8,0x00,0x00,0x23,0xf2,0x00,0x00,0x00,0xf0,0x00,0x00,
    0x00,0x00,0x00,0x00,0x04,0xf8,0x00,0x00,0xdd,0x0d,0x00,0x00,0xfc,0x07,0x00,0x00,
    0xdd,0x0d,0x00,0x00,0x00,0x10,0x00,0x00,0x00,0x00,0x00,0x00,0xfc,0x07,0x00,0x00,
    0x23,0xf2,0x00,0x00,0x00,0x00,0x00,0xf0,0x00,0x00,0x00,0x00,0x00,0x00,0x00,0x00,
    0x00,0x00,0x01,0x00,0x00,0x00,0x02,0x00,0x01,0x00,0x00,0x00,0x01,0x00,0x03,0x00,
    0x01,0x00,0x01,0x00,0x02,0x00,0x02,0x00,0x02,0x00,0x04,0x00,0x02,0x00,0x05,0x00,
    0x02,0x00,0x02,0x00,0x02,0x00,0x01,0x00,0x02,0x00,0x04,0x00,0x03,0x00,0x05,0x00,
    0x03,0x00,0x06,0x00,0x03,0x00,0x07,0x00,0x04,0x00,0x05,0x00,0x04,0x00,0x04,0x00,
    0x04,0x00,0x06,0x00,0x05,0x00,0x07,0x00,0x05,0x00,0x08,0x00,0x05,0x00,0x09,0x00,
    0x06,0x00,0x07,0x00,0x06,0x00,0x06,0x00,0x06,0x00,0x08,0x00,0x07,0x00,0x09,0x00,
    0x07,0x00,0x0a,0x00,0x07,0x00,0x0b,0x00,0x07,0x00,0x09,0x00,0x07,0x00,0x08,0x00,
    0x07,0x00,0x0a,0x00,0x08,0x00,0x0b,0x00,0x08,0x00,0x03,0x00,0x08,0x00,0x00,0x00,
    0x09,0x00,0x0b,0x00,0x09,0x00,0x0a,0x00,0x09,0x00,0x03,0x00,0x0a,0x00,0x03,0x00,
    0x0a,0x00,0x0c,0x00,0x0a,0x00,0x01,0x00,0x0a,0x00,0x03,0x00,0x0a,0x00,0x0d,0x00,
    0x0a,0x00,0x0c,0x00,0x02,0x00,0x01,0x00,0x02,0x00,0x0e,0x00,0x02,0x00,0x04,0x00,
    0x02,0x00,0x01,0x00,0x02,0x00,0x0c,0x00,0x02,0x00,0x0e,0x00,0x0b,0x00,0x04,0x00,
    0x0b,0x00,0x0f,0x00,0x0b,0x00,0x06,0x00,0x0c,0x00,0x04,0x00,0x0c,0x00,0x0e,0x00,
    0x0c,0x00,0x0f,0x00,0x0d,0x00,0x06,0x00,0x0d,0x00,0x10,0x00,0x0d,0x00,0x08,0x00,
    0x0e,0x00,0x06,0x00,0x0e,0x00,0x0f,0x00,0x0e,0x00,0x10,0x00,0x07,0x00,0x08,0x00,
    0x07,0x00,0x11,0x00,0x07,0x00,0x0a,0x00,0x07,0x00,0x08,0x00,0x07,0x00,0x10,0x00,
    0x07,0x00,0x11,0x00,0x0f,0x00,0x0a,0x00,0x0f,0x00,0x0d,0x00,0x0f,0x00,0x03,0x00,
    0x0f,0x00,0x0a,0x00,0x0f,0x00,0x11,0x00,0x0f,0x00,0x0d,0x00,0x10,0x00,0x0d,0x00,
    0x10,0x00,0x12,0x00,0x10,0x00,0x0c,0x00,0x10,0x00,0x0d,0x00,0x10,0x00,0x13,0x00,
    0x10,0x00,0x12,0x00,0x02,0x00,0x0c,0x00,0x02,0x00,0x14,0x00,0x02,0x00,0x0e,0x00,
    0x02,0x00,0x0c,0x00,0x02,0x00,0x12,0x00,0x02,0x00,0x14,0x00,0x11,0x00,0x0e,0x00,
    0x11,0x00,0x15,0x00,0x11,0x00,0x0f,0x00,0x11,0x00,0x0e,0x00,0x11,0x00,0x14,0x00,
    0x11,0x00,0x15,0x00,0x12,0x00,0x0f,0x00,0x12,0x00,0x16,0x00,0x12,0x00,0x10,0x00,
    0x12,0x00,0x0f,0x00,0x12,0x00,0x15,0x00,0x12,0x00,0x16,0x00,0x07,0x00,0x10,0x00,
    0x07,0x00,0x17,0x00,0x07,0x00,0x11,0x00,0x07,0x00,0x10,0x00,0x07,0x00,0x16,0x00,
    0x07,0x00,0x17,0x00,0x13,0x00,0x11,0x00,0x13,0x00,0x13,0x00,0x13,0x00,0x0d,0x00,
    0x13,0x00,0x11,0x00,0x13,0x00,0x17,0x00,0x13,0x00,0x13,0x00,0x14,0x00,0x13,0x00,
    0x14,0x00,0x18,0x00,0x14,0x00,0x12,0x00,0x15,0x00,0x13,0x00,0x15,0x00,0x19,0x00,
    0x15,0x00,0x18,0x00,0x02,0x00,0x12,0x00,0x02,0x00,0x1a,0x00,0x02,0x00,0x14,0x00,
    0x02,0x00,0x12,0x00,0x02,0x00,0x18,0x00,0x02,0x00,0x1a,0x00,0x16,0x00,0x14,0x00,
    0x16,0x00,0x1b,0x00,0x16,0x00,0x15,0x00,0x17,0x00,0x14,0x00,0x17,0x00,0x1a,0x00,
    0x17,0x00,0x1b,0x00,0x18,0x00,0x15,0x00,0x18,0x00,0x1c,0x00,0x18,0x00,0x16,0x00,
    0x19,0x00,0x15,0x00,0x19,0x00,0x1b,0x00,0x19,0x00,0x1c,0x00,0x07,0x00,0x16,0x00,
    0x07,0x00,0x1d,0x00,0x07,0x00,0x17,0x00,0x07,0x00,0x16,0x00,0x07,0x00,0x1c,0x00,
    0x07,0x00,0x1d,0x00,0x1a,0x00,0x17,0x00,0x1a,0x00,0x19,0x00,0x1a,0x00,0x13,0x00,
    0x1b,0x00,0x17,0x00,0x1b,0x00,0x1d,0x00,0x1b,0x00,0x19,0x00,0x1c,0x00,0x19,0x00,
    0x1c,0x00,0x1e,0x00,0x1c,0x00,0x18,0x00,0x1d,0x00,0x19,0x00,0x1d,0x00,0x1f,0x00,
    0x1d,0x00,0x1e,0x00,0x02,0x00,0x18,0x00,0x02,0x00,0x20,0x00,0x02,0x00,0x1a,0x00,
    0x02,0x00,0x18,0x00,0x02,0x00,0x1e,0x00,0x02,0x00,0x20,0x00,0x1e,0x00,0x1a,0x00,
    0x1e,0x00,0x21,0x00,0x1e,0x00,0x1b,0x00,0x1f,0x00,0x1a,0x00,0x1f,0x00,0x20,0x00,
    0x1f,0x00,0x21,0x00,0x20,0x00,0x1b,0x00,0x20,0x00,0x22,0x00,0x20,0x00,0x1c,0x00,
    0x21,0x00,0x1b,0x00,0x21,0x00,0x21,0x00,0x21,0x00,0x22,0x00,0x07,0x00,0x1c,0x00,
    0x07,0x00,0x23,0x00,0x07,0x00,0x1d,0x00,0x07,0x00,0x1c,0x00,0x07,0x00,0x22,0x00,
    0x07,0x00,0x23,0x00,0x22,0x00,0x1d,0x00,0x22,0x00,0x1f,0x00,0x22,0x00,0x19,0x00,
    0x23,0x00,0x1d,0x00,0x23,0x00,0x23,0x00,0x23,0x00,0x1f,0x00,0x24,0x00,0x1f,0x00,
    0x24,0x00,0x24,0x00,0x24,0x00,0x1e,0x00,0x24,0x00,0x1f,0x00,0x24,0x00,0x25,0x00,
    0x24,0x00,0x24,0x00,0x02,0x00,0x1e,0x00,0x02,0x00,0x26,0x00,0x02,0x00,0x20,0x00,
    0x02,0x00,0x1e,0x00,0x02,0x00,0x24,0x00,0x02,0x00,0x26,0x00,0x25,0x00,0x20,0x00,
    0x25,0x00,0x27,0x00,0x25,0x00,0x21,0x00,0x25,0x00,0x20,0x00,0x25,0x00,0x26,0x00,
    0x25,0x00,0x27,0x00,0x26,0x00,0x21,0x00,0x26,0x00,0x28,0x00,0x26,0x00,0x22,0x00,
    0x26,0x00,0x21,0x00,0x26,0x00,0x27,0x00,0x26,0x00,0x28,0x00,0x07,0x00,0x22,0x00,
    0x07,0x00,0x29,0x00,0x07,0x00,0x23,0x00,0x07,0x00,0x22,0x00,0x07,0x00,0x28,0x00,
    0x07,0x00,0x29,0x00,0x27,0x00,0x23,0x00,0x27,0x00,0x25,0x00,0x27,0x00,0x1f,0x00,
    0x27,0x00,0x23,0x00,0x27,0x00,0x29,0x00,0x27,0x00,0x25,0x00,0x28,0x00,0x25,0x00,
    0x28,0x00,0x2a,0x00,0x28,0x00,0x24,0x00,0x28,0x00,0x25,0x00,0x28,0x00,0x2b,0x00,
    0x28,0x00,0x2a,0x00,0x02,0x00,0x24,0x00,0x02,0x00,0x2c,0x00,0x02,0x00,0x26,0x00,
    0x02,0x00,0x24,0x00,0x02,0x00,0x2a,0x00,0x02,0x00,0x2c,0x00,0x29,0x00,0x26,0x00,
    0x29,0x00,0x2d,0x00,0x29,0x00,0x27,0x00,0x2a,0x00,0x26,0x00,0x2a,0x00,0x2c,0x00,
    0x2a,0x00,0x2d,0x00,0x2b,0x00,0x27,0x00,0x2b,0x00,0x2e,0x00,0x2b,0x00,0x28,0x00,
    0x2c,0x00,0x27,0x00,0x2c,0x00,0x2d,0x00,0x2c,0x00,0x2e,0x00,0x07,0x00,0x28,0x00,
    0x07,0x00,0x2f,0x00,0x07,0x00,0x29,0x00,0x07,0x00,0x28,0x00,0x07,0x00,0x2e,0x00,
    0x07,0x00,0x2f,0x00,0x2d,0x00,0x29,0x00,0x2d,0x00,0x2b,0x00,0x2d,0x00,0x25,0x00,
    0x2d,0x00,0x29,0x00,0x2d,0x00,0x2f,0x00,0x2d,0x00,0x2b,0x00,0x2e,0x00,0x2b,0x00,
    0x2e,0x00,0x30,0x00,0x2e,0x00,0x2a,0x00,0x2f,0x00,0x2b,0x00,0x2f,0x00,0x31,0x00,
    0x2f,0x00,0x30,0x00,0x02,0x00,0x2a,0x00,0x02,0x00,0x32,0x00,0x02,0x00,0x2c,0x00,
    0x02,0x00,0x2a,0x00,0x02,0x00,0x30,0x00,0x02,0x00,0x32,0x00,0x30,0x00,0x2c,0x00,
    0x30,0x00,0x33,0x00,0x30,0x00,0x2d,0x00,0x31,0x00,0x2c,0x00,0x31,0x00,0x32,0x00,
    0x31,0x00,0x33,0x00,0x32,0x00,0x2d,0x00,0x32,0x00,0x34,0x00,0x32,0x00,0x2e,0x00,
    0x33,0x00,0x2d,0x00,0x33,0x00,0x33,0x00,0x33,0x00,0x34,0x00,0x07,0x00,0x2e,0x00,
    0x07,0x00,0x35,0x00,0x07,0x00,0x2f,0x00,0x07,0x00,0x2e,0x00,0x07,0x00,0x34,0x00,
    0x07,0x00,0x35,0x00,0x34,0x00,0x2f,0x00,0x34,0x00,0x31,0x00,0x34,0x00,0x2b,0x00,
    0x35,0x00,0x2f,0x00,0x35,0x00,0x35,0x00,0x35,0x00,0x31,0x00,0x11,0x00,0x31,0x00,
    0x11,0x00,0x36,0x00,0x11,0x00,0x30,0x00,0x11,0x00,0x31,0x00,0x11,0x00,0x37,0x00,
    0x11,0x00,0x36,0x00,0x02,0x00,0x30,0x00,0x02,0x00,0x38,0x00,0x02,0x00,0x32,0x00,
    0x02,0x00,0x30,0x00,0x02,0x00,0x36,0x00,0x02,0x00,0x38,0x00,0x36,0x00,0x32,0x00,
    0x36,0x00,0x39,0x00,0x36,0x00,0x33,0x00,0x36,0x00,0x32,0x00,0x36,0x00,0x38,0x00,
    0x36,0x00,0x39,0x00,0x37,0x00,0x33,0x00,0x37,0x00,0x3a,0x00,0x37,0x00,0x34,0x00,
    0x37,0x00,0x33,0x00,0x37,0x00,0x39,0x00,0x37,0x00,0x3a,0x00,0x07,0x00,0x34,0x00,
    0x07,0x00,0x3b,0x00,0x07,0x00,0x35,0x00,0x07,0x00,0x34,0x00,0x07,0x00,0x3a,0x00,
    0x07,0x00,0x3b,0x00,0x12,0x00,0x35,0x00,0x12,0x00,0x37,0x00,0x12,0x00,0x31,0x00,
    0x12,0x00,0x35,0x00,0x12,0x00,0x3b,0x00,0x12,0x00,0x37,0x00,0x38,0x00,0x37,0x00,
    0x38,0x00,0x3c,0x00,0x38,0x00,0x36,0x00,0x38,0x00,0x37,0x00,0x38,0x00,0x3d,0x00,
    0x38,0x00,0x3c,0x00,0x02,0x00,0x36,0x00,0x02,0x00,0x3e,0x00,0x02,0x00,0x38,0x00,
    0x02,0x00,0x36,0x00,0x02,0x00,0x3c,0x00,0x02,0x00,0x3e,0x00,0x39,0x00,0x38,0x00,
    0x39,0x00,0x3f,0x00,0x39,0x00,0x39,0x00,0x3a,0x00,0x38,0x00,0x3a,0x00,0x3e,0x00,
    0x3a,0x00,0x3f,0x00,0x3b,0x00,0x39,0x00,0x3b,0x00,0x40,0x00,0x3b,0x00,0x3a,0x00,
    0x3c,0x00,0x39,0x00,0x3c,0x00,0x3f,0x00,0x3c,0x00,0x40,0x00,0x07,0x00,0x3a,0x00,
    0x07,0x00,0x41,0x00,0x07,0x00,0x3b,0x00,0x07,0x00,0x3a,0x00,0x07,0x00,0x40,0x00,
    0x07,0x00,0x41,0x00,0x3d,0x00,0x3b,0x00,0x3d,0x00,0x3d,0x00,0x3d,0x00,0x37,0x00,
    0x3d,0x00,0x3b,0x00,0x3d,0x00,0x41,0x00,0x3d,0x00,0x3d,0x00,0x3e,0x00,0x3d,0x00,
    0x3e,0x00,0x42,0x00,0x3e,0x00,0x3c,0x00,0x3e,0x00,0x3d,0x00,0x3e,0x00,0x43,0x00,
    0x3e,0x00,0x42,0x00,0x02,0x00,0x3c,0x00,0x02,0x00,0x44,0x00,0x02,0x00,0x3e,0x00,
    0x02,0x00,0x3c,0x00,0x02,0x00,0x42,0x00,0x02,0x00,0x44,0x00,0x3f,0x00,0x3e,0x00,
    0x3f,0x00,0x45,0x00,0x3f,0x00,0x3f,0x00,0x40,0x00,0x3e,0x00,0x40,0x00,0x44,0x00,
    0x40,0x00,0x45,0x00,0x41,0x00,0x3f,0x00,0x41,0x00,0x46,0x00,0x41,0x00,0x40,0x00,
    0x42,0x00,0x3f,0x00,0x42,0x00,0x45,0x00,0x42,0x00,0x46,0x00,0x07,0x00,0x40,0x00,
    0x07,0x00,0x47,0x00,0x07,0x00,0x41,0x00,0x07,0x00,0x40,0x00,0x07,0x00,0x46,0x00,
    0x07,0x00,0x47,0x00,0x43,0x00,0x41,0x00,0x43,0x00,0x43,0x00,0x43,0x00,0x3d,0x00,
    0x43,0x00,0x41,0x00,0x43,0x00,0x47,0x00,0x43,0x00,0x43,0x00,0x25,0x00,0x43,0x00,
    0x25,0x00,0x02,0x00,0x25,0x00,0x42,0x00,0x25,0x00,0x43,0x00,0x25,0x00,0x00,0x00,
    0x25,0x00,0x02,0x00,0x02,0x00,0x42,0x00,0x02,0x00,0x05,0x00,0x02,0x00,0x44,0x00,
    0x02,0x00,0x42,0x00,0x02,0x00,0x02,0x00,0x02,0x00,0x05,0x00,0x24,0x00,0x44,0x00,
    0x24,0x00,0x07,0x00,0x24,0x00,0x45,0x00,0x24,0x00,0x44,0x00,0x24,0x00,0x05,0x00,
    0x24,0x00,0x07,0x00,0x27,0x00,0x45,0x00,0x27,0x00,0x09,0x00,0x27,0x00,0x46,0x00,
    0x27,0x00,0x45,0x00,0x27,0x00,0x07,0x00,0x27,0x00,0x09,0x00,0x07,0x00,0x46,0x00,
    0x07,0x00,0x0b,0x00,0x07,0x00,0x47,0x00,0x07,0x00,0x46,0x00,0x07,0x00,0x09,0x00,
    0x07,0x00,0x0b,0x00,0x26,0x00,0x47,0x00,0x26,0x00,0x00,0x00,0x26,0x00,0x43,0x00,
    0x26,0x00,0x47,0x00,0x26,0x00,0x0b,0x00,0x26,0x00,0x00,0x00,0x02,0x00,0x48,0x00,
    0x02,0x00,0x49,0x00,0x02,0x00,0x4a,0x00,0x02,0x00,0x48,0x00,0x02,0x00,0x4a,0x00,
    0x02,0x00,0x4b,0x00,0x07,0x00,0x48,0x00,0x07,0x00,0x4a,0x00,0x07,0x00,0x49,0x00,
    0x07,0x00,0x48,0x00,0x07,0x00,0x4b,0x00,0x07,0x00,0x4a,0x00,0x02,0x00,0x4c,0x00,
    0x02,0x00,0x4d,0x00,0x02,0x00,0x4e,0x00,0x02,0x00,0x4c,0x00,0x02,0x00,0x4e,0x00,
    0x02,0x00,0x4f,0x00,0x07,0x00,0x4c,0x00,0x07,0x00,0x4e,0x00,0x07,0x00,0x4d,0x00,
    0x07,0x00,0x4c,0x00,0x07,0x00,0x4f,0x00,0x07,0x00,0x4e,0x00,0x02,0x00,0x50,0x00,
    0x02,0x00,0x51,0x00,0x02,0x00,0x52,0x00,0x02,0x00,0x50,0x00,0x02,0x00,0x52,0x00,
    0x02,0x00,0x53,0x00,0x07,0x00,0x50,0x00,0x07,0x00,0x52,0x00,0x07,0x00,0x51,0x00,
    0x07,0x00,0x50,0x00,0x07,0x00,0x53,0x00,0x07,0x00,0x52,0x00,0x02,0x00,0x54,0x00,
    0x02,0x00,0x55,0x00,0x02,0x00,0x56,0x00,0x02,0x00,0x54,0x00,0x02,0x00,0x56,0x00,
    0x02,0x00,0x57,0x00,0x07,0x00,0x54,0x00,0x07,0x00,0x56,0x00,0x07,0x00,0x55,0x00,
    0x07,0x00,0x54,0x00,0x07,0x00,0x57,0x00,0x07,0x00,0x56,0x00,0x02,0x00,0x58,0x00,
    0x02,0x00,0x59,0x00,0x02,0x00,0x5a,0x00,0x02,0x00,0x58,0x00,0x02,0x00,0x5a,0x00,
    0x02,0x00,0x5b,0x00,0x07,0x00,0x58,0x00,0x07,0x00,0x5a,0x00,0x07,0x00,0x59,0x00,
    0x07,0x00,0x58,0x00,0x07,0x00,0x5b,0x00,0x07,0x00,0x5a,0x00,0x00,0x00,0x00,0x00,
    0x00,0x00,0x01,0x00,0x00,0x00,0x02,0x00,0x00,0x00,0x00,0x00,0x00,0x00,0x02,0x00,
    0x00,0x00,0x03,0x00,0x01,0x00,0x01,0x00,0x01,0x00,0x04,0x00,0x01,0x00,0x05,0x00,
    0x01,0x00,0x01,0x00,0x01,0x00,0x05,0x00,0x01,0x00,0x02,0x00,0x02,0x00,0x04,0x00,
    0x02,0x00,0x06,0x00,0x02,0x00,0x07,0x00,0x02,0x00,0x04,0x00,0x02,0x00,0x07,0x00,
    0x02,0x00,0x05,0x00,0x03,0x00,0x06,0x00,0x03,0x00,0x08,0x00,0x03,0x00,0x09,0x00,
    0x03,0x00,0x06,0x00,0x03,0x00,0x09,0x00,0x03,0x00,0x07,0x00,0x04,0x00,0x08,0x00,
    0x04,0x00,0x0a,0x00,0x04,0x00,0x0b,0x00,0x04,0x00,0x08,0x00,0x04,0x00,0x0b,0x00,
    0x04,0x00,0x09,0x00,0x05,0x00,0x0a,0x00,0x05,0x00,0x00,0x00,0x05,0x00,0x03,0x00,
    0x05,0x00,0x0a,0x00,0x05,0x00,0x03,0x00,0x05,0x00,0x0b,0x00,0x06,0x00,0x03,0x00,
    0x06,0x00,0x02,0x00,0x06,0x00,0x05,0x00,0x06,0x00,0x03,0x00,0x06,0x00,0x05,0x00,
    0x06,0x00,0x07,0x00,0x06,0x00,0x03,0x00,0x06,0x00,0x07,0x00,0x06,0x00,0x09,0x00,
    0x06,0x00,0x03,0x00,0x06,0x00,0x09,0x00,0x06,0x00,0x0b,0x00,0x7f,0x60,0x00,0x78,
    0x7f,0x64,0x80,0x00,0x7f,0x64,0x00,0x00,0x7f,0x60,0x00,0x78,0x7f,0x60,0x80,0x00,
    0x7f,0x64,0x00,0x00,0x7f,0x64,0x00,0x78,0x7f,0x6b,0x80,0x00,0x7f,0x6b,0x00,0x00,
    0x7f,0x64,0x00,0x78,0x7f,0x64,0x80,0x00,0x7f,0x6b,0x00,0x00,0x7f,0x6b,0x00,0x78,
    0x7f,0x6f,0x80,0x00,0x7f,0x6f,0x00,0x00,0x7f,0x6b,0x00,0x78,0x7f,0x6b,0x80,0x00,
    0x7f,0x6f,0x00,0x00,0x7f,0x6f,0x00,0x78,0x7f,0x6b,0x80,0x00,0x7f,0x6b,0x00,0x00,
    0x7f,0x6f,0x00,0x78,0x7f,0x6f,0x80,0x00,0x7f,0x6b,0x00,0x00,0x7f,0x6b,0x00,0x78,
    0x7f,0x64,0x80,0x00,0x7f,0x64,0x00,0x00,0x7f,0x6b,0x00,0x78,0x7f,0x6b,0x80,0x00,
    0x7f,0x64,0x00,0x00,0x7f,0x64,0x00,0x78,0x7f,0x60,0x80,0x00,0x7f,0x60,0x00,0x00,
    0x7f,0x64,0x00,0x78,0x7f,0x64,0x80,0x00,0x7f,0x60,0x00,0x00,0x00,0x50,0x00,0x78,
    0x00,0x54,0x80,0x00,0x00,0x54,0x00,0x00,0x00,0x50,0x00,0x78,0x00,0x50,0x80,0x00,
    0x00,0x54,0x00,0x00,0x00,0x54,0x00,0x78,0x00,0x5b,0x80,0x00,0x00,0x5b,0x00,0x00,
    0x00,0x54,0x00,0x78,0x00,0x54,0x80,0x00,0x00,0x5b,0x00,0x00,0x00,0x5b,0x00,0x78,
    0x00,0x5f,0x80,0x00,0x00,0x5f,0x00,0x00,0x00,0x5b,0x00,0x78,0x00,0x5b,0x80,0x00,
    0x00,0x5f,0x00,0x00,0x00,0x5f,0x00,0x78,0x00,0x5b,0x80,0x00,0x00,0x5b,0x00,0x00,
    0x00,0x5f,0x00,0x78,0x00,0x5f,0x80,0x00,0x00,0x5b,0x00,0x00,0x00,0x5b,0x00,0x78,
    0x00,0x54,0x80,0x00,0x00,0x54,0x00,0x00,0x00,0x5b,0x00,0x78,0x00,0x5b,0x80,0x00,
    0x00,0x54,0x00,0x00,0x00,0x54,0x00,0x78,0x00,0x50,0x80,0x00,0x00,0x50,0x00,0x00,
    0x00,0x54,0x00,0x78,0x00,0x54,0x80,0x00,0x00,0x50,0x00,0x00,0x00,0x50,0x00,0x78,
    0x7f,0x54,0x80,0x00,0x00,0x54,0x00,0x00,0x00,0x50,0x00,0x78,0x7f,0x50,0x80,0x00,
    0x7f,0x54,0x00,0x00,0x00,0x54,0x00,0x78,0x7f,0x5b,0x80,0x00,0x00,0x5b,0x00,0x00,
    0x00,0x54,0x00,0x78,0x7f,0x54,0x80,0x00,0x7f,0x5b,0x00,0x00,0x00,0x5b,0x00,0x78,
    0x7f,0x5f,0x80,0x00,0x00,0x5f,0x00,0x00,0x00,0x5b,0x00,0x78,0x7f,0x5b,0x80,0x00,
    0x7f,0x5f,0x00,0x00,0x00,0x5f,0x00,0x78,0x7f,0x5b,0x80,0x00,0x00,0x5b,0x00,0x00,
    0x00,0x5f,0x00,0x78,0x7f,0x5f,0x80,0x00,0x7f,0x5b,0x00,0x00,0x00,0x5b,0x00,0x78,
    0x7f,0x54,0x80,0x00,0x00,0x54,0x00,0x00,0x00,0x5b,0x00,0x78,0x7f,0x5b,0x80,0x00,
    0x7f,0x54,0x00,0x00,0x00,0x54,0x00,0x78,0x7f,0x50,0x80,0x00,0x00,0x50,0x00,0x00,
    0x00,0x54,0x00,0x78,0x7f,0x54,0x80,0x00,0x7f,0x50,0x00,0x00,0x7f,0x50,0x00,0x78,
    0x7f,0x54,0x80,0x00,0x7f,0x54,0x00,0x00,0x7f,0x50,0x00,0x78,0x7f,0x50,0x80,0x00,
    0x7f,0x54,0x00,0x00,0x7f,0x54,0x00,0x78,0x7f,0x5b,0x80,0x00,0x7f,0x5b,0x00,0x00,
    0x7f,0x54,0x00,0x78,0x7f,0x54,0x80,0x00,0x7f,0x5b,0x00,0x00,0x7f,0x5b,0x00,0x78,
    0x7f,0x5f,0x80,0x00,0x7f,0x5f,0x00,0x00,0x7f,0x5b,0x00,0x78,0x7f,0x5b,0x80,0x00,
    0x7f,0x5f,0x00,0x00,0x7f,0x5f,0x00,0x78,0x7f,0x5b,0x80,0x00,0x7f,0x5b,0x00,0x00,
    0x7f,0x5f,0x00,0x78,0x7f,0x5f,0x80,0x00,0x7f,0x5b,0x00,0x00,0x7f,0x5b,0x00,0x78,
    0x7f,0x54,0x80,0x00,0x7f,0x54,0x00,0x00,0x7f,0x5b,0x00,0x78,0x7f,0x5b,0x80,0x00,
    0x7f,0x54,0x00,0x00,0x7f,0x54,0x00,0x78,0x7f,0x50,0x80,0x00,0x7f,0x50,0x00,0x00,
    0x7f,0x54,0x00,0x78,0x7f,0x54,0x80,0x00,0x7f,0x50,0x00,0x00,0x7f,0x60,0x00,0x78,
    0x7f,0x64,0x80,0x00,0x7f,0x64,0x00,0x00,0x7f,0x60,0x00,0x78,0x7f,0x60,0x80,0x00,
    0x7f,0x64,0x00,0x00,0x7f,0x64,0x00,0x78,0x7f,0x6b,0x80,0x00,0x7f,0x6b,0x00,0x00,
    0x7f,0x64,0x00,0x78,0x7f,0x64,0x80,0x00,0x7f,0x6b,0x00,0x00,0x7f,0x6b,0x00,0x78,
    0x7f,0x6f,0x80,0x00,0x7f,0x6f,0x00,0x00,0x7f,0x6b,0x00,0x78,0x7f,0x6b,0x80,0x00,
    0x7f,0x6f,0x00,0x00,0x7f,0x6f,0x00,0x78,0x7f,0x6b,0x80,0x00,0x7f,0x6b,0x00,0x00,
    0x7f,0x6f,0x00,0x78,0x7f,0x6f,0x80,0x00,0x7f,0x6b,0x00,0x00,0x7f,0x6b,0x00,0x78,
    0x7f,0x64,0x80,0x00,0x7f,0x64,0x00,0x00,0x7f,0x6b,0x00,0x78,0x7f,0x6b,0x80,0x00,
    0x7f,0x64,0x00,0x00,0x7f,0x64,0x00,0x78,0x7f,0x60,0x80,0x00,0x7f,0x60,0x00,0x00,
    0x7f,0x64,0x00,0x78,0x7f,0x64,0x80,0x00,0x7f,0x60,0x00,0x00,0x7f,0x60,0x00,0x78,
    0x00,0x64,0x80,0x00,0x7f,0x64,0x00,0x00,0x7f,0x60,0x00,0x78,0x00,0x60,0x80,0x00,
    0x00,0x64,0x00,0x00,0x7f,0x64,0x00,0x78,0x00,0x6b,0x80,0x00,0x7f,0x6b,0x00,0x00,
    0x7f,0x64,0x00,0x78,0x00,0x64,0x80,0x00,0x00,0x6b,0x00,0x00,0x7f,0x6b,0x00,0x78,
    0x00,0x6f,0x80,0x00,0x7f,0x6f,0x00,0x00,0x7f,0x6b,0x00,0x78,0x00,0x6b,0x80,0x00,
    0x00,0x6f,0x00,0x00,0x7f,0x6f,0x00,0x78,0x00,0x6b,0x80,0x00,0x7f,0x6b,0x00,0x00,
    0x7f,0x6f,0x00,0x78,0x00,0x6f,0x80,0x00,0x00,0x6b,0x00,0x00,0x7f,0x6b,0x00,0x78,
    0x00,0x64,0x80,0x00,0x7f,0x64,0x00,0x00,0x7f,0x6b,0x00,0x78,0x00,0x6b,0x80,0x00,
    0x00,0x64,0x00,0x00,0x7f,0x64,0x00,0x78,0x00,0x60,0x80,0x00,0x7f,0x60,0x00,0x00,
    0x7f,0x64,0x00,0x78,0x00,0x64,0x80,0x00,0x00,0x60,0x00,0x00,0x00,0x60,0x00,0x78,
    0x00,0x64,0x80,0x00,0x00,0x64,0x00,0x00,0x00,0x60,0x00,0x78,0x00,0x60,0x80,0x00,
    0x00,0x64,0x00,0x00,0x00,0x64,0x00,0x78,0x00,0x6b,0x80,0x00,0x00,0x6b,0x00,0x00,
    0x00,0x64,0x00,0x78,0x00,0x64,0x80,0x00,0x00,0x6b,0x00,0x00,0x00,0x6b,0x00,0x78,
    0x00,0x6f,0x80,0x00,0x00,0x6f,0x00,0x00,0x00,0x6b,0x00,0x78,0x00,0x6b,0x80,0x00,
    0x00,0x6f,0x00,0x00,0x00,0x6f,0x00,0x78,0x00,0x6b,0x80,0x00,0x00,0x6b,0x00,0x00,
    0x00,0x6f,0x00,0x78,0x00,0x6f,0x80,0x00,0x00,0x6b,0x00,0x00,0x00,0x6b,0x00,0x78,
    0x00,0x64,0x80,0x00,0x00,0x64,0x00,0x00,0x00,0x6b,0x00,0x78,0x00,0x6b,0x80,0x00,
    0x00,0x64,0x00,0x00,0x00,0x64,0x00,0x78,0x00,0x60,0x80,0x00,0x00,0x60,0x00,0x00,
    0x00,0x64,0x00,0x78,0x00,0x64,0x80,0x00,0x00,0x60,0x00,0x00,0x7f,0x70,0x00,0x78,
    0x7f,0x74,0x80,0x00,0x7f,0x74,0x00,0x00,0x7f,0x70,0x00,0x78,0x7f,0x70,0x80,0x00,
    0x7f,0x74,0x00,0x00,0x7f,0x74,0x00,0x78,0x7f,0x7b,0x80,0x00,0x7f,0x7b,0x00,0x00,
    0x7f,0x74,0x00,0x78,0x7f,0x74,0x80,0x00,0x7f,0x7b,0x00,0x00,0x7f,0x7b,0x00,0x78,
    0x7f,0x7f,0x80,0x00,0x7f,0x7f,0x00,0x00,0x7f,0x7b,0x00,0x78,0x7f,0x7b,0x80,0x00,
    0x7f,0x7f,0x00,0x00,0x7f,0x7f,0x00,0x78,0x7f,0x7b,0x80,0x00,0x7f,0x7b,0x00,0x00,
    0x7f,0x7f,0x00,0x78,0x7f,0x7f,0x80,0x00,0x7f,0x7b,0x00,0x00,0x7f,0x7b,0x00,0x78,
    0x7f,0x74,0x80,0x00,0x7f,0x74,0x00,0x00,0x7f,0x7b,0x00,0x78,0x7f,0x7b,0x80,0x00,
    0x7f,0x74,0x00,0x00,0x7f,0x74,0x00,0x78,0x7f,0x70,0x80,0x00,0x7f,0x70,0x00,0x00,
    0x7f,0x74,0x00,0x78,0x7f,0x74,0x80,0x00,0x7f,0x70,0x00,0x00,0x7f,0x70,0x00,0x78,
    0x00,0x74,0x80,0x00,0x7f,0x74,0x00,0x00,0x7f,0x70,0x00,0x78,0x00,0x70,0x80,0x00,
    0x00,0x74,0x00,0x00,0x7f,0x74,0x00,0x78,0x00,0x7b,0x80,0x00,0x7f,0x7b,0x00,0x00,
    0x7f,0x74,0x00,0x78,0x00,0x74,0x80,0x00,0x00,0x7b,0x00,0x00,0x7f,0x7b,0x00,0x78,
    0x00,0x7f,0x80,0x00,0x7f,0x7f,0x00,0x00,0x7f,0x7b,0x00,0x78,0x00,0x7b,0x80,0x00,
    0x00,0x7f,0x00,0x00,0x7f,0x7f,0x00,0x78,0x00,0x7b,0x80,0x00,0x7f,0x7b,0x00,0x00,
    0x7f,0x7f,0x00,0x78,0x00,0x7f,0x80,0x00,0x00,0x7b,0x00,0x00,0x7f,0x7b,0x00,0x78,
    0x00,0x74,0x80,0x00,0x7f,0x74,0x00,0x00,0x7f,0x7b,0x00,0x78,0x00,0x7b,0x80,0x00,
    0x00,0x74,0x00,0x00,0x7f,0x74,0x00,0x78,0x00,0x70,0x80,0x00,0x7f,0x70,0x00,0x00,
    0x7f,0x74,0x00,0x78,0x00,0x74,0x80,0x00,0x00,0x70,0x00,0x00,0x00,0x70,0x00,0x78,
    0x00,0x74,0x80,0x00,0x00,0x74,0x00,0x00,0x00,0x70,0x00,0x78,0x00,0x70,0x80,0x00,
    0x00,0x74,0x00,0x00,0x00,0x74,0x00,0x78,0x00,0x7b,0x80,0x00,0x00,0x7b,0x00,0x00,
    0x00,0x74,0x00,0x78,0x00,0x74,0x80,0x00,0x00,0x7b,0x00,0x00,0x00,0x7b,0x00,0x78,
    0x00,0x7f,0x80,0x00,0x00,0x7f,0x00,0x00,0x00,0x7b,0x00,0x78,0x00,0x7b,0x80,0x00,
    0x00,0x7f,0x00,0x00,0x00,0x7f,0x00,0x78,0x00,0x7b,0x80,0x00,0x00,0x7b,0x00,0x00,
    0x00,0x7f,0x00,0x78,0x00,0x7f,0x80,0x00,0x00,0x7b,0x00,0x00,0x00,0x7b,0x00,0x78,
    0x00,0x74,0x80,0x00,0x00,0x74,0x00,0x00,0x00,0x7b,0x00,0x78,0x00,0x7b,0x80,0x00,
    0x00,0x74,0x00,0x00,0x00,0x74,0x00,0x78,0x00,0x70,0x80,0x00,0x00,0x70,0x00,0x00,
    0x00,0x74,0x00,0x78,0x00,0x74,0x80,0x00,0x00,0x70,0x00,0x00,0x00,0x60,0x00,0x78,
    0x00,0x64,0x80,0x00,0x00,0x64,0x00,0x00,0x00,0x60,0x00,0x78,0x00,0x60,0x80,0x00,
    0x00,0x64,0x00,0x00,0x00,0x64,0x00,0x78,0x00,0x6b,0x80,0x00,0x00,0x6b,0x00,0x00,
    0x00,0x64,0x00,0x78,0x00,0x64,0x80,0x00,0x00,0x6b,0x00,0x00,0x00,0x6b,0x00,0x78,
    0x00,0x6f,0x80,0x00,0x00,0x6f,0x00,0x00,0x00,0x6b,0x00,0x78,0x00,0x6b,0x80,0x00,
    0x00,0x6f,0x00,0x00,0x00,0x6f,0x00,0x78,0x00,0x6b,0x80,0x00,0x00,0x6b,0x00,0x00,
    0x00,0x6f,0x00,0x78,0x00,0x6f,0x80,0x00,0x00,0x6b,0x00,0x00,0x00,0x6b,0x00,0x78,
    0x00,0x64,0x80,0x00,0x00,0x64,0x00,0x00,0x00,0x6b,0x00,0x78,0x00,0x6b,0x80,0x00,
    0x00,0x64,0x00,0x00,0x00,0x64,0x00,0x78,0x00,0x60,0x80,0x00,0x00,0x60,0x00,0x00,
    0x00,0x64,0x00,0x78,0x00,0x64,0x80,0x00,0x00,0x60,0x00,0x00,0x00,0x60,0x00,0x78,
    0x7f,0x64,0x80,0x00,0x00,0x64,0x00,0x00,0x00,0x60,0x00,0x78,0x7f,0x60,0x80,0x00,
    0x7f,0x64,0x00,0x00,0x00,0x64,0x00,0x78,0x7f,0x6b,0x80,0x00,0x00,0x6b,0x00,0x00,
    0x00,0x64,0x00,0x78,0x7f,0x64,0x80,0x00,0x7f,0x6b,0x00,0x00,0x00,0x6b,0x00,0x78,
    0x7f,0x6f,0x80,0x00,0x00,0x6f,0x00,0x00,0x00,0x6b,0x00,0x78,0x7f,0x6b,0x80,0x00,
    0x7f,0x6f,0x00,0x00,0x00,0x6f,0x00,0x78,0x7f,0x6b,0x80,0x00,0x00,0x6b,0x00,0x00,
    0x00,0x6f,0x00,0x78,0x7f,0x6f,0x80,0x00,0x7f,0x6b,0x00,0x00,0x00,0x6b,0x00,0x78,
    0x7f,0x64,0x80,0x00,0x00,0x64,0x00,0x00,0x00,0x6b,0x00,0x78,0x7f,0x6b,0x80,0x00,
    0x7f,0x64,0x00,0x00,0x00,0x64,0x00,0x78,0x7f,0x60,0x80,0x00,0x00,0x60,0x00,0x00,
    0x00,0x64,0x00,0x78,0x7f,0x64,0x80,0x00,0x7f,0x60,0x00,0x00,0x00,0x00,0x00,0x78,
    0x7f,0x00,0x80,0x00,0x7f,0x4d,0x00,0x00,0x00,0x00,0x00,0x78,0x7f,0x4d,0x80,0x00,
    0x00,0x4d,0x00,0x00,0x7f,0x00,0x00,0x78,0x00,0x4d,0x80,0x00,0x00,0x00,0x00,0x00,
    0x7f,0x00,0x00,0x78,0x7f,0x4d,0x80,0x00,0x00,0x4d,0x00,0x00,0x00,0x80,0x00,0x78,
    0x1f,0x80,0x80,0x00,0x1f,0x8f,0x00,0x00,0x00,0x80,0x00,0x78,0x1f,0x8f,0x80,0x00,
    0x00,0x8f,0x00,0x00,0x1f,0x80,0x00,0x78,0x00,0x8f,0x80,0x00,0x00,0x80,0x00,0x00,
    0x1f,0x80,0x00,0x78,0x1f,0x8f,0x80,0x00,0x00,0x8f,0x00,0x00,0x20,0x80,0x00,0x78,
    0x3f,0x80,0x80,0x00,0x3f,0x8f,0x00,0x00,0x20,0x80,0x00,0x78,0x3f,0x8f,0x80,0x00,
    0x20,0x8f,0x00,0x00,0x3f,0x80,0x00,0x78,0x20,0x8f,0x80,0x00,0x20,0x80,0x00,0x00,
    0x3f,0x80,0x00,0x78,0x3f,0x8f,0x80,0x00,0x20,0x8f,0x00,0x00,0x40,0x80,0x00,0x78,
    0x5f,0x80,0x80,0x00,0x5f,0x8f,0x00,0x00,0x40,0x80,0x00,0x78,0x5f,0x8f,0x80,0x00,
    0x40,0x8f,0x00,0x00,0x5f,0x80,0x00,0x78,0x40,0x8f,0x80,0x00,0x40,0x80,0x00,0x00,
    0x5f,0x80,0x00,0x78,0x5f,0x8f,0x80,0x00,0x40,0x8f,0x00,0x00,0x60,0x80,0x00,0x78,
    0x7f,0x80,0x80,0x00,0x7f,0x8f,0x00,0x00,0x60,0x80,0x00,0x78,0x7f,0x8f,0x80,0x00,
    0x60,0x8f,0x00,0x00,0x7f,0x80,0x00,0x78,0x60,0x8f,0x80,0x00,0x60,0x80,0x00,0x00,
    0x7f,0x80,0x00,0x78,0x7f,0x8f,0x80,0x00,0x60,0x8f,0x00,0x00,0x00,0x60,0x00,0x78,
    0x00,0x64,0x80,0x00,0x7f,0x64,0x00,0x00,0x00,0x60,0x00,0x78,0x7f,0x64,0x80,0x00,
    0x7f,0x60,0x00,0x00,0x00,0x64,0x00,0x78,0x00,0x6b,0x80,0x00,0x7f,0x6b,0x00,0x00,
    0x00,0x64,0x00,0x78,0x7f,0x6b,0x80,0x00,0x7f,0x64,0x00,0x00,0x00,0x6b,0x00,0x78,
    0x00,0x6f,0x80,0x00,0x7f,0x6f,0x00,0x00,0x00,0x6b,0x00,0x78,0x7f,0x6f,0x80,0x00,
    0x7f,0x6b,0x00,0x00,0x00,0x6f,0x00,0x78,0x00,0x6b,0x80,0x00,0x7f,0x6b,0x00,0x00,
    0x00,0x6f,0x00,0x78,0x7f,0x6b,0x80,0x00,0x7f,0x6f,0x00,0x00,0x00,0x6b,0x00,0x78,
    0x00,0x64,0x80,0x00,0x7f,0x64,0x00,0x00,0x00,0x6b,0x00,0x78,0x7f,0x64,0x80,0x00,
    0x7f,0x6b,0x00,0x00,0x00,0x64,0x00,0x78,0x00,0x60,0x80,0x00,0x7f,0x60,0x00,0x00,
    0x00,0x64,0x00,0x78,0x7f,0x60,0x80,0x00,0x7f,0x64,0x00,0x00,0x7f,0x68,0x00,0x78,
    0x7f,0x68,0x80,0x00,0x7f,0x68,0x00,0x00,0x7f,0x68,0x00,0x78,0x7f,0x68,0x80,0x00,
    0x7f,0x68,0x00,0x00,0x7f,0x68,0x00,0x78,0x7f,0x68,0x80,0x00,0x7f,0x68,0x00,0x00,
    0x7f,0x68,0x00,0x78,0x7f,0x68,0x80,0x00,0x7f,0x68,0x00,0x00,0x10,0x00,0x00,0x00,
    0x09,0x00,0x00,0x00,0x0c,0x02,0x00,0x00,0x00,0x00,0xe0,0x01,0x00,0x01,0x01,0x00,
    0x00,0x00,0x00,0x80,0x01,0x00,0x20,0x00,0x21,0x00,0x41,0x00,0x42,0x00,0x62,0x00,
    0x63,0x00,0x83,0x00,0x84,0x00,0xa4,0x00,0xa5,0x00,0x00,0x04,0x01,0x04,0x20,0x04,
    0x21,0x04,0x22,0x04,0x41,0x04,0x42,0x04,0x43,0x04,0x62,0x04,0x63,0x04,0x83,0x04,
    0x84,0x04,0x85,0x04,0xa4,0x04,0xa5,0x04,0xc5,0x04,0xc6,0x04,0xe7,0x04,0x00,0x08,
    0x20,0x08,0x21,0x08,0x41,0x08,0x42,0x08,0x43,0x08,0x62,0x08,0x63,0x08,0x83,0x08,
    0x84,0x08,0xa4,0x08,0xa5,0x08,0xa6,0x08,0xc5,0x08,0xc6,0x08,0xe6,0x08,0xe7,0x08,
    0x07,0x09,0x08,0x09,0x20,0x0c,0x21,0x0c,0x41,0x0c,0x42,0x0c,0x61,0x0c,0x62,0x0c,
    0x63,0x0c,0x83,0x0c,0x84,0x0c,0xa4,0x0c,0xa5,0x0c,0xc5,0x0c,0xc6,0x0c,0xe6,0x0c,
    0xe7,0x0c,0xe8,0x0c,0x07,0x0d,0x08,0x0d,0x28,0x0d,0x29,0x0d,0x49,0x0d,0x41,0x10,
    0x42,0x10,0x61,0x10,0x62,0x10,0x63,0x10,0x82,0x10,0x83,0x10,0x84,0x10,0xa4,0x10,
    0xa5,0x10,0xc5,0x10,0xc6,0x10,0xe6,0x10,0xe7,0x10,0x08,0x11,0x28,0x11,0x29,0x11,
    0x49,0x11,0x4a,0x11,0x62,0x14,0x63,0x14,0x82,0x14,0x83,0x14,0x84,0x14,0xa4,0x14,
    0xa5,0x14,0xa6,0x14,0xc5,0x14,0xc6,0x14,0xe6,0x14,0xe7,0x14,0x08,0x15,0x29,0x15,
    0x83,0x18,0x84,0x18,0xa3,0x18,0xa4,0x18,0xc5,0x18,0xc6,0x18,0xe6,0x18,0xe7,0x18,
    0x07,0x19,0x08,0x19,0x83,0x1c,0xa3,0x1c,0xa4,0x1c,0xa5,0x1c,0xc4,0x1c,0xc5,0x1c,
    0xe5,0x1c,0xe6,0x1c,0xe7,0x1c,0xe8,0x1c,0x07,0x1d,0x08,0x1d,0x28,0x1d,0x29,0x1d,
    0xa4,0x20,0xc4,0x20,0xc5,0x20,0xc6,0x20,0xe5,0x20,0xe6,0x20,0xe7,0x20,0x07,0x21,
    0x08,0x21,0x28,0x21,0x29,0x21,0x49,0x21,0x4a,0x21,0x6a,0x21,0xc5,0x24,0xe5,0x24,
    0xe6,0x24,0xe7,0x24,0x06,0x25,0x07,0x25,0x08,0x25,0x28,0x25,0x29,0x25,0x49,0x25,
    0x4a,0x25,0x6a,0x25,0x6b,0x25,0x8b,0x25,0xe6,0x28,0x06,0x29,0x07,0x29,0x08,0x29,
    0x27,0x29,0x28,0x29,0x29,0x29,0x49,0x29,0x4a,0x29,0x6a,0x29,0x6b,0x29,0x8b,0x29,
    0x8c,0x29,0x07,0x2d,0x27,0x2d,0x28,0x2d,0x29,0x2d,0x6a,0x2d,0x6b,0x2d,0x8b,0x2d,
    0x8c,0x2d,0xac,0x2d,0x49,0x31,0x69,0x31,0x6a,0x31,0x8b,0x31,0xac,0x31,0xad,0x31,
    0xcd,0x31,0x49,0x35,0x6a,0x35,0x8a,0x35,0x8b,0x35,0xac,0x35,0xad,0x35,0xcc,0x35,
    0xcd,0x35,0xce,0x35,0xee,0x35,0xef,0x35,0x6a,0x39,0x8a,0x39,0x8b,0x39,0xab,0x39,
    0xef,0x39,0x0f,0x3a,0x10,0x3a,0x30,0x3a,0x8b,0x3d,0x10,0x3e,0x30,0x42,0x31,0x42,
    0x51,0x42,0x52,0x42,0x51,0x46,0x52,0x46,0x72,0x46,0x00,0x00,0x00,0x00,0x00,0x00,
    0x00,0x00,0x00,0x00,0x00,0x00,0x00,0x00,0x00,0x00,0x00,0x00,0x00,0x00,0x00,0x00,
    0x00,0x00,0x00,0x00,0x00,0x00,0x00,0x00,0x00,0x00,0x00,0x00,0x00,0x00,0x00,0x00,
    0x00,0x00,0x00,0x00,0x00,0x00,0x00,0x00,0x00,0x00,0x00,0x00,0x00,0x00,0x00,0x00,
    0x00,0x00,0x00,0x00,0x00,0x00,0x00,0x00,0x00,0x00,0x00,0x00,0x00,0x00,0x00,0x00,
    0x00,0x00,0x00,0x00,0x00,0x00,0x00,0x00,0x00,0x00,0x00,0x00,0x00,0x00,0x00,0x00,
    0x0c,0x80,0x00,0x00,0x00,0x00,0x00,0x00,0x40,0x00,0x00,0x01,0x23,0x13,0x13,0x13,
    0x13,0x26,0x26,0x13,0x01,0x01,0x01,0x01,0x01,0x01,0x01,0x10,0x10,0x12,0x12,0x10,
    0x10,0x12,0x12,0x12,0x04,0x04,0x23,0x23,0x38,0x26,0x26,0x26,0x26,0x38,0x38,0x38,
    0x38,0x34,0x21,0x21,0x35,0x35,0x37,0x37,0x35,0x35,0x4b,0x4b,0x4b,0x4b,0x4b,0x4b,
    0x4b,0x4b,0x18,0x18,0x18,0x18,0x15,0x15,0x06,0x06,0x22,0x22,0x22,0x22,0x13,0x26,
    0x26,0x29,0x29,0x28,0x28,0x18,0x18,0x2a,0x2a,0x28,0x28,0x27,0x27,0x26,0x26,0x26,
    0x38,0x38,0x3a,0x3a,0x3a,0x3a,0x3a,0x39,0x3a,0x3a,0x27,0x27,0x39,0x39,0x3a,0x23,
    0x23,0x10,0x10,0x23,0x23,0x23,0x23,0x23,0x23,0x12,0x12,0x13,0x13,0x04,0x04,0x10,
    0x10,0x10,0x10,0x1f,0x1f,0x1f,0x1f,0x1f,0x1f,0x33,0x33,0x33,0x10,0x03,0x03,0x03,
    0x03,0x26,0x26,0x12,0x01,0x01,0x02,0x02,0x01,0x01,0x01,0x12,0x12,0x10,0x10,0x10,
    0x10,0x12,0x12,0x12,0x04,0x04,0x23,0x23,0x38,0x26,0x26,0x26,0x26,0x38,0x38,0x09,
    0x09,0x08,0x03,0x03,0x01,0x01,0x04,0x04,0x01,0x01,0x01,0x06,0x06,0x27,0x27,0x08,
    0x08,0x18,0x18,0x18,0x18,0x18,0x15,0x15,0x06,0x06,0x22,0x22,0x22,0x22,0x13,0x26,
    0x26,0x29,0x29,0x28,0x28,0x18,0x18,0x18,0x18,0x28,0x28,0x16,0x16,0x01,0x01,0x01,
    0x10,0x10,0x10,0x10,0x12,0x12,0x39,0x39,0x3a,0x3a,0x27,0x27,0x39,0x39,0x3a,0x23,
    0x23,0x10,0x10,0x23,0x23,0x23,0x23,0x23,0x01,0x13,0x13,0x23,0x23,0x01,0x01,0x10,
    0x10,0x04,0x04,0x01,0x01,0x01,0x01,0x01,0x01,0x01,0x01,0x32,0x10,0x03,0x03,0x03,
    0x03,0x26,0x26,0x12,0x01,0x01,0x02,0x02,0x01,0x01,0x01,0x13,0x13,0x04,0x04,0x01,
    0x01,0x01,0x01,0x01,0x01,0x01,0x02,0x02,0x13,0x17,0x17,0x08,0x08,0x09,0x09,0x09,
    0x09,0x08,0x03,0x03,0x01,0x01,0x04,0x04,0x01,0x01,0x01,0x06,0x06,0x27,0x27,0x18,
    0x18,0x09,0x09,0x09,0x18,0x18,0x15,0x15,0x01,0x01,0x01,0x01,0x01,0x01,0x01,0x03,
    0x03,0x07,0x07,0x28,0x28,0x18,0x18,0x18,0x18,0x28,0x28,0x16,0x16,0x01,0x01,0x01,
    0x10,0x10,0x10,0x10,0x01,0x01,0x04,0x04,0x1a,0x1a,0x1a,0x1a,0x0a,0x0a,0x0b,0x17,
    0x17,0x04,0x04,0x01,0x01,0x01,0x01,0x01,0x01,0x13,0x13,0x23,0x23,0x01,0x01,0x10,
    0x10,0x04,0x04,0x01,0x01,0x01,0x01,0x01,0x01,0x01,0x01,0x32,0x01,0x03,0x03,0x10,
    0x10,0x10,0x10,0x01,0x01,0x01,0x01,0x01,0x04,0x04,0x04,0x13,0x13,0x04,0x04,0x01,
    0x01,0x01,0x01,0x01,0x01,0x01,0x02,0x02,0x13,0x17,0x17,0x17,0x17,0x09,0x09,0x09,
    0x09,0x17,0x16,0x16,0x01,0x01,0x01,0x01,0x03,0x03,0x01,0x04,0x04,0x16,0x16,0x18,
    0x18,0x09,0x09,0x09,0x18,0x18,0x15,0x15,0x01,0x01,0x01,0x01,0x01,0x01,0x01,0x03,
    0x0d,0x04,0x04,0x13,0x13,0x1a,0x1a,0x18,0x18,0x0b,0x0b,0x1b,0x1b,0x16,0x03,0x03,
    0x01,0x01,0x01,0x01,0x01,0x01,0x04,0x04,0x1a,0x1a,0x1a,0x1a,0x0a,0x0a,0x0b,0x17,
    0x17,0x04,0x04,0x01,0x01,0x01,0x01,0x01,0x01,0x04,0x04,0x03,0x03,0x01,0x01,0x04,
    0x04,0x03,0x03,0x01,0x01,0x01,0x01,0x01,0x01,0x01,0x32,0x32,0x01,0x03,0x03,0x10,
    0x10,0x10,0x10,0x01,0x01,0x01,0x01,0x01,0x13,0x13,0x13,0x13,0x13,0x16,0x16,0x04,
    0x04,0x01,0x02,0x02,0x10,0x10,0x02,0x02,0x04,0x08,0x08,0x17,0x17,0x09,0x09,0x09,
    0x09,0x17,0x16,0x16,0x01,0x01,0x01,0x01,0x03,0x03,0x01,0x04,0x04,0x04,0x04,0x17,
    0x17,0x18,0x18,0x0b,0x0a,0x0a,0x18,0x18,0x08,0x08,0x01,0x01,0x01,0x01,0x0d,0x0d,
    0x0d,0x04,0x04,0x13,0x13,0x1a,0x1a,0x18,0x18,0x0b,0x0b,0x1b,0x1b,0x16,0x03,0x03,
    0x01,0x01,0x01,0x01,0x04,0x04,0x01,0x01,0x06,0x06,0x1a,0x1a,0x1b,0x0b,0x0b,0x18,
    0x18,0x08,0x08,0x01,0x01,0x01,0x01,0x01,0x01,0x04,0x04,0x03,0x03,0x01,0x01,0x04,
    0x04,0x03,0x03,0x01,0x01,0x01,0x01,0x01,0x01,0x01,0x1f,0x1f,0x01,0x01,0x01,0x01,
    0x01,0x01,0x01,0x10,0x10,0x10,0x13,0x13,0x13,0x13,0x13,0x13,0x13,0x16,0x16,0x04,
    0x04,0x01,0x02,0x02,0x10,0x10,0x02,0x02,0x01,0x05,0x05,0x16,0x16,0x18,0x18,0x09,
    0x09,0x0a,0x0a,0x0a,0x07,0x07,0x04,0x04,0x01,0x01,0x0d,0x04,0x04,0x04,0x04,0x17,
    0x17,0x18,0x18,0x0b,0x0a,0x0a,0x18,0x18,0x08,0x08,0x01,0x01,0x01,0x01,0x0f,0x10,
    0x10,0x04,0x04,0x03,0x03,0x09,0x09,0x1b,0x1b,0x0b,0x0b,0x0b,0x0b,0x2a,0x08,0x08,
    0x01,0x01,0x01,0x01,0x04,0x04,0x01,0x01,0x06,0x06,0x1a,0x1a,0x1b,0x0b,0x0b,0x18,
    0x18,0x08,0x08,0x01,0x08,0x03,0x03,0x0d,0x0d,0x0d,0x0d,0x01,0x01,0x01,0x01,0x01,
    0x01,0x01,0x01,0x03,0x03,0x03,0x03,0x01,0x01,0x01,0x1f,0x1f,0x01,0x01,0x01,0x01,
    0x01,0x01,0x01,0x10,0x08,0x08,0x07,0x07,0x07,0x07,0x07,0x06,0x06,0x16,0x16,0x16,
    0x16,0x04,0x01,0x01,0x04,0x04,0x10,0x10,0x01,0x01,0x05,0x16,0x16,0x18,0x18,0x09,
    0x09,0x0a,0x0a,0x0a,0x07,0x07,0x04,0x04,0x01,0x01,0x01,0x03,0x03,0x01,0x01,0x04,
    0x04,0x17,0x17,0x1a,0x0a,0x0a,0x18,0x18,0x1a,0x1a,0x13,0x13,0x01,0x01,0x0f,0x10,
    0x10,0x04,0x04,0x03,0x03,0x09,0x09,0x1b,0x1b,0x0b,0x0b,0x0b,0x0b,0x2a,0x08,0x0c,
    0x06,0x06,0x03,0x03,0x0f,0x0f,0x0f,0x0f,0x01,0x01,0x13,0x13,0x1b,0x1b,0x1b,0x0b,
    0x0b,0x0b,0x0b,0x08,0x08,0x03,0x03,0x0d,0x0d,0x0d,0x0d,0x01,0x01,0x01,0x01,0x01,
    0x01,0x01,0x01,0x03,0x03,0x03,0x03,0x04,0x01,0x01,0x1f,0x1f,0x01,0x01,0x03,0x05,
    0x05,0x07,0x07,0x07,0x08,0x08,0x07,0x07,0x07,0x07,0x07,0x06,0x06,0x16,0x16,0x16,
    0x16,0x04,0x01,0x01,0x01,0x01,0x01,0x01,0x01,0x01,0x01,0x03,0x03,0x08,0x08,0x18,
    0x18,0x0a,0x0a,0x0a,0x17,0x17,0x06,0x06,0x01,0x01,0x01,0x03,0x03,0x01,0x01,0x04,
    0x04,0x17,0x17,0x1a,0x0a,0x0a,0x18,0x18,0x1a,0x1a,0x29,0x29,0x07,0x07,0x01,0x01,
    0x10,0x10,0x10,0x01,0x01,0x01,0x01,0x25,0x25,0x1b,0x1b,0x0c,0x0b,0x0b,0x0c,0x0c,
    0x06,0x06,0x03,0x03,0x0f,0x0f,0x0f,0x0f,0x01,0x01,0x13,0x13,0x1b,0x1b,0x1b,0x0b,
    0x0b,0x0c,0x0c,0x29,0x29,0x06,0x06,0x01,0x01,0x0d,0x0d,0x01,0x01,0x01,0x01,0x04,
    0x04,0x13,0x13,0x05,0x05,0x04,0x04,0x04,0x01,0x01,0x1f,0x1f,0x01,0x01,0x03,0x15,
    0x15,0x08,0x08,0x07,0x07,0x08,0x08,0x08,0x08,0x08,0x07,0x06,0x06,0x08,0x08,0x08,
    0x08,0x08,0x04,0x04,0x01,0x01,0x01,0x01,0x01,0x01,0x01,0x03,0x03,0x08,0x08,0x18,
    0x18,0x0a,0x0a,0x0a,0x17,0x16,0x17,0x17,0x12,0x12,0x01,0x01,0x01,0x01,0x01,0x01,
    0x01,0x01,0x01,0x16,0x16,0x28,0x09,0x09,0x18,0x18,0x29,0x29,0x07,0x07,0x01,0x01,
    0x10,0x10,0x10,0x01,0x01,0x01,0x01,0x25,0x25,0x1b,0x1b,0x0c,0x0a,0x0a,0x0b,0x0b,
    0x27,0x27,0x05,0x05,0x01,0x01,0x01,0x01,0x01,0x01,0x01,0x01,0x06,0x18,0x18,0x0b,
    0x0b,0x0c,0x0c,0x29,0x29,0x06,0x06,0x01,0x01,0x0d,0x0d,0x01,0x01,0x01,0x01,0x04,
    0x04,0x13,0x13,0x05,0x05,0x05,0x04,0x04,0x04,0x04,0x01,0x01,0x10,0x10,0x15,0x15,
    0x15,0x08,0x08,0x07,0x07,0x08,0x08,0x08,0x08,0x08,0x07,0x06,0x06,0x08,0x08,0x08,
    0x26,0x26,0x25,0x25,0x04,0x04,0x03,0x03,0x0f,0x0f,0x0f,0x01,0x01,0x04,0x04,0x25,
    0x25,0x16,0x17,0x17,0x16,0x16,0x17,0x17,0x12,0x12,0x01,0x01,0x01,0x01,0x01,0x01,
    0x01,0x01,0x01,0x16,0x16,0x28,0x09,0x18,0x18,0x18,0x18,0x18,0x28,0x28,0x23,0x23,
    0x10,0x10,0x10,0x10,0x10,0x03,0x03,0x05,0x05,0x1b,0x1b,0x1b,0x0a,0x0a,0x0b,0x0b,
    0x27,0x27,0x05,0x05,0x01,0x01,0x01,0x01,0x01,0x01,0x01,0x01,0x06,0x18,0x18,0x39,
    0x39,0x26,0x26,0x27,0x27,0x27,0x27,0x12,0x12,0x12,0x12,0x07,0x07,0x08,0x08,0x08,
    0x08,0x07,0x07,0x06,0x06,0x05,0x04,0x04,0x04,0x04,0x01,0x01,0x12,0x12,0x09,0x08,
    0x08,0x16,0x16,0x08,0x08,0x13,0x06,0x06,0x10,0x10,0x12,0x12,0x25,0x26,0x26,0x26,
    0x26,0x26,0x26,0x25,0x04,0x04,0x03,0x03,0x0f,0x0f,0x0f,0x01,0x01,0x04,0x04,0x25,
    0x25,0x3c,0x3c,0x3c,0x29,0x29,0x29,0x29,0x4f,0x4f,0x39,0x38,0x38,0x38,0x38,0x26,
    0x26,0x25,0x25,0x28,0x28,0x28,0x18,0x18,0x18,0x18,0x18,0x18,0x28,0x28,0x23,0x23,
    0x10,0x10,0x10,0x10,0x10,0x03,0x03,0x05,0x05,0x62,0x62,0x4f,0x4f,0x4f,0x50,0x50,
    0x50,0x50,0x50,0x50,0x26,0x26,0x26,0x26,0x25,0x25,0x23,0x23,0x13,0x38,0x38,0x39,
    0x39,0x26,0x26,0x27,0x27,0x27,0x27,0x12,0x12,0x12,0x12,0x07,0x07,0x08,0x08,0x08,
    0x08,0x07,0x08,0x05,0x05,0x05,0x04,0x04,0x04,0x04,0x01,0x01,0x12,0x12,0x09,0x08,
    0x08,0x16,0x16,0x08,0x08,0x13,0x06,0x06,0x10,0x10,0x12,0x12,0x4f,0x50,0x50,0x50,
    0x50,0x3b,0x3b,0x4e,0x4f,0x4f,0x4e,0x4e,0x4e,0x4e,0x4e,0x4e,0x4e,0x4e,0x4e,0x4e,
    0x4e,0x3c,0x3c,0x3c,0x29,0x29,0x29,0x29,0x4f,0x4f,0x39,0x38,0x38,0x38,0x38,0x26,
    0x26,0x25,0x25,0x4f,0x4f,0x60,0x62,0x62,0x50,0x50,0x4f,0x4f,0x60,0x60,0x60,0x60,
    0x60,0x60,0x60,0x60,0x60,0x50,0x50,0x50,0x50,0x62,0x62,0x4f,0x4f,0x4f,0x50,0x50,
    0x50,0x50,0x50,0x50,0x26,0x26,0x26,0x26,0x25,0x25,0x23,0x23,0x63,0x62,0x62,0x60,
    0x60,0x50,0x50,0x3b,0x3b,0x51,0x51,0x4f,0x4f,0x25,0x25,0x08,0x08,0x08,0x08,0x09,
    0x09,0x08,0x08,0x05,0x05,0x05,0x04,0x04,0x04,0x04,0x01,0x01,0x13,0x13,0x18,0x08,
    0x08,0x07,0x07,0x06,0x06,0x04,0x01,0x01,0x01,0x01,0x10,0x10,0x4f,0x50,0x50,0x50,
    0x50,0x3b,0x3b,0x4e,0x4f,0x4f,0x4e,0x4e,0x4e,0x4e,0x4e,0x4e,0x4e,0x23,0x23,0x12,
    0x12,0x4e,0x4e,0x4e,0x4e,0x4e,0x4e,0x4e,0x3a,0x3a,0x4e,0x4f,0x4f,0x4e,0x4e,0x4f,
    0x4f,0x50,0x50,0x4f,0x4f,0x60,0x62,0x62,0x50,0x50,0x4f,0x4f,0x60,0x60,0x60,0x60,
    0x60,0x60,0x60,0x60,0x60,0x50,0x25,0x4f,0x4f,0x26,0x26,0x50,0x50,0x50,0x3a,0x3a,
    0x50,0x50,0x50,0x50,0x4f,0x4f,0x50,0x50,0x6e,0x6e,0x6d,0x6d,0x63,0x62,0x62,0x60,
    0x60,0x50,0x50,0x3b,0x3b,0x51,0x51,0x4f,0x4f,0x25,0x25,0x08,0x08,0x08,0x08,0x09,
    0x13,0x05,0x05,0x03,0x01,0x01,0x01,0x01,0x01,0x01,0x03,0x03,0x13,0x13,0x18,0x08,
    0x08,0x07,0x07,0x06,0x06,0x04,0x01,0x01,0x01,0x01,0x10,0x10,0x50,0x50,0x50,0x4f,
    0x4f,0x4f,0x4f,0x50,0x50,0x50,0x50,0x50,0x50,0x50,0x50,0x50,0x50,0x23,0x23,0x12,
    0x12,0x4e,0x4e,0x4e,0x4e,0x4e,0x4e,0x4e,0x3a,0x3a,0x4e,0x4f,0x4f,0x4e,0x4e,0x12,
    0x12,0x13,0x13,0x23,0x23,0x60,0x04,0x04,0x12,0x12,0x4e,0x4e,0x12,0x12,0x04,0x04,
    0x3a,0x23,0x23,0x23,0x23,0x25,0x25,0x4f,0x4f,0x26,0x26,0x50,0x50,0x50,0x3a,0x3a,
    0x50,0x50,0x50,0x50,0x4f,0x4f,0x50,0x50,0x6e,0x63,0x63,0x63,0x63,0x63,0x63,0x63,
    0x63,0x63,0x63,0x63,0x63,0x63,0x63,0x51,0x51,0x25,0x25,0x18,0x18,0x09,0x09,0x13,
    0x13,0x05,0x03,0x03,0x01,0x01,0x01,0x01,0x01,0x01,0x03,0x03,0x10,0x10,0x06,0x03,
    0x03,0x04,0x04,0x01,0x01,0x01,0x01,0x01,0x01,0x01,0x10,0x10,0x50,0x50,0x50,0x4f,
    0x4f,0x4f,0x4f,0x50,0x50,0x50,0x50,0x50,0x50,0x50,0x50,0x3b,0x3b,0x01,0x01,0x01,
    0x01,0x10,0x10,0x10,0x01,0x01,0x3a,0x3a,0x01,0x01,0x01,0x13,0x13,0x01,0x01,0x12,
    0x12,0x13,0x13,0x23,0x23,0x60,0x04,0x04,0x12,0x12,0x4e,0x4e,0x12,0x12,0x04,0x04,
    0x3a,0x23,0x01,0x01,0x01,0x01,0x01,0x38,0x38,0x01,0x01,0x38,0x13,0x13,0x01,0x01,
    0x13,0x13,0x3a,0x3a,0x01,0x01,0x3a,0x3a,0x63,0x63,0x63,0x63,0x63,0x63,0x63,0x63,
    0x63,0x63,0x63,0x63,0x63,0x63,0x63,0x51,0x51,0x25,0x25,0x18,0x18,0x06,0x06,0x04,
    0x04,0x03,0x01,0x01,0x01,0x01,0x01,0x01,0x01,0x01,0x0f,0x0f,0x10,0x10,0x06,0x06,
    0x03,0x04,0x04,0x01,0x01,0x01,0x01,0x01,0x01,0x01,0x03,0x03,0x3a,0x50,0x50,0x4f,
    0x4f,0x4f,0x4f,0x50,0x50,0x50,0x50,0x50,0x50,0x50,0x50,0x3b,0x3b,0x01,0x01,0x01,
    0x01,0x10,0x10,0x10,0x01,0x01,0x3a,0x3a,0x01,0x01,0x01,0x01,0x3a,0x01,0x01,0x13,
    0x13,0x23,0x23,0x04,0x04,0x38,0x01,0x01,0x01,0x01,0x23,0x23,0x01,0x01,0x04,0x04,
    0x3a,0x01,0x01,0x01,0x01,0x01,0x01,0x38,0x38,0x01,0x01,0x38,0x13,0x13,0x01,0x01,
    0x13,0x13,0x3a,0x3a,0x01,0x01,0x50,0x50,0x63,0x63,0x63,0x63,0x63,0x63,0x63,0x63,
    0x63,0x63,0x63,0x63,0x63,0x63,0x63,0x62,0x62,0x27,0x27,0x08,0x08,0x06,0x06,0x04,
    0x04,0x03,0x01,0x01,0x01,0x01,0x01,0x01,0x01,0x01,0x0f,0x0f,0x01,0x01,0x01,0x01,
    0x04,0x04,0x04,0x01,0x01,0x01,0x01,0x01,0x01,0x01,0x03,0x03,0x3a,0x50,0x50,0x4f,
    0x4f,0x4f,0x4f,0x50,0x50,0x50,0x50,0x50,0x50,0x50,0x50,0x50,0x50,0x04,0x04,0x01,
    0x01,0x26,0x26,0x23,0x01,0x01,0x50,0x50,0x04,0x04,0x01,0x01,0x3a,0x01,0x01,0x13,
    0x13,0x23,0x23,0x04,0x04,0x38,0x01,0x01,0x01,0x01,0x23,0x23,0x01,0x01,0x62,0x62,
    0x62,0x25,0x25,0x13,0x13,0x13,0x13,0x3a,0x3a,0x01,0x01,0x38,0x38,0x38,0x01,0x01,
    0x25,0x25,0x50,0x50,0x01,0x01,0x50,0x50,0x63,0x63,0x63,0x63,0x63,0x63,0x63,0x63,
    0x63,0x63,0x63,0x63,0x63,0x63,0x63,0x62,0x62,0x27,0x25,0x01,0x01,0x01,0x01,0x10,
    0x10,0x10,0x01,0x01,0x01,0x01,0x01,0x01,0x04,0x04,0x01,0x01,0x01,0x01,0x0d,0x0d,
    0x0d,0x03,0x03,0x03,0x03,0x04,0x05,0x05,0x05,0x05,0x06,0x06,0x39,0x50,0x50,0x4f,
    0x4f,0x4f,0x4f,0x50,0x50,0x50,0x50,0x50,0x50,0x50,0x50,0x50,0x50,0x04,0x04,0x01,
    0x01,0x26,0x26,0x23,0x01,0x01,0x50,0x60,0x50,0x50,0x50,0x50,0x50,0x3a,0x3a,0x3a,
    0x3a,0x3a,0x3a,0x26,0x26,0x4e,0x38,0x38,0x23,0x23,0x4f,0x4f,0x25,0x25,0x62,0x62,
    0x62,0x25,0x25,0x13,0x13,0x13,0x13,0x3a,0x3a,0x01,0x01,0x38,0x38,0x38,0x01,0x01,
    0x25,0x25,0x63,0x63,0x50,0x50,0x63,0x63,0x63,0x63,0x63,0x63,0x63,0x63,0x63,0x63,
    0x63,0x63,0x63,0x63,0x63,0x63,0x63,0x63,0x63,0x25,0x25,0x01,0x01,0x01,0x01,0x10,
    0x10,0x10,0x01,0x01,0x01,0x01,0x01,0x01,0x04,0x04,0x01,0x01,0x01,0x01,0x0d,0x0d,
    0x0d,0x03,0x03,0x03,0x03,0x04,0x05,0x05,0x05,0x05,0x06,0x06,0x39,0x50,0x50,0x4f,
    0x4f,0x4f,0x4f,0x50,0x50,0x50,0x50,0x50,0x50,0x50,0x50,0x50,0x50,0x50,0x50,0x4e,
    0x4e,0x60,0x60,0x50,0x4f,0x4f,0x60,0x60,0x50,0x50,0x50,0x50,0x50,0x3a,0x3a,0x3a,
    0x3a,0x3a,0x3a,0x26,0x26,0x4e,0x38,0x38,0x23,0x23,0x63,0x63,0x63,0x63,0x63,0x63,
    0x63,0x63,0x63,0x64,0x64,0x63,0x63,0x63,0x63,0x62,0x62,0x50,0x63,0x63,0x63,0x63,
    0x62,0x62,0x63,0x63,0x50,0x50,0x63,0x63,0x63,0x63,0x63,0x63,0x63,0x63,0x63,0x63,
    0x63,0x63,0x63,0x63,0x63,0x63,0x63,0x63,0x63,0x25,0x25,0x01,0x01,0x01,0x01,0x01,
    0x10,0x10,0x04,0x04,0x13,0x13,0x06,0x06,0x06,0x06,0x10,0x10,0x01,0x01,0x01,0x01,
    0x01,0x12,0x12,0x13,0x13,0x16,0x16,0x16,0x15,0x15,0x16,0x16,0x4f,0x50,0x50,0x4f,
    0x4f,0x4f,0x4f,0x50,0x50,0x50,0x50,0x50,0x50,0x50,0x50,0x50,0x50,0x50,0x50,0x4e,
    0x4e,0x60,0x50,0x50,0x50,0x50,0x50,0x50,0x62,0x62,0x62,0x62,0x51,0x63,0x63,0x63,
    0x63,0x63,0x63,0x51,0x51,0x51,0x63,0x63,0x63,0x63,0x63,0x63,0x63,0x63,0x63,0x63,
    0x63,0x63,0x63,0x64,0x64,0x63,0x63,0x63,0x63,0x62,0x62,0x50,0x63,0x63,0x63,0x6e,
    0x63,0x63,0x63,0x63,0x6f,0x6f,0x63,0x63,0x63,0x63,0x63,0x63,0x63,0x63,0x63,0x63,
    0x63,0x63,0x63,0x63,0x63,0x63,0x63,0x63,0x63,0x25,0x25,0x01,0x01,0x01,0x01,0x01,
    0x10,0x10,0x04,0x04,0x13,0x13,0x06,0x06,0x06,0x06,0x10,0x10,0x01,0x01,0x01,0x01,
    0x01,0x12,0x12,0x13,0x13,0x16,0x16,0x16,0x15,0x15,0x16,0x18,0x50,0x4f,0x4f,0x4f,
    0x4f,0x4f,0x4f,0x50,0x50,0x50,0x50,0x50,0x50,0x50,0x50,0x50,0x50,0x50,0x50,0x50,
    0x50,0x50,0x50,0x50,0x50,0x50,0x50,0x50,0x62,0x62,0x62,0x62,0x51,0x63,0x63,0x63,
    0x63,0x63,0x63,0x51,0x51,0x51,0x63,0x63,0x51,0x51,0x51,0x51,0x63,0x63,0x63,0x63,
    0x63,0x63,0x63,0x64,0x64,0x63,0x63,0x63,0x63,0x6e,0x6e,0x63,0x63,0x63,0x6e,0x6e,
    0x63,0x63,0x63,0x63,0x6f,0x6f,0x63,0x63,0x63,0x63,0x63,0x63,0x63,0x63,0x63,0x63,
    0x63,0x63,0x63,0x63,0x63,0x63,0x63,0x6d,0x6d,0x25,0x25,0x02,0x02,0x06,0x08,0x08,
    0x09,0x09,0x0a,0x0a,0x0a,0x0a,0x08,0x08,0x08,0x08,0x23,0x23,0x03,0x03,0x07,0x07,
    0x09,0x0a,0x0a,0x0a,0x0a,0x08,0x08,0x08,0x08,0x08,0x18,0x18,0x50,0x4f,0x4f,0x4f,
    0x4f,0x4f,0x4f,0x50,0x50,0x50,0x50,0x50,0x50,0x50,0x50,0x50,0x50,0x50,0x50,0x50,
    0x50,0x50,0x50,0x50,0x50,0x50,0x50,0x50,0x50,0x50,0x50,0x50,0x50,0x51,0x51,0x50,
    0x50,0x51,0x51,0x63,0x63,0x51,0x63,0x63,0x51,0x51,0x51,0x51,0x63,0x63,0x63,0x63,
    0x63,0x63,0x63,0x64,0x64,0x63,0x63,0x63,0x63,0x6e,0x6e,0x63,0x64,0x64,0x63,0x63,
    0x64,0x64,0x64,0x64,0x63,0x63,0x63,0x63,0x63,0x63,0x63,0x63,0x63,0x63,0x63,0x63,
    0x63,0x63,0x63,0x63,0x63,0x63,0x63,0x6d,0x6d,0x25,0x25,0x02,0x02,0x06,0x08,0x08,
    0x09,0x09,0x0a,0x0a,0x0a,0x0a,0x08,0x08,0x08,0x08,0x35,0x35,0x03,0x03,0x07,0x07,
    0x09,0x0a,0x0a,0x0a,0x0a,0x0a,0x0a,0x0a,0x07,0x07,0x08,0x08,0x3a,0x3a,0x50,0x4f,
    0x4f,0x50,0x50,0x50,0x50,0x50,0x50,0x50,0x50,0x50,0x50,0x50,0x50,0x50,0x50,0x50,
    0x50,0x50,0x50,0x50,0x50,0x50,0x50,0x50,0x50,0x50,0x50,0x50,0x50,0x51,0x51,0x50,
    0x50,0x51,0x60,0x63,0x63,0x63,0x51,0x51,0x51,0x51,0x51,0x51,0x63,0x63,0x63,0x63,
    0x62,0x63,0x63,0x63,0x63,0x63,0x63,0x63,0x63,0x63,0x63,0x63,0x64,0x64,0x63,0x63,
    0x64,0x64,0x64,0x64,0x63,0x63,0x63,0x63,0x63,0x63,0x63,0x63,0x63,0x63,0x63,0x63,
    0x6e,0x63,0x63,0x6e,0x6e,0x6e,0x6e,0x6e,0x6e,0x26,0x26,0x14,0x14,0x3a,0x2a,0x2a,
    0x1b,0x1b,0x0b,0x0b,0x0a,0x0a,0x18,0x18,0x17,0x17,0x35,0x35,0x15,0x15,0x18,0x18,
    0x17,0x0a,0x0a,0x0a,0x0a,0x0a,0x0a,0x0a,0x07,0x07,0x08,0x08,0x3a,0x3a,0x50,0x4f,
    0x4f,0x50,0x50,0x50,0x50,0x50,0x50,0x50,0x50,0x50,0x50,0x50,0x50,0x50,0x50,0x50,
    0x50,0x50,0x50,0x63,0x62,0x62,0x50,0x50,0x63,0x63,0x50,0x50,0x50,0x62,0x62,0x62,
    0x62,0x60,0x60,0x63,0x63,0x63,0x51,0x51,0x51,0x51,0x51,0x51,0x63,0x63,0x63,0x63,
    0x62,0x63,0x63,0x63,0x63,0x63,0x63,0x6f,0x6f,0x64,0x64,0x6f,0x64,0x64,0x64,0x64,
    0x63,0x63,0x63,0x63,0x6e,0x6e,0x63,0x63,0x6e,0x6e,0x6e,0x6e,0x6e,0x6e,0x6e,0x6e,
    0x6e,0x63,0x63,0x6e,0x6e,0x6e,0x6e,0x6e,0x6e,0x26,0x26,0x14,0x14,0x3a,0x2a,0x2a,
    0x1b,0x1b,0x0b,0x0b,0x0a,0x0a,0x18,0x23,0x13,0x13,0x23,0x23,0x15,0x15,0x18,0x17,
    0x17,0x26,0x26,0x15,0x15,0x13,0x13,0x11,0x03,0x03,0x04,0x04,0x39,0x39,0x4f,0x50,
    0x50,0x50,0x50,0x50,0x50,0x50,0x50,0x50,0x50,0x50,0x50,0x50,0x50,0x50,0x50,0x50,
    0x50,0x50,0x50,0x63,0x62,0x62,0x50,0x50,0x63,0x63,0x50,0x50,0x50,0x62,0x62,0x62,
    0x62,0x63,0x63,0x62,0x62,0x63,0x63,0x63,0x51,0x51,0x51,0x51,0x64,0x64,0x63,0x63,
    0x63,0x6e,0x6e,0x6d,0x6d,0x6e,0x6e,0x6f,0x6f,0x64,0x64,0x6f,0x64,0x64,0x64,0x64,
    0x63,0x63,0x63,0x63,0x6e,0x6e,0x63,0x63,0x6e,0x6e,0x6e,0x6e,0x6e,0x6e,0x6e,0x64,
    0x64,0x64,0x64,0x64,0x64,0x6f,0x6f,0x6e,0x6e,0x3a,0x3a,0x1c,0x1c,0x1d,0x1b,0x1b,
    0x1b,0x1b,0x28,0x28,0x17,0x17,0x23,0x23,0x13,0x13,0x23,0x23,0x15,0x15,0x17,0x17,
    0x17,0x26,0x26,0x15,0x15,0x13,0x13,0x11,0x03,0x03,0x04,0x04,0x39,0x39,0x4f,0x50,
    0x50,0x50,0x50,0x50,0x50,0x50,0x50,0x50,0x50,0x50,0x50,0x50,0x50,0x50,0x50,0x50,
    0x50,0x3a,0x3a,0x26,0x3a,0x3a,0x50,0x50,0x50,0x50,0x50,0x50,0x63,0x62,0x62,0x62,
    0x62,0x63,0x63,0x62,0x62,0x63,0x63,0x63,0x51,0x51,0x51,0x51,0x64,0x64,0x63,0x63,
    0x63,0x6e,0x38,0x4e,0x4e,0x50,0x50,0x4e,0x4e,0x50,0x50,0x50,0x4e,0x4e,0x63,0x63,
    0x6f,0x6f,0x6f,0x6f,0x63,0x63,0x6e,0x6e,0x6e,0x6e,0x6e,0x6e,0x6e,0x6e,0x6e,0x64,
    0x64,0x64,0x64,0x64,0x64,0x6f,0x6f,0x6e,0x6e,0x3a,0x3a,0x1c,0x1d,0x1d,0x1b,0x1b,
    0x1b,0x1b,0x28,0x07,0x06,0x06,0x02,0x02,0x10,0x10,0x23,0x23,0x15,0x15,0x07,0x07,
    0x05,0x05,0x04,0x04,0x04,0x01,0x01,0x01,0x01,0x01,0x13,0x13,0x4f,0x4f,0x4f,0x50,
    0x50,0x50,0x50,0x50,0x50,0x50,0x50,0x50,0x50,0x50,0x50,0x50,0x50,0x50,0x50,0x50,
    0x50,0x3a,0x3a,0x26,0x3a,0x3a,0x50,0x50,0x01,0x01,0x12,0x12,0x3a,0x04,0x04,0x04,
    0x04,0x50,0x50,0x23,0x23,0x10,0x4e,0x4e,0x6d,0x6d,0x3a,0x3a,0x12,0x12,0x4e,0x4e,
    0x4e,0x38,0x38,0x4e,0x4e,0x50,0x50,0x4e,0x4e,0x50,0x50,0x50,0x4e,0x4e,0x63,0x63,
    0x6f,0x6f,0x6f,0x6f,0x63,0x63,0x6e,0x6e,0x6e,0x6e,0x6e,0x6e,0x6e,0x6f,0x6f,0x64,
    0x64,0x64,0x64,0x6f,0x6f,0x6f,0x6f,0x64,0x64,0x3a,0x3a,0x1c,0x1b,0x1b,0x0b,0x0b,
    0x0a,0x0a,0x07,0x07,0x06,0x06,0x02,0x02,0x10,0x10,0x23,0x23,0x15,0x15,0x07,0x07,
    0x05,0x05,0x04,0x04,0x04,0x01,0x01,0x01,0x01,0x01,0x13,0x13,0x4f,0x50,0x50,0x50,
    0x50,0x50,0x50,0x50,0x50,0x50,0x50,0x50,0x50,0x50,0x50,0x50,0x50,0x50,0x50,0x63,
    0x63,0x3a,0x3a,0x01,0x13,0x13,0x3a,0x3a,0x01,0x01,0x12,0x12,0x3a,0x04,0x04,0x04,
    0x04,0x50,0x50,0x23,0x23,0x10,0x4e,0x4e,0x6d,0x6d,0x3a,0x3a,0x12,0x01,0x3a,0x3a,
    0x12,0x01,0x01,0x13,0x13,0x3a,0x3a,0x01,0x01,0x3a,0x3a,0x12,0x01,0x01,0x4e,0x4e,
    0x63,0x63,0x63,0x63,0x6e,0x6e,0x6e,0x6e,0x6e,0x6e,0x6e,0x6e,0x6e,0x6f,0x6f,0x64,
    0x64,0x64,0x64,0x6f,0x6f,0x6f,0x6f,0x64,0x64,0x3a,0x3a,0x1c,0x1b,0x1b,0x0b,0x0b,
    0x0d,0x0d,0x0f,0x0f,0x0f,0x0f,0x01,0x01,0x12,0x12,0x39,0x39,0x03,0x03,0x01,0x01,
    0x01,0x01,0x01,0x01,0x01,0x01,0x01,0x01,0x01,0x01,0x23,0x23,0x50,0x50,0x50,0x50,
    0x50,0x50,0x50,0x50,0x50,0x50,0x50,0x50,0x50,0x50,0x50,0x50,0x50,0x50,0x50,0x63,
    0x63,0x3a,0x60,0x03,0x39,0x39,0x26,0x26,0x01,0x01,0x01,0x01,0x23,0x01,0x01,0x01,
    0x01,0x38,0x38,0x04,0x04,0x01,0x12,0x12,0x7a,0x7a,0x4e,0x4e,0x01,0x01,0x3a,0x3a,
    0x12,0x01,0x01,0x13,0x13,0x3a,0x3a,0x01,0x01,0x3a,0x3a,0x12,0x01,0x01,0x4e,0x4e,
    0x63,0x63,0x63,0x63,0x6f,0x6f,0x6e,0x6e,0x6f,0x6e,0x6e,0x6f,0x6f,0x6f,0x6f,0x6f,
    0x6f,0x6f,0x6f,0x6f,0x6f,0x6f,0x6f,0x6e,0x6e,0x4d,0x4d,0x26,0x13,0x13,0x10,0x10,
    0x0d,0x0d,0x0f,0x0f,0x0f,0x0f,0x01,0x01,0x12,0x12,0x39,0x39,0x03,0x03,0x01,0x01,
    0x01,0x01,0x01,0x01,0x01,0x01,0x01,0x01,0x03,0x03,0x25,0x25,0x50,0x50,0x50,0x50,
    0x50,0x50,0x50,0x50,0x50,0x50,0x50,0x50,0x50,0x50,0x50,0x50,0x50,0x50,0x50,0x50,
    0x50,0x60,0x60,0x03,0x03,0x39,0x26,0x26,0x01,0x01,0x01,0x01,0x23,0x01,0x01,0x01,
    0x01,0x38,0x38,0x04,0x04,0x01,0x12,0x12,0x6d,0x6d,0x62,0x62,0x13,0x13,0x50,0x50,
    0x26,0x01,0x01,0x26,0x26,0x50,0x50,0x03,0x03,0x63,0x63,0x13,0x01,0x01,0x3a,0x3a,
    0x3a,0x3a,0x63,0x63,0x6f,0x6f,0x6e,0x6e,0x6f,0x6e,0x6e,0x6f,0x6f,0x6f,0x6f,0x6f,
    0x6f,0x6f,0x6f,0x6f,0x6f,0x6f,0x6f,0x6e,0x6e,0x4d,0x4d,0x26,0x04,0x04,0x0f,0x0f,
    0x10,0x10,0x0f,0x0f,0x01,0x01,0x01,0x01,0x23,0x23,0x3a,0x3a,0x01,0x01,0x01,0x01,
    0x01,0x01,0x01,0x01,0x01,0x01,0x01,0x01,0x01,0x03,0x25,0x25,0x50,0x50,0x50,0x50,
    0x50,0x50,0x50,0x50,0x50,0x50,0x50,0x50,0x50,0x50,0x50,0x50,0x50,0x50,0x50,0x50,
    0x50,0x60,0x60,0x38,0x38,0x4e,0x50,0x50,0x13,0x13,0x38,0x38,0x50,0x13,0x13,0x25,
    0x25,0x62,0x62,0x26,0x26,0x13,0x50,0x50,0x6d,0x6d,0x62,0x62,0x13,0x13,0x50,0x50,
    0x26,0x01,0x01,0x26,0x26,0x50,0x50,0x03,0x03,0x63,0x63,0x13,0x01,0x01,0x3a,0x62,
    0x50,0x50,0x63,0x63,0x6e,0x6e,0x6f,0x6f,0x6f,0x6f,0x6f,0x6e,0x6e,0x6f,0x6f,0x6f,
    0x6f,0x6f,0x6f,0x6f,0x6f,0x6f,0x6f,0x7c,0x7c,0x39,0x39,0x04,0x04,0x04,0x0f,0x0f,
    0x10,0x10,0x0f,0x0f,0x01,0x01,0x01,0x01,0x23,0x23,0x3a,0x3a,0x01,0x01,0x01,0x01,
    0x01,0x01,0x05,0x06,0x06,0x07,0x07,0x08,0x08,0x07,0x27,0x27,0x4f,0x4f,0x50,0x50,
    0x50,0x50,0x50,0x4f,0x4f,0x50,0x50,0x50,0x4f,0x4f,0x50,0x50,0x50,0x50,0x50,0x50,
    0x50,0x60,0x60,0x38,0x38,0x4e,0x50,0x50,0x13,0x13,0x38,0x38,0x50,0x13,0x13,0x25,
    0x25,0x62,0x62,0x62,0x62,0x63,0x62,0x62,0x63,0x63,0x63,0x63,0x62,0x62,0x63,0x63,
    0x63,0x62,0x62,0x6e,0x6e,0x63,0x63,0x50,0x50,0x63,0x63,0x62,0x60,0x60,0x62,0x62,
    0x50,0x50,0x63,0x63,0x6e,0x6e,0x6f,0x6f,0x6f,0x6f,0x6f,0x6e,0x6e,0x6f,0x6f,0x6f,
    0x6f,0x6f,0x6f,0x6f,0x6f,0x6f,0x6f,0x7c,0x87,0x37,0x04,0x04,0x04,0x04,0x05,0x05,
    0x05,0x05,0x08,0x08,0x0a,0x0a,0x09,0x09,0x1a,0x1a,0x50,0x50,0x01,0x01,0x01,0x01,
    0x01,0x01,0x05,0x06,0x06,0x07,0x07,0x08,0x08,0x07,0x27,0x27,0x4f,0x4f,0x50,0x50,
    0x50,0x50,0x50,0x4f,0x4f,0x50,0x50,0x50,0x50,0x50,0x50,0x50,0x50,0x50,0x50,0x50,
    0x50,0x62,0x62,0x62,0x62,0x60,0x62,0x62,0x6d,0x6d,0x63,0x63,0x63,0x63,0x63,0x4f,
    0x4f,0x3a,0x3a,0x62,0x62,0x63,0x62,0x62,0x63,0x63,0x63,0x63,0x62,0x62,0x63,0x63,
    0x63,0x62,0x62,0x6e,0x6e,0x63,0x63,0x50,0x50,0x63,0x64,0x6f,0x70,0x70,0x6f,0x6f,
    0x6f,0x6f,0x6f,0x6f,0x6f,0x6f,0x6e,0x6e,0x6f,0x6f,0x6f,0x6f,0x6f,0x6f,0x6f,0x6f,
    0x6f,0x6f,0x6f,0x6f,0x6f,0x6f,0x6f,0x87,0x87,0x37,0x04,0x04,0x04,0x04,0x05,0x05,
    0x05,0x05,0x08,0x08,0x0a,0x0a,0x09,0x09,0x1a,0x1a,0x50,0x50,0x01,0x01,0x06,0x06,
    0x13,0x13,0x16,0x18,0x18,0x17,0x17,0x17,0x17,0x15,0x17,0x17,0x4f,0x4f,0x50,0x50,
    0x50,0x50,0x50,0x50,0x50,0x50,0x50,0x50,0x50,0x50,0x50,0x50,0x50,0x50,0x50,0x50,
    0x50,0x62,0x62,0x62,0x62,0x60,0x62,0x62,0x6d,0x6d,0x63,0x63,0x63,0x63,0x63,0x13,
    0x13,0x03,0x03,0x4e,0x4e,0x04,0x01,0x01,0x4e,0x4e,0x25,0x25,0x04,0x04,0x3a,0x3a,
    0x39,0x12,0x12,0x26,0x26,0x6f,0x6f,0x6e,0x6e,0x64,0x64,0x6f,0x70,0x70,0x6f,0x6f,
    0x6f,0x6f,0x6f,0x6f,0x6f,0x6f,0x6e,0x6e,0x6f,0x6f,0x6f,0x6f,0x6f,0x6f,0x6f,0x6f,
    0x6f,0x6f,0x6f,0x6f,0x6f,0x7d,0x7d,0x87,0x87,0x38,0x04,0x04,0x13,0x13,0x27,0x27,
    0x3b,0x3b,0x2c,0x2c,0x2c,0x2c,0x1a,0x1a,0x1b,0x1b,0x50,0x50,0x01,0x01,0x06,0x06,
    0x13,0x13,0x16,0x18,0x18,0x17,0x17,0x17,0x17,0x15,0x17,0x17,0x4f,0x4f,0x50,0x50,
    0x50,0x4f,0x4f,0x50,0x50,0x50,0x50,0x50,0x50,0x50,0x50,0x50,0x50,0x50,0x50,0x50,
    0x50,0x50,0x50,0x50,0x50,0x62,0x50,0x50,0x50,0x50,0x62,0x62,0x62,0x63,0x63,0x13,
    0x13,0x03,0x03,0x4e,0x4e,0x04,0x01,0x01,0x4e,0x4e,0x25,0x25,0x04,0x04,0x3a,0x3a,
    0x39,0x12,0x12,0x26,0x26,0x6e,0x6e,0x6e,0x6e,0x64,0x64,0x63,0x64,0x64,0x64,0x64,
    0x64,0x64,0x6f,0x6f,0x6f,0x6f,0x6f,0x6f,0x6f,0x6f,0x6f,0x6f,0x6f,0x6f,0x6f,0x6f,
    0x6f,0x6f,0x6f,0x6f,0x6f,0x7d,0x7d,0x87,0x87,0x38,0x04,0x04,0x13,0x13,0x27,0x27,
    0x3b,0x3b,0x2c,0x2c,0x2c,0x2c,0x1a,0x1a,0x1b,0x1b,0x50,0x50,0x04,0x16,0x18,0x18,
    0x0a,0x0a,0x09,0x09,0x09,0x08,0x08,0x09,0x09,0x15,0x27,0x27,0x50,0x50,0x50,0x50,
    0x50,0x4f,0x4f,0x50,0x50,0x50,0x50,0x50,0x50,0x50,0x50,0x50,0x50,0x50,0x50,0x50,
    0x50,0x50,0x50,0x50,0x50,0x62,0x50,0x50,0x62,0x62,0x50,0x50,0x62,0x6e,0x6e,0x26,
    0x26,0x12,0x12,0x50,0x50,0x01,0x01,0x01,0x38,0x38,0x04,0x04,0x01,0x01,0x26,0x26,
    0x10,0x01,0x01,0x04,0x04,0x6e,0x6e,0x6e,0x6e,0x64,0x64,0x63,0x64,0x64,0x64,0x64,
    0x64,0x64,0x6f,0x6f,0x6f,0x6f,0x6f,0x6f,0x6f,0x6f,0x6f,0x6f,0x6f,0x6f,0x6f,0x6f,
    0x6f,0x7c,0x7c,0x6f,0x6f,0x70,0x70,0x7c,0x7c,0x4f,0x0c,0x0c,0x2e,0x2e,0x1e,0x1e,
    0x1e,0x1e,0x1d,0x1d,0x1d,0x1d,0x2d,0x2d,0x2b,0x2b,0x63,0x63,0x04,0x16,0x18,0x18,
    0x0a,0x0a,0x09,0x09,0x09,0x08,0x08,0x09,0x07,0x05,0x16,0x16,0x50,0x50,0x4f,0x4f,
    0x50,0x50,0x50,0x50,0x50,0x50,0x50,0x50,0x50,0x50,0x50,0x50,0x50,0x50,0x50,0x50,
    0x50,0x50,0x50,0x63,0x63,0x50,0x50,0x50,0x62,0x62,0x50,0x50,0x62,0x6e,0x6e,0x26,
    0x26,0x12,0x12,0x50,0x50,0x01,0x01,0x01,0x38,0x38,0x04,0x04,0x01,0x01,0x26,0x50,
    0x4f,0x26,0x26,0x3a,0x3a,0x6e,0x6e,0x6e,0x6e,0x6e,0x6e,0x6f,0x63,0x63,0x6f,0x6f,
    0x6f,0x6f,0x6f,0x6f,0x6f,0x6f,0x6f,0x6f,0x6f,0x6f,0x6f,0x6f,0x6f,0x6f,0x6f,0x6f,
    0x6f,0x7c,0x7c,0x6f,0x6f,0x70,0x70,0x7c,0x7c,0x4f,0x0c,0x0c,0x2e,0x2e,0x1e,0x1e,
    0x1e,0x1e,0x1d,0x1d,0x1d,0x1d,0x2d,0x2d,0x2b,0x19,0x63,0x63,0x04,0x16,0x18,0x18,
    0x0a,0x0a,0x09,0x09,0x09,0x09,0x09,0x07,0x07,0x05,0x16,0x16,0x50,0x50,0x4f,0x4f,
    0x50,0x50,0x50,0x50,0x50,0x50,0x50,0x50,0x50,0x50,0x50,0x50,0x50,0x50,0x50,0x50,
    0x50,0x60,0x60,0x62,0x62,0x50,0x63,0x63,0x63,0x63,0x62,0x62,0x63,0x63,0x63,0x50,
    0x50,0x4f,0x4f,0x63,0x63,0x39,0x26,0x26,0x63,0x63,0x39,0x39,0x26,0x26,0x50,0x50,
    0x4f,0x26,0x26,0x3a,0x3a,0x6e,0x6e,0x6e,0x6e,0x6e,0x6e,0x6f,0x63,0x63,0x6f,0x6f,
    0x6f,0x6f,0x6f,0x6f,0x6f,0x6f,0x6f,0x6f,0x6f,0x6f,0x6f,0x7c,0x7c,0x6f,0x6f,0x6f,
    0x6f,0x7c,0x7c,0x70,0x70,0x7d,0x7d,0x7c,0x62,0x62,0x1d,0x1d,0x2e,0x2e,0x1e,0x1e,
    0x1e,0x1e,0x2f,0x2f,0x1d,0x1d,0x18,0x18,0x19,0x19,0x63,0x63,0x04,0x16,0x18,0x18,
    0x0a,0x16,0x13,0x13,0x04,0x03,0x03,0x01,0x01,0x01,0x25,0x25,0x60,0x60,0x50,0x50,
    0x50,0x4f,0x4f,0x50,0x50,0x50,0x50,0x50,0x50,0x50,0x50,0x50,0x50,0x50,0x50,0x50,
    0x50,0x60,0x60,0x62,0x62,0x50,0x63,0x63,0x63,0x63,0x62,0x62,0x63,0x63,0x63,0x50,
    0x50,0x4f,0x4f,0x63,0x63,0x39,0x26,0x26,0x63,0x4f,0x63,0x63,0x62,0x62,0x50,0x50,
    0x62,0x63,0x63,0x63,0x63,0x63,0x63,0x63,0x63,0x63,0x63,0x63,0x6f,0x6f,0x6f,0x6f,
    0x6f,0x6f,0x6f,0x6f,0x6f,0x6f,0x7c,0x7c,0x6f,0x6f,0x6f,0x7c,0x7c,0x6f,0x6f,0x6f,
    0x6f,0x7c,0x7c,0x70,0x70,0x7d,0x7d,0x7c,0x62,0x62,0x1d,0x1d,0x2e,0x2e,0x1e,0x1e,
    0x1e,0x1e,0x2f,0x2f,0x12,0x12,0x12,0x12,0x23,0x23,0x62,0x62,0x04,0x16,0x16,0x16,
    0x16,0x16,0x13,0x13,0x04,0x03,0x03,0x01,0x01,0x01,0x25,0x25,0x60,0x60,0x50,0x50,
    0x50,0x4f,0x4f,0x50,0x50,0x50,0x50,0x50,0x50,0x04,0x13,0x13,0x3a,0x3a,0x10,0x13,
    0x13,0x3a,0x3a,0x04,0x04,0x26,0x3a,0x3a,0x10,0x10,0x4f,0x4f,0x3a,0x3a,0x13,0x4f,
    0x4f,0x50,0x50,0x3a,0x3a,0x6f,0x6f,0x50,0x4f,0x4f,0x63,0x63,0x62,0x62,0x50,0x50,
    0x62,0x63,0x63,0x63,0x63,0x63,0x63,0x63,0x63,0x63,0x63,0x63,0x6f,0x6f,0x6f,0x6f,
    0x6f,0x6f,0x6f,0x60,0x13,0x13,0x26,0x26,0x4f,0x39,0x39,0x6f,0x6f,0x7d,0x7d,0x70,
    0x70,0x70,0x70,0x70,0x70,0x70,0x70,0x7b,0x60,0x60,0x2d,0x2d,0x2e,0x2e,0x3d,0x3d,
    0x29,0x29,0x25,0x25,0x12,0x12,0x12,0x12,0x23,0x23,0x62,0x62,0x04,0x06,0x06,0x06,
    0x04,0x04,0x03,0x03,0x01,0x01,0x01,0x01,0x01,0x01,0x13,0x13,0x60,0x60,0x50,0x50,
    0x50,0x50,0x50,0x60,0x60,0x26,0x26,0x03,0x04,0x04,0x13,0x13,0x3a,0x3a,0x10,0x13,
    0x13,0x3a,0x3a,0x04,0x04,0x26,0x3a,0x3a,0x10,0x10,0x4f,0x4f,0x3a,0x3a,0x13,0x4f,
    0x4f,0x50,0x23,0x13,0x13,0x6d,0x6d,0x04,0x01,0x01,0x4e,0x4e,0x04,0x04,0x01,0x01,
    0x3a,0x12,0x12,0x01,0x01,0x7a,0x7a,0x6d,0x6d,0x10,0x10,0x01,0x4e,0x4e,0x23,0x23,
    0x3a,0x3a,0x60,0x60,0x13,0x13,0x26,0x26,0x4f,0x39,0x39,0x6f,0x6f,0x7d,0x7d,0x70,
    0x70,0x70,0x70,0x70,0x70,0x70,0x70,0x7b,0x60,0x60,0x2d,0x2d,0x2e,0x2e,0x3d,0x07,
    0x06,0x06,0x12,0x12,0x12,0x12,0x12,0x12,0x12,0x12,0x63,0x63,0x04,0x06,0x06,0x06,
    0x04,0x04,0x03,0x03,0x01,0x01,0x01,0x01,0x01,0x01,0x13,0x13,0x60,0x60,0x50,0x50,
    0x50,0x50,0x50,0x50,0x50,0x23,0x23,0x01,0x01,0x01,0x03,0x03,0x23,0x23,0x01,0x04,
    0x04,0x23,0x23,0x01,0x01,0x23,0x23,0x23,0x01,0x01,0x23,0x23,0x23,0x23,0x01,0x13,
    0x13,0x23,0x23,0x13,0x13,0x6d,0x6d,0x04,0x01,0x01,0x4e,0x4e,0x04,0x04,0x01,0x01,
    0x3a,0x12,0x12,0x01,0x01,0x7a,0x7a,0x6d,0x6d,0x10,0x10,0x01,0x4e,0x3a,0x01,0x01,
    0x04,0x04,0x38,0x38,0x01,0x01,0x01,0x01,0x26,0x01,0x01,0x63,0x63,0x7d,0x7d,0x70,
    0x70,0x70,0x70,0x70,0x70,0x7d,0x7d,0x7d,0x61,0x61,0x1b,0x1b,0x0b,0x0b,0x07,0x07,
    0x06,0x06,0x12,0x12,0x12,0x12,0x12,0x12,0x12,0x12,0x63,0x63,0x01,0x04,0x04,0x02,
    0x02,0x02,0x10,0x10,0x10,0x01,0x01,0x01,0x01,0x01,0x01,0x13,0x50,0x50,0x50,0x50,
    0x50,0x50,0x50,0x50,0x50,0x23,0x23,0x01,0x01,0x01,0x03,0x03,0x23,0x23,0x01,0x04,
    0x04,0x23,0x23,0x01,0x01,0x23,0x23,0x23,0x01,0x01,0x23,0x23,0x26,0x26,0x01,0x23,
    0x23,0x26,0x26,0x04,0x04,0x50,0x50,0x01,0x01,0x01,0x39,0x39,0x10,0x10,0x01,0x01,
    0x38,0x12,0x12,0x10,0x10,0x6d,0x6d,0x50,0x50,0x01,0x01,0x10,0x3a,0x3a,0x01,0x01,
    0x04,0x04,0x38,0x38,0x01,0x01,0x01,0x26,0x26,0x01,0x01,0x63,0x63,0x7d,0x7d,0x70,
    0x70,0x70,0x70,0x70,0x70,0x7d,0x7d,0x7d,0x61,0x61,0x23,0x23,0x23,0x23,0x23,0x23,
    0x37,0x37,0x16,0x16,0x05,0x05,0x06,0x06,0x28,0x28,0x6d,0x6d,0x01,0x04,0x04,0x02,
    0x02,0x02,0x10,0x10,0x10,0x01,0x01,0x01,0x01,0x13,0x13,0x39,0x4f,0x4f,0x50,0x50,
    0x4f,0x50,0x50,0x50,0x50,0x39,0x39,0x13,0x25,0x25,0x38,0x38,0x4e,0x4e,0x13,0x23,
    0x23,0x4e,0x4e,0x26,0x26,0x60,0x23,0x23,0x04,0x04,0x23,0x23,0x26,0x26,0x01,0x23,
    0x23,0x26,0x26,0x04,0x04,0x50,0x50,0x01,0x01,0x01,0x39,0x39,0x10,0x10,0x01,0x01,
    0x38,0x12,0x12,0x10,0x10,0x6d,0x50,0x62,0x62,0x50,0x50,0x6f,0x63,0x63,0x4f,0x4f,
    0x3a,0x3a,0x50,0x50,0x39,0x39,0x3a,0x63,0x63,0x3a,0x3a,0x50,0x50,0x50,0x50,0x70,
    0x70,0x71,0x71,0x7c,0x7c,0x7c,0x7c,0x89,0x4f,0x4f,0x23,0x23,0x23,0x23,0x23,0x23,
    0x37,0x37,0x16,0x16,0x05,0x05,0x06,0x06,0x28,0x28,0x6d,0x6d,0x01,0x03,0x03,0x02,
    0x01,0x01,0x01,0x01,0x10,0x10,0x10,0x13,0x13,0x13,0x13,0x39,0x4f,0x4f,0x50,0x50,
    0x4f,0x50,0x50,0x50,0x50,0x39,0x39,0x13,0x25,0x25,0x38,0x38,0x4e,0x4e,0x13,0x23,
    0x23,0x4e,0x4e,0x50,0x50,0x60,0x60,0x60,0x62,0x62,0x50,0x50,0x50,0x50,0x50,0x62,
    0x62,0x62,0x62,0x50,0x50,0x50,0x50,0x50,0x62,0x62,0x60,0x60,0x62,0x62,0x63,0x63,
    0x63,0x50,0x50,0x51,0x51,0x50,0x50,0x62,0x62,0x50,0x50,0x6f,0x63,0x63,0x4f,0x4f,
    0x3a,0x3a,0x50,0x50,0x39,0x39,0x3a,0x63,0x63,0x3a,0x3a,0x50,0x50,0x50,0x50,0x70,
    0x70,0x71,0x71,0x7c,0x7c,0x7d,0x89,0x89,0x4f,0x4f,0x22,0x22,0x23,0x23,0x22,0x22,
    0x10,0x10,0x26,0x26,0x3a,0x3a,0x3c,0x3c,0x63,0x63,0x6f,0x6f,0x01,0x03,0x03,0x02,
    0x04,0x04,0x08,0x08,0x0a,0x09,0x09,0x18,0x18,0x16,0x16,0x18,0x50,0x50,0x50,0x50,
    0x50,0x50,0x50,0x50,0x50,0x50,0x50,0x63,0x63,0x63,0x62,0x62,0x50,0x50,0x63,0x63,
    0x63,0x60,0x60,0x50,0x50,0x60,0x60,0x60,0x62,0x62,0x50,0x50,0x50,0x50,0x50,0x62,
    0x62,0x62,0x62,0x50,0x50,0x50,0x50,0x50,0x62,0x62,0x60,0x60,0x62,0x62,0x63,0x3a,
    0x3b,0x51,0x51,0x50,0x50,0x63,0x63,0x4f,0x4f,0x62,0x62,0x63,0x62,0x62,0x62,0x62,
    0x6f,0x6f,0x70,0x70,0x7c,0x7c,0x7d,0x70,0x70,0x7e,0x7e,0x70,0x70,0x64,0x64,0x70,
    0x70,0x7d,0x7d,0x7c,0x7c,0x7d,0x89,0x89,0x4f,0x4f,0x22,0x22,0x23,0x23,0x22,0x22,
    0x10,0x10,0x26,0x26,0x3a,0x3a,0x3c,0x3c,0x63,0x63,0x6f,0x04,0x01,0x01,0x01,0x04,
    0x04,0x04,0x08,0x08,0x0a,0x09,0x09,0x18,0x18,0x16,0x16,0x18,0x50,0x50,0x50,0x50,
    0x50,0x50,0x50,0x50,0x50,0x50,0x50,0x63,0x63,0x63,0x50,0x50,0x50,0x50,0x62,0x50,
    0x50,0x04,0x04,0x04,0x04,0x50,0x26,0x26,0x12,0x12,0x26,0x26,0x39,0x39,0x12,0x04,
    0x04,0x39,0x39,0x4f,0x4f,0x12,0x12,0x3a,0x25,0x25,0x25,0x25,0x3a,0x3a,0x3a,0x3a,
    0x3b,0x51,0x51,0x50,0x50,0x63,0x63,0x4f,0x4f,0x62,0x62,0x63,0x62,0x62,0x62,0x62,
    0x6f,0x6f,0x70,0x70,0x7c,0x7c,0x7d,0x70,0x70,0x7e,0x7e,0x70,0x70,0x7c,0x7c,0x70,
    0x70,0x7c,0x7c,0x71,0x71,0x7e,0x89,0x89,0x60,0x60,0x06,0x06,0x08,0x08,0x0a,0x0a,
    0x2d,0x2d,0x31,0x31,0x31,0x31,0x31,0x31,0x31,0x31,0x6f,0x04,0x01,0x13,0x13,0x16,
    0x26,0x26,0x18,0x18,0x18,0x0a,0x0a,0x18,0x18,0x16,0x16,0x18,0x60,0x60,0x50,0x50,
    0x50,0x50,0x50,0x50,0x50,0x50,0x50,0x50,0x50,0x50,0x50,0x50,0x50,0x50,0x62,0x50,
    0x50,0x04,0x04,0x04,0x04,0x50,0x50,0x26,0x12,0x12,0x26,0x26,0x39,0x39,0x12,0x04,
    0x04,0x39,0x39,0x4f,0x4f,0x12,0x12,0x60,0x01,0x01,0x10,0x10,0x4e,0x4e,0x01,0x01,
    0x01,0x39,0x39,0x04,0x04,0x39,0x39,0x01,0x01,0x01,0x01,0x4e,0x03,0x03,0x01,0x01,
    0x51,0x51,0x7d,0x7d,0x6f,0x6f,0x6f,0x6f,0x6f,0x70,0x70,0x7a,0x7a,0x7c,0x7c,0x70,
    0x70,0x7c,0x7c,0x71,0x71,0x7e,0x89,0x89,0x60,0x60,0x06,0x06,0x08,0x08,0x0a,0x0a,
    0x2d,0x2d,0x31,0x31,0x31,0x31,0x31,0x31,0x31,0x31,0x6f,0x04,0x01,0x13,0x13,0x16,
    0x26,0x26,0x18,0x18,0x18,0x18,0x0a,0x18,0x18,0x16,0x16,0x18,0x60,0x60,0x50,0x50,
    0x50,0x4f,0x4f,0x50,0x50,0x4f,0x4f,0x4f,0x50,0x50,0x50,0x50,0x50,0x50,0x50,0x50,
    0x50,0x04,0x04,0x01,0x01,0x38,0x38,0x04,0x01,0x01,0x13,0x13,0x23,0x23,0x01,0x01,
    0x01,0x23,0x23,0x25,0x25,0x01,0x01,0x60,0x01,0x01,0x10,0x10,0x4e,0x4e,0x01,0x01,
    0x01,0x39,0x39,0x04,0x04,0x39,0x39,0x01,0x01,0x01,0x01,0x4e,0x03,0x03,0x01,0x01,
    0x51,0x51,0x7d,0x7d,0x6f,0x6f,0x70,0x70,0x70,0x70,0x70,0x7a,0x7a,0x7c,0x7c,0x7c,
    0x7c,0x7d,0x7d,0x7d,0x7d,0x7d,0x89,0x89,0x6d,0x6d,0x3c,0x3c,0x54,0x54,0x55,0x55,
    0x55,0x55,0x31,0x31,0x31,0x31,0x44,0x44,0x44,0x44,0x7d,0x10,0x05,0x18,0x18,0x0a,
    0x09,0x09,0x18,0x18,0x18,0x18,0x27,0x28,0x28,0x15,0x15,0x26,0x4f,0x4f,0x4f,0x4f,
    0x4f,0x4f,0x4f,0x50,0x50,0x4f,0x4f,0x4f,0x50,0x50,0x50,0x50,0x50,0x50,0x50,0x50,
    0x50,0x04,0x04,0x01,0x01,0x38,0x38,0x04,0x01,0x01,0x13,0x13,0x23,0x23,0x38,0x23,
    0x23,0x4e,0x4e,0x4e,0x4e,0x12,0x12,0x60,0x38,0x38,0x4e,0x4e,0x60,0x60,0x10,0x10,
    0x23,0x3a,0x3a,0x13,0x13,0x3a,0x3a,0x04,0x04,0x0f,0x0f,0x4e,0x23,0x23,0x01,0x01,
    0x3a,0x3a,0x63,0x63,0x6e,0x6e,0x70,0x70,0x70,0x70,0x70,0x7a,0x7a,0x7c,0x7c,0x7c,
    0x7c,0x7d,0x7d,0x7d,0x7d,0x7d,0x89,0x89,0x6d,0x6d,0x3c,0x3c,0x54,0x54,0x55,0x55,
    0x55,0x55,0x31,0x31,0x31,0x31,0x44,0x63,0x3c,0x7d,0x7d,0x13,0x05,0x18,0x18,0x0a,
    0x09,0x09,0x18,0x18,0x18,0x18,0x27,0x05,0x05,0x01,0x01,0x15,0x50,0x50,0x4f,0x4f,
    0x60,0x60,0x4f,0x4f,0x4f,0x62,0x62,0x62,0x62,0x50,0x50,0x50,0x63,0x63,0x63,0x63,
    0x63,0x39,0x39,0x25,0x25,0x50,0x50,0x3a,0x26,0x26,0x4e,0x4e,0x4e,0x4e,0x38,0x23,
    0x23,0x4e,0x4e,0x4e,0x4e,0x12,0x12,0x60,0x38,0x38,0x4e,0x4e,0x60,0x60,0x10,0x10,
    0x23,0x3a,0x3a,0x13,0x13,0x3a,0x3a,0x04,0x04,0x0f,0x0f,0x4e,0x23,0x23,0x6f,0x6f,
    0x50,0x50,0x50,0x50,0x6f,0x6f,0x7d,0x7d,0x7d,0x7d,0x7d,0x89,0x89,0x7d,0x7d,0x7d,
    0x7d,0x7d,0x7d,0x7d,0x7d,0x7e,0x7d,0x7d,0x6f,0x6f,0x30,0x30,0x30,0x30,0x42,0x42,
    0x44,0x44,0x55,0x55,0x55,0x55,0x63,0x63,0x3c,0x7d,0x7d,0x13,0x04,0x18,0x18,0x0a,
    0x0a,0x0a,0x09,0x09,0x08,0x08,0x06,0x05,0x05,0x01,0x01,0x15,0x50,0x50,0x4f,0x4f,
    0x60,0x60,0x4f,0x4f,0x4f,0x62,0x62,0x62,0x62,0x50,0x50,0x50,0x63,0x63,0x63,0x63,
    0x63,0x39,0x39,0x25,0x25,0x39,0x39,0x60,0x50,0x50,0x4f,0x4f,0x50,0x50,0x50,0x60,
    0x60,0x63,0x63,0x60,0x60,0x6d,0x6d,0x62,0x63,0x63,0x63,0x63,0x63,0x63,0x63,0x63,
    0x63,0x6e,0x6e,0x6d,0x6d,0x63,0x63,0x63,0x63,0x63,0x63,0x6f,0x6f,0x6f,0x6f,0x6f,
    0x50,0x50,0x50,0x50,0x6f,0x6f,0x7d,0x7d,0x7d,0x7d,0x7d,0x89,0x89,0x7d,0x7d,0x7d,
    0x7d,0x7d,0x7d,0x7d,0x7d,0x7e,0x7d,0x7d,0x6f,0x6f,0x30,0x30,0x30,0x30,0x42,0x42,
    0x2f,0x2f,0x1c,0x1c,0x0b,0x0b,0x16,0x16,0x14,0x6f,0x6f,0x13,0x04,0x26,0x26,0x13,
    0x13,0x04,0x04,0x04,0x01,0x01,0x01,0x0f,0x0f,0x01,0x01,0x23,0x50,0x50,0x50,0x50,
    0x4f,0x4f,0x50,0x50,0x50,0x39,0x39,0x26,0x26,0x3a,0x50,0x50,0x38,0x38,0x3a,0x3a,
    0x50,0x3a,0x3a,0x50,0x50,0x39,0x39,0x60,0x50,0x50,0x4f,0x4f,0x50,0x50,0x50,0x60,
    0x60,0x63,0x63,0x60,0x60,0x6d,0x6d,0x62,0x63,0x63,0x63,0x63,0x63,0x63,0x63,0x63,
    0x63,0x6e,0x6e,0x6d,0x6d,0x6f,0x6f,0x6f,0x6f,0x70,0x70,0x3b,0x12,0x12,0x50,0x50,
    0x63,0x63,0x26,0x26,0x63,0x63,0x4f,0x51,0x51,0x64,0x64,0x50,0x50,0x63,0x63,0x7d,
    0x7d,0x7d,0x7d,0x7d,0x7d,0x7e,0x8a,0x8a,0x6f,0x6f,0x30,0x30,0x44,0x44,0x42,0x42,
    0x2f,0x2f,0x1c,0x1c,0x0b,0x0b,0x16,0x14,0x14,0x6f,0x6f,0x13,0x04,0x26,0x26,0x13,
    0x13,0x04,0x04,0x04,0x01,0x01,0x01,0x0f,0x0f,0x01,0x01,0x23,0x50,0x50,0x50,0x50,
    0x4f,0x4f,0x50,0x50,0x50,0x39,0x39,0x26,0x26,0x3a,0x50,0x26,0x01,0x01,0x01,0x01,
    0x39,0x01,0x01,0x01,0x01,0x01,0x01,0x3a,0x01,0x01,0x12,0x12,0x3a,0x3a,0x01,0x38,
    0x38,0x23,0x23,0x01,0x01,0x38,0x38,0x3a,0x39,0x39,0x3a,0x3a,0x04,0x04,0x3a,0x3a,
    0x50,0x12,0x12,0x26,0x26,0x6f,0x6f,0x6f,0x6f,0x70,0x70,0x3b,0x12,0x12,0x50,0x50,
    0x63,0x63,0x26,0x26,0x63,0x63,0x4f,0x51,0x51,0x64,0x64,0x50,0x50,0x63,0x63,0x7d,
    0x7d,0x7d,0x7d,0x7d,0x7e,0x7e,0x8a,0x8a,0x64,0x64,0x3c,0x3c,0x3c,0x3c,0x38,0x38,
    0x23,0x23,0x23,0x23,0x23,0x23,0x37,0x35,0x35,0x7c,0x7c,0x15,0x01,0x04,0x04,0x03,
    0x03,0x01,0x01,0x01,0x03,0x03,0x01,0x01,0x01,0x01,0x01,0x25,0x25,0x50,0x50,0x50,
    0x50,0x50,0x4f,0x50,0x50,0x25,0x25,0x01,0x01,0x12,0x26,0x26,0x01,0x01,0x01,0x01,
    0x39,0x01,0x01,0x01,0x01,0x01,0x01,0x3a,0x01,0x01,0x12,0x12,0x3a,0x3a,0x01,0x38,
    0x38,0x23,0x23,0x01,0x01,0x38,0x38,0x3a,0x39,0x39,0x3a,0x3a,0x01,0x01,0x04,0x04,
    0x38,0x01,0x01,0x01,0x01,0x62,0x62,0x6f,0x6f,0x70,0x70,0x15,0x01,0x01,0x23,0x23,
    0x4e,0x4e,0x01,0x01,0x60,0x60,0x01,0x26,0x26,0x3a,0x3a,0x01,0x01,0x13,0x13,0x7c,
    0x7c,0x8a,0x8a,0x7d,0x7d,0x7d,0x7f,0x7f,0x64,0x64,0x3c,0x3c,0x3c,0x3c,0x38,0x38,
    0x23,0x23,0x23,0x23,0x23,0x23,0x37,0x35,0x35,0x7c,0x7c,0x15,0x01,0x04,0x04,0x03,
    0x03,0x01,0x01,0x01,0x03,0x03,0x01,0x01,0x01,0x01,0x01,0x25,0x25,0x50,0x50,0x50,
    0x50,0x50,0x50,0x60,0x60,0x26,0x26,0x01,0x01,0x13,0x26,0x26,0x01,0x01,0x03,0x03,
    0x26,0x04,0x04,0x01,0x01,0x01,0x01,0x39,0x01,0x01,0x25,0x25,0x4f,0x4f,0x01,0x4f,
    0x4f,0x23,0x23,0x01,0x01,0x12,0x12,0x26,0x04,0x04,0x25,0x25,0x01,0x01,0x04,0x04,
    0x38,0x01,0x01,0x01,0x01,0x62,0x62,0x6f,0x6f,0x70,0x70,0x15,0x01,0x01,0x23,0x23,
    0x4e,0x4e,0x01,0x01,0x60,0x60,0x01,0x26,0x26,0x3a,0x3a,0x01,0x01,0x13,0x13,0x7c,
    0x7d,0x7d,0x7d,0x7e,0x7e,0x7e,0x8a,0x8a,0x64,0x64,0x15,0x15,0x16,0x16,0x38,0x38,
    0x38,0x38,0x38,0x38,0x37,0x37,0x35,0x4e,0x4e,0x89,0x89,0x26,0x01,0x03,0x03,0x01,
    0x01,0x03,0x01,0x01,0x04,0x04,0x04,0x05,0x05,0x06,0x06,0x28,0x28,0x60,0x50,0x50,
    0x50,0x50,0x50,0x60,0x60,0x26,0x26,0x01,0x01,0x13,0x26,0x26,0x01,0x01,0x03,0x03,
    0x26,0x04,0x04,0x01,0x01,0x01,0x01,0x39,0x01,0x01,0x25,0x25,0x4f,0x4f,0x01,0x4f,
    0x4f,0x23,0x4f,0x38,0x38,0x60,0x60,0x4f,0x3a,0x3a,0x50,0x50,0x26,0x26,0x3a,0x3a,
    0x63,0x38,0x38,0x39,0x39,0x4f,0x4f,0x50,0x50,0x7d,0x7d,0x50,0x13,0x13,0x4f,0x4f,
    0x60,0x60,0x26,0x26,0x63,0x63,0x26,0x4f,0x4f,0x50,0x50,0x10,0x10,0x24,0x24,0x7d,
    0x7d,0x7d,0x7d,0x7e,0x7e,0x7e,0x8a,0x8a,0x64,0x64,0x15,0x15,0x16,0x16,0x38,0x38,
    0x38,0x38,0x38,0x38,0x37,0x35,0x35,0x4e,0x4e,0x89,0x89,0x26,0x01,0x03,0x03,0x01,
    0x01,0x03,0x01,0x04,0x13,0x13,0x16,0x28,0x28,0x17,0x17,0x29,0x29,0x50,0x50,0x50,
    0x3b,0x3b,0x50,0x50,0x50,0x50,0x50,0x4e,0x4e,0x60,0x62,0x62,0x4f,0x4f,0x50,0x50,
    0x63,0x50,0x50,0x50,0x50,0x50,0x50,0x62,0x3a,0x3a,0x3a,0x3a,0x63,0x63,0x50,0x6d,
    0x6d,0x4f,0x4f,0x38,0x38,0x60,0x60,0x4f,0x3a,0x3a,0x50,0x50,0x26,0x26,0x3a,0x3a,
    0x63,0x38,0x38,0x39,0x39,0x4f,0x4f,0x50,0x50,0x7d,0x50,0x50,0x13,0x13,0x4f,0x4f,
    0x60,0x60,0x26,0x26,0x63,0x63,0x6f,0x6f,0x6f,0x70,0x70,0x64,0x64,0x7d,0x7d,0x7d,
    0x7d,0x7d,0x7d,0x7d,0x7e,0x7e,0x8a,0x8a,0x64,0x64,0x38,0x38,0x38,0x38,0x16,0x16,
    0x27,0x27,0x1b,0x1b,0x2d,0x31,0x31,0x45,0x45,0x8c,0x8c,0x15,0x01,0x03,0x03,0x01,
    0x01,0x10,0x04,0x04,0x13,0x13,0x16,0x28,0x28,0x17,0x17,0x29,0x29,0x50,0x50,0x50,
    0x3b,0x3b,0x50,0x50,0x50,0x50,0x50,0x4e,0x4e,0x60,0x62,0x62,0x4f,0x4f,0x50,0x50,
    0x63,0x50,0x50,0x50,0x50,0x50,0x38,0x3a,0x62,0x62,0x63,0x63,0x4e,0x4e,0x3a,0x3a,
    0x3a,0x60,0x60,0x6e,0x6e,0x4e,0x4e,0x50,0x63,0x63,0x4e,0x4e,0x6e,0x6e,0x60,0x60,
    0x60,0x6f,0x6f,0x63,0x63,0x51,0x51,0x64,0x64,0x6d,0x6f,0x6f,0x7a,0x7a,0x6f,0x6f,
    0x7c,0x7c,0x6f,0x6f,0x7a,0x7a,0x6f,0x6f,0x6f,0x70,0x70,0x64,0x64,0x7d,0x7d,0x7d,
    0x7d,0x7d,0x7d,0x7d,0x7e,0x7e,0x8a,0x8a,0x64,0x64,0x38,0x38,0x38,0x38,0x16,0x16,
    0x27,0x27,0x1b,0x1b,0x2d,0x31,0x31,0x45,0x45,0x8c,0x8c,0x15,0x01,0x04,0x04,0x07,
    0x07,0x08,0x0a,0x0a,0x1b,0x1b,0x18,0x18,0x18,0x17,0x17,0x18,0x18,0x60,0x50,0x50,
    0x50,0x50,0x50,0x50,0x50,0x60,0x60,0x60,0x60,0x12,0x12,0x12,0x4f,0x4f,0x4f,0x4f,
    0x13,0x3a,0x3a,0x60,0x60,0x38,0x38,0x3a,0x62,0x62,0x63,0x63,0x4e,0x4e,0x3a,0x3a,
    0x3a,0x60,0x60,0x6e,0x6e,0x4e,0x4e,0x50,0x63,0x63,0x4e,0x4e,0x6e,0x6e,0x60,0x60,
    0x60,0x6f,0x6f,0x63,0x63,0x51,0x51,0x64,0x64,0x6d,0x6f,0x6f,0x63,0x63,0x04,0x04,
    0x50,0x50,0x6e,0x6e,0x13,0x13,0x4f,0x51,0x51,0x26,0x26,0x70,0x70,0x8a,0x8a,0x7d,
    0x7d,0x7e,0x7e,0x7e,0x7e,0x7e,0x8b,0x8b,0x64,0x64,0x23,0x23,0x38,0x38,0x3c,0x3c,
    0x64,0x64,0x56,0x56,0x67,0x46,0x46,0x58,0x58,0x8d,0x8d,0x16,0x01,0x04,0x04,0x07,
    0x07,0x08,0x0a,0x0a,0x1b,0x1b,0x18,0x18,0x18,0x17,0x17,0x18,0x18,0x60,0x50,0x50,
    0x50,0x50,0x50,0x50,0x50,0x60,0x60,0x60,0x60,0x01,0x01,0x01,0x13,0x13,0x12,0x12,
    0x01,0x10,0x10,0x25,0x25,0x01,0x01,0x01,0x4f,0x4f,0x6e,0x6e,0x13,0x13,0x01,0x01,
    0x01,0x26,0x26,0x26,0x26,0x01,0x01,0x25,0x3a,0x3a,0x01,0x01,0x4e,0x4e,0x23,0x23,
    0x01,0x63,0x63,0x10,0x10,0x03,0x03,0x50,0x50,0x26,0x63,0x63,0x63,0x63,0x04,0x04,
    0x50,0x50,0x6e,0x6e,0x13,0x13,0x4f,0x51,0x51,0x26,0x26,0x70,0x70,0x8a,0x8a,0x7d,
    0x7d,0x7e,0x7e,0x7e,0x7e,0x7e,0x8b,0x8b,0x64,0x64,0x23,0x23,0x38,0x38,0x3c,0x3c,
    0x64,0x64,0x56,0x56,0x67,0x59,0x59,0x58,0x58,0x9a,0x9a,0x28,0x04,0x27,0x27,0x18,
    0x18,0x18,0x0a,0x0a,0x0a,0x0a,0x18,0x18,0x18,0x17,0x17,0x29,0x29,0x50,0x4e,0x4e,
    0x50,0x50,0x4f,0x4f,0x50,0x60,0x60,0x4e,0x4e,0x01,0x01,0x01,0x13,0x13,0x12,0x12,
    0x01,0x10,0x10,0x25,0x25,0x01,0x01,0x01,0x4f,0x4f,0x6e,0x6e,0x13,0x13,0x01,0x01,
    0x01,0x26,0x26,0x26,0x26,0x01,0x01,0x25,0x3a,0x3a,0x01,0x01,0x4e,0x4e,0x23,0x23,
    0x01,0x39,0x39,0x12,0x12,0x01,0x01,0x4e,0x4e,0x10,0x39,0x39,0x4f,0x4f,0x01,0x01,
    0x13,0x13,0x50,0x50,0x01,0x01,0x10,0x3a,0x3a,0x01,0x01,0x6e,0x6e,0x89,0x89,0x7d,
    0x7d,0x7e,0x7e,0x89,0x8a,0x8a,0x8a,0x8a,0x6f,0x6f,0x1d,0x1d,0x43,0x43,0x45,0x45,
    0x45,0x45,0x45,0x59,0x59,0x59,0x59,0x58,0x58,0x9a,0x9a,0x28,0x04,0x27,0x27,0x18,
    0x18,0x18,0x0a,0x0a,0x0a,0x0a,0x18,0x18,0x18,0x17,0x17,0x26,0x26,0x50,0x4f,0x4f,
    0x4f,0x4f,0x4f,0x4f,0x50,0x50,0x50,0x4f,0x4f,0x04,0x01,0x01,0x25,0x25,0x38,0x38,
    0x01,0x12,0x12,0x38,0x38,0x01,0x01,0x01,0x4f,0x4f,0x6e,0x6e,0x23,0x23,0x01,0x01,
    0x01,0x25,0x25,0x38,0x38,0x01,0x01,0x25,0x38,0x38,0x03,0x03,0x4f,0x4f,0x04,0x04,
    0x01,0x39,0x39,0x12,0x12,0x01,0x01,0x4e,0x4e,0x10,0x39,0x39,0x4f,0x4f,0x01,0x01,
    0x13,0x13,0x50,0x50,0x01,0x10,0x10,0x3a,0x3a,0x01,0x01,0x6e,0x6e,0x89,0x89,0x7d,
    0x7d,0x7e,0x89,0x89,0x8a,0x8a,0x8a,0x8a,0x6f,0x6f,0x1d,0x43,0x57,0x57,0x44,0x44,
    0x45,0x45,0x58,0x45,0x45,0x44,0x44,0x1e,0x1e,0x8a,0x8a,0x3a,0x05,0x28,0x28,0x17,
    0x17,0x1a,0x1a,0x28,0x16,0x16,0x13,0x13,0x13,0x04,0x04,0x26,0x26,0x50,0x4f,0x4f,
    0x4f,0x4f,0x4f,0x4f,0x50,0x50,0x50,0x4f,0x4f,0x04,0x01,0x01,0x25,0x25,0x38,0x38,
    0x01,0x12,0x12,0x38,0x38,0x01,0x01,0x01,0x4f,0x4f,0x6e,0x6e,0x23,0x23,0x01,0x01,
    0x01,0x25,0x25,0x38,0x63,0x50,0x50,0x50,0x60,0x60,0x50,0x50,0x62,0x62,0x50,0x50,
    0x4f,0x4f,0x4f,0x4f,0x4f,0x4e,0x4e,0x60,0x60,0x4f,0x4e,0x4e,0x50,0x50,0x39,0x39,
    0x4f,0x4f,0x50,0x50,0x4e,0x50,0x50,0x62,0x62,0x39,0x39,0x6e,0x6e,0x89,0x89,0x7d,
    0x7d,0x7e,0x7d,0x7d,0x89,0x89,0x8a,0x8a,0x7d,0x7d,0x43,0x43,0x57,0x57,0x44,0x44,
    0x45,0x45,0x58,0x45,0x45,0x44,0x44,0x1e,0x1e,0x8a,0x8a,0x3a,0x05,0x28,0x28,0x08,
    0x08,0x08,0x08,0x05,0x04,0x04,0x01,0x01,0x01,0x01,0x01,0x23,0x23,0x50,0x4f,0x4f,
    0x4f,0x4f,0x4f,0x4f,0x4f,0x4f,0x4f,0x50,0x50,0x4f,0x4e,0x4e,0x60,0x60,0x60,0x60,
    0x4e,0x60,0x60,0x60,0x60,0x4e,0x4e,0x4f,0x50,0x50,0x62,0x62,0x50,0x50,0x4f,0x4f,
    0x4f,0x60,0x60,0x63,0x63,0x50,0x50,0x50,0x60,0x60,0x50,0x50,0x62,0x62,0x50,0x50,
    0x4f,0x4f,0x4f,0x4f,0x4f,0x4e,0x4e,0x60,0x60,0x4f,0x4e,0x4e,0x50,0x50,0x39,0x39,
    0x4f,0x4f,0x50,0x50,0x4e,0x50,0x50,0x62,0x62,0x39,0x39,0x6e,0x6e,0x89,0x89,0x7d,
    0x7d,0x7e,0x7e,0x7e,0x7e,0x7e,0x8a,0x8a,0x7d,0x7d,0x55,0x55,0x56,0x56,0x66,0x66,
    0x65,0x65,0x51,0x3b,0x3b,0x39,0x39,0x26,0x26,0x89,0x89,0x4f,0x05,0x05,0x28,0x08,
    0x08,0x08,0x08,0x05,0x04,0x04,0x01,0x01,0x01,0x01,0x01,0x23,0x23,0x50,0x4f,0x4f,
    0x4f,0x4f,0x4f,0x4f,0x4f,0x4f,0x4f,0x50,0x50,0x4f,0x4f,0x4e,0x60,0x60,0x60,0x60,
    0x4e,0x60,0x60,0x60,0x60,0x63,0x63,0x63,0x62,0x62,0x62,0x62,0x63,0x63,0x63,0x63,
    0x6e,0x62,0x62,0x63,0x63,0x6e,0x6e,0x63,0x6e,0x6e,0x6f,0x6f,0x63,0x63,0x6f,0x6f,
    0x6f,0x6e,0x6e,0x6f,0x6f,0x7a,0x7a,0x6f,0x6f,0x70,0x6f,0x6f,0x7d,0x7d,0x7d,0x7d,
    0x7c,0x7c,0x7d,0x7d,0x88,0x88,0x88,0x7d,0x7d,0x7e,0x7e,0x7d,0x7d,0x7d,0x7d,0x7d,
    0x7d,0x7e,0x7e,0x7e,0x7e,0x7e,0x8a,0x8a,0x7d,0x7d,0x55,0x55,0x56,0x56,0x66,0x66,
    0x65,0x65,0x51,0x3b,0x3b,0x39,0x39,0x26,0x26,0x89,0x89,0x4f,0x01,0x01,0x12,0x03,
    0x03,0x01,0x01,0x01,0x03,0x03,0x0d,0x0d,0x0d,0x01,0x01,0x23,0x23,0x50,0x60,0x60,
    0x60,0x60,0x50,0x50,0x50,0x50,0x50,0x50,0x50,0x63,0x63,0x63,0x50,0x50,0x50,0x50,
    0x63,0x63,0x63,0x63,0x63,0x63,0x63,0x63,0x62,0x62,0x62,0x62,0x63,0x63,0x63,0x63,
    0x6e,0x62,0x62,0x63,0x63,0x6e,0x6e,0x63,0x6e,0x6e,0x6f,0x6f,0x63,0x63,0x6f,0x6f,
    0x6f,0x6e,0x6e,0x6f,0x6f,0x7a,0x7a,0x6f,0x6f,0x70,0x6f,0x6f,0x7d,0x7d,0x7d,0x7d,
    0x7c,0x7c,0x7d,0x70,0x7d,0x7c,0x7c,0x70,0x70,0x7d,0x7d,0x7d,0x7d,0x7d,0x7d,0x7f,
    0x7f,0x8a,0x8a,0x8a,0x8b,0x8b,0x98,0x98,0x7d,0x7d,0x2e,0x2e,0x2d,0x2d,0x2a,0x2a,
    0x18,0x27,0x27,0x3a,0x3a,0x3a,0x3a,0x26,0x26,0x89,0x89,0x50,0x01,0x01,0x12,0x03,
    0x03,0x01,0x01,0x01,0x03,0x03,0x0d,0x0d,0x0d,0x01,0x01,0x23,0x23,0x50,0x50,0x60,
    0x60,0x60,0x50,0x50,0x50,0x25,0x25,0x26,0x26,0x3a,0x3a,0x3a,0x3a,0x3a,0x3c,0x3c,
    0x3b,0x39,0x39,0x3a,0x3a,0x4f,0x4f,0x4f,0x62,0x62,0x60,0x60,0x62,0x62,0x62,0x62,
    0x62,0x62,0x62,0x50,0x50,0x63,0x63,0x62,0x63,0x63,0x63,0x63,0x63,0x63,0x63,0x63,
    0x64,0x63,0x63,0x63,0x63,0x6d,0x6d,0x6f,0x6f,0x64,0x6f,0x6f,0x6f,0x6f,0x70,0x70,
    0x70,0x70,0x70,0x70,0x7d,0x7c,0x7c,0x70,0x70,0x7d,0x7d,0x7d,0x7d,0x7d,0x7d,0x7f,
    0x7f,0x8a,0x8a,0x8a,0x8b,0x8b,0x98,0x98,0x7d,0x7d,0x2e,0x2e,0x2d,0x2d,0x2a,0x2a,
    0x18,0x27,0x27,0x3a,0x3a,0x3a,0x3a,0x26,0x26,0x89,0x89,0x50,0x01,0x01,0x03,0x03,
    0x03,0x04,0x04,0x10,0x01,0x01,0x0d,0x0d,0x01,0x10,0x10,0x38,0x38,0x3a,0x3a,0x26,
    0x39,0x39,0x39,0x39,0x25,0x25,0x25,0x26,0x26,0x3a,0x3a,0x3a,0x3a,0x3a,0x3c,0x3c,
    0x3b,0x3b,0x39,0x3a,0x3a,0x4f,0x4f,0x4f,0x4f,0x62,0x60,0x60,0x62,0x62,0x62,0x62,
    0x62,0x62,0x62,0x50,0x50,0x63,0x63,0x62,0x63,0x63,0x63,0x63,0x63,0x63,0x63,0x63,
    0x64,0x63,0x63,0x63,0x63,0x2c,0x2c,0x2c,0x2c,0x2d,0x2d,0x2d,0x26,0x26,0x26,0x26,
    0x4d,0x4d,0x4d,0x4d,0x4f,0x62,0x62,0x55,0x55,0x40,0x40,0x55,0x55,0x55,0x55,0x66,
    0x66,0x54,0x6d,0x6d,0x6e,0x6e,0x6f,0x6f,0x62,0x62,0x39,0x39,0x38,0x38,0x4d,0x4d,
    0x4e,0x3a,0x3a,0x3a,0x3a,0x28,0x28,0x2a,0x2a,0x8b,0x8b,0x3b,0x01,0x01,0x03,0x03,
    0x03,0x04,0x04,0x04,0x04,0x04,0x07,0x07,0x07,0x17,0x17,0x29,0x29,0x24,0x24,0x01,
    0x01,0x01,0x01,0x01,0x01,0x03,0x03,0x06,0x06,0x16,0x16,0x08,0x08,0x08,0x18,0x18,
    0x18,0x18,0x13,0x04,0x04,0x10,0x10,0x13,0x13,0x10,0x12,0x12,0x16,0x16,0x28,0x28,
    0x17,0x28,0x28,0x28,0x28,0x18,0x18,0x16,0x13,0x13,0x26,0x26,0x23,0x23,0x23,0x23,
    0x26,0x3c,0x3c,0x3b,0x3b,0x2c,0x2c,0x2c,0x2c,0x2d,0x2d,0x2d,0x26,0x26,0x26,0x26,
    0x4d,0x4d,0x4d,0x4d,0x4f,0x62,0x62,0x55,0x55,0x40,0x40,0x55,0x55,0x55,0x55,0x66,
    0x66,0x54,0x6d,0x6d,0x6e,0x6e,0x6f,0x6f,0x62,0x62,0x39,0x39,0x38,0x38,0x4d,0x4d,
    0x4e,0x3a,0x3a,0x3a,0x3a,0x28,0x28,0x2a,0x2a,0x8b,0x9b,0x3b,0x01,0x01,0x04,0x04,
    0x04,0x01,0x01,0x04,0x04,0x04,0x07,0x07,0x07,0x17,0x17,0x29,0x29,0x24,0x24,0x01,
    0x01,0x01,0x01,0x01,0x01,0x03,0x03,0x06,0x06,0x16,0x16,0x08,0x08,0x08,0x18,0x18,
    0x18,0x18,0x13,0x04,0x04,0x10,0x10,0x13,0x13,0x10,0x12,0x12,0x16,0x16,0x28,0x28,
    0x17,0x28,0x28,0x28,0x18,0x28,0x28,0x26,0x04,0x04,0x04,0x04,0x10,0x10,0x04,0x04,
    0x04,0x07,0x07,0x29,0x29,0x2a,0x2a,0x2a,0x2a,0x2d,0x3e,0x3e,0x26,0x26,0x04,0x04,
    0x22,0x22,0x22,0x22,0x12,0x25,0x25,0x2d,0x2d,0x3f,0x3f,0x40,0x40,0x40,0x40,0x53,
    0x53,0x28,0x23,0x23,0x25,0x25,0x25,0x25,0x26,0x26,0x39,0x39,0x39,0x39,0x4d,0x4d,
    0x4d,0x3a,0x3a,0x50,0x50,0x65,0x65,0x71,0x71,0x9b,0x9b,0x3b,0x01,0x01,0x04,0x10,
    0x10,0x13,0x13,0x15,0x26,0x26,0x17,0x17,0x18,0x17,0x17,0x29,0x29,0x38,0x38,0x04,
    0x01,0x01,0x03,0x03,0x04,0x04,0x04,0x04,0x04,0x16,0x16,0x18,0x18,0x18,0x18,0x18,
    0x18,0x18,0x26,0x06,0x06,0x04,0x04,0x04,0x04,0x10,0x03,0x03,0x04,0x04,0x27,0x27,
    0x18,0x17,0x17,0x18,0x18,0x28,0x28,0x26,0x04,0x04,0x04,0x04,0x10,0x10,0x04,0x04,
    0x04,0x07,0x07,0x29,0x29,0x2a,0x2a,0x2a,0x2a,0x2d,0x3e,0x3e,0x26,0x26,0x04,0x04,
    0x22,0x22,0x22,0x22,0x12,0x25,0x25,0x2d,0x2d,0x3f,0x3f,0x40,0x40,0x40,0x40,0x53,
    0x53,0x28,0x23,0x23,0x25,0x25,0x25,0x25,0x26,0x26,0x39,0x39,0x28,0x28,0x2d,0x2d,
    0x40,0x44,0x44,0x58,0x58,0x58,0x58,0x58,0x58,0xa6,0xa6,0x3a,0x01,0x01,0x04,0x10,
    0x10,0x13,0x13,0x15,0x26,0x26,0x17,0x17,0x18,0x18,0x17,0x29,0x29,0x38,0x38,0x04,
    0x01,0x01,0x03,0x03,0x04,0x04,0x04,0x04,0x04,0x16,0x16,0x18,0x18,0x18,0x18,0x18,
    0x18,0x0a,0x1a,0x0a,0x0a,0x13,0x13,0x04,0x04,0x10,0x10,0x10,0x04,0x04,0x12,0x12,
    0x18,0x29,0x29,0x1b,0x1b,0x1b,0x1b,0x1b,0x1a,0x1a,0x05,0x05,0x04,0x04,0x22,0x22,
    0x22,0x12,0x12,0x26,0x26,0x2a,0x2a,0x2c,0x2c,0x2c,0x2d,0x2d,0x2d,0x2d,0x0a,0x0a,
    0x10,0x10,0x13,0x13,0x23,0x23,0x23,0x17,0x17,0x52,0x52,0x40,0x40,0x3f,0x3f,0x40,
    0x40,0x42,0x3a,0x3a,0x26,0x26,0x26,0x26,0x39,0x39,0x28,0x28,0x28,0x28,0x2d,0x40,
    0x40,0x44,0x44,0x58,0x58,0x58,0x58,0x58,0x58,0xa6,0xa6,0x3a,0x04,0x04,0x16,0x0a,
    0x0a,0x0a,0x0a,0x18,0x0a,0x0a,0x0a,0x0a,0x18,0x18,0x28,0x29,0x29,0x17,0x17,0x07,
    0x04,0x04,0x03,0x03,0x10,0x10,0x10,0x04,0x04,0x04,0x04,0x16,0x28,0x28,0x0a,0x0a,
    0x0a,0x0a,0x1a,0x0a,0x0a,0x13,0x13,0x04,0x04,0x10,0x10,0x10,0x04,0x04,0x12,0x12,
    0x18,0x29,0x29,0x1b,0x1b,0x1b,0x1b,0x1b,0x1a,0x1a,0x05,0x05,0x04,0x04,0x22,0x22,
    0x22,0x12,0x12,0x26,0x26,0x2a,0x2a,0x2c,0x2c,0x2c,0x2d,0x2d,0x2d,0x2d,0x0a,0x0a,
    0x10,0x10,0x13,0x13,0x23,0x23,0x23,0x17,0x17,0x52,0x52,0x3f,0x3f,0x40,0x40,0x2e,
    0x42,0x42,0x63,0x63,0x26,0x26,0x25,0x25,0x39,0x39,0x52,0x52,0x65,0x65,0x55,0x67,
    0x67,0x45,0x45,0x57,0x57,0x58,0x58,0x58,0x58,0x9a,0x9a,0x3c,0x04,0x04,0x16,0x0a,
    0x0a,0x0a,0x0a,0x18,0x18,0x0a,0x0a,0x0a,0x18,0x18,0x06,0x17,0x17,0x29,0x29,0x17,
    0x25,0x25,0x04,0x04,0x01,0x01,0x10,0x10,0x10,0x04,0x04,0x04,0x16,0x16,0x1b,0x1b,
    0x1a,0x1a,0x18,0x1a,0x1a,0x26,0x26,0x04,0x04,0x01,0x10,0x10,0x04,0x04,0x04,0x04,
    0x07,0x28,0x28,0x1b,0x1b,0x1b,0x1b,0x1a,0x2c,0x2c,0x27,0x27,0x05,0x05,0x10,0x10,
    0x23,0x13,0x13,0x10,0x10,0x09,0x09,0x3e,0x3e,0x2d,0x2c,0x2c,0x2d,0x2d,0x2d,0x2d,
    0x26,0x26,0x13,0x13,0x23,0x25,0x25,0x07,0x07,0x28,0x28,0x3f,0x3f,0x40,0x40,0x2e,
    0x42,0x42,0x63,0x63,0x26,0x26,0x25,0x25,0x39,0x39,0x52,0x52,0x65,0x65,0x55,0x67,
    0x67,0x45,0x45,0x57,0x57,0x58,0x58,0x58,0x58,0x9a,0x9a,0x3c,0x06,0x06,0x17,0x09,
    0x09,0x0a,0x0a,0x18,0x18,0x0a,0x0a,0x0a,0x08,0x08,0x06,0x17,0x17,0x29,0x29,0x17,
    0x25,0x25,0x04,0x04,0x01,0x01,0x10,0x10,0x10,0x04,0x04,0x04,0x16,0x16,0x1b,0x1b,
    0x1a,0x1a,0x18,0x1a,0x1a,0x26,0x26,0x04,0x04,0x01,0x10,0x10,0x04,0x04,0x04,0x04,
    0x07,0x28,0x28,0x1b,0x1b,0x1b,0x1b,0x1a,0x2c,0x2c,0x27,0x27,0x05,0x05,0x10,0x10,
    0x23,0x13,0x13,0x10,0x10,0x09,0x09,0x3e,0x38,0x3e,0x40,0x40,0x2d,0x2d,0x3f,0x3f,
    0x52,0x52,0x17,0x17,0x13,0x26,0x26,0x38,0x38,0x23,0x23,0x3a,0x3a,0x63,0x63,0x55,
    0x41,0x41,0x57,0x57,0x41,0x41,0x27,0x27,0x3a,0x3a,0x55,0x55,0x55,0x55,0x55,0x55,
    0x55,0x55,0x55,0x66,0x66,0x65,0x65,0x3c,0x3c,0x8a,0x8a,0x4f,0x04,0x04,0x26,0x26,
    0x15,0x15,0x15,0x13,0x13,0x12,0x10,0x10,0x01,0x01,0x01,0x38,0x38,0x3a,0x3a,0x13,
    0x27,0x27,0x16,0x16,0x10,0x10,0x01,0x10,0x10,0x0e,0x0e,0x04,0x10,0x10,0x16,0x16,
    0x28,0x28,0x29,0x18,0x18,0x28,0x28,0x27,0x27,0x13,0x10,0x10,0x10,0x10,0x10,0x10,
    0x10,0x13,0x13,0x28,0x28,0x3c,0x3c,0x2a,0x2a,0x2a,0x3d,0x3d,0x17,0x17,0x13,0x13,
    0x13,0x26,0x26,0x13,0x13,0x13,0x13,0x38,0x38,0x3e,0x40,0x40,0x2d,0x2d,0x3f,0x3f,
    0x52,0x52,0x17,0x17,0x13,0x26,0x26,0x38,0x38,0x23,0x23,0x3a,0x3a,0x63,0x63,0x55,
    0x41,0x41,0x57,0x57,0x41,0x41,0x27,0x27,0x3a,0x3a,0x55,0x55,0x55,0x55,0x55,0x55,
    0x55,0x55,0x55,0x66,0x66,0x65,0x65,0x3c,0x3c,0x8a,0x8a,0x4f,0x04,0x04,0x26,0x26,
    0x15,0x15,0x15,0x13,0x13,0x12,0x10,0x10,0x01,0x01,0x01,0x38,0x38,0x3a,0x3a,0x13,
    0x27,0x27,0x16,0x16,0x10,0x10,0x01,0x10,0x10,0x0e,0x0e,0x04,0x10,0x10,0x16,0x16,
    0x28,0x28,0x29,0x18,0x18,0x28,0x28,0x27,0x27,0x13,0x10,0x10,0x10,0x10,0x10,0x10,
    0x10,0x01,0x01,0x04,0x04,0x06,0x06,0x06,0x06,0x06,0x07,0x07,0x07,0x07,0x04,0x04,
    0x01,0x10,0x10,0x10,0x10,0x01,0x01,0x04,0x04,0x08,0x08,0x08,0x08,0x08,0x08,0x08,
    0x28,0x28,0x16,0x16,0x10,0x12,0x12,0x13,0x13,0x12,0x12,0x06,0x06,0x26,0x26,0x1b,
    0x1b,0x1b,0x1d,0x1d,0x1d,0x1d,0x27,0x27,0x16,0x16,0x2a,0x2a,0x54,0x54,0x42,0x42,
    0x42,0x55,0x55,0x18,0x18,0x28,0x28,0x28,0x28,0x6e,0x6e,0x3a,0x00,0x00,0x00,0x00,
    0x00,0x00,0x00,0x00,0x00,0x00,0x00,0x00,0x00,0x00,0x00,0x00,0x00,0x00,0x00,0x00,
    0x00,0x00,0x00,0x00,0x00,0x00,0x00,0x00,0x00,0x00,0x00,0x00,0x00,0x00,0x00,0x00,
    0x00,0x00,0x00,0x00,0x00,0x00,0x00,0x00,0x00,0x00,0x00,0x00,0x00,0x00,0x00,0x00,
    0x00,0x00,0x00,0x00,0x00,0x00,0x00,0x00,0x00,0x00,0x00,0x00,0x00,0x00,0x00,0x00,
    0x00,0x00,0x00,0x00,0x00,0x00,0x00,0x00,0x00,0x00,0x00,0x00,0x00,0x00,0x00,0x00,
    0x00,0x00,0x00,0x00,0x00,0x00,0x00,0x00,0x00,0x00,0x00,0x00,0x00,0x00,0x00,0x00,
    0x00,0x00,0x00,0x00,0x00,0x00,0x00,0x00,0x00,0x00,0x00,0x00,0x00,0x00,0x00,0x00,
    0x00,0x00,0x00,0x00,0x00,0x00,0x00,0x00,0x00,0x00,0x00,0x00,0x00,0x00,0x00,0x00,
    0x00,0x00,0x00,0x00,0x00,0x00,0x00,0x00,0x00,0x00,0x00,0x00,0x00,0x00,0x00,0x00,
    0x00,0x00,0x00,0x00,0x00,0x00,0x00,0x00,0x00,0x00,0x00,0x00,0x00,0x00,0x00,0x00,
    0x00,0x00,0x00,0x00,0x00,0x00,0x00,0x00,0x00,0x00,0x00,0x00,0x00,0x00,0x00,0x00,
    0x00,0x00,0x00,0x00,0x00,0x00,0x00,0x00,0x00,0x00,0x00,0x00,0x00,0x00,0x00,0x00,
    0x00,0x00,0x00,0x00,0x00,0x00,0x00,0x00,0x00,0x00,0x00,0x00,0x00,0x00,0x00,0x00,
    0x00,0x00,0x00,0x00,0x00,0x00,0x00,0x00,0x00,0x00,0x00,0x00,0x00,0x00,0x00,0x00,
    0x00,0x00,0x00,0x00,0x00,0x00,0x00,0x00,0x00,0x00,0x00,0x00,0x00,0x00,0x00,0x00,
    0x00,0x00,0x00,0x00,0x00,0x00,0x00,0x00,0x00,0x00,0x00,0x00,0x8f,0x8e,0x8e,0x8e,
    0x8e,0x82,0x81,0x81,0x74,0x6a,0x6a,0x6a,0x6a,0xa0,0x9e,0x9e,0x9e,0x9d,0x9d,0x9c,
    0x9c,0x90,0x90,0x90,0x90,0x90,0x83,0x82,0x82,0x82,0x82,0x75,0x75,0x75,0x74,0x68,
    0x68,0x9e,0x9e,0x9e,0x9c,0x9c,0x90,0x90,0x90,0x8f,0x8f,0x8f,0x8f,0x82,0x82,0x82,
    0x82,0x82,0x74,0x74,0x74,0x72,0x72,0x68,0x68,0x68,0x90,0x90,0x90,0x90,0x90,0x90,
    0x90,0x83,0x83,0x82,0x82,0x82,0x82,0x82,0x75,0x75,0x75,0x75,0x75,0x6b,0x6b,0x69,
    0x69,0x68,0x5b,0x5b,0x84,0x84,0x82,0x82,0x82,0x82,0x82,0x77,0x77,0x82,0x82,0x76,
    0x76,0x74,0x74,0x74,0x73,0x73,0x73,0x73,0x68,0x68,0x68,0x68,0x68,0x68,0x84,0x85,
    0x85,0x85,0x85,0x83,0x82,0x82,0x77,0x77,0x77,0x77,0x75,0x75,0xa9,0xaa,0xaa,0xab,
    0xab,0xab,0xab,0xab,0xab,0xab,0xab,0xa0,0xa0,0xa0,0x9e,0x9e,0x9e,0x9e,0x9d,0x9c,
    0x9c,0x90,0x90,0x90,0x9e,0x9e,0x9e,0x9e,0x9e,0x9e,0x9e,0x9e,0x9e,0x9e,0x9e,0x9e,
    0x9e,0x9e,0x9e,0x9e,0x9c,0x9c,0x90,0x90,0x90,0x8f,0x8f,0x8f,0x8f,0x90,0x90,0x90,
    0x90,0x90,0x90,0x90,0x90,0x90,0x90,0x90,0x90,0x90,0x90,0x90,0x90,0x90,0x90,0x90,
    0x90,0x83,0x83,0x82,0x82,0x82,0x79,0x79,0x84,0x84,0x84,0x84,0x84,0x84,0x84,0x84,
    0x84,0x84,0x84,0x84,0x84,0x84,0x82,0x82,0x82,0x82,0x82,0x77,0x77,0x82,0x82,0x76,
    0x76,0x82,0x82,0x82,0x82,0x82,0x82,0x82,0x82,0x82,0x82,0x82,0x82,0x84,0x84,0x85,
    0x85,0x85,0x83,0x83,0x82,0x82,0x77,0x77,0x77,0x77,0x75,0x75,0xa9,0xaa,0xaa,0xab,
    0xab,0xab,0xab,0xab,0xab,0xab,0xab,0x93,0x93,0x93,0x93,0x93,0x93,0x93,0x93,0x93,
    0x93,0x93,0x93,0x93,0x9e,0x9e,0x9e,0x9e,0x9e,0x9e,0x9e,0x9e,0x9e,0x9e,0x9e,0x9e,
    0x90,0x90,0x90,0x90,0x90,0x90,0x90,0x90,0x90,0x90,0x90,0x8f,0x8f,0x90,0x90,0x90,
    0x90,0x90,0x90,0x90,0x90,0x90,0x90,0x90,0x90,0x79,0x79,0x79,0x79,0x79,0x79,0x79,
    0x79,0x79,0x79,0x79,0x79,0x78,0x79,0x79,0x84,0x84,0x84,0x84,0x84,0x84,0x84,0x84,
    0x84,0x84,0x84,0x84,0x82,0x82,0x82,0x82,0x82,0x77,0x77,0x82,0x82,0x82,0x82,0x82,
    0x82,0x82,0x82,0x82,0x82,0x82,0x82,0x82,0x82,0x82,0x82,0x82,0x82,0x84,0x6c,0x6c,
    0x6c,0x6c,0x77,0x77,0x77,0x77,0x77,0x77,0x83,0x83,0x83,0x83,0x88,0x88,0x88,0x94,
    0x94,0x94,0x95,0x95,0x95,0x95,0x93,0x93,0x93,0x93,0x93,0x93,0x93,0x93,0x93,0x93,
    0x93,0x93,0x93,0x9e,0x9e,0x9e,0x93,0x93,0x93,0x9e,0x9e,0x9e,0x9c,0x9c,0x9c,0x9c,
    0x90,0x90,0x90,0x90,0x90,0x90,0x90,0x90,0x90,0x90,0x90,0x8f,0x89,0x89,0x89,0x89,
    0x88,0x88,0x87,0x87,0x87,0x87,0x87,0x87,0x87,0x79,0x79,0x79,0x79,0x79,0x79,0x79,
    0x79,0x79,0x79,0x79,0x79,0x78,0x93,0x93,0x93,0x93,0x92,0x92,0x92,0x85,0x85,0x85,
    0x85,0x85,0x84,0x84,0x82,0x82,0x82,0x82,0x82,0x77,0x77,0x82,0x82,0x82,0x82,0x82,
    0x6f,0x6e,0x6e,0x6e,0x6d,0x6d,0x6d,0x6d,0x62,0x60,0x60,0x6c,0x6c,0x6c,0x6c,0x6c,
    0x6c,0x6c,0x77,0x77,0x77,0x77,0x77,0x77,0x83,0x83,0x83,0x83,0x88,0x88,0x88,0x94,
    0x94,0x94,0x95,0x95,0x95,0x95,0x87,0x87,0x87,0x93,0x93,0x93,0x93,0x93,0x93,0x93,
    0x93,0x9e,0x9e,0x9e,0x9e,0x9e,0x93,0x93,0x93,0x9e,0x9e,0x9e,0x9c,0x9c,0x9c,0x8b,
    0x8a,0x8a,0x8a,0x8b,0x8b,0x8b,0x8a,0x8a,0x8a,0x8a,0x8a,0x89,0x89,0x89,0x89,0x89,
    0x88,0x88,0x87,0x87,0x87,0x87,0x87,0x87,0xa5,0xa3,0xa3,0xa3,0xa3,0xa3,0xa3,0xa1,
    0xa1,0xa1,0xa1,0x95,0x95,0x93,0x93,0x93,0x93,0x93,0x92,0x92,0x92,0x85,0x85,0x85,
    0x85,0x85,0x84,0x8b,0x8a,0x8a,0x89,0x89,0x89,0x7d,0x7d,0x7d,0x7d,0x7c,0x7c,0x6f,
    0x6f,0x6e,0x6e,0x6e,0x6d,0x6d,0x6d,0x6d,0x62,0x60,0x60,0x6c,0x6c,0x6c,0x38,0x37,
    0x37,0x22,0x20,0x20,0x20,0x20,0x20,0x20,0x33,0x33,0x33,0x33,0x87,0x87,0x87,0x87,
    0x87,0x87,0x87,0x87,0x87,0x87,0x87,0x87,0x87,0x93,0x93,0x93,0x93,0x93,0x93,0x93,
    0x93,0x9e,0x7f,0x7f,0x8b,0x8b,0x8b,0x8b,0x8b,0x8b,0x8b,0x8b,0x8b,0x8b,0x8b,0x8b,
    0x8a,0x8a,0x8a,0x8b,0x8b,0x8b,0x8a,0x8a,0x8a,0x8a,0x8a,0xa5,0xa5,0xa5,0xa5,0xa5,
    0xa5,0xa5,0xa5,0xa5,0xa5,0xa5,0xa5,0xa5,0xa5,0xa3,0xa3,0xa3,0xa3,0xa3,0xa3,0xa1,
    0xa1,0xa1,0xa1,0x95,0x95,0xa6,0xa5,0xa5,0x99,0x99,0x99,0x99,0x99,0x98,0x98,0x8b,
    0x8b,0x8b,0x8b,0x8b,0x8a,0x8a,0x89,0x89,0x89,0x7d,0x7d,0x7d,0x7d,0x7c,0x7c,0x6f,
    0x7d,0x7c,0x6f,0x6f,0x6e,0x6e,0x63,0x63,0x60,0x4f,0x4f,0x4d,0x4d,0x38,0x38,0x37,
    0x37,0x22,0x20,0x20,0x20,0x20,0x20,0x20,0x33,0x33,0x33,0x34,0x87,0x87,0x87,0x87,
    0x87,0x87,0x87,0x87,0x7e,0x7e,0x7e,0x7e,0x7e,0x7e,0x7e,0x7e,0x7f,0x7f,0x7f,0x7f,
    0x7f,0x8a,0x7f,0x7f,0x8b,0x8b,0x8b,0x8b,0x8b,0x8b,0x8b,0x8b,0x8b,0x8b,0x8b,0x8b,
    0x97,0x97,0x97,0x97,0x97,0x97,0x98,0x98,0x98,0x98,0x98,0xa5,0xa5,0xa5,0xa5,0xa5,
    0xa5,0xa5,0xa5,0xa5,0xa5,0xa5,0xa5,0xa5,0x99,0x99,0x99,0x99,0x99,0x99,0x99,0x9a,
    0x9a,0xa6,0xa6,0xa6,0xa6,0xa6,0xa5,0xa5,0x99,0x99,0x99,0x99,0x99,0x98,0x98,0x8b,
    0x8b,0x8b,0x8b,0x8b,0x8b,0x8b,0x8b,0x8b,0x8b,0x8a,0x8a,0x89,0x89,0x7d,0x7d,0x7d,
    0x7d,0x7c,0x6f,0x6f,0x6e,0x6e,0x63,0x63,0x60,0x4f,0x4f,0x4d,0x4d,0x38,0x39,0x23,
    0x23,0x12,0x01,0x01,0x01,0x01,0x01,0x01,0x01,0x01,0x01,0x01,0x7e,0x7e,0x7e,0x7e,
    0x7e,0x7d,0x7e,0x7e,0x7e,0x7e,0x7e,0x7e,0x7e,0x7e,0x7e,0x7e,0x7f,0x7f,0x7f,0x7f,
    0x7f,0x8a,0x8a,0x8a,0x8a,0x8a,0x7f,0x8a,0x8a,0x8b,0x8b,0x8b,0x8b,0x8b,0x8b,0x8b,
    0x97,0x97,0x97,0x97,0x97,0x97,0x98,0x98,0x98,0x98,0x98,0x98,0x98,0x98,0x98,0x98,
    0x99,0x99,0x99,0x99,0x99,0x99,0x99,0x99,0x99,0x99,0x99,0x99,0x99,0x99,0x99,0x9a,
    0x9a,0xa6,0xa6,0xa6,0xa6,0xa6,0xa6,0xa6,0x99,0x99,0x99,0x98,0x98,0x98,0x98,0x97,
    0x97,0x8b,0x8b,0x8b,0x8b,0x8b,0x8b,0x8b,0x8b,0x8a,0x8a,0x89,0x89,0x7d,0x7d,0x7d,
    0x70,0x70,0x70,0x70,0x6e,0x6e,0x63,0x63,0x62,0x50,0x50,0x4f,0x4f,0x39,0x39,0x23,
    0x23,0x12,0x01,0x01,0x01,0x01,0x01,0x01,0x01,0x01,0x01,0x01,0x7e,0x7e,0x7e,0x7e,
    0x7e,0x7d,0x7e,0x7d,0x7d,0x7d,0x7e,0x7d,0x7d,0x7d,0x7e,0x7e,0x7e,0x7e,0x7e,0x7f,
    0x7f,0x8a,0x8a,0x8a,0x8a,0x8a,0x7f,0x8a,0x8a,0x8b,0x8b,0x8b,0x8b,0x8b,0x8b,0x8b,
    0x8b,0x8b,0x8b,0x8c,0x8c,0x8c,0x98,0x98,0x98,0x98,0x98,0x98,0x98,0x98,0x98,0x98,
    0x99,0x99,0x99,0x99,0x99,0x99,0x99,0x99,0x99,0x99,0x99,0x99,0x99,0x99,0x9a,0xa6,
    0xa6,0xa6,0xa6,0xa6,0xa6,0xa6,0xa6,0xa6,0x99,0x99,0x99,0x98,0x98,0x98,0x98,0x97,
    0x97,0x8b,0x97,0x97,0x97,0x97,0x8b,0x8b,0x8b,0x8a,0x8a,0x89,0x89,0x7e,0x7e,0x7d,
    0x70,0x70,0x70,0x70,0x6e,0x6e,0x63,0x63,0x62,0x50,0x50,0x4f,0x4f,0x39,0x39,0x26,
    0x26,0x23,0x04,0x04,0x01,0x01,0x01,0x01,0x01,0x01,0x01,0x01,0x7d,0x7d,0x7d,0x7d,
    0x7d,0x7d,0x7d,0x7d,0x7d,0x7d,0x7e,0x7d,0x7d,0x7d,0x7e,0x7e,0x7e,0x7e,0x7e,0x89,
    0x89,0x89,0x89,0x8a,0x8a,0x8a,0x8b,0x8b,0x8b,0x8b,0x8b,0x8b,0x8b,0x8b,0x8b,0x8b,
    0x8b,0x8b,0x8b,0x8c,0x8c,0x8c,0x98,0x98,0x98,0x98,0x98,0x98,0x98,0x98,0x98,0x98,
    0x98,0x98,0x98,0x98,0x98,0x99,0x99,0x99,0x99,0x99,0x99,0x99,0x99,0x99,0x9a,0xa6,
    0xa6,0xa6,0xa6,0xa6,0x9a,0x99,0xa5,0xa5,0x99,0x99,0x99,0x99,0x99,0x98,0x98,0x98,
    0x98,0x98,0x97,0x97,0x97,0x97,0x8b,0x8b,0x8b,0x8a,0x8a,0x89,0x89,0x7e,0x7e,0x7d,
    0x7c,0x7c,0x70,0x70,0x6f,0x6f,0x6e,0x6e,0x63,0x62,0x62,0x4f,0x4f,0x39,0x39,0x26,
    0x26,0x23,0x04,0x04,0x01,0x01,0x01,0x01,0x01,0x01,0x01,0x01,0x7d,0x7d,0x7d,0x7d,
    0x7d,0x7e,0x7e,0x7e,0x89,0x89,0x89,0x7e,0x7e,0x7e,0x8a,0x8a,0x89,0x89,0x89,0x89,
    0x89,0x89,0x89,0x8a,0x8a,0x8a,0x8b,0x8b,0x8b,0x8b,0x8b,0x98,0x98,0x98,0x98,0x98,
    0x98,0x98,0x98,0x98,0x98,0x98,0x98,0x98,0x98,0x98,0x98,0x98,0x98,0x98,0x98,0x98,
    0x98,0x98,0x98,0x98,0x98,0x99,0x99,0x99,0x99,0x99,0x99,0x99,0x99,0x99,0x9a,0xa6,
    0xa6,0x9a,0x9a,0x9a,0x9a,0x99,0xa5,0xa5,0x99,0x99,0x99,0x99,0x99,0x98,0x98,0x98,
    0x98,0x97,0x97,0x97,0x8b,0x8b,0x8b,0x8b,0x8b,0x8a,0x8a,0x89,0x89,0x7e,0x7e,0x7d,
    0x7c,0x7c,0x70,0x70,0x6f,0x6f,0x6e,0x6e,0x63,0x62,0x62,0x4f,0x4f,0x39,0x39,0x38,
    0x38,0x23,0x10,0x10,0x01,0x01,0x01,0x01,0x01,0x01,0x01,0x01,0x8a,0x8a,0x7e,0x7e,
    0x7e,0x7e,0x7e,0x7e,0x89,0x89,0x89,0x7e,0x7e,0x7e,0x8a,0x8a,0x89,0x8b,0x8b,0x97,
    0x97,0x97,0x97,0x98,0x97,0x97,0x98,0x98,0x98,0x98,0x98,0x98,0x98,0x98,0x98,0x98,
    0x98,0x98,0x98,0x98,0x98,0x98,0x98,0x98,0x99,0x99,0x99,0x99,0x99,0x99,0x99,0x99,
    0x99,0x99,0x99,0x99,0x99,0x99,0x99,0x99,0x99,0x99,0x99,0x99,0x99,0x99,0x9a,0xa6,
    0xa6,0x9a,0x9a,0x99,0x99,0x99,0x99,0x99,0x99,0x99,0x99,0x98,0x98,0x98,0x98,0x98,
    0x98,0x97,0x97,0x97,0x8b,0x8b,0x8b,0x8b,0x8b,0x8a,0x8a,0x89,0x89,0x7e,0x7e,0x7d,
    0x70,0x70,0x6f,0x6f,0x6f,0x6f,0x63,0x63,0x62,0x50,0x50,0x4f,0x4f,0x39,0x39,0x38,
    0x38,0x23,0x10,0x10,0x01,0x01,0x01,0x01,0x01,0x01,0x01,0x01,0x8a,0x8a,0x7e,0x98,
    0x98,0x98,0x98,0x99,0x98,0x98,0x98,0x98,0x98,0x98,0x98,0x97,0x8b,0x8b,0x8b,0x97,
    0x97,0x97,0x97,0x98,0x97,0x97,0x98,0x98,0x98,0x98,0xa6,0xa6,0x99,0x99,0x99,0x99,
    0xa6,0xa6,0xa6,0x9a,0x9a,0x99,0x99,0x99,0x99,0x99,0x99,0x99,0x99,0x99,0x99,0x99,
    0x99,0x99,0x99,0x99,0x99,0xa7,0xa7,0xa7,0xa7,0xa6,0xa6,0xa6,0xa6,0xa6,0x9a,0x9a,
    0x9a,0x99,0x99,0x99,0x99,0x99,0x99,0x99,0x99,0x99,0x99,0x98,0x98,0x98,0x98,0x98,
    0x98,0x99,0x98,0x98,0x98,0x98,0x98,0x98,0x8b,0x8a,0x8a,0x8a,0x8a,0x7e,0x7e,0x7d,
    0x70,0x70,0x6f,0x6f,0x6f,0x6f,0x63,0x63,0x62,0x50,0x50,0x4f,0x4f,0x39,0x39,0x23,
    0x10,0x10,0x01,0x01,0x01,0x01,0x01,0x01,0x01,0x01,0x01,0x01,0x99,0x99,0x99,0x98,
    0x98,0x98,0x98,0x99,0x98,0x98,0x98,0x98,0x98,0x98,0x98,0x97,0xa6,0xa6,0xa6,0xa6,
    0xa6,0xa6,0xa6,0xa7,0xa6,0xa6,0xa7,0xa6,0xa6,0xa6,0xa6,0xa6,0x99,0x99,0x99,0x99,
    0xa6,0xa6,0xa6,0x9a,0x9a,0x99,0xa7,0xa7,0xa8,0xa8,0xa8,0xb0,0xb0,0xa8,0xa8,0xa8,
    0xa7,0xa7,0xa7,0xa7,0xa7,0xa7,0xa7,0xa7,0xa7,0xa6,0xa6,0xa6,0xa6,0xa6,0x9a,0x9a,
    0x9a,0x99,0xae,0xae,0xae,0xaf,0xaf,0xaf,0xa7,0xa7,0xa7,0xa6,0xa6,0xa6,0xa6,0xa6,
    0xa6,0x99,0x98,0x98,0x98,0x98,0x98,0x98,0x8b,0x8a,0x8a,0x8a,0x8a,0x7e,0x7e,0x7e,
    0x7d,0x7d,0x7d,0x7d,0x6f,0x6f,0x6e,0x6e,0x63,0x62,0x62,0x4f,0x4f,0x39,0x39,0x23,
    0x10,0x10,0x01,0x01,0x01,0x01,0x01,0x01,0x01,0x01,0x01,0x01,0x99,0x99,0x94,0x94,
    0x94,0x96,0x96,0xa2,0xa2,0xa2,0xa4,0xa4,0xa4,0xa6,0xa6,0xa6,0xa6,0xa6,0xa6,0xa6,
    0xa6,0xa6,0xa6,0xa7,0xa6,0xa6,0xa7,0xa6,0x7e,0x8a,0x8a,0x98,0x98,0x98,0x99,0x99,
    0xa6,0xa6,0xa6,0xa7,0xa7,0xa7,0xa7,0xa7,0xa8,0xa8,0xa8,0xb0,0xb0,0xa8,0xa8,0xa8,
    0xa7,0xa7,0xa7,0xa7,0xa1,0xa2,0xa2,0xa3,0xa3,0xa4,0xad,0xad,0xad,0xad,0xa5,0xae,
    0xae,0xae,0xae,0xae,0xae,0xaf,0xaf,0xaf,0xa7,0xa7,0xa7,0xa6,0xa6,0xa6,0xa6,0xa6,
    0x7e,0x7e,0x8a,0x8a,0x8a,0x8a,0x8a,0x8a,0x8a,0x8a,0x8a,0x8a,0x8a,0x7e,0x7e,0x7e,
    0x7d,0x7d,0x7d,0x7d,0x6f,0x6f,0x6e,0x6e,0x63,0x62,0x62,0x4f,0x4f,0x23,0x23,0x34,
    0x1f,0x1f,0x01,0x01,0x01,0x01,0x01,0x01,0x01,0x01,0x01,0x01,0x88,0x88,0x94,0x94,
    0x94,0x96,0x96,0xa2,0xa2,0xa2,0xa4,0xa4,0xa4,0xa6,0x39,0x3a,0x3b,0x3b,0x50,0x63,
    0x63,0x6f,0x6f,0x70,0x7d,0x7d,0x7e,0x7e,0x7e,0x8a,0x8a,0x98,0x98,0x98,0x99,0x99,
    0xa6,0xa6,0xa6,0xa7,0xa7,0x69,0x6b,0x6b,0x75,0x75,0x77,0x83,0x83,0x87,0x87,0x93,
    0x94,0x94,0x95,0x95,0xa1,0xa2,0xa2,0xa3,0xa3,0xa4,0xad,0xad,0xad,0xad,0xa5,0xae,
    0xae,0x4f,0x4f,0x60,0x60,0x62,0x62,0x62,0x6f,0x6f,0x6f,0x70,0x70,0x7d,0x7d,0x7e,
    0x7e,0x7e,0x8a,0x8a,0x8a,0x8a,0x8a,0x8a,0x8a,0x8a,0x8a,0x8a,0x8a,0x7e,0x5d,0x48,
    0x23,0x23,0x25,0x25,0x25,0x25,0x25,0x38,0x38,0x26,0x26,0x23,0x23,0x23,0x23,0x34,
    0x1f,0x1f,0x01,0x01,0x01,0x01,0x01,0x01,0x01,0x01,0x01,0x01,0x01,0x01,0x01,0x01,
    0x01,0x01,0x01,0x01,0x01,0x01,0x01,0x01,0x01,0x01,0x01,0x01,0x01,0x01,0x01,0x01,
    0x01,0x01,0x01,0x01,0x01,0x01,0x01,0x01,0x01,0x01,0x01,0x01,0x01,0x01,0x01,0x01,
    0x01,0x01,0x01,0x01,0x01,0x01,0x01,0x01,0x01,0x01,0x01,0x01,0x01,0x01,0x01,0x01,
    0x01,0x01,0x01,0x01,0x01,0x01,0x01,0x01,0x01,0x01,0x01,0x01,0x01,0x01,0x01,0x01,
    0x01,0x01,0x01,0x01,0x01,0x01,0x01,0x01,0x01,0x01,0x01,0x01,0x01,0x01,0x01,0x01,
    0x01,0x01,0x01,0x01,0x01,0x01,0x01,0x01,0x01,0x01,0x01,0x01,0x01,0x01,0x01,0x01,
    0x01,0x01,0x01,0x01,0x01,0x01,0x01,0x01,0x01,0x01,0x01,0x01,0x01,0x01,0x01,0x01,
    0x01,0x01,0x01,0x01,0x01,0x01,0x01,0x01,0x01,0x01,0x01,0x01,0x01,0x01,0x01,0x01,
    0x01,0x01,0x01,0x01,0x01,0x01,0x01,0x01,0x01,0x01,0x01,0x01,0x01,0x01,0x01,0x01,
    0x01,0x01,0x01,0x01,0x01,0x01,0x01,0x01,0x01,0x01,0x01,0x01,0x01,0x01,0x01,0x01,
    0x01,0x01,0x01,0x01,0x01,0x01,0x01,0x01,0x01,0x01,0x01,0x01,0x01,0x01,0x01,0x01,
    0x01,0x01,0x01,0x01,0x01,0x01,0x01,0x01,0x01,0x01,0x01,0x01,0x01,0x01,0x01,0x01,
    0x01,0x01,0x01,0x01,0x01,0x01,0x01,0x01,0x01,0x01,0x01,0x01,0x01,0x01,0x01,0x01,
    0x01,0x01,0x01,0x01,0x01,0x01,0x01,0x01,0x01,0x01,0x01,0x01,0x01,0x01,0x01,0x01,
    0x01,0x01,0x01,0x01,0x01,0x01,0x01,0x01,0x01,0x01,0x01,0x01,0x01,0x01,0x01,0x01,
    0x01,0x01,0x01,0x01,0x01,0x01,0x01,0x01,0x01,0x01,0x01,0x01,0x01,0x01,0x01,0x01,
    0x01,0x01,0x01,0x01,0x01,0x01,0x01,0x01,0x01,0x01,0x01,0x01,0x01,0x01,0x01,0x01,
    0x01,0x01,0x01,0x01,0x01,0x01,0x01,0x01,0x01,0x01,0x01,0x01,0x01,0x01,0x01,0x01,
    0x01,0x01,0x01,0x01,0x01,0x01,0x01,0x01,0x01,0x01,0x01,0x01,0x01,0x01,0x01,0x01,
    0x01,0x01,0x01,0x01,0x01,0x01,0x01,0x01,0x01,0x01,0x01,0x01,0x01,0x01,0x01,0x01,
    0x01,0x01,0x01,0x01,0x01,0x01,0x01,0x01,0x01,0x01,0x01,0x01,0x01,0x01,0x01,0x01,
    0x01,0x01,0x01,0x01,0x01,0x01,0x01,0x01,0x01,0x01,0x01,0x01,0x01,0x01,0x01,0x01,
    0x01,0x01,0x01,0x01,0x01,0x01,0x01,0x01,0x01,0x01,0x01,0x01,0x01,0x01,0x01,0x01,
    0x01,0x01,0x01,0x01,0x01,0x01,0x01,0x01,0x01,0x01,0x01,0x01,0x01,0x01,0x01,0x01,
    0x01,0x01,0x01,0x01,0x01,0x01,0x01,0x01,0x01,0x01,0x01,0x01,0x01,0x01,0x01,0x01,
    0x01,0x01,0x01,0x01,0x01,0x01,0x01,0x01,0x01,0x01,0x01,0x01,0x01,0x01,0x01,0x01,
    0x01,0x01,0x01,0x01,0x01,0x01,0x01,0x01,0x01,0x01,0x01,0x01,0x01,0x01,0x01,0x01,
    0x01,0x01,0x01,0x01,0x01,0x01,0x01,0x01,0x01,0x01,0x01,0x01,0x01,0x01,0x01,0x01,
    0x01,0x01,0x01,0x01,0x01,0x01,0x01,0x01,0x01,0x01,0x01,0x01,0x01,0x01,0x01,0x01,
    0x01,0x01,0x01,0x01,0x01,0x01,0x01,0x01,0x01,0x01,0x01,0x01,0x01,0x01,0x01,0x01,
    0x01,0x01,0x01,0x01,0x01,0x01,0x01,0x01,0x01,0x01,0x01,0x01,0x01,0x01,0x01,0x01,
    0x01,0x01,0x01,0x01,0x01,0x01,0x01,0x01,0x01,0x01,0x01,0x01,0x01,0x01,0x01,0x01,
    0x01,0x01,0x01,0x01,0x01,0x01,0x01,0x01,0x01,0x01,0x01,0x01,0x01,0x01,0x01,0x01,
    0x01,0x01,0x01,0x01,0x01,0x01,0x01,0x01,0x01,0x01,0x01,0x01,0x01,0x01,0x01,0x01,
    0x01,0x01,0x01,0x01,0x01,0x01,0x01,0x01,0x01,0x01,0x01,0x01,0x01,0x01,0x01,0x01,
    0x01,0x01,0x01,0x01,0x01,0x01,0x01,0x01,0x01,0x01,0x01,0x01,0x01,0x01,0x01,0x01,
    0x01,0x01,0x01,0x01,0x01,0x01,0x01,0x01,0x01,0x01,0x01,0x01,0x01,0x01,0x01,0x01,
    0x01,0x01,0x01,0x01,0x01,0x01,0x01,0x01,0x01,0x01,0x01,0x01,0x01,0x01,0x01,0x01,
    0x01,0x01,0x01,0x01,0x01,0x01,0x01,0x01,0x01,0x01,0x01,0x01,0x01,0x01,0x01,0x01,
    0x01,0x01,0x01,0x01,0x01,0x01,0x01,0x01,0x01,0x01,0x01,0x01,0x01,0x01,0x01,0x01,
    0x01,0x01,0x01,0x01,0x01,0x01,0x01,0x01,0x01,0x01,0x01,0x01,0x01,0x01,0x01,0x01,
    0x01,0x01,0x01,0x01,0x01,0x01,0x01,0x01,0x01,0x01,0x01,0x01,0x01,0x01,0x01,0x01,
    0x01,0x01,0x01,0x01,0x01,0x01,0x01,0x01,0x01,0x01,0x01,0x01,0x01,0x01,0x01,0x01,
    0x01,0x01,0x01,0x01,0x01,0x01,0x01,0x01,0x01,0x01,0x01,0x01,0x01,0x01,0x01,0x01,
    0x01,0x01,0x01,0x01,0x01,0x01,0x01,0x01,0x01,0x01,0x01,0x01,0x01,0x01,0x01,0x01,
    0x01,0x01,0x01,0x01,0x01,0x01,0x01,0x01,0x01,0x01,0x01,0x01,0x01,0x01,0x01,0x01,
    0x01,0x01,0x01,0x01,0x01,0x01,0x01,0x01,0x01,0x01,0x01,0x01,0x01,0x01,0x01,0x01,
    0x01,0x01,0x01,0x01,0x01,0x01,0x01,0x01,0x01,0x01,0x01,0x01,0x01,0x01,0x01,0x01,
    0x01,0x01,0x01,0x01,0x01,0x01,0x01,0x01,0x01,0x01,0x01,0x01,0x01,0x01,0x01,0x01,
    0x01,0x01,0x01,0x01,0x01,0x01,0x01,0x01,0x01,0x01,0x01,0x01,0x01,0x01,0x01,0x01,
    0x01,0x01,0x01,0x01,0x01,0x01,0x01,0x01,0x01,0x01,0x01,0x01,0x01,0x01,0x01,0x01,
    0x01,0x01,0x01,0x01,0x01,0x01,0x01,0x01,0x01,0x01,0x01,0x01,0x01,0x01,0x01,0x01,
    0x01,0x01,0x01,0x01,0x01,0x01,0x01,0x01,0x01,0x01,0x01,0x01,0x01,0x01,0x01,0x01,
    0x01,0x01,0x01,0x01,0x01,0x01,0x01,0x01,0x01,0x01,0x01,0x01,0x01,0x01,0x01,0x01,
    0x01,0x01,0x01,0x01,0x01,0x01,0x01,0x01,0x01,0x01,0x01,0x01,0x01,0x01,0x01,0x01,
    0x01,0x01,0x01,0x01,0x01,0x01,0x01,0x01,0x01,0x01,0x01,0x01,0x01,0x01,0x01,0x01,
    0x01,0x01,0x01,0x01,0x01,0x01,0x01,0x01,0x01,0x01,0x01,0x01,0x01,0x01,0x01,0x01,
    0x01,0x01,0x01,0x01,0x01,0x01,0x01,0x01,0x01,0x01,0x01,0x01,0x01,0x01,0x01,0x01,
    0x01,0x01,0x01,0x01,0x01,0x01,0x01,0x01,0x01,0x03,0x03,0x01,0x01,0x01,0x01,0x01,
    0x01,0x01,0x01,0x01,0x01,0x01,0x01,0x01,0x01,0x01,0x01,0x01,0x01,0x01,0x01,0x01,
    0x01,0x01,0x01,0x01,0x01,0x01,0x01,0x01,0x01,0x01,0x01,0x01,0x01,0x01,0x01,0x01,
    0x01,0x01,0x01,0x01,0x01,0x01,0x01,0x01,0x01,0x01,0x01,0x01,0x01,0x01,0x01,0x01,
    0x01,0x01,0x01,0x01,0x01,0x01,0x01,0x01,0x01,0x01,0x01,0x01,0x01,0x01,0x01,0x01,
    0x01,0x01,0x01,0x01,0x01,0x01,0x01,0x01,0x01,0x01,0x01,0x01,0x01,0x01,0x25,0x25,
    0x26,0x26,0x26,0x26,0x26,0x26,0x25,0x25,0x25,0x13,0x13,0x13,0x13,0x13,0x13,0x13,
    0x13,0x13,0x13,0x13,0x13,0x13,0x13,0x13,0x13,0x12,0x12,0x12,0x10,0x10,0x10,0x04,
    0x04,0x04,0x04,0x04,0x04,0x03,0x03,0x03,0x03,0x03,0x03,0x03,0x01,0x01,0x01,0x01,
    0x01,0x01,0x01,0x01,0x01,0x01,0x01,0x01,0x01,0x01,0x01,0x01,0x01,0x01,0x01,0x01,
    0x01,0x01,0x01,0x01,0x01,0x01,0x01,0x60,0x50,0x50,0x50,0x4e,0x4e,0x4e,0x3a,0x3a,
    0x3a,0x3a,0x38,0x38,0x38,0x38,0x38,0x38,0x38,0x38,0x38,0x23,0x23,0x23,0x23,0x23,
    0x23,0x23,0x23,0x23,0x23,0x23,0x23,0x23,0x10,0x10,0x10,0x10,0x10,0x10,0x10,0x04,
    0x04,0x04,0x01,0x01,0x01,0x01,0x01,0x01,0x01,0x01,0x01,0x01,0x26,0x25,0x25,0x25,
    0x26,0x26,0x26,0x26,0x26,0x26,0x25,0x25,0x25,0x13,0x13,0x13,0x13,0x13,0x13,0x13,
    0x13,0x13,0x13,0x13,0x13,0x13,0x13,0x13,0x13,0x12,0x12,0x7d,0x7d,0x7d,0x7d,0x7d,
    0x7d,0x7d,0x7d,0x7d,0x7d,0x62,0x62,0x62,0x6f,0x6f,0x6f,0x6f,0x7a,0x7a,0x7a,0x6f,
    0x6f,0x6f,0x6f,0x6f,0x6f,0x6d,0x6d,0x6d,0x6d,0x6d,0x6d,0x6d,0x6d,0x6d,0x6d,0x63,
    0x63,0x63,0x62,0x62,0x62,0x60,0x60,0x60,0x50,0x50,0x50,0x4e,0x4e,0x4e,0x4e,0x3a,
    0x3a,0x3a,0x38,0x38,0x38,0x38,0x38,0x38,0x38,0x38,0x38,0x23,0x23,0x23,0x23,0x23,
    0x23,0x23,0x23,0x23,0x23,0x7d,0x7d,0x7d,0x6f,0x6f,0x6f,0x6f,0x6f,0x6f,0x6f,0x6f,
    0x6f,0x6f,0x6f,0x6f,0x6f,0x63,0x63,0x63,0x63,0x63,0x63,0x63,0x88,0x7d,0x7d,0x7d,
    0x7d,0x7d,0x7d,0x89,0x89,0x89,0x89,0x89,0x89,0x89,0x89,0x89,0x7d,0x7d,0x7d,0x7d,
    0x7d,0x7d,0x7d,0x89,0x89,0x89,0x88,0x88,0x88,0x7d,0x7d,0x7d,0x7d,0x7d,0x7d,0x7d,
    0x7d,0x7d,0x7d,0x7d,0x7d,0x62,0x62,0x62,0x6f,0x6f,0x6f,0x6f,0x7a,0x7a,0x7a,0x6f,
    0x6f,0x6f,0x6f,0x6f,0x6f,0x6d,0x6d,0x6d,0x6d,0x6e,0x6e,0x6f,0x6f,0x6f,0x6f,0x7c,
    0x7c,0x7c,0x7c,0x7c,0x7c,0x7c,0x7c,0x7c,0x7c,0x7c,0x7c,0x7c,0x7c,0x7c,0x7c,0x7d,
    0x7d,0x7d,0x7d,0x7d,0x7d,0x7d,0x7d,0x7d,0x7e,0x7e,0x7e,0x7d,0x7d,0x7d,0x7d,0x70,
    0x70,0x70,0x7d,0x7d,0x7d,0x7d,0x7d,0x7d,0x6f,0x6f,0x6f,0x6f,0x6f,0x6f,0x6f,0x6f,
    0x6f,0x6f,0x6f,0x6f,0x6f,0x63,0x63,0x63,0x63,0x63,0x63,0x63,0x88,0x7d,0x7d,0x7d,
    0x7d,0x7d,0x7d,0x89,0x89,0x89,0x89,0x89,0x89,0x89,0x89,0x89,0x7d,0x6e,0x6e,0x6e,
    0x6e,0x6e,0x6e,0x6f,0x6f,0x6f,0x6f,0x6f,0x6f,0x6f,0x6f,0x6f,0x70,0x70,0x70,0x6e,
    0x6e,0x6e,0x51,0x51,0x51,0x50,0x50,0x50,0x50,0x6e,0x6e,0x6e,0x6f,0x6f,0x6f,0x6f,
    0x6f,0x6f,0x6f,0x6f,0x6f,0x6f,0x6f,0x6f,0x6e,0x6e,0x6e,0x6e,0x6f,0x6f,0x6f,0x7c,
    0x7c,0x7c,0x7c,0x7c,0x7c,0x7c,0x7c,0x7c,0x7c,0x7c,0x7c,0x7c,0x7c,0x7c,0x7c,0x7d,
    0x7d,0x7d,0x7d,0x7d,0x7d,0x7d,0x7d,0x7d,0x6f,0x6f,0x6f,0x6f,0x64,0x64,0x64,0x64,
    0x64,0x64,0x6f,0x6f,0x6f,0x6f,0x6f,0x6f,0x63,0x63,0x63,0x63,0x63,0x63,0x63,0x63,
    0x63,0x63,0x6e,0x6e,0x6e,0x6e,0x6e,0x6e,0x6e,0x63,0x63,0x63,0x70,0x6e,0x6e,0x6e,
    0x6e,0x6e,0x6e,0x6f,0x6f,0x6f,0x6f,0x6f,0x6f,0x6e,0x6e,0x6e,0x6e,0x6e,0x6e,0x6e,
    0x6e,0x6e,0x6e,0x6f,0x6f,0x6f,0x6f,0x6f,0x6f,0x6f,0x6f,0x6f,0x70,0x70,0x70,0x6e,
    0x6e,0x6e,0x51,0x51,0x51,0x50,0x50,0x50,0x50,0x6e,0x6e,0xa5,0xa5,0xa5,0xa5,0xa5,
    0xa5,0xa5,0xa5,0xa5,0xa5,0x97,0x97,0x97,0x8a,0x8a,0x8a,0x8a,0x89,0x89,0x89,0x89,
    0x89,0x89,0x89,0x89,0x89,0x7d,0x7d,0x7d,0x7c,0x7c,0x7c,0x7c,0x7c,0x7c,0x7c,0x7c,
    0x7c,0x7c,0x6f,0x6f,0x6f,0x6f,0x6f,0x6f,0x6f,0x6f,0x6f,0x6f,0x64,0x64,0x64,0x64,
    0x64,0x64,0x6f,0x6f,0x6f,0x6f,0x6f,0x6f,0x6f,0x63,0x63,0x63,0x63,0x63,0x63,0x63,
    0x63,0x63,0x6e,0x6e,0x6e,0x6e,0x6e,0x6e,0x8a,0x8a,0x8a,0x8a,0x70,0x6e,0xb8,0xb8,
    0xb7,0xb7,0xb7,0xb7,0xb7,0xb7,0xb7,0xb7,0xb7,0xb7,0xb7,0xb7,0xb1,0xb1,0xb1,0xb1,
    0xb0,0xb0,0xb0,0xb0,0xb0,0xb0,0xb0,0xb0,0xb0,0xa7,0xa7,0xa7,0xa7,0xa7,0xa7,0xa7,
    0xa7,0xa7,0xa6,0xa6,0xa6,0xa6,0xa6,0xa6,0xa6,0xa5,0xa5,0xa5,0xa5,0xa5,0xa5,0xa5,
    0xa5,0xa5,0xa5,0xa5,0xa5,0x97,0x97,0x97,0x8a,0x8a,0x8a,0x8a,0x89,0x89,0x89,0x89,
    0x89,0x89,0x89,0x89,0x89,0x7d,0x7d,0x7d,0x7c,0x7c,0xc3,0xc3,0xc1,0xc1,0xc1,0xc1,
    0xc1,0xc1,0xb8,0xb8,0xb8,0xb7,0xb7,0xb7,0xb1,0xb1,0xb1,0xb1,0xb1,0xb1,0xb1,0xb0,
    0xb0,0xb0,0xa7,0xa7,0xa7,0x99,0x99,0x99,0x99,0x99,0x99,0x99,0x8d,0x8d,0x8d,0x99,
    0x99,0x99,0x99,0x99,0x99,0x99,0x8a,0x8a,0x8a,0x8a,0x8a,0x8a,0xc1,0xb8,0xb8,0xb8,
    0xb7,0xb7,0xb7,0xb7,0xb7,0xb7,0xb7,0xb7,0xb7,0xb7,0xb7,0xb7,0xb7,0xb1,0xb1,0xb1,
    0xb0,0xb0,0xb0,0xb0,0xb0,0xb0,0xb0,0xb0,0xb0,0xa7,0xa7,0xa7,0xd3,0xd3,0xd3,0xd2,
    0xd2,0xd2,0xd3,0xd3,0xd3,0xd3,0xd3,0xd3,0xd3,0xcf,0xcf,0xcf,0xd0,0xd0,0xd0,0xd3,
    0xd3,0xd3,0xd4,0xd4,0xd4,0xd1,0xd1,0xd1,0xd1,0xcf,0xcf,0xcf,0xcd,0xcd,0xcd,0xcd,
    0xcd,0xcd,0xcd,0xcd,0xcd,0xc9,0xc9,0xc9,0xc3,0xc3,0xc3,0xc3,0xc1,0xc1,0xc1,0xc1,
    0xc1,0xc1,0xb8,0xb8,0xb8,0xb7,0xb7,0xb7,0xb7,0xb1,0xb1,0xb1,0xb1,0xb1,0xb1,0xb0,
    0xb0,0xb0,0xa7,0xa7,0xa7,0x99,0x99,0x99,0x99,0x99,0x99,0xc2,0xc9,0xc9,0xc9,0xc9,
    0xc9,0xc9,0xc2,0xc2,0xc2,0xc2,0xc2,0xc2,0xc2,0xcd,0xcd,0xcd,0xcf,0xcf,0xcf,0xcf,
    0xce,0xce,0xce,0xce,0xce,0xce,0xcf,0xcf,0xcf,0xd3,0xd3,0xd3,0xd3,0xd3,0xd3,0xd3,
    0xd2,0xd2,0xd2,0xd3,0xd3,0xd3,0xd3,0xd3,0xd3,0xd3,0xd3,0xd3,0xd3,0xd3,0xd3,0xd2,
    0xd2,0xd2,0xd3,0xd3,0xd3,0xd3,0xd3,0xd3,0xd3,0xcf,0xcf,0xcf,0xd0,0xd0,0xd0,0xd3,
    0xd3,0xd3,0xd4,0xd4,0xd4,0xd1,0xd1,0xd1,0xd1,0xcf,0xcf,0xcf,0xa7,0xa7,0xa7,0xa8,
    0xa8,0xa8,0xb0,0xb0,0xb0,0xb1,0xb1,0xb1,0xb1,0xb7,0xb7,0xb7,0xb8,0xb8,0xb8,0xc1,
    0xc1,0xc1,0xc2,0xc2,0xc2,0xc2,0xc2,0xc2,0xc2,0xc2,0xc2,0xc2,0xc8,0xc8,0xc8,0xc9,
    0xc9,0xc9,0xc2,0xc2,0xc2,0xc2,0xc2,0xc2,0xc2,0xc2,0xc2,0xc2,0xc9,0xc9,0xc9,0xc9,
    0xc9,0xc9,0xc9,0xc2,0xc2,0xc2,0xc2,0xc2,0xc2,0xcd,0xcd,0xcd,0x01,0x01,0x01,0x01,
    0x01,0x01,0x01,0x01,0x01,0x01,0x01,0x01,0x01,0x01,0x01,0x01,0x01,0x01,0x01,0x01,
    0x01,0x01,0x01,0x01,0x01,0x01,0x01,0x01,0x01,0x01,0x01,0x01,0x01,0x01,0x01,0x01,
    0x01,0x01,0x01,0x01,0x01,0x01,0x01,0x01,0x01,0x01,0x01,0x01,0x01,0x01,0x01,0x01,
    0x01,0x01,0x01,0x01,0x01,0x01,0x01,0x01,0x01,0x01,0x01,0x01,0x01,0x01,0x01,0x01,
    0x01,0x01,0x01,0x01,0x01,0x01,0x01,0x01,0x01,0x01,0x01,0x01,0x01,0x01,0x01,0x01,
    0x01,0x01,0x01,0x01,0x01,0x01,0x01,0x01,0x01,0x01,0x01,0x01,0x01,0x01,0x01,0x01,
    0x01,0x01,0x01,0x01,0x01,0x01,0x01,0x01,0x01,0x01,0x01,0x01,0x01,0x01,0x01,0x01,
    0x01,0x01,0x01,0x01,0x01,0x01,0x01,0x01,0x01,0x01,0x01,0x01,0x5a,0x4a,0x4a,0x4a,
    0x4a,0x4a,0x4a,0x4a,0x4a,0x4a,0x4a,0x4a,0x4a,0x4a,0x4a,0x4a,0x4a,0x4a,0x4a,0x37,
    0x4a,0x4a,0x4a,0x4a,0x4a,0x4a,0x4c,0x4c,0x4a,0x4a,0x5c,0x4a,0x4a,0x4a,0x4a,0x4a,
    0x4a,0x4a,0x4a,0x4a,0x4a,0x4a,0x4a,0x4a,0x4a,0x4a,0x4a,0x4a,0x4a,0x4a,0x4a,0x4a,
    0x4a,0x4a,0x4a,0x4a,0x4a,0x4a,0x4a,0x4a,0x4a,0x4a,0x4a,0x4a,0x4a,0x4a,0x4a,0x4a,
    0x4a,0x4a,0x4a,0x4a,0x4a,0x4a,0x4a,0x4a,0x4a,0x4b,0x4b,0x4a,0x4a,0x4a,0x4a,0x4a,
    0x4a,0x4a,0x37,0x4a,0x4a,0x4a,0x4a,0x4a,0x4a,0x4a,0x4a,0x4a,0x4a,0x4a,0x4a,0x35,
    0x35,0x4a,0x48,0x48,0x48,0x48,0x34,0x34,0x48,0x47,0x47,0x47,0x47,0x49,0x34,0x34,
    0x47,0x47,0x47,0x47,0x34,0x22,0x22,0x47,0x47,0x34,0x48,0x48,0xac,0xac,0xac,0xac,
    0xac,0xac,0xac,0xab,0xab,0xab,0xa1,0xab,0xab,0xa1,0xa1,0xa1,0xa0,0xa1,0xa1,0xa1,
    0xa1,0xa1,0xa1,0xab,0xab,0xa1,0xa1,0xa1,0xa1,0xa1,0xa1,0xa1,0xa1,0xa1,0xa1,0xa1,
    0xa1,0xa1,0xa1,0x95,0x95,0x95,0x95,0x95,0x9f,0xa1,0xa1,0xa1,0xa1,0xa1,0xa1,0xa1,
    0xa1,0xa1,0xa1,0xa1,0x9f,0x9f,0x9f,0x9f,0x95,0x95,0x95,0xa1,0x9f,0x9f,0x95,0x95,
    0x94,0x93,0x93,0x93,0x93,0x9e,0x9e,0x9e,0x94,0x94,0x94,0x93,0x93,0x93,0x93,0x93,
    0x93,0x93,0x93,0x93,0x93,0x93,0x93,0x87,0x91,0x91,0x93,0x93,0x93,0x93,0x93,0x93,
    0x93,0x86,0x91,0x91,0x85,0x85,0x85,0x85,0x85,0x85,0x85,0x85,0x85,0x85,0x85,0x85,
    0x82,0x82,0x82,0x82,0x77,0x79,0x79,0x77,0x77,0x82,0x83,0x83,0xac,0xac,0xac,0xac,
    0xac,0xac,0xac,0xab,0xab,0xab,0xa1,0xab,0xab,0xa1,0xa1,0xa1,0xa0,0xa1,0xa1,0xa1,
    0xa1,0xa1,0xa1,0xab,0xab,0xa1,0xa1,0xa1,0xa1,0xa1,0xa1,0xa1,0xa1,0xa1,0xa1,0xa1,
    0xa1,0xa1,0xa1,0x95,0x95,0x95,0x95,0x95,0x9f,0xa1,0xa1,0xa1,0xa1,0xa1,0xa1,0xa1,
    0xa1,0xa1,0xa1,0xa1,0x9f,0x9f,0x9f,0x9f,0x95,0x95,0x95,0xa1,0x9f,0x9f,0x95,0x95,
    0x94,0x93,0x93,0x93,0x93,0x9e,0x9e,0x9e,0x94,0x94,0x94,0x93,0x93,0x93,0x93,0x93,
    0x93,0x93,0x93,0x93,0x93,0x93,0x93,0x87,0x91,0x91,0x93,0x93,0x93,0x93,0x93,0x93,
    0x93,0x86,0x91,0x91,0x85,0x85,0x85,0x85,0x85,0x85,0x85,0x85,0x85,0x85,0x85,0x85,
    0x82,0x82,0x82,0x82,0x77,0x79,0x79,0x77,0x77,0x82,0x83,0x83,0x9e,0x9e,0x9e,0x9d,
    0x9d,0x9d,0x9d,0x9d,0x9d,0x9d,0x92,0x90,0x90,0x90,0x90,0x90,0x90,0x90,0x90,0x90,
    0x90,0x90,0x90,0x92,0x92,0x92,0x9d,0x9d,0x90,0x90,0x9d,0x90,0x90,0x9d,0x90,0x90,
    0x90,0x90,0x90,0x90,0x90,0x90,0x90,0x90,0x85,0x85,0x85,0x85,0x90,0x90,0x90,0x90,
    0x90,0x90,0x90,0x90,0x85,0x85,0x85,0x85,0x90,0x90,0x90,0x90,0x90,0x90,0x90,0x90,
    0x90,0x90,0x90,0x90,0x90,0x90,0x90,0x90,0x85,0x85,0x85,0x85,0x85,0x84,0x85,0x85,
    0x85,0x85,0x85,0x85,0x85,0x82,0x82,0x85,0x84,0x84,0x82,0x82,0x82,0x82,0x82,0x82,
    0x82,0x82,0x82,0x82,0x76,0x76,0x76,0x76,0x76,0x80,0x80,0x80,0x80,0x74,0x74,0x74,
    0x74,0x74,0x74,0x74,0x74,0x74,0x74,0x74,0x74,0x74,0x74,0x74,0x9e,0x9e,0x9e,0x9d,
    0x9d,0x9d,0x9d,0x9d,0x9d,0x9d,0x92,0x90,0x90,0x90,0x90,0x90,0x90,0x90,0x90,0x90,
    0x90,0x90,0x90,0x92,0x92,0x92,0x9d,0x9d,0x90,0x9d,0x9d,0x90,0x90,0x9d,0x90,0x90,
    0x90,0x90,0x90,0x90,0x90,0x90,0x90,0x90,0x85,0x85,0x85,0x85,0x90,0x90,0x90,0x90,
    0x90,0x90,0x90,0x90,0x85,0x85,0x85,0x85,0x90,0x90,0x90,0x90,0x90,0x90,0x90,0x90,
    0x90,0x90,0x90,0x90,0x90,0x90,0x90,0x90,0x85,0x85,0x85,0x85,0x85,0x84,0x85,0x85,
    0x85,0x85,0x85,0x85,0x85,0x82,0x82,0x85,0x84,0x84,0x82,0x82,0x82,0x82,0x82,0x82,
    0x82,0x82,0x82,0x82,0x76,0x76,0x76,0x76,0x76,0x80,0x80,0x80,0x80,0x74,0x74,0x74,
    0x74,0x74,0x74,0x74,0x74,0x74,0x74,0x74,0x74,0x74,0x74,0x74,0xc5,0xc5,0xc5,0xc5,
    0xc5,0xc6,0xc6,0xc6,0xc6,0xc6,0xc6,0xc6,0xc6,0xc6,0xc6,0xc6,0xc6,0xc6,0xc6,0xbb,
    0xc6,0xc6,0xc6,0xc5,0xc5,0xc6,0xc7,0xc7,0xc4,0xb9,0xb9,0xc6,0xc6,0xc6,0xc6,0xc6,
    0xcc,0xc6,0xc6,0xc6,0xc6,0xc6,0xc6,0xc6,0xc6,0xc6,0xc6,0xbc,0xc6,0xc6,0xc5,0xc5,
    0xc5,0xc5,0xc5,0xc5,0xbc,0xbc,0xbc,0xbc,0xc6,0xc6,0xc6,0xc6,0xc6,0xc6,0xc6,0xc6,
    0xc6,0xc6,0xc6,0xc6,0xc6,0xc6,0xc6,0xc6,0xbc,0xbc,0xbc,0xbb,0xbb,0xbb,0xbb,0xbb,
    0xbb,0xbb,0xbc,0xba,0xba,0xbc,0xbc,0xb4,0xba,0xba,0xbb,0xbb,0xbb,0xba,0xba,0xbb,
    0xbb,0xba,0xba,0xb4,0xb3,0xb3,0xb3,0xb3,0xb3,0xb9,0xb9,0xb2,0xb2,0xb2,0xb2,0xb2,
    0xb2,0xb2,0xb2,0xb2,0xb9,0xb2,0xb2,0x9e,0x9e,0x9e,0x9e,0xb2,0xc5,0xc5,0xc5,0xc5,
    0xc5,0xc6,0xc6,0xc6,0xc6,0xc6,0xc6,0xc6,0xc6,0xc6,0xc6,0xc6,0xc6,0xc6,0xc6,0xbb,
    0xc6,0xc6,0xc6,0xc5,0xc5,0xc6,0xc7,0xc7,0xc4,0xb9,0xb9,0xc6,0xc6,0xc6,0xc6,0xc6,
    0xcc,0xc6,0xc6,0xc6,0xc6,0xc6,0xc6,0xc6,0xc6,0xc6,0xc6,0xbc,0xc6,0xc6,0xc5,0xc5,
    0xc5,0xc5,0xc5,0xc5,0xbc,0xbc,0xbc,0xbc,0xc6,0xc6,0xc6,0xc6,0xc6,0xc6,0xc6,0xc6,
    0xc6,0xc6,0xc6,0xc6,0xc6,0xc6,0xc6,0xc6,0xbc,0xbc,0xbc,0xbb,0xbb,0xbb,0xbb,0xbb,
    0xbb,0xbb,0xbc,0xba,0xba,0xbc,0xbc,0xb4,0xba,0xba,0xbb,0xbb,0xbb,0xba,0xba,0xbb,
    0xbb,0xba,0xba,0xb4,0xb3,0xb3,0xb3,0xb3,0xb3,0xb9,0xb9,0xb2,0xb2,0xb2,0xb2,0xb2,
    0xb2,0xb2,0xb2,0xb2,0xb9,0xb2,0xb2,0x9e,0x9e,0x9e,0x9e,0xb2,0x96,0x96,0x97,0xa2,
    0xa2,0x95,0x94,0x94,0x94,0x93,0x93,0x94,0x95,0x95,0xa1,0xa1,0x88,0x89,0x89,0x89,
    0x89,0x89,0x94,0x88,0x88,0x88,0x87,0x87,0xb5,0xbe,0xbe,0x95,0x95,0x95,0xa2,0xa2,
    0xa1,0xa1,0xa1,0xa1,0xa1,0xa1,0xa1,0xa1,0xa1,0xa1,0xa1,0xa1,0xa1,0xa1,0xa1,0xa1,
    0xa1,0xa1,0xa1,0xa1,0x95,0x95,0x95,0x95,0xa1,0xa1,0xa1,0x95,0x95,0x95,0xa1,0xa1,
    0xa1,0xa1,0xa1,0xa1,0xa1,0xa1,0xa1,0xa1,0xa1,0xa1,0xa1,0xa1,0xa1,0x9f,0x95,0x95,
    0x94,0x94,0x94,0x94,0x94,0xa2,0xa2,0xa2,0x96,0x96,0x96,0x96,0xa1,0xa1,0xa1,0x95,
    0x95,0x94,0x94,0x87,0x93,0x93,0x87,0x87,0x87,0x87,0x87,0x87,0x87,0x93,0x9f,0x9f,
    0x93,0x93,0x93,0x93,0x94,0x93,0x93,0xb6,0xb6,0xb6,0xb6,0x83,0x23,0x23,0x22,0x20,
    0x20,0x01,0x01,0x01,0x01,0x01,0x01,0x01,0x01,0x01,0x01,0x01,0x01,0x12,0x12,0x10,
    0x03,0x03,0x0f,0x10,0x10,0x0f,0x01,0x01,0xa3,0xbd,0xbd,0x01,0x01,0x01,0x01,0x01,
    0x01,0x01,0x01,0x01,0x01,0x01,0x01,0x01,0x01,0x01,0x01,0x01,0x01,0x01,0x01,0x01,
    0x01,0x01,0x01,0x01,0x01,0x01,0x01,0x01,0x01,0x01,0x01,0x01,0x01,0x01,0x01,0x01,
    0x01,0x01,0x01,0x01,0x01,0x01,0x01,0x01,0x0d,0x01,0x01,0xa1,0xa1,0x9f,0x95,0x95,
    0x94,0x94,0x94,0x94,0x94,0xa2,0xa2,0xa2,0x96,0x96,0x96,0x96,0xa1,0xa1,0xa1,0x95,
    0x95,0x94,0x94,0x87,0x93,0x93,0x87,0x87,0x87,0x87,0x87,0x87,0x87,0x93,0x93,0x9f,
    0x93,0x93,0x93,0x93,0x94,0x93,0x93,0xb6,0xb6,0xb6,0xb6,0x83,0x23,0x23,0x22,0x20,
    0x20,0x01,0x01,0x01,0x01,0x01,0x01,0x01,0x01,0x01,0x01,0x01,0x01,0x12,0x12,0x10,
    0x03,0x03,0x0f,0x10,0x10,0x0f,0x01,0x01,0xa3,0xbd,0xbd,0x01,0x01,0x01,0x01,0x01,
    0x01,0x01,0x01,0x01,0x01,0x01,0x01,0x01,0x01,0x01,0x01,0x01,0x01,0x01,0x01,0x01,
    0x01,0x01,0x01,0x01,0x01,0x01,0x01,0x01,0x01,0x01,0x01,0x01,0x01,0x01,0x01,0x01,
    0x01,0x01,0x01,0x01,0x01,0x01,0x01,0x01,0x0d,0x01,0x01,0x01,0x01,0x01,0x01,0x01,
    0x01,0x01,0x01,0x01,0x01,0x0d,0x0d,0x0d,0x0f,0x0f,0x0d,0x0d,0x01,0x01,0x01,0x01,
    0x01,0x01,0x01,0x0f,0x20,0x20,0x0f,0x0f,0x03,0x01,0x01,0x01,0x01,0x1f,0x1f,0x01,
    0x01,0x01,0x01,0x01,0x01,0x01,0x01,0xbf,0xbf,0xc0,0xc0,0x6b,0x26,0x26,0x25,0x38,
    0x38,0x4e,0x60,0x60,0x5f,0x5f,0x5f,0x6c,0x37,0x37,0x01,0x01,0x01,0x37,0x37,0x25,
    0x25,0x25,0x26,0x26,0x26,0x26,0x04,0x04,0x99,0xb8,0xb8,0x4d,0x4d,0x4d,0x5d,0x5d,
    0x5e,0x5e,0x5e,0x5d,0x4d,0x4d,0x5d,0x5d,0x5e,0x5f,0x5f,0x5f,0x5f,0x5f,0x5f,0x5f,
    0x5e,0x5e,0x5e,0x5d,0x5e,0x5e,0x5e,0x5e,0x5f,0x5f,0x5f,0x6b,0x6b,0x6b,0x5f,0x5f,
    0x5f,0x5f,0x5f,0x5f,0x5f,0x5f,0x5f,0x5f,0x60,0x5f,0x5f,0x5e,0x5e,0x6b,0x5f,0x5f,
    0x5f,0x5f,0x5f,0x5f,0x5f,0x25,0x25,0x12,0x13,0x13,0x15,0x15,0x01,0x01,0x01,0x01,
    0x01,0x01,0x01,0x38,0x3a,0x3a,0x26,0x26,0x26,0x26,0x26,0x38,0x38,0x3a,0x3a,0x01,
    0x01,0x01,0x01,0x01,0x01,0x01,0x01,0xa8,0xa8,0xcb,0xcb,0x6b,0x26,0x26,0x25,0x38,
    0x38,0x4e,0x60,0x60,0x5f,0x5f,0x5f,0x6c,0x37,0x37,0x01,0x01,0x01,0x37,0x37,0x25,
    0x25,0x25,0x26,0x26,0x26,0x26,0x04,0x04,0x99,0xb8,0xb8,0x4d,0x4d,0x4d,0x5d,0x5d,
    0x5e,0x5e,0x5e,0x5d,0x4d,0x4d,0x5d,0x5d,0x5e,0x5f,0x5f,0x5f,0x5f,0x5f,0x5f,0x5e,
    0x5e,0x5e,0x5e,0x5d,0x5e,0x5e,0x5e,0x5e,0x5f,0x5f,0x5f,0x6b,0x6b,0x6b,0x5f,0x5f,
    0x5f,0x5f,0x5f,0x5f,0x5f,0x5f,0x5f,0x5f,0x60,0x5f,0x5f,0x5e,0x5e,0x6b,0x5f,0x5f,
    0x5f,0x5f,0x5f,0x5f,0x5f,0x25,0x25,0x12,0x13,0x13,0x15,0x15,0x01,0x01,0x01,0x01,
    0x01,0x01,0x01,0x38,0x3a,0x3a,0x26,0x26,0x26,0x26,0x26,0x38,0x38,0x3a,0x3a,0x01,
    0x01,0x01,0x01,0x01,0x01,0x01,0x01,0xa8,0xa8,0xcb,0xcb,0xca,0x26,0x26,0x26,0x38,
    0x38,0x4e,0x4f,0x4f,0x4e,0x4f,0x4f,0x60,0x37,0x37,0x01,0x03,0x03,0x38,0x38,0x26,
    0x26,0x26,0x23,0x26,0x26,0x25,0x10,0x10,0x99,0xc1,0xc1,0x4b,0x37,0x37,0x4a,0x4a,
    0x4a,0x4a,0x4a,0x37,0x37,0x37,0x37,0x37,0x4a,0x4a,0x4a,0x37,0x37,0x37,0x4a,0x4a,
    0x4a,0x37,0x37,0x37,0x35,0x35,0x35,0x35,0x37,0x37,0x37,0x4a,0x35,0x35,0x34,0x34,
    0x34,0x34,0x34,0x34,0x34,0x36,0x36,0x36,0x23,0x23,0x23,0x34,0x34,0x34,0x22,0x22,
    0x22,0x22,0x22,0x22,0x22,0x10,0x10,0x23,0x15,0x15,0x13,0x13,0x01,0x01,0x01,0x01,
    0x01,0x01,0x01,0x3a,0x3a,0x3a,0x3a,0x3a,0x3a,0x38,0x38,0x50,0x50,0x50,0x50,0x01,
    0x01,0x01,0x01,0x01,0x01,0x01,0x01,0x99,0x99,0xcb,0xcb,0xc9,0x38,0x38,0x23,0x35,
    0x35,0x01,0x01,0x01,0x01,0x01,0x01,0x01,0x01,0x01,0x01,0x10,0x10,0x38,0x26,0x26,
    0x23,0x23,0x26,0x26,0x26,0x25,0x10,0x10,0x99,0xc1,0xc1,0x4b,0x37,0x37,0x4a,0x4a,
    0x4a,0x4a,0x4a,0x37,0x37,0x37,0x37,0x37,0x4a,0x4a,0x4a,0x37,0x37,0x37,0x4a,0x4a,
    0x4a,0x37,0x37,0x37,0x35,0x35,0x35,0x35,0x37,0x37,0x37,0x4a,0x35,0x35,0x34,0x34,
    0x34,0x34,0x34,0x34,0x34,0x36,0x36,0x36,0x23,0x23,0x23,0x34,0x34,0x34,0x22,0x22,
    0x22,0x22,0x22,0x22,0x22,0x10,0x10,0x23,0x15,0x15,0x13,0x13,0x01,0x01,0x01,0x01,
    0x01,0x01,0x01,0x3a,0x3a,0x3a,0x3a,0x3a,0x3a,0x38,0x38,0x50,0x50,0x50,0x50,0x01,
    0x01,0x01,0x01,0x01,0x01,0x01,0x01,0x99,0x99,0xcb,0xcb,0xc9,0x38,0x38,0x23,0x35,
    0x35,0x01,0x01,0x01,0x01,0x01,0x01,0x01,0x01,0x01,0x01,0x10,0x10,0x38,0x26,0x26,
    0x23,0x23,0x26,0x26,0x26,0x23,0x10,0x10,0x99,0xc2,0xc2,0x01,0x01,0x01,0x01,0x01,
    0x01,0x01,0x01,0x01,0x01,0x01,0x01,0x01,0x01,0x01,0x01,0x01,0x01,0x01,0x01,0x01,
    0x01,0x01,0x01,0x01,0x01,0x01,0x01,0x01,0x01,0x01,0x01,0x01,0x01,0x01,0x01,0x01,
    0x01,0x01,0x01,0x01,0x01,0x01,0x01,0x01,0x01,0x01,0x01,0x01,0x01,0x01,0x01,0x01,
    0x01,0x01,0x01,0x01,0x01,0x01,0x01,0x10,0x01,0x01,0x04,0x04,0x01,0x01,0x01,0x01,
    0x01,0x01,0x01,0x4f,0x4e,0x4e,0x4e,0x4e,0x4f,0x3a,0x3a,0x62,0x62,0x6e,0x6e,0x01,
    0x01,0x01,0x01,0x01,0x01,0x01,0x01,0x64,0x64,0xd0,0xd0,0xc8,0x7d,0x7d,0x7d,0x7e,
    0x7e,0x7e,0x7e,0x7e,0x7e,0x7e,0x7e,0x7e,0x7f,0x7f,0x7f,0x8a,0x8a,0x8a,0x8a,0x8a,
    0x8a,0x8a,0x8a,0x7f,0x7f,0x7f,0x8a,0x8a,0x8a,0x8b,0x8b,0x8b,0x7d,0x7d,0x7d,0x7d,
    0x70,0x70,0x70,0x70,0x70,0x70,0x70,0x70,0x6e,0x6e,0x6e,0x6e,0x63,0x63,0x63,0x63,
    0x62,0x62,0x62,0x62,0x50,0x62,0x62,0x62,0x62,0x4f,0x4f,0x4f,0x01,0x01,0x01,0x01,
    0x01,0x01,0x01,0x01,0x01,0x01,0x01,0x01,0x01,0x01,0x01,0x01,0x01,0x01,0x01,0x01,
    0x01,0x01,0x01,0x01,0x04,0x04,0x04,0x01,0x01,0x01,0x01,0x01,0x27,0x27,0x27,0x16,
    0x16,0x16,0x16,0x2a,0x2a,0x2a,0x2a,0x2a,0x54,0x54,0x54,0x54,0x42,0x42,0x42,0x42,
    0x42,0x42,0x42,0x42,0x42,0x55,0x55,0x55,0x55,0x55,0x18,0x18,0x7e,0x7e,0x7e,0x8a,
    0x8a,0x8a,0x89,0x89,0x89,0x89,0x89,0x89,0x89,0x89,0x89,0x89,0x89,0x89,0x8a,0x8a,
    0x8a,0x8a,0x8a,0x8a,0x8b,0x8b,0x8b,0x8b,0x8b,0x8b,0x8b,0x8b,0x7d,0x7d,0x7d,0x7d,
    0x7c,0x7c,0x7c,0x7c,0x70,0x70,0x70,0x70,0x6f,0x6f,0x6f,0x6f,0x6e,0x6e,0x6e,0x6e,
    0x63,0x63,0x63,0x63,0x62,0x62,0x62,0x62,0x4f,0x4f,0x4f,0x4f,0x01,0x01,0x01,0x01,
    0x01,0x01,0x01,0x01,0x01,0x01,0x01,0x01,0x01,0x01,0x01,0x01,0x01,0x01,0x01,0x01,
    0x01,0x01,0x01,0x01,0x04,0x04,0x04,0x01,0x01,0x01,0x01,0x01,0x01,0x01,0x01,0x01,
    0x01,0x01,0x01,0x01,0x01,0x01,0x01,0x01,0x60,0x60,0x60,0x60,0x63,0x63,0x63,0x63,
    0x63,0x8a,0x8a,0x8a,0x8a,0x8b,0x8b,0x8b,0x8b,0x8b,0x01,0x01,0x98,0x98,0x98,0x97,
    0x97,0x97,0x8b,0x8b,0x8b,0x8b,0x8b,0x8b,0x97,0x97,0x97,0x97,0x97,0x97,0x98,0x98,
    0x98,0x97,0x97,0x97,0x98,0x98,0x98,0x98,0x98,0x98,0x98,0x98,0x7d,0x7d,0x7d,0x7d,
    0x70,0x70,0x70,0x70,0x6f,0x6f,0x6f,0x6f,0x6f,0x6f,0x6f,0x6f,0x63,0x63,0x63,0x63,
    0x62,0x62,0x62,0x62,0x50,0x50,0x50,0x50,0x4f,0x4f,0x4f,0x4f,0x01,0x01,0x01,0x01,
    0x01,0x01,0x01,0x01,0x01,0x01,0x01,0x01,0x01,0x01,0x01,0x01,0x01,0x01,0x01,0x01,
    0x01,0x01,0x01,0x01,0x01,0x01,0x01,0x01,0x01,0x01,0x01,0x01,0x01,0x01,0x01,0x01,
    0x01,0x01,0x01,0x01,0x01,0x01,0x01,0x01,0x60,0x60,0x60,0x60,0x63,0x63,0x63,0x63,
    0x63,0x8a,0x8a,0x8a,0x8a,0x8b,0x8b,0x8b,0x8b,0x8b,0x01,0x01,0x98,0x98,0x98,0x97,
    0x97,0xa6,0xa6,0xa6,0xa6,0xa6,0xa6,0xa6,0xa6,0xa6,0xa6,0xa6,0xa6,0xa6,0xa7,0xa7,
    0xa7,0xa6,0xa6,0xa6,0xa7,0xa7,0xa7,0xa6,0xa6,0xa6,0xa6,0xa6,0x7e,0x7e,0x7e,0x7e,
    0x7d,0x7d,0x7d,0x7d,0x7d,0x7d,0x7d,0x7d,0x6f,0x6f,0x6f,0x6f,0x6e,0x6e,0x6e,0x6e,
    0x63,0x63,0x63,0x63,0x62,0x62,0x62,0x62,0x4f,0x4f,0x4f,0x4f,0x01,0x01,0x01,0x01,
    0x01,0x01,0x01,0x01,0x01,0x01,0x01,0x01,0x01,0x01,0x01,0x01,0x01,0x01,0x01,0x01,
    0x01,0x01,0x01,0x01,0x01,0x01,0x01,0x6e,0x6e,0x6e,0x25,0x25,0x23,0x23,0x23,0x13,
    0x13,0x13,0x13,0x13,0x13,0x13,0x13,0x13,0x60,0x60,0x60,0x60,0x60,0x60,0x60,0x60,
    0x60,0x7d,0x7d,0x7d,0x7d,0x8a,0x8a,0x8a,0x8a,0x8a,0x01,0x01,0xa6,0xa6,0xa6,0xa6,
    0xa6,0xa6,0xa6,0xa6,0xa6,0xa6,0xa6,0xa6,0xa6,0x63,0x63,0x6f,0x6f,0x6f,0x70,0x70,
    0x70,0x7d,0x7d,0x7d,0x7e,0x7e,0x7e,0x7e,0x7e,0x7e,0x8a,0x8a,0x7e,0x7e,0x7e,0x7e,
    0x7d,0x7d,0x7d,0x7d,0x7d,0x7d,0x7d,0x7d,0x6f,0x6f,0x25,0x25,0x25,0x25,0x25,0x25,
    0x38,0x38,0x38,0x38,0x26,0x26,0x26,0x26,0x23,0x23,0x23,0x23,0x01,0x01,0x03,0x03,
    0x03,0x25,0x25,0x25,0x23,0x23,0x23,0x23,0x23,0x23,0x23,0x23,0x23,0x23,0x23,0x23,
    0x23,0x23,0x23,0x23,0x23,0x23,0x23,0x6e,0x6e,0x6e,0x25,0x25,0x23,0x23,0x23,0x13,
    0x13,0x13,0x13,0x13,0x13,0x13,0x13,0x13,0x60,0x60,0x60,0x60,0x60,0x60,0x60,0x60,
    0x60,0x7d,0x7d,0x7d,0x7d,0x8a,0x8a,0x8a,0x8a,0x8a,0x01,0x01,0x39,0x39,0x39,0x3a,
    0x3a,0x3a,0x3b,0x3b,0x3b,0x50,0x50,0x50,0x63,0x63,0x63,0x6f,0x6f,0x6f,0x70,0x70,
    0x70,0x7d,0x01,0x01,0x01,0x01,0x01,0x01,0x01,0x01,0x21,0x21,0x48,0x48,0x48,0x48,
    0x23,0x23,0x23,0x23,0x25,0x25,0x25,0x25,0x25,0x25,0x25,0x25,0x25,0x25,0x25,0x25,
    0x38,0x38,0x38,0x38,0x26,0x26,0x26,0x26,0x01,0x01,0x01,0x01,0x01,0x01,0x10,0x10,
    0x10,0x38,0x38,0x38,0x26,0x26,0x26,0x26,0x38,0x38,0x38,0x26,0x26,0x26,0x26,0x26,
    0x26,0x38,0x38,0x38,0x10,0x10,0x10,0xa8,0xa8,0xa8,0xc2,0xc2,0x62,0x62,0x62,0x6d,
    0x6d,0x6d,0x6d,0x6d,0x6d,0x6d,0x6d,0x6d,0x60,0x60,0x60,0x60,0x4f,0x4f,0x4f,0x4f,
    0x4f,0x6f,0x6f,0x6f,0x6f,0x7c,0x7c,0x7c,0x7c,0x7c,0x01,0x01,0x01,0x01,0x01,0x01,
    0x01,0x01,0x01,0x01,0x01,0x01,0x01,0x01,0x01,0x01,0x01,0x01,0x01,0x01,0x01,0x01,
    0x01,0x01,0x01,0x01,0x01,0x01,0x01,0x01,0x01,0x01,0x21,0x21,0x1f,0x1f,0x1f,0x1f,
    0x01,0x01,0x01,0x01,0x01,0x01,0x01,0x01,0x01,0x01,0x01,0x01,0x01,0x01,0x01,0x01,
    0x01,0x01,0x01,0x01,0x01,0x01,0x01,0x01,0x01,0x01,0x01,0x01,0x01,0x01,0x10,0x10,
    0x10,0x38,0x38,0x38,0x26,0x26,0x26,0x26,0x38,0x38,0x38,0x26,0x26,0x26,0x26,0x26,
    0x26,0x38,0x38,0x38,0x10,0x10,0x10,0xa8,0xa8,0xa8,0xc2,0xc2,0x62,0x62,0x62,0x6d,
    0x6d,0x6d,0x6d,0x6d,0x6d,0x6d,0x6d,0x6d,0x60,0x60,0x60,0x60,0x4f,0x4f,0x4f,0x4f,
    0x4f,0x6f,0x6f,0x6f,0x6f,0x7c,0x7c,0x7c,0x7c,0x7c,0x01,0x01,0x01,0x01,0x01,0x01,
    0x01,0x01,0x01,0x01,0x01,0x01,0x01,0x01,0x01,0x01,0x01,0x01,0x01,0x01,0x01,0x01,
    0x01,0x01,0x01,0x01,0x01,0x01,0x01,0x01,0x01,0x01,0x21,0x21,0x20,0x20,0x20,0x20,
    0x01,0x01,0x01,0x01,0x01,0x01,0x01,0x01,0x01,0x01,0x01,0x01,0x01,0x01,0x01,0x01,
    0x03,0x03,0x03,0x03,0x01,0x01,0x01,0x01,0x01,0x01,0x01,0x01,0x01,0x01,0x10,0x10,
    0x10,0x38,0x38,0x38,0x38,0x26,0x26,0x26,0x23,0x23,0x23,0x26,0x26,0x26,0x26,0x26,
    0x26,0x23,0x23,0x23,0x10,0x10,0x10,0x99,0x99,0x99,0x99,0xc2,0x4f,0x4f,0x4f,0x4e,
    0x4e,0x4e,0x4e,0x4e,0x4e,0x4e,0x4e,0x4e,0x4f,0x4f,0x4f,0x4f,0x3a,0x3a,0x3a,0x3a,
    0x3a,0x62,0x62,0x62,0x62,0x6e,0x6e,0x6e,0x6e,0x6e,0x01,0x01,0x01,0x01,0x01,0x01,
    0x01,0x01,0x01,0x01,0x01,0x01,0x01,0x01,0x01,0x01,0x01,0x01,0x01,0x01,0x01,0x01,
    0x01,0x01,0x01,0x01,0x01,0x01,0x01,0x01,0x01,0x01,0x33,0x33,0x20,0x20,0x20,0x20,
    0x01,0x01,0x01,0x01,0x01,0x01,0x01,0x01,0x01,0x01,0x01,0x01,0x01,0x01,0x01,0x01,
    0x03,0x03,0x03,0x03,0x01,0x01,0x01,0x01,0x01,0x01,0x01,0x01,0x01,0x01,0x10,0x10,
    0x10,0x38,0x38,0x38,0x38,0x26,0x26,0x26,0x23,0x23,0x23,0x26,0x26,0x26,0x26,0x26,
    0x26,0x23,0x23,0x23,0x10,0x10,0x10,0x99,0x99,0x99,0x99,0xc2,0x4f,0x4f,0x4f,0x4e,
    0x4e,0x4e,0x4e,0x4e,0x4e,0x4e,0x4e,0x3a,0x3a,0x3a,0x3a,0x3a,0x38,0x38,0x38,0x38,
    0x38,0x50,0x50,0x50,0x50,0x50,0x50,0x50,0x50,0x50,0x01,0x01,0x01,0x01,0x01,0x01,
    0x01,0x01,0x01,0x01,0x01,0x01,0x01,0x01,0x01,0x01,0x01,0x01,0x01,0x01,0x01,0x01,
    0x01,0x01,0x01,0x01,0x01,0x01,0x01,0x01,0x01,0x01,0x33,0x33,0x20,0x20,0x20,0x20,
    0x01,0x01,0x01,0x01,0x01,0x01,0x01,0x01,0x01,0x01,0x01,0x01,0x01,0x01,0x01,0x01,
    0x04,0x04,0x04,0x04,0x01,0x01,0x01,0x01,0x01,0x01,0x01,0x01,0x01,0x01,0x03,0x03,
    0x03,0x38,0x38,0x38,0x38,0x26,0x26,0x26,0x26,0x26,0x26,0x23,0x23,0x23,0x26,0x26,
    0x26,0x25,0x25,0x25,0x10,0x10,0x10,0x99,0x99,0x99,0x99,0xc1,0x3a,0x3a,0x3a,0x3a,
    0x3a,0x3a,0x3a,0x3a,0x3a,0x3a,0x3a,0x3a,0x3a,0x3a,0x3a,0x3a,0x38,0x38,0x38,0x38,
    0x50,0x50,0x50,0x50,0x50,0x50,0x50,0x50,0x50,0x01,0x01,0x01,0x01,0x01,0x01,0x01,
    0x01,0x01,0x01,0x01,0x01,0x01,0x01,0x01,0x01,0x01,0x01,0x01,0x01,0x01,0x01,0x01,
    0x01,0x01,0x01,0x01,0x01,0x01,0x01,0x01,0x01,0x01,0x33,0x33,0x20,0x20,0x20,0x20,
    0x01,0x01,0x01,0x01,0x01,0x01,0x01,0x01,0x01,0x01,0x01,0x01,0x01,0x01,0x01,0x01,
    0x04,0x04,0x04,0x04,0x01,0x01,0x01,0x01,0x01,0x01,0x01,0x01,0x01,0x01,0x03,0x03,
    0x03,0x03,0x38,0x38,0x38,0x26,0x26,0x26,0x26,0x26,0x26,0x23,0x23,0x23,0x26,0x26,
    0x26,0x25,0x25,0x25,0x10,0x10,0x10,0x99,0x99,0x99,0x99,0xc1,0x38,0x38,0x38,0x3a,
    0x3a,0x3a,0x3a,0x26,0x26,0x26,0x26,0x26,0x26,0x26,0x26,0x26,0x26,0x26,0x26,0x26,
    0x38,0x38,0x38,0x38,0x38,0x3a,0x3a,0x3a,0x3a,0x01,0x01,0x01,0x01,0x01,0x01,0x01,
    0x01,0x01,0x01,0x01,0x01,0x01,0x01,0x01,0x01,0x01,0x01,0x01,0x01,0x01,0x01,0x01,
    0x01,0x01,0x01,0x01,0x01,0x01,0x01,0x01,0x01,0x01,0x33,0x33,0x20,0x20,0x20,0x01,
    0x01,0x01,0x01,0x01,0x01,0x01,0x01,0x01,0x01,0x01,0x01,0x01,0x01,0x01,0x01,0x01,
    0x04,0x04,0x04,0x04,0x01,0x01,0x01,0x01,0x01,0x01,0x01,0x01,0x01,0x01,0x01,0x01,
    0x01,0x01,0x37,0x37,0x37,0x25,0x25,0x25,0x25,0x25,0x25,0x26,0x26,0x26,0x26,0x26,
    0x26,0x26,0x26,0x26,0x04,0x04,0x04,0x99,0x99,0x99,0x99,0xb8,0x38,0x38,0x38,0x3a,
    0x3a,0x3a,0x3a,0x26,0x26,0x26,0x26,0x26,0x26,0x26,0x26,0x26,0x26,0x26,0x26,0x26,
    0x38,0x38,0x38,0x38,0x38,0x3a,0x3a,0x3a,0x3a,0x01,0x01,0x01,0x01,0x01,0x01,0x01,
    0x01,0x01,0x01,0x01,0x01,0x01,0x01,0x01,0x01,0x01,0x01,0x01,0x01,0x01,0x01,0x01,
    0x01,0x01,0x01,0x01,0x01,0x01,0x01,0x01,0x01,0x01,0x33,0x33,0x20,0x20,0x20,0x01,
    0x01,0x01,0x01,0x01,0x01,0x01,0x01,0x01,0x01,0x01,0x01,0x01,0x01,0x01,0x01,0x01,
    0x10,0x10,0x10,0x10,0x04,0x04,0x04,0x04,0x10,0x10,0x10,0x10,0x01,0x01,0x01,0x01,
    0x01,0x01,0x37,0x37,0x37,0x25,0x25,0x25,0x25,0x25,0x25,0x26,0x26,0x26,0x26,0x26,
    0x26,0x26,0x26,0x26,0x04,0x04,0x04,0x04,0x99,0x99,0x99,0xb8,0x0f,0x0f,0x0f,0x20,
    0x20,0x20,0x20,0x0f,0x0f,0x0f,0x0f,0x03,0x03,0x03,0x03,0x03,0x01,0x01,0x01,0x01,
    0x01,0x01,0x01,0x01,0x01,0x1f,0x1f,0x1f,0x1f,0x01,0x01,0x01,0x0d,0x01,0x01,0x01,
    0x01,0x01,0x01,0x01,0x01,0x01,0x01,0x01,0x01,0x01,0x01,0x01,0x01,0x01,0x01,0x01,
    0x01,0x01,0x01,0x01,0x01,0x01,0x01,0x01,0x01,0x01,0x33,0x33,0x1f,0x1f,0x1f,0x01,
    0x01,0x01,0x01,0x01,0x01,0x01,0x01,0x01,0x01,0x01,0x01,0x01,0x01,0x01,0x01,0x01,
    0x10,0x10,0x10,0x10,0x04,0x04,0x04,0x04,0x01,0x01,0x01,0x01,0x01,0x01,0x01,0x01,
    0x01,0x01,0x12,0x12,0x12,0x10,0x10,0x10,0x03,0x03,0x03,0x0f,0x0f,0x0f,0x10,0x10,
    0x10,0x0f,0x0f,0x0f,0x01,0x01,0x01,0x01,0xa3,0xa3,0xa3,0xbd,0x0f,0x0f,0x0f,0x20,
    0x20,0x20,0x20,0x0f,0x0f,0x0f,0x0f,0x03,0x03,0x03,0x03,0x03,0x01,0x01,0x01,0x01,
    0x01,0x01,0x01,0x01,0x01,0x1f,0x1f,0x1f,0x1f,0x01,0x01,0x01,0x1f,0x01,0x01,0x01,
    0x01,0x01,0x01,0x01,0x01,0x01,0x01,0x01,0x01,0x01,0x01,0x01,0x01,0x01,0x01,0x01,
    0x01,0x01,0x01,0x01,0x01,0x01,0x01,0x01,0x01,0x01,0x33,0x33,0x1f,0x1f,0x1f,0x01,
    0x01,0x01,0x01,0x01,0x01,0x01,0x01,0x01,0x01,0x01,0x01,0x01,0x01,0x01,0x01,0x01,
    0x13,0x13,0x13,0x13,0x04,0x04,0x04,0x04,0x04,0x04,0x04,0x04,0x01,0x01,0x01,0x01,
    0x01,0x01,0x12,0x12,0x12,0x10,0x10,0x10,0x03,0x03,0x03,0x0f,0x0f,0x0f,0x10,0x10,
    0x10,0x0f,0x0f,0x0f,0x01,0x01,0x01,0x01,0xa3,0xa3,0xa3,0xbd,0x87,0x87,0x93,0x93,
    0x93,0x93,0x93,0x87,0x87,0x87,0x87,0x87,0x87,0x87,0x87,0x87,0x87,0x87,0x87,0x87,
    0x87,0x87,0x87,0x87,0x87,0x93,0x93,0x93,0x93,0x9f,0x9f,0x9f,0x1f,0x01,0x01,0x01,
    0x01,0x01,0x01,0x01,0x01,0x01,0x01,0x01,0x10,0x10,0x10,0x12,0x12,0x12,0x23,0x23,
    0x23,0x23,0x23,0x23,0x12,0x12,0x12,0x03,0x03,0x03,0x23,0x23,0x23,0x23,0x23,0x03,
    0x03,0x03,0x03,0x01,0x01,0x01,0x01,0x01,0x01,0x01,0x01,0x01,0x01,0x01,0x01,0x01,
    0x13,0x13,0x13,0x13,0x04,0x04,0x04,0x04,0x04,0x10,0x10,0x10,0xa1,0xa1,0xa1,0x88,
    0x88,0x88,0x89,0x89,0x89,0x89,0x89,0x89,0x89,0x89,0x89,0x94,0x94,0x94,0x88,0x88,
    0x88,0x88,0x88,0x88,0x87,0x87,0x87,0x87,0xb5,0xb5,0xb5,0xbe,0x87,0x87,0x93,0x93,
    0x93,0x93,0x93,0x87,0x87,0x87,0x87,0x87,0x87,0x87,0x87,0x87,0x87,0x87,0x87,0x87,
    0x87,0x87,0x87,0x87,0x87,0x93,0x93,0x93,0x93,0x9f,0x9f,0x9f,0x00,0x00,0x00,0x00,
    0x00,0x00,0x00,0x00,0x00,0x00,0x00,0x00,0x00,0x00,0x00,0x00,0x00,0x00,0x00,0x00,
    0x00,0x00,0x00,0x00,0x00,0x00,0x00,0x00,0x00,0x00,0x00,0x00,0x00,0x00,0x00,0x00,
    0x00,0x00,0x00,0x00,0x00,0x00,0x00,0x00,0x00,0x00,0x00,0x00,0x00,0x00,0x00,0x00,
    0x00,0x00,0x00,0x00,0x00,0x00,0x00,0x00,0x00,0x00,0x00,0x00,0x00,0x00,0x00,0x00,
    0x00,0x00,0x00,0x00,0x00,0x00,0x00,0x00,0x00,0x00,0x00,0x00,0x00,0x00,0x00,0x00,
    0x00,0x00,0x00,0x00,0x00,0x00,0x00,0x00,0x00,0x00,0x00,0x00,0x00,0x00,0x00,0x00,
    0x00,0x00,0x00,0x00,0x00,0x00,0x00,0x00,0x00,0x00,0x00,0x00,0x00,0x00,0x00,0x00,
    0x00,0x00,0x00,0x00,0x00,0x00,0x00,0x00,0x00,0x00,0x00,0x00,0x00,0x00,0x00,0x00,
    0x00,0x00,0x00,0x00,0x00,0x00,0x00,0x00,0x00,0x00,0x00,0x00,0x00,0x00,0x00,0x00,
    0x00,0x00,0x00,0x00,0x00,0x00,0x00,0x00,0x00,0x00,0x00,0x00,0x00,0x00,0x00,0x00,
    0x00,0x00,0x00,0x00,0x00,0x00,0x00,0x00,0x00,0x00,0x00,0x00,0x00,0x00,0x00,0x00,
    0x00,0x00,0x00,0x00,0x00,0x00,0x00,0x00,0x00,0x00,0x00,0x00,0x00,0x00,0x00,0x00,
    0x00,0x00,0x00,0x00,0x00,0x00,0x00,0x00,0x00,0x00,0x00,0x00,0x00,0x00,0x00,0x00,
    0x00,0x00,0x00,0x00,0x00,0x00,0x00,0x00,0x00,0x00,0x00,0x00,0x00,0x00,0x00,0x00,
    0x00,0x00,0x00,0x00,0x00,0x00,0x00,0x00,0x00,0x00,0x00,0x00,0x00,0x00,0x00,0x00,
    0x00,0x00,0x00,0x00,0x00,0x00,0x00,0x00,0x00,0x00,0x00,0x00,0x00,0x00,0x00,0x00,
    0x00,0x00,0x00,0x00,0x00,0x00,0x00,0x00,0x00,0x00,0x00,0x00,0x00,0x00,0x00,0x00,
    0x00,0x00,0x00,0x00,0x00,0x00,0x00,0x00,0x00,0x00,0x00,0x00,0x00,0x00,0x00,0x00,
    0x00,0x00,0x00,0x00,0x00,0x00,0x00,0x00,0x00,0x00,0x00,0x00,0x00,0x00,0x00,0x00,
    0x00,0x00,0x00,0x00,0x00,0x00,0x00,0x00,0x00,0x00,0x00,0x00,0x00,0x00,0x00,0x00,
    0x00,0x00,0x00,0x00,0x00,0x00,0x00,0x00,0x00,0x00,0x00,0x00,0x00,0x00,0x00,0x00,
    0x00,0x00,0x00,0x00,0x00,0x00,0x00,0x00,0x00,0x00,0x00,0x00,0x00,0x00,0x00,0x00,
    0x00,0x00,0x00,0x00,0x00,0x00,0x00,0x00,0x00,0x00,0x00,0x00,0x00,0x00,0x00,0x00,
    0x00,0x00,0x00,0x00,0x00,0x00,0x00,0x00,0x00,0x00,0x00,0x00,0x00,0x00,0x00,0x00,
    0x00,0x00,0x00,0x00,0x00,0x00,0x00,0x00,0x00,0x00,0x00,0x00,0x00,0x00,0x00,0x00,
    0x00,0x00,0x00,0x00,0x00,0x00,0x00,0x00,0x00,0x00,0x00,0x00,0x00,0x00,0x00,0x00,
    0x00,0x00,0x00,0x00,0x00,0x00,0x00,0x00,0x00,0x00,0x00,0x00,0x00,0x00,0x00,0x00,
    0x00,0x00,0x00,0x00,0x00,0x00,0x00,0x00,0x00,0x00,0x00,0x00,0x00,0x00,0x00,0x00,
    0x00,0x00,0x00,0x00,0x00,0x00,0x00,0x00,0x00,0x00,0x00,0x00,0x00,0x00,0x00,0x00,
    0x00,0x00,0x00,0x00,0x00,0x00,0x00,0x00,0x00,0x00,0x00,0x00,0x00,0x00,0x00,0x00,
    0x00,0x00,0x00,0x00,0x00,0x00,0x00,0x00,0x00,0x00,0x00,0x00,0x00,0x00,0x00,0x00,
    0x00,0x00,0x00,0x00,0x00,0x00,0x00,0x00,0x00,0x00,0x00,0x00,0x00,0x00,0x00,0x00,
    0x00,0x00,0x00,0x00,0x00,0x00,0x00,0x00,0x00,0x00,0x00,0x00,0x00,0x00,0x00,0x00,
    0x00,0x00,0x00,0x00,0x00,0x00,0x00,0x00,0x00,0x00,0x00,0x00,0x00,0x00,0x00,0x00,
    0x00,0x00,0x00,0x00,0x00,0x00,0x00,0x00,0x00,0x00,0x00,0x00,0x00,0x00,0x00,0x00,
    0x00,0x00,0x00,0x00,0x00,0x00,0x00,0x00,0x00,0x00,0x00,0x00,0x00,0x00,0x00,0x00,
    0x00,0x00,0x00,0x00,0x00,0x00,0x00,0x00,0x00,0x00,0x00,0x00,0x00,0x00,0x00,0x00,
    0x00,0x00,0x00,0x00,0x00,0x00,0x00,0x00,0x00,0x00,0x00,0x00,0x00,0x00,0x00,0x00,
    0x00,0x00,0x00,0x00,0x00,0x00,0x00,0x00,0x00,0x00,0x00,0x00,0x00,0x00,0x00,0x00,
    0x00,0x00,0x00,0x00,0x00,0x00,0x00,0x00,0x00,0x00,0x00,0x00,0x00,0x00,0x00,0x00,
    0x00,0x00,0x00,0x00,0x00,0x00,0x00,0x00,0x00,0x00,0x00,0x00,0x00,0x00,0x00,0x00,
    0x00,0x00,0x00,0x00,0x00,0x00,0x00,0x00,0x00,0x00,0x00,0x00,0x00,0x00,0x00,0x00,
    0x00,0x00,0x00,0x00,0x00,0x00,0x00,0x00,0x00,0x00,0x00,0x00,0x00,0x00,0x00,0x00,
    0x00,0x00,0x00,0x00,0x00,0x00,0x00,0x00,0x00,0x00,0x00,0x00,0x00,0x00,0x00,0x00,
    0x00,0x00,0x00,0x00,0x00,0x00,0x00,0x00,0x00,0x00,0x00,0x00,0x00,0x00,0x00,0x00,
    0x00,0x00,0x00,0x00,0x00,0x00,0x00,0x00,0x00,0x00,0x00,0x00,0x00,0x00,0x00,0x00,
    0x00,0x00,0x00,0x00,0x00,0x00,0x00,0x00,0x00,0x00,0x00,0x00,0x00,0x00,0x00,0x00,
    0x00,0x00,0x00,0x00,0x00,0x00,0x00,0x00,0x00,0x00,0x00,0x00,0x00,0x00,0x00,0x00,
    0x00,0x00,0x00,0x00,0x00,0x00,0x00,0x00,0x00,0x00,0x00,0x00,0x00,0x00,0x00,0x00,
    0x00,0x00,0x00,0x00,0x00,0x00,0x00,0x00,0x00,0x00,0x00,0x00,0x00,0x00,0x00,0x00,
    0x00,0x00,0x00,0x00,0x00,0x00,0x00,0x00,0x00,0x00,0x00,0x00,0x00,0x00,0x00,0x00,
    0x00,0x00,0x00,0x00,0x00,0x00,0x00,0x00,0x00,0x00,0x00,0x00,0x00,0x00,0x00,0x00,
    0x00,0x00,0x00,0x00,0x00,0x00,0x00,0x00,0x00,0x00,0x00,0x00,0x00,0x00,0x00,0x00,
    0x00,0x00,0x00,0x00,0x00,0x00,0x00,0x00,0x00,0x00,0x00,0x00,0x00,0x00,0x00,0x00,
    0x00,0x00,0x00,0x00,0x00,0x00,0x00,0x00,0x00,0x00,0x00,0x00,0x00,0x00,0x00,0x00,
    0x00,0x00,0x00,0x00,0x00,0x00,0x00,0x00,0x00,0x00,0x00,0x00,0x00,0x00,0x00,0x00,
    0x00,0x00,0x00,0x00,0x00,0x00,0x00,0x00,0x00,0x00,0x00,0x00,0x00,0x00,0x00,0x00,
    0x00,0x00,0x00,0x00,0x00,0x00,0x00,0x00,0x00,0x00,0x00,0x00,0x00,0x00,0x00,0x00,
    0x00,0x00,0x00,0x00,0x00,0x00,0x00,0x00,0x00,0x00,0x00,0x00,0x00,0x00,0x00,0x00,
    0x00,0x00,0x00,0x00,0x00,0x00,0x00,0x00,0x00,0x00,0x00,0x00,0x00,0x00,0x00,0x00,
    0x00,0x00,0x00,0x00,0x00,0x00,0x00,0x00,0x00,0x00,0x00,0x00,0x00,0x00,0x00,0x00,
    0x00,0x00,0x00,0x00,0x00,0x00,0x00,0x00,0x00,0x00,0x00,0x00,0x00,0x00,0x00,0x00,
    0x00,0x00,0x00,0x00,0x00,0x00,0x00,0x00,0x00,0x00,0x00,0x00,0x00,0x00,0x00,0x00,
    0x00,0x00,0x00,0x00,0x00,0x00,0x00,0x00,0x00,0x00,0x00,0x00,0x00,0x00,0x00,0x00,
    0x00,0x00,0x00,0x00,0x00,0x00,0x00,0x00,0x00,0x00,0x00,0x00,0x00,0x00,0x00,0x00,
    0x00,0x00,0x00,0x00,0x00,0x00,0x00,0x00,0x00,0x00,0x00,0x00,0x00,0x00,0x00,0x00,
    0x00,0x00,0x00,0x00,0x00,0x00,0x00,0x00,0x00,0x00,0x00,0x00,0x00,0x00,0x00,0x00,
    0x00,0x00,0x00,0x00,0x00,0x00,0x00,0x00,0x00,0x00,0x00,0x00,0x00,0x00,0x00,0x00,
    0x00,0x00,0x00,0x00,0x00,0x00,0x00,0x00,0x00,0x00,0x00,0x00,0x00,0x00,0x00,0x00,
    0x00,0x00,0x00,0x00,0x00,0x00,0x00,0x00,0x00,0x00,0x00,0x00,0x00,0x00,0x00,0x00,
    0x00,0x00,0x00,0x00,0x00,0x00,0x00,0x00,0x00,0x00,0x00,0x00,0x00,0x00,0x00,0x00,
    0x00,0x00,0x00,0x00,0x00,0x00,0x00,0x00,0x00,0x00,0x00,0x00,0x00,0x00,0x00,0x00,
    0x00,0x00,0x00,0x00,0x00,0x00,0x00,0x00,0x00,0x00,0x00,0x00,0x00,0x00,0x00,0x00,
    0x00,0x00,0x00,0x00,0x00,0x00,0x00,0x00,0x00,0x00,0x00,0x00,0x00,0x00,0x00,0x00,
    0x00,0x00,0x00,0x00,0x00,0x00,0x00,0x00,0x00,0x00,0x00,0x00,0x00,0x00,0x00,0x00,
    0x00,0x00,0x00,0x00,0x00,0x00,0x00,0x00,0x00,0x00,0x00,0x00,0x00,0x00,0x00,0x00,
    0x00,0x00,0x00,0x00,0x00,0x00,0x00,0x00,0x00,0x00,0x00,0x00,0x00,0x00,0x00,0x00,
    0x00,0x00,0x00,0x00,0x00,0x00,0x00,0x00,0x00,0x00,0x00,0x00,0x00,0x00,0x00,0x00,
    0x00,0x00,0x00,0x00,0x00,0x00,0x00,0x00,0x00,0x00,0x00,0x00,0x00,0x00,0x00,0x00,
    0x00,0x00,0x00,0x00,0x00,0x00,0x00,0x00,0x00,0x00,0x00,0x00,0x00,0x00,0x00,0x00,
    0x00,0x00,0x00,0x00,0x00,0x00,0x00,0x00,0x00,0x00,0x00,0x00,0x00,0x00,0x00,0x00,
    0x00,0x00,0x00,0x00,0x00,0x00,0x00,0x00,0x00,0x00,0x00,0x00,0x00,0x00,0x00,0x00,
    0x00,0x00,0x00,0x00,0x00,0x00,0x00,0x00,0x00,0x00,0x00,0x00,0x00,0x00,0x00,0x00,
    0x00,0x00,0x00,0x00,0x00,0x00,0x00,0x00,0x00,0x00,0x00,0x00,0x00,0x00,0x00,0x00,
    0x00,0x00,0x00,0x00,0x00,0x00,0x00,0x00,0x00,0x00,0x00,0x00,0x00,0x00,0x00,0x00,
    0x00,0x00,0x00,0x00,0x00,0x00,0x00,0x00,0x00,0x00,0x00,0x00,0x00,0x00,0x00,0x00,
    0x00,0x00,0x00,0x00,0x00,0x00,0x00,0x00,0x00,0x00,0x00,0x00,0x00,0x00,0x00,0x00,
    0x00,0x00,0x00,0x00,0x00,0x00,0x00,0x00,0x00,0x00,0x00,0x00,0x00,0x00,0x00,0x00,
    0x00,0x00,0x00,0x00,0x00,0x00,0x00,0x00,0x00,0x00,0x00,0x00,0x00,0x00,0x00,0x00,
    0x00,0x00,0x00,0x00,0x00,0x00,0x00,0x00,0x00,0x00,0x00,0x00,0x00,0x00,0x00,0x00,
    0x00,0x00,0x00,0x00,0x00,0x00,0x00,0x00,0x00,0x00,0x00,0x00,0x00,0x00,0x00,0x00,
    0x00,0x00,0x00,0x00,0x00,0x00,0x00,0x00,0x00,0x00,0x00,0x00,0x00,0x00,0x00,0x00,
    0x00,0x00,0x00,0x00,0x00,0x00,0x00,0x00,0x00,0x00,0x00,0x00,0x00,0x00,0x00,0x00,
    0x00,0x00,0x00,0x00,0x00,0x00,0x00,0x00,0x00,0x00,0x00,0x00,0x00,0x00,0x00,0x00,
    0x00,0x00,0x00,0x00,0x00,0x00,0x00,0x00,0x00,0x00,0x00,0x00,0x00,0x00,0x00,0x00,
    0x00,0x00,0x00,0x00,0x00,0x00,0x00,0x00,0x00,0x00,0x00,0x00,0x00,0x00,0x00,0x00,
    0x00,0x00,0x00,0x00,0x00,0x00,0x00,0x00,0x00,0x00,0x00,0x00,0x00,0x00,0x00,0x00,
    0x00,0x00,0x00,0x00,0x00,0x00,0x00,0x00,0x00,0x00,0x00,0x00,0x00,0x00,0x00,0x00,
    0x00,0x00,0x00,0x00,0x00,0x00,0x00,0x00,0x00,0x00,0x00,0x00,0x00,0x00,0x00,0x00,
    0x00,0x00,0x00,0x00,0x00,0x00,0x00,0x00,0x00,0x00,0x00,0x00,0x00,0x00,0x00,0x00,
    0x00,0x00,0x00,0x00,0x00,0x00,0x00,0x00,0x00,0x00,0x00,0x00,0x00,0x00,0x00,0x00,
    0x00,0x00,0x00,0x00,0x00,0x00,0x00,0x00,0x00,0x00,0x00,0x00,0x00,0x00,0x00,0x00,
    0x00,0x00,0x00,0x00,0x00,0x00,0x00,0x00,0x00,0x00,0x00,0x00,0x00,0x00,0x00,0x00,
    0x00,0x00,0x00,0x00,0x00,0x00,0x00,0x00,0x00,0x00,0x00,0x00,0x00,0x00,0x00,0x00,
    0x00,0x00,0x00,0x00,0x00,0x00,0x00,0x00,0x00,0x00,0x00,0x00,0x00,0x00,0x00,0x00,
    0x00,0x00,0x00,0x00,0x00,0x00,0x00,0x00,0x00,0x00,0x00,0x00,0x00,0x00,0x00,0x00,
    0x00,0x00,0x00,0x00,0x00,0x00,0x00,0x00,0x00,0x00,0x00,0x00,0x00,0x00,0x00,0x00,
    0x00,0x00,0x00,0x00,0x00,0x00,0x00,0x00,0x00,0x00,0x00,0x00,0x00,0x00,0x00,0x00,
    0x00,0x00,0x00,0x00,0x00,0x00,0x00,0x00,0x00,0x00,0x00,0x00,0x00,0x00,0x00,0x00,
    0x00,0x00,0x00,0x00,0x00,0x00,0x00,0x00,0x00,0x00,0x00,0x00,0x00,0x00,0x00,0x00,
    0x00,0x00,0x00,0x00,0x00,0x00,0x00,0x00,0x00,0x00,0x00,0x00,0x00,0x00,0x00,0x00,
    0x00,0x00,0x00,0x00,0x00,0x00,0x00,0x00,0x00,0x00,0x00,0x00,0x00,0x00,0x00,0x00,
    0x00,0x00,0x00,0x00,0x00,0x00,0x00,0x00,0x00,0x00,0x00,0x00,0x00,0x00,0x00,0x00,
    0x00,0x00,0x00,0x00,0x00,0x00,0x00,0x00,0x00,0x00,0x00,0x00,0x00,0x00,0x00,0x00,
    0x00,0x00,0x00,0x00,0x00,0x00,0x00,0x00,0x00,0x00,0x00,0x00,0x00,0x00,0x00,0x00,
    0x00,0x00,0x00,0x00,0x00,0x00,0x00,0x00,0x00,0x00,0x00,0x00,0x00,0x00,0x00,0x00,
    0x00,0x00,0x00,0x00,0x00,0x00,0x00,0x00,0x00,0x00,0x00,0x00,0x00,0x00,0x00,0x00,
    0x00,0x00,0x00,0x00,0x00,0x00,0x00,0x00,0x00,0x00,0x00,0x00,0x00,0x00,0x00,0x00,
    0x00,0x00,0x00,0x00,0x00,0x00,0x00,0x00,0x00,0x00,0x00,0x00,0x00,0x00,0x00,0x00,
    0x00,0x00,0x00,0x00,0x00,0x00,0x00,0x00,0x00,0x00,0x00,0x00,0x00,0x00,0x00,0x00,
    0x00,0x00,0x00,0x00,0x00,0x00,0x00,0x00,0x00,0x00,0x00,0x00,0x00,0x00,0x00,0x00,
    0x00,0x00,0x00,0x00,0x00,0x00,0x00,0x00,0x00,0x00,0x00,0x00,0x00,0x00,0x00,0x00,
    0x00,0x00,0x00,0x00,0x00,0x00,0x00,0x00,0x00,0x00,0x00,0x00,0x00,0x00,0x00,0x00,
    0x00,0x00,0x00,0x00,0x00,0x00,0x00,0x00,0x00,0x00,0x00,0x00,0x00,0x00,0x00,0x00,
    0x00,0x00,0x00,0x00,0x00,0x00,0x00,0x00,0x00,0x00,0x00,0x00,0x00,0x00,0x00,0x00,
    0x00,0x00,0x00,0x00,0x00,0x00,0x00,0x00,0x00,0x00,0x00,0x00,0x00,0x00,0x00,0x00,
    0x00,0x00,0x00,0x00,0x00,0x00,0x00,0x00,0x00,0x00,0x00,0x00,0x00,0x00,0x00,0x00,
    0x00,0x00,0x00,0x00,0x00,0x00,0x00,0x00,0x00,0x00,0x00,0x00,0x00,0x00,0x00,0x00,
    0x00,0x00,0x00,0x00,0x00,0x00,0x00,0x00,0x00,0x00,0x00,0x00,0x00,0x00,0x00,0x00,
    0x00,0x00,0x00,0x00,0x00,0x00,0x00,0x00,0x00,0x00,0x00,0x00,0x00,0x00,0x00,0x00,
    0x00,0x00,0x00,0x00,0x00,0x00,0x00,0x00,0x00,0x00,0x00,0x00,0x00,0x00,0x00,0x00,
    0x00,0x00,0x00,0x00,0x00,0x00,0x00,0x00,0x00,0x00,0x00,0x00,0x00,0x00,0x00,0x00,
    0x00,0x00,0x00,0x00,0x00,0x00,0x00,0x00,0x00,0x00,0x00,0x00,0x00,0x00,0x00,0x00,
    0x00,0x00,0x00,0x00,0x00,0x00,0x00,0x00,0x00,0x00,0x00,0x00,0x00,0x00,0x00,0x00,
    0x00,0x00,0x00,0x00,0x00,0x00,0x00,0x00,0x00,0x00,0x00,0x00,0x00,0x00,0x00,0x00,
    0x00,0x00,0x00,0x00,0x00,0x00,0x00,0x00,0x00,0x00,0x00,0x00,0x00,0x00,0x00,0x00,
    0x00,0x00,0x00,0x00,0x00,0x00,0x00,0x00,0x00,0x00,0x00,0x00,0x00,0x00,0x00,0x00,
    0x00,0x00,0x00,0x00,0x00,0x00,0x00,0x00,0x00,0x00,0x00,0x00,0x00,0x00,0x00,0x00,
    0x00,0x00,0x00,0x00,0x00,0x00,0x00,0x00,0x00,0x00,0x00,0x00,0x00,0x00,0x00,0x00,
    0x00,0x00,0x00,0x00,0x00,0x00,0x00,0x00,0x00,0x00,0x00,0x00,0x00,0x00,0x00,0x00,
    0x00,0x00,0x00,0x00,0x00,0x00,0x00,0x00,0x00,0x00,0x00,0x00,0x00,0x00,0x00,0x00,
    0x00,0x00,0x00,0x00,0x00,0x00,0x00,0x00,0x00,0x00,0x00,0x00,0x00,0x00,0x00,0x00,
    0x00,0x00,0x00,0x00,0x00,0x00,0x00,0x00,0x00,0x00,0x00,0x00,0x00,0x00,0x00,0x00,
    0x00,0x00,0x00,0x00,0x00,0x00,0x00,0x00,0x00,0x00,0x00,0x00,0x00,0x00,0x00,0x00,
    0x00,0x00,0x00,0x00,0x00,0x00,0x00,0x00,0x00,0x00,0x00,0x00,0x00,0x00,0x00,0x00,
    0x00,0x00,0x00,0x00,0x00,0x00,0x00,0x00,0x00,0x00,0x00,0x00,0x00,0x00,0x00,0x00,
    0x00,0x00,0x00,0x00,0x00,0x00,0x00,0x00,0x00,0x00,0x00,0x00,0x00,0x00,0x00,0x00,
    0x00,0x00,0x00,0x00,0x00,0x00,0x00,0x00,0x00,0x00,0x00,0x00,0x00,0x00,0x00,0x00,
    0x00,0x00,0x00,0x00,0x00,0x00,0x00,0x00,0x00,0x00,0x00,0x00,0x00,0x00,0x00,0x00,
    0x00,0x00,0x00,0x00,0x00,0x00,0x00,0x00,0x00,0x00,0x00,0x00,0x00,0x00,0x00,0x00,
    0x00,0x00,0x00,0x00,0x00,0x00,0x00,0x00,0x00,0x00,0x00,0x00,0x00,0x00,0x00,0x00,
    0x00,0x00,0x00,0x00,0x00,0x00,0x00,0x00,0x00,0x00,0x00,0x00,0x00,0x00,0x00,0x00,
    0x00,0x00,0x00,0x00,0x00,0x00,0x00,0x00,0x00,0x00,0x00,0x00,0x00,0x00,0x00,0x00,
    0x00,0x00,0x00,0x00,0x00,0x00,0x00,0x00,0x00,0x00,0x00,0x00,0x00,0x00,0x00,0x00,
    0x00,0x00,0x00,0x00,0x00,0x00,0x00,0x00,0x00,0x00,0x00,0x00,0x00,0x00,0x00,0x00,
    0x00,0x00,0x00,0x00,0x00,0x00,0x00,0x00,0x00,0x00,0x00,0x00,0x00,0x00,0x00,0x00,
    0x00,0x00,0x00,0x00,0x00,0x00,0x00,0x00,0x00,0x00,0x00,0x00,0x00,0x00,0x00,0x00,
    0x00,0x00,0x00,0x00,0x00,0x00,0x00,0x00,0x00,0x00,0x00,0x00,0x00,0x00,0x00,0x00,
    0x00,0x00,0x00,0x00,0x00,0x00,0x00,0x00,0x00,0x00,0x00,0x00,0x00,0x00,0x00,0x00,
    0x00,0x00,0x00,0x00,0x00,0x00,0x00,0x00,0x00,0x00,0x00,0x00,0x00,0x00,0x00,0x00,
    0x00,0x00,0x00,0x00,0x00,0x00,0x00,0x00,0x00,0x00,0x00,0x00,0x00,0x00,0x00,0x00,
    0x00,0x00,0x00,0x00,0x00,0x00,0x00,0x00,0x00,0x00,0x00,0x00,0x00,0x00,0x00,0x00,
    0x00,0x00,0x00,0x00,0x00,0x00,0x00,0x00,0x00,0x00,0x00,0x00,0x00,0x00,0x00,0x00,
    0x00,0x00,0x00,0x00,0x00,0x00,0x00,0x00,0x00,0x00,0x00,0x00,0x00,0x00,0x00,0x00,
    0x00,0x00,0x00,0x00,0x00,0x00,0x00,0x00,0x00,0x00,0x00,0x00,0x00,0x00,0x00,0x00,
    0x00,0x00,0x00,0x00,0x00,0x00,0x00,0x00,0x00,0x00,0x00,0x00,0x00,0x00,0x00,0x00,
    0x00,0x00,0x00,0x00,0x00,0x00,0x00,0x00,0x00,0x00,0x00,0x00,0x00,0x00,0x00,0x00,
    0x00,0x00,0x00,0x00,0x00,0x00,0x00,0x00,0x00,0x00,0x00,0x00,0x00,0x00,0x00,0x00,
    0x00,0x00,0x00,0x00,0x00,0x00,0x00,0x00,0x00,0x00,0x00,0x00,0x00,0x00,0x00,0x00,
    0x00,0x00,0x00,0x00,0x00,0x00,0x00,0x00,0x00,0x00,0x00,0x00,0x00,0x00,0x00,0x00,
    0x00,0x00,0x00,0x00,0x00,0x00,0x00,0x00,0x00,0x00,0x00,0x00,0x00,0x00,0x00,0x00,
    0x00,0x00,0x00,0x00,0x00,0x00,0x00,0x00,0x00,0x00,0x00,0x00,0x00,0x00,0x00,0x00,
    0x00,0x00,0x00,0x00,0x00,0x00,0x00,0x00,0x00,0x00,0x00,0x00,0x00,0x00,0x00,0x00,
    0x00,0x00,0x00,0x00,0x00,0x00,0x00,0x00,0x00,0x00,0x00,0x00,0x00,0x00,0x00,0x00,
    0x00,0x00,0x00,0x00,0x00,0x00,0x00,0x00,0x00,0x00,0x00,0x00,0x00,0x00,0x00,0x00,
    0x00,0x00,0x00,0x00,0x00,0x00,0x00,0x00,0x00,0x00,0x00,0x00,0x00,0x00,0x00,0x00,
    0x00,0x00,0x00,0x00,0x00,0x00,0x00,0x00,0x00,0x00,0x00,0x00,0x00,0x00,0x00,0x00,
    0x00,0x00,0x00,0x00,0x00,0x00,0x00,0x00,0x00,0x00,0x00,0x00,0x00,0x00,0x00,0x00,
    0x00,0x00,0x00,0x00,0x00,0x00,0x00,0x00,0x00,0x00,0x00,0x00,0x00,0x00,0x00,0x00,
    0x00,0x00,0x00,0x00,0x00,0x00,0x00,0x00,0x00,0x00,0x00,0x00,0x00,0x00,0x00,0x00,
    0x00,0x00,0x00,0x00,0x00,0x00,0x00,0x00,0x00,0x00,0x00,0x00,0x00,0x00,0x00,0x00,
    0x00,0x00,0x00,0x00,0x00,0x00,0x00,0x00,0x00,0x00,0x00,0x00,0x00,0x00,0x00,0x00,
    0x00,0x00,0x00,0x00,0x00,0x00,0x00,0x00,0x00,0x00,0x00,0x00,0x00,0x00,0x00,0x00,
    0x00,0x00,0x00,0x00,0x00,0x00,0x00,0x00,0x00,0x00,0x00,0x00,0x00,0x00,0x00,0x00,
    0x00,0x00,0x00,0x00,0x00,0x00,0x00,0x00,0x00,0x00,0x00,0x00,0x00,0x00,0x00,0x00,
    0x00,0x00,0x00,0x00,0x00,0x00,0x00,0x00,0x00,0x00,0x00,0x00,0x00,0x00,0x00,0x00,
    0x00,0x00,0x00,0x00,0x00,0x00,0x00,0x00,0x00,0x00,0x00,0x00,0x00,0x00,0x00,0x00,
    0x00,0x00,0x00,0x00,0x00,0x00,0x00,0x00,0x00,0x00,0x00,0x00,0x00,0x00,0x00,0x00,
    0x00,0x00,0x00,0x00,0x00,0x00,0x00,0x00,0x00,0x00,0x00,0x00,0x00,0x00,0x00,0x00,
    0x00,0x00,0x00,0x00,0x00,0x00,0x00,0x00,0x00,0x00,0x00,0x00,0x00,0x00,0x00,0x00,
    0x00,0x00,0x00,0x00,0x00,0x00,0x00,0x00,0x00,0x00,0x00,0x00,0x00,0x00,0x00,0x00,
    0x00,0x00,0x00,0x00,0x00,0x00,0x00,0x00,0x00,0x00,0x00,0x00,0x00,0x00,0x00,0x00,
    0x00,0x00,0x00,0x00,0x00,0x00,0x00,0x00,0x00,0x00,0x00,0x00,0x00,0x00,0x00,0x00,
    0x00,0x00,0x00,0x00,0x00,0x00,0x00,0x00,0x00,0x00,0x00,0x00,0x00,0x00,0x00,0x00,
    0x00,0x00,0x00,0x00,0x00,0x00,0x00,0x00,0x00,0x00,0x00,0x00,0x00,0x00,0x00,0x00,
    0x00,0x00,0x00,0x00,0x00,0x00,0x00,0x00,0x00,0x00,0x00,0x00,0x00,0x00,0x00,0x00,
    0x00,0x00,0x00,0x00,0x00,0x00,0x00,0x00,0x00,0x00,0x00,0x00,0x00,0x00,0x00,0x00,
    0x00,0x00,0x00,0x00,0x00,0x00,0x00,0x00,0x00,0x00,0x00,0x00,0x00,0x00,0x00,0x00,
    0x00,0x00,0x00,0x00,0x00,0x00,0x00,0x00,0x00,0x00,0x00,0x00,0x00,0x00,0x00,0x00,
    0x00,0x00,0x00,0x00,0x00,0x00,0x00,0x00,0x00,0x00,0x00,0x00,0x00,0x00,0x00,0x00,
    0x00,0x00,0x00,0x00,0x00,0x00,0x00,0x00,0x00,0x00,0x00,0x00,0x00,0x00,0x00,0x00,
    0x00,0x00,0x00,0x00,0x00,0x00,0x00,0x00,0x00,0x00,0x00,0x00,0x00,0x00,0x00,0x00,
    0x00,0x00,0x00,0x00,0x00,0x00,0x00,0x00,0x00,0x00,0x00,0x00,0x00,0x00,0x00,0x00,
    0x00,0x00,0x00,0x00,0x00,0x00,0x00,0x00,0x00,0x00,0x00,0x00,0x00,0x00,0x00,0x00,
    0x00,0x00,0x00,0x00,0x00,0x00,0x00,0x00,0x00,0x00,0x00,0x00,0x00,0x00,0x00,0x00,
    0x00,0x00,0x00,0x00,0x00,0x00,0x00,0x00,0x00,0x00,0x00,0x00,0x00,0x00,0x00,0x00,
    0x00,0x00,0x00,0x00,0x00,0x00,0x00,0x00,0x00,0x00,0x00,0x00,0x00,0x00,0x00,0x00,
    0x00,0x00,0x00,0x00,0x00,0x00,0x00,0x00,0x00,0x00,0x00,0x00,0x00,0x00,0x00,0x00,
    0x00,0x00,0x00,0x00,0x00,0x00,0x00,0x00,0x00,0x00,0x00,0x00,0x00,0x00,0x00,0x00,
    0x00,0x00,0x00,0x00,0x00,0x00,0x00,0x00,0x00,0x00,0x00,0x00,0x00,0x00,0x00,0x00,
    0x00,0x00,0x00,0x00,0x00,0x00,0x00,0x00,0x00,0x00,0x00,0x00,0x00,0x00,0x00,0x00,
    0x00,0x00,0x00,0x00,0x00,0x00,0x00,0x00,0x00,0x00,0x00,0x00,0x00,0x00,0x00,0x00,
    0x00,0x00,0x00,0x00,0x00,0x00,0x00,0x00,0x00,0x00,0x00,0x00,0x00,0x00,0x00,0x00,
    0x00,0x00,0x00,0x00,0x00,0x00,0x00,0x00,0x00,0x00,0x00,0x00,0x00,0x00,0x00,0x00,
    0x00,0x00,0x00,0x00,0x00,0x00,0x00,0x00,0x00,0x00,0x00,0x00,0x00,0x00,0x00,0x00,
    0x00,0x00,0x00,0x00,0x00,0x00,0x00,0x00,0x00,0x00,0x00,0x00,0x00,0x00,0x00,0x00,
    0x00,0x00,0x00,0x00,0x00,0x00,0x00,0x00,0x00,0x00,0x00,0x00,0x00,0x00,0x00,0x00,
    0x00,0x00,0x00,0x00,0x00,0x00,0x00,0x00,0x00,0x00,0x00,0x00,0x00,0x00,0x00,0x00,
    0x00,0x00,0x00,0x00,0x00,0x00,0x00,0x00,0x00,0x00,0x00,0x00,0x00,0x00,0x00,0x00,
    0x00,0x00,0x00,0x00,0x00,0x00,0x00,0x00,0x00,0x00,0x00,0x00,0x00,0x00,0x00,0x00,
    0x00,0x00,0x00,0x00,0x00,0x00,0x00,0x00,0x00,0x00,0x00,0x00,0x00,0x00,0x00,0x00,
    0x00,0x00,0x00,0x00,0x00,0x00,0x00,0x00,0x00,0x00,0x00,0x00,0x00,0x00,0x00,0x00,
    0x00,0x00,0x00,0x00,0x00,0x00,0x00,0x00,0x00,0x00,0x00,0x00,0x00,0x00,0x00,0x00,
    0x00,0x00,0x00,0x00,0x00,0x00,0x00,0x00,0x00,0x00,0x00,0x00,0x00,0x00,0x00,0x00,
    0x00,0x00,0x00,0x00,0x00,0x00,0x00,0x00,0x00,0x00,0x00,0x00,0x00,0x00,0x00,0x00,
    0x00,0x00,0x00,0x00,0x00,0x00,0x00,0x00,0x00,0x00,0x00,0x00,0x00,0x00,0x00,0x00,
    0x00,0x00,0x00,0x00,0x00,0x00,0x00,0x00,0x00,0x00,0x00,0x00,0x00,0x00,0x00,0x00,
    0x00,0x00,0x00,0x00,0x00,0x00,0x00,0x00,0x00,0x00,0x00,0x00,0x00,0x00,0x00,0x00,
    0x00,0x00,0x00,0x00,0x00,0x00,0x00,0x00,0x00,0x00,0x00,0x00,0x00,0x00,0x00,0x00,
    0x00,0x00,0x00,0x00,0x00,0x00,0x00,0x00,0x00,0x00,0x00,0x00,0x00,0x00,0x00,0x00,
    0x00,0x00,0x00,0x00,0x00,0x00,0x00,0x00,0x00,0x00,0x00,0x00,0x00,0x00,0x00,0x00,
    0x00,0x00,0x00,0x00,0x00,0x00,0x00,0x00,0x00,0x00,0x00,0x00,0x00,0x00,0x00,0x00,
    0x00,0x00,0x00,0x00,0x00,0x00,0x00,0x00,0x00,0x00,0x00,0x00,0x00,0x00,0x00,0x00,
    0x00,0x00,0x00,0x00,0x00,0x00,0x00,0x00,0x00,0x00,0x00,0x00,0x00,0x00,0x00,0x00,
    0x00,0x00,0x00,0x00,0x00,0x00,0x00,0x00,0x00,0x00,0x00,0x00,0x00,0x00,0x00,0x00,
    0x00,0x00,0x00,0x00,0x00,0x00,0x00,0x00,0x00,0x00,0x00,0x00,0x00,0x00,0x00,0x00,
    0x00,0x00,0x00,0x00,0x00,0x00,0x00,0x00,0x00,0x00,0x00,0x00,0x00,0x00,0x00,0x00,
    0x00,0x00,0x00,0x00,0x00,0x00,0x00,0x00,0x00,0x00,0x00,0x00,0x00,0x00,0x00,0x00,
    0x00,0x00,0x00,0x00,0x00,0x00,0x00,0x00,0x00,0x00,0x00,0x00,0x00,0x00,0x00,0x00,
    0x00,0x00,0x00,0x00,0x00,0x00,0x00,0x00,0x00,0x00,0x00,0x00,0x00,0x00,0x00,0x00,
    0x00,0x00,0x00,0x00,0x00,0x00,0x00,0x00,0x00,0x00,0x00,0x00,0x00,0x00,0x00,0x00,
    0x00,0x00,0x00,0x00,0x00,0x00,0x00,0x00,0x00,0x00,0x00,0x00,0x00,0x00,0x00,0x00,
    0x00,0x00,0x00,0x00,0x00,0x00,0x00,0x00,0x00,0x00,0x00,0x00,0x00,0x00,0x00,0x00,
    0x00,0x00,0x00,0x00,0x00,0x00,0x00,0x00,0x00,0x00,0x00,0x00,0x00,0x00,0x00,0x00,
    0x00,0x00,0x00,0x00,0x00,0x00,0x00,0x00,0x00,0x00,0x00,0x00,0x00,0x00,0x00,0x00,
    0x00,0x00,0x00,0x00,0x00,0x00,0x00,0x00,0x00,0x00,0x00,0x00,0x00,0x00,0x00,0x00,
    0x00,0x00,0x00,0x00,0x00,0x00,0x00,0x00,0x00,0x00,0x00,0x00,0x00,0x00,0x00,0x00,
    0x00,0x00,0x00,0x00,0x00,0x00,0x00,0x00,0x00,0x00,0x00,0x00,0x00,0x00,0x00,0x00,
    0x00,0x00,0x00,0x00,0x00,0x00,0x00,0x00,0x00,0x00,0x00,0x00,0x00,0x00,0x00,0x00,
    0x00,0x00,0x00,0x00,0x00,0x00,0x00,0x00,0x00,0x00,0x00,0x00,0x00,0x00,0x00,0x00,
    0x00,0x00,0x00,0x00,0x00,0x00,0x00,0x00,0x00,0x00,0x00,0x00,0x00,0x00,0x00,0x00,
    0x00,0x00,0x00,0x00,0x00,0x00,0x00,0x00,0x00,0x00,0x00,0x00,0x00,0x00,0x00,0x00,
    0x00,0x00,0x00,0x00,0x00,0x00,0x00,0x00,0x00,0x00,0x00,0x00,0x00,0x00,0x00,0x00,
    0x00,0x00,0x00,0x00,0x00,0x00,0x00,0x00,0x00,0x00,0x00,0x00,0x00,0x00,0x00,0x00,
    0x00,0x00,0x00,0x00,0x00,0x00,0x00,0x00,0x00,0x00,0x00,0x00,0x00,0x00,0x00,0x00,
    0x00,0x00,0x00,0x00,0x00,0x00,0x00,0x00,0x00,0x00,0x00,0x00,0x00,0x00,0x00,0x00,
    0x00,0x00,0x00,0x00,0x00,0x00,0x00,0x00,0x00,0x00,0x00,0x00,0x00,0x00,0x00,0x00,
    0x00,0x00,0x00,0x00,0x00,0x00,0x00,0x00,0x00,0x00,0x00,0x00,0x00,0x00,0x00,0x00,
    0x00,0x00,0x00,0x00,0x00,0x00,0x00,0x00,0x00,0x00,0x00,0x00,0x00,0x00,0x00,0x00,
    0x00,0x00,0x00,0x00,0x00,0x00,0x00,0x00,0x00,0x00,0x00,0x00,0x00,0x00,0x00,0x00,
    0x00,0x00,0x00,0x00,0x00,0x00,0x00,0x00,0x00,0x00,0x00,0x00,0x00,0x00,0x00,0x00,
    0x00,0x00,0x00,0x00,0x00,0x00,0x00,0x00,0x00,0x00,0x00,0x00,0x00,0x00,0x00,0x00,
    0x00,0x00,0x00,0x00,0x00,0x00,0x00,0x00,0x00,0x00,0x00,0x00,0x00,0x00,0x00,0x00,
    0x00,0x00,0x00,0x00,0x00,0x00,0x00,0x00,0x00,0x00,0x00,0x00,0x00,0x00,0x00,0x00,
    0x00,0x00,0x00,0x00,0x00,0x00,0x00,0x00,0x00,0x00,0x00,0x00,0x00,0x00,0x00,0x00,
    0x00,0x00,0x00,0x00,0x00,0x00,0x00,0x00,0x00,0x00,0x00,0x00,0x00,0x00,0x00,0x00,
    0x00,0x00,0x00,0x00,0x00,0x00,0x00,0x00,0x00,0x00,0x00,0x00,0x00,0x00,0x00,0x00,
    0x00,0x00,0x00,0x00,0x00,0x00,0x00,0x00,0x00,0x00,0x00,0x00,0x00,0x00,0x00,0x00,
    0x00,0x00,0x00,0x00,0x00,0x00,0x00,0x00,0x00,0x00,0x00,0x00,0x00,0x00,0x00,0x00,
    0x00,0x00,0x00,0x00,0x00,0x00,0x00,0x00,0x00,0x00,0x00,0x00,0x00,0x00,0x00,0x00,
    0x00,0x00,0x00,0x00,0x00,0x00,0x00,0x00,0x00,0x00,0x00,0x00,0x00,0x00,0x00,0x00,
    0x00,0x00,0x00,0x00,0x00,0x00,0x00,0x00,0x00,0x00,0x00,0x00,0x00,0x00,0x00,0x00,
    0x00,0x00,0x00,0x00,0x00,0x00,0x00,0x00,0x00,0x00,0x00,0x00,0x00,0x00,0x00,0x00,
    0x00,0x00,0x00,0x00,0x00,0x00,0x00,0x00,0x00,0x00,0x00,0x00,0x00,0x00,0x00,0x00,
    0x00,0x00,0x00,0x00,0x00,0x00,0x00,0x00,0x00,0x00,0x00,0x00,0x00,0x00,0x00,0x00,
    0x00,0x00,0x00,0x00,0x00,0x00,0x00,0x00,0x00,0x00,0x00,0x00,0x00,0x00,0x00,0x00,
    0x00,0x00,0x00,0x00,0x00,0x00,0x00,0x00,0x00,0x00,0x00,0x00,0x00,0x00,0x00,0x00,
    0x00,0x00,0x00,0x00,0x00,0x00,0x00,0x00,0x00,0x00,0x00,0x00,0x00,0x00,0x00,0x00,
    0x00,0x00,0x00,0x00,0x00,0x00,0x00,0x00,0x00,0x00,0x00,0x00,0x00,0x00,0x00,0x00,
    0x00,0x00,0x00,0x00,0x00,0x00,0x00,0x00,0x00,0x00,0x00,0x00,0x00,0x00,0x00,0x00,
    0x00,0x00,0x00,0x00,0x00,0x00,0x00,0x00,0x00,0x00,0x00,0x00,0x00,0x00,0x00,0x00,
    0x00,0x00,0x00,0x00,0x00,0x00,0x00,0x00,0x00,0x00,0x00,0x00,0x00,0x00,0x00,0x00,
    0x00,0x00,0x00,0x00,0x00,0x00,0x00,0x00,0x00,0x00,0x00,0x00,0x00,0x00,0x00,0x00,
    0x00,0x00,0x00,0x00,0x00,0x00,0x00,0x00,0x00,0x00,0x00,0x00,0x00,0x00,0x00,0x00,
    0x00,0x00,0x00,0x00,0x00,0x00,0x00,0x00,0x00,0x00,0x00,0x00,0x00,0x00,0x00,0x00,
    0x00,0x00,0x00,0x00,0x00,0x00,0x00,0x00,0x00,0x00,0x00,0x00,0x00,0x00,0x00,0x00,
    0x00,0x00,0x00,0x00,0x00,0x00,0x00,0x00,0x00,0x00,0x00,0x00,0x00,0x00,0x00,0x00,
    0x00,0x00,0x00,0x00,0x00,0x00,0x00,0x00,0x00,0x00,0x00,0x00,0x00,0x00,0x00,0x00,
    0x00,0x00,0x00,0x00,0x00,0x00,0x00,0x00,0x00,0x00,0x00,0x00,0x00,0x00,0x00,0x00,
    0x00,0x00,0x00,0x00,0x00,0x00,0x00,0x00,0x00,0x00,0x00,0x00,0x00,0x00,0x00,0x00,
    0x00,0x00,0x00,0x00,0x00,0x00,0x00,0x00,0x00,0x00,0x00,0x00,0x00,0x00,0x00,0x00,
    0x00,0x00,0x00,0x00,0x00,0x00,0x00,0x00,0x00,0x00,0x00,0x00,0x00,0x00,0x00,0x00,
    0x00,0x00,0x00,0x00,0x00,0x00,0x00,0x00,0x00,0x00,0x00,0x00,0x00,0x00,0x00,0x00,
    0x00,0x00,0x00,0x00,0x00,0x00,0x00,0x00,0x00,0x00,0x00,0x00,0x00,0x00,0x00,0x00,
    0x00,0x00,0x00,0x00,0x00,0x00,0x00,0x00,0x00,0x00,0x00,0x00,0x00,0x00,0x00,0x00,
    0x00,0x00,0x00,0x00,0x00,0x00,0x00,0x00,0x00,0x00,0x00,0x00,0x00,0x00,0x00,0x00,
    0x00,0x00,0x00,0x00,0x00,0x00,0x00,0x00,0x00,0x00,0x00,0x00,0x00,0x00,0x00,0x00,
    0x00,0x00,0x00,0x00,0x00,0x00,0x00,0x00,0x00,0x00,0x00,0x00,0x00,0x00,0x00,0x00,
    0x00,0x00,0x00,0x00,0x00,0x00,0x00,0x00,0x00,0x00,0x00,0x00,0x00,0x00,0x00,0x00,
    0x00,0x00,0x00,0x00,0x00,0x00,0x00,0x00,0x00,0x00,0x00,0x00,0x00,0x00,0x00,0x00,
    0x00,0x00,0x00,0x00,0x00,0x00,0x00,0x00,0x00,0x00,0x00,0x00,0x00,0x00,0x00,0x00,
    0x00,0x00,0x00,0x00,0x00,0x00,0x00,0x00,0x00,0x00,0x00,0x00,0x00,0x00,0x00,0x00,
    0x00,0x00,0x00,0x00,0x00,0x00,0x00,0x00,0x00,0x00,0x00,0x00,0x00,0x00,0x00,0x00,
    0x00,0x00,0x00,0x00,0x00,0x00,0x00,0x00,0x00,0x00,0x00,0x00,0x00,0x00,0x00,0x00,
    0x00,0x00,0x00,0x00,0x00,0x00,0x00,0x00,0x00,0x00,0x00,0x00,0x00,0x00,0x00,0x00,
    0x00,0x00,0x00,0x00,0x00,0x00,0x00,0x00,0x00,0x00,0x00,0x00,0x00,0x00,0x00,0x00,
    0x00,0x00,0x00,0x00,0x00,0x00,0x00,0x00,0x00,0x00,0x00,0x00,0x00,0x00,0x00,0x00,
    0x00,0x00,0x00,0x00,0x00,0x00,0x00,0x00,0x00,0x00,0x00,0x00,0x00,0x00,0x00,0x00,
    0x00,0x00,0x00,0x00,0x00,0x00,0x00,0x00,0x00,0x00,0x00,0x00,0x00,0x00,0x00,0x00,
    0x00,0x00,0x00,0x00,0x00,0x00,0x00,0x00,0x00,0x00,0x00,0x00,0x00,0x00,0x00,0x00,
    0x00,0x00,0x00,0x00,0x00,0x00,0x00,0x00,0x00,0x00,0x00,0x00,0x00,0x00,0x00,0x00,
    0x00,0x00,0x00,0x00,0x00,0x00,0x00,0x00,0x00,0x00,0x00,0x00,0x00,0x00,0x00,0x00,
    0x00,0x00,0x00,0x00,0x00,0x00,0x00,0x00,0x00,0x00,0x00,0x00,0x00,0x00,0x00,0x00,
    0x00,0x00,0x00,0x00,0x00,0x00,0x00,0x00,0x00,0x00,0x00,0x00,0x00,0x00,0x00,0x00,
    0x00,0x00,0x00,0x00,0x00,0x00,0x00,0x00,0x00,0x00,0x00,0x00,0x00,0x00,0x00,0x00,
    0x00,0x00,0x00,0x00,0x00,0x00,0x00,0x00,0x00,0x00,0x00,0x00,0x00,0x00,0x00,0x00,
    0x00,0x00,0x00,0x00,0x00,0x00,0x00,0x00,0x00,0x00,0x00,0x00,0x00,0x00,0x00,0x00,
    0x00,0x00,0x00,0x00,0x00,0x00,0x00,0x00,0x00,0x00,0x00,0x00,0x00,0x00,0x00,0x00,
    0x00,0x00,0x00,0x00,0x00,0x00,0x00,0x00,0x00,0x00,0x00,0x00,0x00,0x00,0x00,0x00,
    0x00,0x00,0x00,0x00,0x00,0x00,0x00,0x00,0x00,0x00,0x00,0x00,0x00,0x00,0x00,0x00,
    0x00,0x00,0x00,0x00,0x00,0x00,0x00,0x00,0x00,0x00,0x00,0x00,0x00,0x00,0x00,0x00,
    0x00,0x00,0x00,0x00,0x00,0x00,0x00,0x00,0x00,0x00,0x00,0x00,0x00,0x00,0x00,0x00,
    0x00,0x00,0x00,0x00,0x00,0x00,0x00,0x00,0x00,0x00,0x00,0x00,0x00,0x00,0x00,0x00,
    0x00,0x00,0x00,0x00,0x00,0x00,0x00,0x00,0x00,0x00,0x00,0x00,0x00,0x00,0x00,0x00,
    0x00,0x00,0x00,0x00,0x00,0x00,0x00,0x00,0x00,0x00,0x00,0x00,0x00,0x00,0x00,0x00,
    0x00,0x00,0x00,0x00,0x00,0x00,0x00,0x00,0x00,0x00,0x00,0x00,0x00,0x00,0x00,0x00,
    0x00,0x00,0x00,0x00,0x00,0x00,0x00,0x00,0x00,0x00,0x00,0x00,0x00,0x00,0x00,0x00,
    0x00,0x00,0x00,0x00,0x00,0x00,0x00,0x00,0x00,0x00,0x00,0x00,0x00,0x00,0x00,0x00,
    0x00,0x00,0x00,0x00,0x00,0x00,0x00,0x00,0x00,0x00,0x00,0x00,0x00,0x00,0x00,0x00,
    0x00,0x00,0x00,0x00,0x00,0x00,0x00,0x00,0x00,0x00,0x00,0x00,0x00,0x00,0x00,0x00,
    0x00,0x00,0x00,0x00,0x00,0x00,0x00,0x00,0x00,0x00,0x00,0x00,0x00,0x00,0x00,0x00,
    0x00,0x00,0x00,0x00,0x00,0x00,0x00,0x00,0x00,0x00,0x00,0x00,0x00,0x00,0x00,0x00,
    0x00,0x00,0x00,0x00,0x00,0x00,0x00,0x00,0x00,0x00,0x00,0x00,0x00,0x00,0x00,0x00,
    0x00,0x00,0x00,0x00,0x00,0x00,0x00,0x00,0x00,0x00,0x00,0x00,0x00,0x00,0x00,0x00,
    0x00,0x00,0x00,0x00,0x00,0x00,0x00,0x00,0x00,0x00,0x00,0x00,0x00,0x00,0x00,0x00,
    0x00,0x00,0x00,0x00,0x00,0x00,0x00,0x00,0x00,0x00,0x00,0x00,0x00,0x00,0x00,0x00,
    0x00,0x00,0x00,0x00,0x00,0x00,0x00,0x00,0x00,0x00,0x00,0x00,0x00,0x00,0x00,0x00,
    0x00,0x00,0x00,0x00,0x00,0x00,0x00,0x00,0x00,0x00,0x00,0x00,0x00,0x00,0x00,0x00,
    0x00,0x00,0x00,0x00,0x00,0x00,0x00,0x00,0x00,0x00,0x00,0x00,0x00,0x00,0x00,0x00,
    0x00,0x00,0x00,0x00,0x00,0x00,0x00,0x00,0x00,0x00,0x00,0x00,0x00,0x00,0x00,0x00,
    0x00,0x00,0x00,0x00,0x00,0x00,0x00,0x00,0x00,0x00,0x00,0x00,0x00,0x00,0x00,0x00,
    0x00,0x00,0x00,0x00,0x00,0x00,0x00,0x00,0x00,0x00,0x00,0x00,0x00,0x00,0x00,0x00,
    0x00,0x00,0x00,0x00,0x00,0x00,0x00,0x00,0x00,0x00,0x00,0x00,0x00,0x00,0x00,0x00,
    0x00,0x00,0x00,0x00,0x00,0x00,0x00,0x00,0x00,0x00,0x00,0x00,0x00,0x00,0x00,0x00,
    0x00,0x00,0x00,0x00,0x00,0x00,0x00,0x00,0x00,0x00,0x00,0x00,0x00,0x00,0x00,0x00,
    0x00,0x00,0x00,0x00,0x00,0x00,0x00,0x00,0x00,0x00,0x00,0x00,0x00,0x00,0x00,0x00,
    0x00,0x00,0x00,0x00,0x00,0x00,0x00,0x00,0x00,0x00,0x00,0x00,0x00,0x00,0x00,0x00,
    0x00,0x00,0x00,0x00,0x00,0x00,0x00,0x00,0x00,0x00,0x00,0x00,0x00,0x00,0x00,0x00,
    0x00,0x00,0x00,0x00,0x00,0x00,0x00,0x00,0x00,0x00,0x00,0x00,0x00,0x00,0x00,0x00,
    0x00,0x00,0x00,0x00,0x00,0x00,0x00,0x00,0x00,0x00,0x00,0x00,0x00,0x00,0x00,0x00,
    0x00,0x00,0x00,0x00,0x00,0x00,0x00,0x00,0x00,0x00,0x00,0x00,0x00,0x00,0x00,0x00,
    0x00,0x00,0x00,0x00,0x00,0x00,0x00,0x00,0x00,0x00,0x00,0x00,0x00,0x00,0x00,0x00,
    0x00,0x00,0x00,0x00,0x00,0x00,0x00,0x00,0x00,0x00,0x00,0x00,0x00,0x00,0x00,0x00,
    0x00,0x00,0x00,0x00,0x00,0x00,0x00,0x00,0x00,0x00,0x00,0x00,0x00,0x00,0x00,0x00,
    0x00,0x00,0x00,0x00,0x00,0x00,0x00,0x00,0x00,0x00,0x00,0x00,0x00,0x00,0x00,0x00,
    0x00,0x00,0x00,0x00,0x00,0x00,0x00,0x00,0x00,0x00,0x00,0x00,0x00,0x00,0x00,0x00,
    0x00,0x00,0x00,0x00,0x00,0x00,0x00,0x00,0x00,0x00,0x00,0x00,0x00,0x00,0x00,0x00,
    0x00,0x00,0x00,0x00,0x00,0x00,0x00,0x00,0x00,0x00,0x00,0x00,0x00,0x00,0x00,0x00,
    0x00,0x00,0x00,0x00,0x00,0x00,0x00,0x00,0x00,0x00,0x00,0x00,0x00,0x00,0x00,0x00,
    0x00,0x00,0x00,0x00,0x00,0x00,0x00,0x00,0x00,0x00,0x00,0x00,0x00,0x00,0x00,0x00,
    0x00,0x00,0x00,0x00,0x00,0x00,0x00,0x00,0x00,0x00,0x00,0x00,0x00,0x00,0x00,0x00,
    0x00,0x00,0x00,0x00,0x00,0x00,0x00,0x00,0x00,0x00,0x00,0x00,0x00,0x00,0x00,0x00,
    0x00,0x00,0x00,0x00,0x00,0x00,0x00,0x00,0x00,0x00,0x00,0x00,0x00,0x00,0x00,0x00,
    0x00,0x00,0x00,0x00,0x00,0x00,0x00,0x00,0x00,0x00,0x00,0x00,0x00,0x00,0x00,0x00,
    0x00,0x00,0x00,0x00,0x00,0x00,0x00,0x00,0x00,0x00,0x00,0x00,0x00,0x00,0x00,0x00,
    0x00,0x00,0x00,0x00,0x00,0x00,0x00,0x00,0x00,0x00,0x00,0x00,0x00,0x00,0x00,0x00,
    0x00,0x00,0x00,0x00,0x00,0x00,0x00,0x00,0x00,0x00,0x00,0x00,0x00,0x00,0x00,0x00,
    0x00,0x00,0x00,0x00,0x00,0x00,0x00,0x00,0x00,0x00,0x00,0x00,0x00,0x00,0x00,0x00,
    0x00,0x00,0x00,0x00,0x00,0x00,0x00,0x00,0x00,0x00,0x00,0x00,0x00,0x00,0x00,0x00,
    0x00,0x00,0x00,0x00,0x00,0x00,0x00,0x00,0x00,0x00,0x00,0x00,0x00,0x00,0x00,0x00,
    0x00,0x00,0x00,0x00,0x00,0x00,0x00,0x00,0x00,0x00,0x00,0x00,0x00,0x00,0x00,0x00,
    0x00,0x00,0x00,0x00,0x00,0x00,0x00,0x00,0x00,0x00,0x00,0x00,0x00,0x00,0x00,0x00,
    0x00,0x00,0x00,0x00,0x00,0x00,0x00,0x00,0x00,0x00,0x00,0x00,0x00,0x00,0x00,0x00,
    0x00,0x00,0x00,0x00,0x00,0x00,0x00,0x00,0x00,0x00,0x00,0x00,0x00,0x00,0x00,0x00,
    0x00,0x00,0x00,0x00,0x00,0x00,0x00,0x00,0x00,0x00,0x00,0x00,0x00,0x00,0x00,0x00,
    0x00,0x00,0x00,0x00,0x00,0x00,0x00,0x00,0x00,0x00,0x00,0x00,0x00,0x00,0x00,0x00,
    0x00,0x00,0x00,0x00,0x00,0x00,0x00,0x00,0x00,0x00,0x00,0x00,0x00,0x00,0x00,0x00,
    0x00,0x00,0x00,0x00,0x00,0x00,0x00,0x00,0x00,0x00,0x00,0x00,0x00,0x00,0x00,0x00,
    0x00,0x00,0x00,0x00,0x00,0x00,0x00,0x00,0x00,0x00,0x00,0x00,0x00,0x00,0x00,0x00,
    0x00,0x00,0x00,0x00,0x00,0x00,0x00,0x00,0x00,0x00,0x00,0x00,0x00,0x00,0x00,0x00,
    0x00,0x00,0x00,0x00,0x00,0x00,0x00,0x00,0x00,0x00,0x00,0x00,0x00,0x00,0x00,0x00,
    0x00,0x00,0x00,0x00,0x00,0x00,0x00,0x00,0x00,0x00,0x00,0x00,0x00,0x00,0x00,0x00,
    0x00,0x00,0x00,0x00,0x00,0x00,0x00,0x00,0x00,0x00,0x00,0x00,0x00,0x00,0x00,0x00,
    0x00,0x00,0x00,0x00,0x00,0x00,0x00,0x00,0x00,0x00,0x00,0x00,0x00,0x00,0x00,0x00,
    0x00,0x00,0x00,0x00,0x00,0x00,0x00,0x00,0x00,0x00,0x00,0x00,0x00,0x00,0x00,0x00,
    0x00,0x00,0x00,0x00,0x00,0x00,0x00,0x00,0x00,0x00,0x00,0x00,0x00,0x00,0x00,0x00,
    0x00,0x00,0x00,0x00,0x00,0x00,0x00,0x00,0x00,0x00,0x00,0x00,0x00,0x00,0x00,0x00,
    0x00,0x00,0x00,0x00,0x00,0x00,0x00,0x00,0x00,0x00,0x00,0x00,0x00,0x00,0x00,0x00,
    0x00,0x00,0x00,0x00,0x00,0x00,0x00,0x00,0x00,0x00,0x00,0x00,0x00,0x00,0x00,0x00,
    0x00,0x00,0x00,0x00,0x00,0x00,0x00,0x00,0x00,0x00,0x00,0x00,0x00,0x00,0x00,0x00,
    0x00,0x00,0x00,0x00,0x00,0x00,0x00,0x00,0x00,0x00,0x00,0x00,0x00,0x00,0x00,0x00,
    0x00,0x00,0x00,0x00,0x00,0x00,0x00,0x00,0x00,0x00,0x00,0x00,0x00,0x00,0x00,0x00,
    0x00,0x00,0x00,0x00,0x00,0x00,0x00,0x00,0x00,0x00,0x00,0x00,0x00,0x00,0x00,0x00,
    0x00,0x00,0x00,0x00,0x00,0x00,0x00,0x00,0x00,0x00,0x00,0x00,0x00,0x00,0x00,0x00,
    0x00,0x00,0x00,0x00,0x00,0x00,0x00,0x00,0x00,0x00,0x00,0x00,0x00,0x00,0x00,0x00,
    0x00,0x00,0x00,0x00,0x00,0x00,0x00,0x00,0x00,0x00,0x00,0x00,0x00,0x00,0x00,0x00,
    0x00,0x00,0x00,0x00,0x00,0x00,0x00,0x00,0x00,0x00,0x00,0x00,0x00,0x00,0x00,0x00,
    0x00,0x00,0x00,0x00,0x00,0x00,0x00,0x00,0x00,0x00,0x00,0x00,0x00,0x00,0x00,0x00,
    0x00,0x00,0x00,0x00,0x00,0x00,0x00,0x00,0x00,0x00,0x00,0x00,0x00,0x00,0x00,0x00,
    0x00,0x00,0x00,0x00,0x00,0x00,0x00,0x00,0x00,0x00,0x00,0x00,0x00,0x00,0x00,0x00,
    0x00,0x00,0x00,0x00,0x00,0x00,0x00,0x00,0x00,0x00,0x00,0x00,0x00,0x00,0x00,0x00,
    0x00,0x00,0x00,0x00,0x00,0x00,0x00,0x00,0x00,0x00,0x00,0x00,0x00,0x00,0x00,0x00,
    0x00,0x00,0x00,0x00,0x00,0x00,0x00,0x00,0x00,0x00,0x00,0x00,0x00,0x00,0x00,0x00,
    0x00,0x00,0x00,0x00,0x00,0x00,0x00,0x00,0x00,0x00,0x00,0x00,0x00,0x00,0x00,0x00,
    0x00,0x00,0x00,0x00,0x00,0x00,0x00,0x00,0x00,0x00,0x00,0x00,0x00,0x00,0x00,0x00,
    0x00,0x00,0x00,0x00,0x00,0x00,0x00,0x00,0x00,0x00,0x00,0x00,0x00,0x00,0x00,0x00,
    0x00,0x00,0x00,0x00,0x00,0x00,0x00,0x00,0x00,0x00,0x00,0x00,0x00,0x00,0x00,0x00,
    0x00,0x00,0x00,0x00,0x00,0x00,0x00,0x00,0x00,0x00,0x00,0x00,0x00,0x00,0x00,0x00,
    0x00,0x00,0x00,0x00,0x00,0x00,0x00,0x00,0x00,0x00,0x00,0x00,0x00,0x00,0x00,0x00,
    0x00,0x00,0x00,0x00,0x00,0x00,0x00,0x00,0x00,0x00,0x00,0x00,0x00,0x00,0x00,0x00,
    0x00,0x00,0x00,0x00,0x00,0x00,0x00,0x00,0x00,0x00,0x00,0x00,0x00,0x00,0x00,0x00,
    0x00,0x00,0x00,0x00,0x00,0x00,0x00,0x00,0x00,0x00,0x00,0x00,0x00,0x00,0x00,0x00,
    0x00,0x00,0x00,0x00,0x00,0x00,0x00,0x00,0x00,0x00,0x00,0x00,0x00,0x00,0x00,0x00,
    0x00,0x00,0x00,0x00,0x00,0x00,0x00,0x00,0x00,0x00,0x00,0x00,0x00,0x00,0x00,0x00,
    0x00,0x00,0x00,0x00,0x00,0x00,0x00,0x00,0x00,0x00,0x00,0x00,0x00,0x00,0x00,0x00,
    0x00,0x00,0x00,0x00,0x00,0x00,0x00,0x00,0x00,0x00,0x00,0x00,0x00,0x00,0x00,0x00,
    0x00,0x00,0x00,0x00,0x00,0x00,0x00,0x00,0x00,0x00,0x00,0x00,0x00,0x00,0x00,0x00,
    0x00,0x00,0x00,0x00,0x00,0x00,0x00,0x00,0x00,0x00,0x00,0x00,0x00,0x00,0x00,0x00,
    0x00,0x00,0x00,0x00,0x00,0x00,0x00,0x00,0x00,0x00,0x00,0x00,0x00,0x00,0x00,0x00,
    0x00,0x00,0x00,0x00,0x00,0x00,0x00,0x00,0x00,0x00,0x00,0x00,0x00,0x00,0x00,0x00,
    0x00,0x00,0x00,0x00,0x00,0x00,0x00,0x00,0x00,0x00,0x00,0x00,0x00,0x00,0x00,0x00,
    0x00,0x00,0x00,0x00,0x00,0x00,0x00,0x00,0x00,0x00,0x00,0x00,0x00,0x00,0x00,0x00,
    0x00,0x00,0x00,0x00,0x00,0x00,0x00,0x00,0x00,0x00,0x00,0x00,0x00,0x00,0x00,0x00,
    0x00,0x00,0x00,0x00,0x00,0x00,0x00,0x00,0x00,0x00,0x00,0x00,0x00,0x00,0x00,0x00,
    0x00,0x00,0x00,0x00,0x00,0x00,0x00,0x00,0x00,0x00,0x00,0x00,0x00,0x00,0x00,0x00,
    0x00,0x00,0x00,0x00,0x00,0x00,0x00,0x00,0x00,0x00,0x00,0x00,0x00,0x00,0x00,0x00,
    0x00,0x00,0x00,0x00,0x00,0x00,0x00,0x00,0x00,0x00,0x00,0x00,0x00,0x00,0x00,0x00,
    0x00,0x00,0x00,0x00,0x00,0x00,0x00,0x00,0x00,0x00,0x00,0x00,0x00,0x00,0x00,0x00,
    0x00,0x00,0x00,0x00,0x00,0x00,0x00,0x00,0x00,0x00,0x00,0x00,0x00,0x00,0x00,0x00,
    0x00,0x00,0x00,0x00,0x00,0x00,0x00,0x00,0x00,0x00,0x00,0x00,0x00,0x00,0x00,0x00,
    0x00,0x00,0x00,0x00,0x00,0x00,0x00,0x00,0x00,0x00,0x00,0x00,0x00,0x00,0x00,0x00,
    0x00,0x00,0x00,0x00,0x00,0x00,0x00,0x00,0x00,0x00,0x00,0x00,0x00,0x00,0x00,0x00,
    0x00,0x00,0x00,0x00,0x00,0x00,0x00,0x00,0x00,0x00,0x00,0x00,0x00,0x00,0x00,0x00,
    0x00,0x00,0x00,0x00,0x00,0x00,0x00,0x00,0x00,0x00,0x00,0x00,0x00,0x00,0x00,0x00,
    0x00,0x00,0x00,0x00,0x00,0x00,0x00,0x00,0x00,0x00,0x00,0x00,0x00,0x00,0x00,0x00,
    0x00,0x00,0x00,0x00,0x00,0x00,0x00,0x00,0x00,0x00,0x00,0x00,0x00,0x00,0x00,0x00,
    0x00,0x00,0x00,0x00,0x00,0x00,0x00,0x00,0x00,0x00,0x00,0x00,0x00,0x00,0x00,0x00,
    0x00,0x00,0x00,0x00,0x00,0x00,0x00,0x00,0x00,0x00,0x00,0x00,0x00,0x00,0x00,0x00,
    0x00,0x00,0x00,0x00,0x00,0x00,0x00,0x00,0x00,0x00,0x00,0x00,0x00,0x00,0x00,0x00,
    0x00,0x00,0x00,0x00,0x00,0x00,0x00,0x00,0x00,0x00,0x00,0x00,0x00,0x00,0x00,0x00,
    0x00,0x00,0x00,0x00,0x00,0x00,0x00,0x00,0x00,0x00,0x00,0x00,0x00,0x00,0x00,0x00,
    0x00,0x00,0x00,0x00,0x00,0x00,0x00,0x00,0x00,0x00,0x00,0x00,0x00,0x00,0x00,0x00,
    0x00,0x00,0x00,0x00,0x00,0x00,0x00,0x00,0x00,0x00,0x00,0x00,0x00,0x00,0x00,0x00,
    0x00,0x00,0x00,0x00,0x00,0x00,0x00,0x00,0x00,0x00,0x00,0x00,0x00,0x00,0x00,0x00,
    0x00,0x00,0x00,0x00,0x00,0x00,0x00,0x00,0x00,0x00,0x00,0x00,0x00,0x00,0x00,0x00,
    0x00,0x00,0x00,0x00,0x00,0x00,0x00,0x00,0x00,0x00,0x00,0x00,0x00,0x00,0x00,0x00,
    0x00,0x00,0x00,0x00,0x00,0x00,0x00,0x00,0x00,0x00,0x00,0x00,0x00,0x00,0x00,0x00,
    0x00,0x00,0x00,0x00,0x00,0x00,0x00,0x00,0x00,0x00,0x00,0x00,0x00,0x00,0x00,0x00,
    0x00,0x00,0x00,0x00,0x00,0x00,0x00,0x00,0x00,0x00,0x00,0x00,0x00,0x00,0x00,0x00,
    0x00,0x00,0x00,0x00,0x00,0x00,0x00,0x00,0x00,0x00,0x00,0x00,0x00,0x00,0x00,0x00,
    0x00,0x00,0x00,0x00,0x00,0x00,0x00,0x00,0x00,0x00,0x00,0x00,0x00,0x00,0x00,0x00,
    0x00,0x00,0x00,0x00,0x00,0x00,0x00,0x00,0x00,0x00,0x00,0x00,0x00,0x00,0x00,0x00,
    0x00,0x00,0x00,0x00,0x00,0x00,0x00,0x00,0x00,0x00,0x00,0x00,0x00,0x00,0x00,0x00,
    0x00,0x00,0x00,0x00,0x00,0x00,0x00,0x00,0x00,0x00,0x00,0x00,0x00,0x00,0x00,0x00,
    0x00,0x00,0x00,0x00,0x00,0x00,0x00,0x00,0x00,0x00,0x00,0x00,0x00,0x00,0x00,0x00,
    0x00,0x00,0x00,0x00,0x00,0x00,0x00,0x00,0x00,0x00,0x00,0x00,0x00,0x00,0x00,0x00,
    0x00,0x00,0x00,0x00,0x00,0x00,0x00,0x00,0x00,0x00,0x00,0x00,0x00,0x00,0x00,0x00,
    0x00,0x00,0x00,0x00,0x00,0x00,0x00,0x00,0x00,0x00,0x00,0x00,0x00,0x00,0x00,0x00,
    0x00,0x00,0x00,0x00,0x00,0x00,0x00,0x00,0x00,0x00,0x00,0x00,0x00,0x00,0x00,0x00,
    0x00,0x00,0x00,0x00,0x00,0x00,0x00,0x00,0x00,0x00,0x00,0x00,0x00,0x00,0x00,0x00,
    0x00,0x00,0x00,0x00,0x00,0x00,0x00,0x00,0x00,0x00,0x00,0x00,0x00,0x00,0x00,0x00,
    0x00,0x00,0x00,0x00,0x00,0x00,0x00,0x00,0x00,0x00,0x00,0x00,0x00,0x00,0x00,0x00,
    0x00,0x00,0x00,0x00,0x00,0x00,0x00,0x00,0x00,0x00,0x00,0x00,0x00,0x00,0x00,0x00,
    0x00,0x00,0x00,0x00,0x00,0x00,0x00,0x00,0x00,0x00,0x00,0x00,0x00,0x00,0x00,0x00,
    0x00,0x00,0x00,0x00,0x00,0x00,0x00,0x00,0x00,0x00,0x00,0x00,0x00,0x00,0x00,0x00,
    0x00,0x00,0x00,0x00,0x00,0x00,0x00,0x00,0x00,0x00,0x00,0x00,0x00,0x00,0x00,0x00,
    0x00,0x00,0x00,0x00,0x00,0x00,0x00,0x00,0x00,0x00,0x00,0x00,0x00,0x00,0x00,0x00,
    0x00,0x00,0x00,0x00,0x00,0x00,0x00,0x00,0x00,0x00,0x00,0x00,0x00,0x00,0x00,0x00,
    0x00,0x00,0x00,0x00,0x00,0x00,0x00,0x00,0x00,0x00,0x00,0x00,0x00,0x00,0x00,0x00,
    0x00,0x00,0x00,0x00,0x00,0x00,0x00,0x00,0x00,0x00,0x00,0x00,0x00,0x00,0x00,0x00,
    0x00,0x00,0x00,0x00,0x00,0x00,0x00,0x00,0x00,0x00,0x00,0x00,0x00,0x00,0x00,0x00,
    0x00,0x00,0x00,0x00,0x00,0x00,0x00,0x00,0x00,0x00,0x00,0x00,0x00,0x00,0x00,0x00,
    0x00,0x00,0x00,0x00,0x00,0x00,0x00,0x00,0x00,0x00,0x00,0x00,0x00,0x00,0x00,0x00,
    0x00,0x00,0x00,0x00,0x00,0x00,0x00,0x00,0x00,0x00,0x00,0x00,0x00,0x00,0x00,0x00,
    0x00,0x00,0x00,0x00,0x00,0x00,0x00,0x00,0x00,0x00,0x00,0x00,0x00,0x00,0x00,0x00,
    0x00,0x00,0x00,0x00,0x00,0x00,0x00,0x00,0x00,0x00,0x00,0x00,0x00,0x00,0x00,0x00,
    0x00,0x00,0x00,0x00,0x00,0x00,0x00,0x00,0x00,0x00,0x00,0x00,0x00,0x00,0x00,0x00,
    0x00,0x00,0x00,0x00,0x00,0x00,0x00,0x00,0x00,0x00,0x00,0x00,0x00,0x00,0x00,0x00,
    0x00,0x00,0x00,0x00,0x00,0x00,0x00,0x00,0x00,0x00,0x00,0x00,0x00,0x00,0x00,0x00,
    0x00,0x00,0x00,0x00,0x00,0x00,0x00,0x00,0x00,0x00,0x00,0x00,0x00,0x00,0x00,0x00,
    0x00,0x00,0x00,0x00,0x00,0x00,0x00,0x00,0x00,0x00,0x00,0x00,0x00,0x00,0x00,0x00,
    0x00,0x00,0x00,0x00,0x00,0x00,0x00,0x00,0x00,0x00,0x00,0x00,0x00,0x00,0x00,0x00,
    0x00,0x00,0x00,0x00,0x00,0x00,0x00,0x00,0x00,0x00,0x00,0x00,0x00,0x00,0x00,0x00,
    0x00,0x00,0x00,0x00,0x00,0x00,0x00,0x00,0x00,0x00,0x00,0x00,0x00,0x00,0x00,0x00,
    0x00,0x00,0x00,0x00,0x00,0x00,0x00,0x00,0x00,0x00,0x00,0x00,0x00,0x00,0x00,0x00,
    0x00,0x00,0x00,0x00,0x00,0x00,0x00,0x00,0x00,0x00,0x00,0x00,0x00,0x00,0x00,0x00,
    0x00,0x00,0x00,0x00,0x00,0x00,0x00,0x00,0x00,0x00,0x00,0x00,0x00,0x00,0x00,0x00,
    0x00,0x00,0x00,0x00,0x00,0x00,0x00,0x00,0x00,0x00,0x00,0x00,0x00,0x00,0x00,0x00,
    0x00,0x00,0x00,0x00,0x00,0x00,0x00,0x00,0x00,0x00,0x00,0x00,0x00,0x00,0x00,0x00,
    0x00,0x00,0x00,0x00,0x00,0x00,0x00,0x00,0x00,0x00,0x00,0x00,0x00,0x00,0x00,0x00,
    0x00,0x00,0x00,0x00,0x00,0x00,0x00,0x00,0x00,0x00,0x00,0x00,0x00,0x00,0x00,0x00,
    0x00,0x00,0x00,0x00,0x00,0x00,0x00,0x00,0x00,0x00,0x00,0x00,0x00,0x00,0x00,0x00,
    0x00,0x00,0x00,0x00,0x00,0x00,0x00,0x00,0x00,0x00,0x00,0x00,0x00,0x00,0x00,0x00,
    0x00,0x00,0x00,0x00,0x00,0x00,0x00,0x00,0x00,0x00,0x00,0x00,0x00,0x00,0x00,0x00,
    0x00,0x00,0x00,0x00,0x00,0x00,0x00,0x00,0x00,0x00,0x00,0x00,0x00,0x00,0x00,0x00,
    0x00,0x00,0x00,0x00,0x00,0x00,0x00,0x00,0x00,0x00,0x00,0x00,0x00,0x00,0x00,0x00,
    0x00,0x00,0x00,0x00,0x00,0x00,0x00,0x00,0x00,0x00,0x00,0x00,0x00,0x00,0x00,0x00,
    0x00,0x00,0x00,0x00,0x00,0x00,0x00,0x00,0x00,0x00,0x00,0x00,0x00,0x00,0x00,0x00,
    0x00,0x00,0x00,0x00,0x00,0x00,0x00,0x00,0x00,0x00,0x00,0x00,0x00,0x00,0x00,0x00,
    0x00,0x00,0x00,0x00,0x00,0x00,0x00,0x00,0x00,0x00,0x00,0x00,0x00,0x00,0x00,0x00,
    0x00,0x00,0x00,0x00,0x00,0x00,0x00,0x00,0x00,0x00,0x00,0x00,0x00,0x00,0x00,0x00,
    0x00,0x00,0x00,0x00,0x00,0x00,0x00,0x00,0x00,0x00,0x00,0x00,0x00,0x00,0x00,0x00,
    0x00,0x00,0x00,0x00,0x00,0x00,0x00,0x00,0x00,0x00,0x00,0x00,0x00,0x00,0x00,0x00,
    0x00,0x00,0x00,0x00,0x00,0x00,0x00,0x00,0x00,0x00,0x00,0x00,0x00,0x00,0x00,0x00,
    0x00,0x00,0x00,0x00,0x00,0x00,0x00,0x00,0x00,0x00,0x00,0x00,0x00,0x00,0x00,0x00,
    0x00,0x00,0x00,0x00,0x00,0x00,0x00,0x00,0x00,0x00,0x00,0x00,0x00,0x00,0x00,0x00,
    0x00,0x00,0x00,0x00,0x00,0x00,0x00,0x00,0x00,0x00,0x00,0x00,0x00,0x00,0x00,0x00,
    0x00,0x00,0x00,0x00,0x00,0x00,0x00,0x00,0x00,0x00,0x00,0x00,0x00,0x00,0x00,0x00,
    0x00,0x00,0x00,0x00,0x00,0x00,0x00,0x00,0x00,0x00,0x00,0x00,0x00,0x00,0x00,0x00,
    0x00,0x00,0x00,0x00,0x00,0x00,0x00,0x00,0x00,0x00,0x00,0x00,0x00,0x00,0x00,0x00,
    0x00,0x00,0x00,0x00,0x00,0x00,0x00,0x00,0x00,0x00,0x00,0x00,0x00,0x00,0x00,0x00,
    0x00,0x00,0x00,0x00,0x00,0x00,0x00,0x00,0x00,0x00,0x00,0x00,0x00,0x00,0x00,0x00,
    0x00,0x00,0x00,0x00,0x00,0x00,0x00,0x00,0x00,0x00,0x00,0x00,0x00,0x00,0x00,0x00,
    0x00,0x00,0x00,0x00,0x00,0x00,0x00,0x00,0x00,0x00,0x00,0x00,0x00,0x00,0x00,0x00,
    0x00,0x00,0x00,0x00,0x00,0x00,0x00,0x00,0x00,0x00,0x00,0x00,0x00,0x00,0x00,0x00,
    0x00,0x00,0x00,0x00,0x00,0x00,0x00,0x00,0x00,0x00,0x00,0x00,0x00,0x00,0x00,0x00,
    0x00,0x00,0x00,0x00,0x00,0x00,0x00,0x00,0x00,0x00,0x00,0x00,0x00,0x00,0x00,0x00,
    0x00,0x00,0x00,0x00,0x00,0x00,0x00,0x00,0x00,0x00,0x00,0x00,0x00,0x00,0x00,0x00,
    0x00,0x00,0x00,0x00,0x00,0x00,0x00,0x00,0x00,0x00,0x00,0x00,0x00,0x00,0x00,0x00,
    0x00,0x00,0x00,0x00,0x00,0x00,0x00,0x00,0x00,0x00,0x00,0x00,0x00,0x00,0x00,0x00,
    0x00,0x00,0x00,0x00,0x00,0x00,0x00,0x00,0x00,0x00,0x00,0x00,0x00,0x00,0x00,0x00,
    0x00,0x00,0x00,0x00,0x00,0x00,0x00,0x00,0x00,0x00,0x00,0x00,0x00,0x00,0x00,0x00,
    0x00,0x00,0x00,0x00,0x00,0x00,0x00,0x00,0x00,0x00,0x00,0x00,0x00,0x00,0x00,0x00,
    0x00,0x00,0x00,0x00,0x00,0x00,0x00,0x00,0x00,0x00,0x00,0x00,0x00,0x00,0x00,0x00,
    0x00,0x00,0x00,0x00,0x00,0x00,0x00,0x00,0x00,0x00,0x00,0x00,0x00,0x00,0x00,0x00,
    0x00,0x00,0x00,0x00,0x00,0x00,0x00,0x00,0x00,0x00,0x00,0x00,0x00,0x00,0x00,0x00,
    0x00,0x00,0x00,0x00,0x00,0x00,0x00,0x00,0x00,0x00,0x00,0x00,0x00,0x00,0x00,0x00,
    0x00,0x00,0x00,0x00,0x00,0x00,0x00,0x00,0x00,0x00,0x00,0x00,0x00,0x00,0x00,0x00,
    0x00,0x00,0x00,0x00,0x00,0x00,0x00,0x00,0x00,0x00,0x00,0x00,0x00,0x00,0x00,0x00,
    0x00,0x00,0x00,0x00,0x00,0x00,0x00,0x00,0x00,0x00,0x00,0x00,0x00,0x00,0x00,0x00,
    0x00,0x00,0x00,0x00,0x00,0x00,0x00,0x00,0x00,0x00,0x00,0x00,0x00,0x00,0x00,0x00,
    0x00,0x00,0x00,0x00,0x00,0x00,0x00,0x00,0x00,0x00,0x00,0x00,0x00,0x00,0x00,0x00,
    0x00,0x00,0x00,0x00,0x00,0x00,0x00,0x00,0x00,0x00,0x00,0x00,0x00,0x00,0x00,0x00,
    0x00,0x00,0x00,0x00,0x00,0x00,0x00,0x00,0x00,0x00,0x00,0x00,0x00,0x00,0x00,0x00,
    0x00,0x00,0x00,0x00,0x00,0x00,0x00,0x00,0x00,0x00,0x00,0x00,0x00,0x00,0x00,0x00,
    0x00,0x00,0x00,0x00,0x00,0x00,0x00,0x00,0x00,0x00,0x00,0x00,0x00,0x00,0x00,0x00,
    0x00,0x00,0x00,0x00,0x00,0x00,0x00,0x00,0x00,0x00,0x00,0x00,0x00,0x00,0x00,0x00,
    0x00,0x00,0x00,0x00,0x00,0x00,0x00,0x00,0x00,0x00,0x00,0x00,0x00,0x00,0x00,0x00,
    0x00,0x00,0x00,0x00,0x00,0x00,0x00,0x00,0x00,0x00,0x00,0x00,0x00,0x00,0x00,0x00,
    0x00,0x00,0x00,0x00,0x00,0x00,0x00,0x00,0x00,0x00,0x00,0x00,0x00,0x00,0x00,0x00,
    0x00,0x00,0x00,0x00,0x00,0x00,0x00,0x00,0x00,0x00,0x00,0x00,0x00,0x00,0x00,0x00,
    0x00,0x00,0x00,0x00,0x00,0x00,0x00,0x00,0x00,0x00,0x00,0x00,0x00,0x00,0x00,0x00,
    0x00,0x00,0x00,0x00,0x00,0x00,0x00,0x00,0x00,0x00,0x00,0x00,0x00,0x00,0x00,0x00,
    0x00,0x00,0x00,0x00,0x00,0x00,0x00,0x00,0x00,0x00,0x00,0x00,0x00,0x00,0x00,0x00,
    0x00,0x00,0x00,0x00,0x00,0x00,0x00,0x00,0x00,0x00,0x00,0x00,0x00,0x00,0x00,0x00,
    0x00,0x00,0x00,0x00,0x00,0x00,0x00,0x00,0x00,0x00,0x00,0x00,0x00,0x00,0x00,0x00,
    0x00,0x00,0x00,0x00,0x00,0x00,0x00,0x00,0x00,0x00,0x00,0x00,0x00,0x00,0x00,0x00,
    0x00,0x00,0x00,0x00,0x00,0x00,0x00,0x00,0x00,0x00,0x00,0x00,0x00,0x00,0x00,0x00,
    0x00,0x00,0x00,0x00,0x00,0x00,0x00,0x00,0x00,0x00,0x00,0x00,0x00,0x00,0x00,0x00,
    0x00,0x00,0x00,0x00,0x00,0x00,0x00,0x00,0x00,0x00,0x00,0x00,0x00,0x00,0x00,0x00,
    0x00,0x00,0x00,0x00,0x00,0x00,0x00,0x00,0x00,0x00,0x00,0x00,0x00,0x00,0x00,0x00,
    0x00,0x00,0x00,0x00,0x00,0x00,0x00,0x00,0x00,0x00,0x00,0x00,0x00,0x00,0x00,0x00,
    0x00,0x00,0x00,0x00,0x00,0x00,0x00,0x00,0x00,0x00,0x00,0x00,0x00,0x00,0x00,0x00,
    0x00,0x00,0x00,0x00,0x00,0x00,0x00,0x00,0x00,0x00,0x00,0x00,0x00,0x00,0x00,0x00,
    0x00,0x00,0x00,0x00,0x00,0x00,0x00,0x00,0x00,0x00,0x00,0x00,0x00,0x00,0x00,0x00,
    0x00,0x00,0x00,0x00,0x00,0x00,0x00,0x00,0x00,0x00,0x00,0x00,0x00,0x00,0x00,0x00,
    0x00,0x00,0x00,0x00,0x00,0x00,0x00,0x00,0x00,0x00,0x00,0x00,0x00,0x00,0x00,0x00,
    0x00,0x00,0x00,0x00,0x00,0x00,0x00,0x00,0x00,0x00,0x00,0x00,0x00,0x00,0x00,0x00,
    0x00,0x00,0x00,0x00,0x00,0x00,0x00,0x00,0x00,0x00,0x00,0x00,0x00,0x00,0x00,0x00,
    0x00,0x00,0x00,0x00,0x00,0x00,0x00,0x00,0x00,0x00,0x00,0x00,0x00,0x00,0x00,0x00,
    0x00,0x00,0x00,0x00,0x00,0x00,0x00,0x00,0x00,0x00,0x00,0x00,0x00,0x00,0x00,0x00,
    0x00,0x00,0x00,0x00,0x00,0x00,0x00,0x00,0x00,0x00,0x00,0x00,0x00,0x00,0x00,0x00,
    0x00,0x00,0x00,0x00,0x00,0x00,0x00,0x00,0x00,0x00,0x00,0x00,0x00,0x00,0x00,0x00,
    0x00,0x00,0x00,0x00,0x00,0x00,0x00,0x00,0x00,0x00,0x00,0x00,0x00,0x00,0x00,0x00,
    0x00,0x00,0x00,0x00,0x00,0x00,0x00,0x00,0x00,0x00,0x00,0x00,0x00,0x00,0x00,0x00,
    0x00,0x00,0x00,0x00,0x00,0x00,0x00,0x00,0x00,0x00,0x00,0x00,0x00,0x00,0x00,0x00,
    0x00,0x00,0x00,0x00,0x00,0x00,0x00,0x00,0x00,0x00,0x00,0x00,0x00,0x00,0x00,0x00,
    0x00,0x00,0x00,0x00,0x00,0x00,0x00,0x00,0x00,0x00,0x00,0x00,0x00,0x00,0x00,0x00,
    0x00,0x00,0x00,0x00,0x00,0x00,0x00,0x00,0x00,0x00,0x00,0x00,0x00,0x00,0x00,0x00,
    0x00,0x00,0x00,0x00,0x00,0x00,0x00,0x00,0x00,0x00,0x00,0x00,0x00,0x00,0x00,0x00,
    0x00,0x00,0x00,0x00,0x00,0x00,0x00,0x00,0x00,0x00,0x00,0x00,0x00,0x00,0x00,0x00,
    0x00,0x00,0x00,0x00,0x00,0x00,0x00,0x00,0x00,0x00,0x00,0x00,0x00,0x00,0x00,0x00,
    0x00,0x00,0x00,0x00,0x00,0x00,0x00,0x00,0x00,0x00,0x00,0x00,0x00,0x00,0x00,0x00,
    0x00,0x00,0x00,0x00,0x00,0x00,0x00,0x00,0x00,0x00,0x00,0x00,0x00,0x00,0x00,0x00,
    0x00,0x00,0x00,0x00,0x00,0x00,0x00,0x00,0x00,0x00,0x00,0x00,0x00,0x00,0x00,0x00,
    0x00,0x00,0x00,0x00,0x00,0x00,0x00,0x00,0x00,0x00,0x00,0x00,0x00,0x00,0x00,0x00,
    0x00,0x00,0x00,0x00,0x00,0x00,0x00,0x00,0x00,0x00,0x00,0x00,0x00,0x00,0x00,0x00,
    0x00,0x00,0x00,0x00,0x00,0x00,0x00,0x00,0x00,0x00,0x00,0x00,0x00,0x00,0x00,0x00,
    0x00,0x00,0x00,0x00,0x00,0x00,0x00,0x00,0x00,0x00,0x00,0x00,0x00,0x00,0x00,0x00,
    0x00,0x00,0x00,0x00,0x00,0x00,0x00,0x00,0x00,0x00,0x00,0x00,0x00,0x00,0x00,0x00,
    0x00,0x00,0x00,0x00,0x00,0x00,0x00,0x00,0x00,0x00,0x00,0x00,0x00,0x00,0x00,0x00,
    0x00,0x00,0x00,0x00,0x00,0x00,0x00,0x00,0x00,0x00,0x00,0x00,0x00,0x00,0x00,0x00,
    0x00,0x00,0x00,0x00,0x00,0x00,0x00,0x00,0x00,0x00,0x00,0x00,0x00,0x00,0x00,0x00,
    0x00,0x00,0x00,0x00,0x00,0x00,0x00,0x00,0x00,0x00,0x00,0x00,0x00,0x00,0x00,0x00,
    0x00,0x00,0x00,0x00,0x00,0x00,0x00,0x00,0x00,0x00,0x00,0x00,0x00,0x00,0x00,0x00,
    0x00,0x00,0x00,0x00,0x00,0x00,0x00,0x00,0x00,0x00,0x00,0x00,0x00,0x00,0x00,0x00,
    0x00,0x00,0x00,0x00,0x00,0x00,0x00,0x00,0x00,0x00,0x00,0x00,0x00,0x00,0x00,0x00,
    0x00,0x00,0x00,0x00,0x00,0x00,0x00,0x00,0x00,0x00,0x00,0x00,0x00,0x00,0x00,0x00,
    0x00,0x00,0x00,0x00,0x00,0x00,0x00,0x00,0x00,0x00,0x00,0x00,0x00,0x00,0x00,0x00,
    0x00,0x00,0x00,0x00,0x00,0x00,0x00,0x00,0x00,0x00,0x00,0x00,0x00,0x00,0x00,0x00,
    0x00,0x00,0x00,0x00,0x00,0x00,0x00,0x00,0x00,0x00,0x00,0x00,0x00,0x00,0x00,0x00,
    0x00,0x00,0x00,0x00,0x00,0x00,0x00,0x00,0x00,0x00,0x00,0x00,0x00,0x00,0x00,0x00,
    0x00,0x00,0x00,0x00,0x00,0x00,0x00,0x00,0x00,0x00,0x00,0x00,0x00,0x00,0x00,0x00,
    0x00,0x00,0x00,0x00,0x00,0x00,0x00,0x00,0x00,0x00,0x00,0x00,0x00,0x00,0x00,0x00,
    0x00,0x00,0x00,0x00,0x00,0x00,0x00,0x00,0x00,0x00,0x00,0x00,0x00,0x00,0x00,0x00,
    0x00,0x00,0x00,0x00,0x00,0x00,0x00,0x00,0x00,0x00,0x00,0x00,0x00,0x00,0x00,0x00,
    0x00,0x00,0x00,0x00,0x00,0x00,0x00,0x00,0x00,0x00,0x00,0x00,0x00,0x00,0x00,0x00,
    0x00,0x00,0x00,0x00,0x00,0x00,0x00,0x00,0x00,0x00,0x00,0x00,0x00,0x00,0x00,0x00,
    0x00,0x00,0x00,0x00,0x00,0x00,0x00,0x00,0x00,0x00,0x00,0x00,0x00,0x00,0x00,0x00,
    0x00,0x00,0x00,0x00,0x00,0x00,0x00,0x00,0x00,0x00,0x00,0x00,0x00,0x00,0x00,0x00,
    0x00,0x00,0x00,0x00,0x00,0x00,0x00,0x00,0x00,0x00,0x00,0x00,0x00,0x00,0x00,0x00,
    0x00,0x00,0x00,0x00,0x00,0x00,0x00,0x00,0x00,0x00,0x00,0x00,0x00,0x00,0x00,0x00,
    0x00,0x00,0x00,0x00,0x00,0x00,0x00,0x00,0x00,0x00,0x00,0x00,0x00,0x00,0x00,0x00,
    0x00,0x00,0x00,0x00,0x00,0x00,0x00,0x00,0x00,0x00,0x00,0x00,0x00,0x00,0x00,0x00,
    0x00,0x00,0x00,0x00,0x00,0x00,0x00,0x00,0x00,0x00,0x00,0x00,0x00,0x00,0x00,0x00,
    0x00,0x00,0x00,0x00,0x00,0x00,0x00,0x00,0x00,0x00,0x00,0x00,0x00,0x00,0x00,0x00,
    0x00,0x00,0x00,0x00,0x00,0x00,0x00,0x00,0x00,0x00,0x00,0x00,0x00,0x00,0x00,0x00,
    0x00,0x00,0x00,0x00,0x00,0x00,0x00,0x00,0x00,0x00,0x00,0x00,0x00,0x00,0x00,0x00,
    0x00,0x00,0x00,0x00,0x00,0x00,0x00,0x00,0x00,0x00,0x00,0x00,0x00,0x00,0x00,0x00,
    0x00,0x00,0x00,0x00,0x00,0x00,0x00,0x00,0x00,0x00,0x00,0x00,0x00,0x00,0x00,0x00,
    0x00,0x00,0x00,0x00,0x00,0x00,0x00,0x00,0x00,0x00,0x00,0x00,0x00,0x00,0x00,0x00,
    0x00,0x00,0x00,0x00,0x00,0x00,0x00,0x00,0x00,0x00,0x00,0x00,0x00,0x00,0x00,0x00,
    0x00,0x00,0x00,0x00,0x00,0x00,0x00,0x00,0x00,0x00,0x00,0x00,0x00,0x00,0x00,0x00,
    0x00,0x00,0x00,0x00,0x00,0x00,0x00,0x00,0x00,0x00,0x00,0x00,0x00,0x00,0x00,0x00,
    0x00,0x00,0x00,0x00,0x00,0x00,0x00,0x00,0x00,0x00,0x00,0x00,0x00,0x00,0x00,0x00,
    0x00,0x00,0x00,0x00,0x00,0x00,0x00,0x00,0x00,0x00,0x00,0x00,0x00,0x00,0x00,0x00,
    0x00,0x00,0x00,0x00,0x00,0x00,0x00,0x00,0x00,0x00,0x00,0x00,0x00,0x00,0x00,0x00,
    0x00,0x00,0x00,0x00,0x00,0x00,0x00,0x00,0x00,0x00,0x00,0x00,0x00,0x00,0x00,0x00,
    0x00,0x00,0x00,0x00,0x00,0x00,0x00,0x00,0x00,0x00,0x00,0x00,0x00,0x00,0x00,0x00,
    0x00,0x00,0x00,0x00,0x00,0x00,0x00,0x00,0x00,0x00,0x00,0x00,0x00,0x00,0x00,0x00,
    0x00,0x00,0x00,0x00,0x00,0x00,0x00,0x00,0x00,0x00,0x00,0x00,0x00,0x00,0x00,0x00,
    0x00,0x00,0x00,0x00,0x00,0x00,0x00,0x00,0x00,0x00,0x00,0x00,0x00,0x00,0x00,0x00,
    0x00,0x00,0x00,0x00,0x00,0x00,0x00,0x00,0x00,0x00,0x00,0x00,0x00,0x00,0x00,0x00,
    0x00,0x00,0x00,0x00,0x00,0x00,0x00,0x00,0x00,0x00,0x00,0x00,0x00,0x00,0x00,0x00,
    0x00,0x00,0x00,0x00,0x00,0x00,0x00,0x00,0x00,0x00,0x00,0x00,0x00,0x00,0x00,0x00,
    0x00,0x00,0x00,0x00,0x00,0x00,0x00,0x00,0x00,0x00,0x00,0x00,0x00,0x00,0x00,0x00,
    0x00,0x00,0x00,0x00,0x00,0x00,0x00,0x00,0x00,0x00,0x00,0x00,0x00,0x00,0x00,0x00,
    0x00,0x00,0x00,0x00,0x00,0x00,0x00,0x00,0x00,0x00,0x00,0x00,0x00,0x00,0x00,0x00,
    0x00,0x00,0x00,0x00,0x00,0x00,0x00,0x00,0x00,0x00,0x00,0x00,0x00,0x00,0x00,0x00,
    0x00,0x00,0x00,0x00,0x00,0x00,0x00,0x00,0x00,0x00,0x00,0x00,0x00,0x00,0x00,0x00,
    0x00,0x00,0x00,0x00,0x00,0x00,0x00,0x00,0x00,0x00,0x00,0x00,0x00,0x00,0x00,0x00,
    0x00,0x00,0x00,0x00,0x00,0x00,0x00,0x00,0x00,0x00,0x00,0x00,0x00,0x00,0x00,0x00,
    0x00,0x00,0x00,0x00,0x00,0x00,0x00,0x00,0x00,0x00,0x00,0x00,0x00,0x00,0x00,0x00,
    0x00,0x00,0x00,0x00,0x00,0x00,0x00,0x00,0x00,0x00,0x00,0x00,0x00,0x00,0x00,0x00,
    0x00,0x00,0x00,0x00,0x00,0x00,0x00,0x00,0x00,0x00,0x00,0x00,0x00,0x00,0x00,0x00,
    0x00,0x00,0x00,0x00,0x00,0x00,0x00,0x00,0x00,0x00,0x00,0x00,0x00,0x00,0x00,0x00,
    0x00,0x00,0x00,0x00,0x00,0x00,0x00,0x00,0x00,0x00,0x00,0x00,0x00,0x00,0x00,0x00,
    0x00,0x00,0x00,0x00,0x00,0x00,0x00,0x00,0x00,0x00,0x00,0x00,0x00,0x00,0x00,0x00,
    0x00,0x00,0x00,0x00,0x00,0x00,0x00,0x00,0x00,0x00,0x00,0x00,0x00,0x00,0x00,0x00,
    0x00,0x00,0x00,0x00,0x00,0x00,0x00,0x00,0x00,0x00,0x00,0x00,0x00,0x00,0x00,0x00,
    0x00,0x00,0x00,0x00,0x00,0x00,0x00,0x00,0x00,0x00,0x00,0x00,0x00,0x00,0x00,0x00,
    0x00,0x00,0x00,0x00,0x00,0x00,0x00,0x00,0x00,0x00,0x00,0x00,0x00,0x00,0x00,0x00,
    0x00,0x00,0x00,0x00,0x00,0x00,0x00,0x00,0x00,0x00,0x00,0x00,0x00,0x00,0x00,0x00,
    0x00,0x00,0x00,0x00,0x00,0x00,0x00,0x00,0x00,0x00,0x00,0x00,0x00,0x00,0x00,0x00,
    0x00,0x00,0x00,0x00,0x00,0x00,0x00,0x00,0x00,0x00,0x00,0x00,0x00,0x00,0x00,0x00,
    0x00,0x00,0x00,0x00,0x00,0x00,0x00,0x00,0x00,0x00,0x00,0x00,0x00,0x00,0x00,0x00,
    0x00,0x00,0x00,0x00,0x00,0x00,0x00,0x00,0x00,0x00,0x00,0x00,0x00,0x00,0x00,0x00,
    0x00,0x00,0x00,0x00,0x00,0x00,0x00,0x00,0x00,0x00,0x00,0x00,0x00,0x00,0x00,0x00,
    0x00,0x00,0x00,0x00,0x00,0x00,0x00,0x00,0x00,0x00,0x00,0x00,0x00,0x00,0x00,0x00,
    0x00,0x00,0x00,0x00,0x00,0x00,0x00,0x00,0x00,0x00,0x00,0x00,0x00,0x00,0x00,0x00,
    0x00,0x00,0x00,0x00,0x00,0x00,0x00,0x00,0x00,0x00,0x00,0x00,0x00,0x00,0x00,0x00,
    0x00,0x00,0x00,0x00,0x00,0x00,0x00,0x00,0x00,0x00,0x00,0x00,0x00,0x00,0x00,0x00,
    0x00,0x00,0x00,0x00,0x00,0x00,0x00,0x00,0x00,0x00,0x00,0x00,0x00,0x00,0x00,0x00,
    0x00,0x00,0x00,0x00,0x00,0x00,0x00,0x00,0x00,0x00,0x00,0x00,0x00,0x00,0x00,0x00,
    0x00,0x00,0x00,0x00,0x00,0x00,0x00,0x00,0x00,0x00,0x00,0x00,0x00,0x00,0x00,0x00,
    0x00,0x00,0x00,0x00,0x00,0x00,0x00,0x00,0x00,0x00,0x00,0x00,0x00,0x00,0x00,0x00,
    0x00,0x00,0x00,0x00,0x00,0x00,0x00,0x00,0x00,0x00,0x00,0x00,0x00,0x00,0x00,0x00,
    0x00,0x00,0x00,0x00,0x00,0x00,0x00,0x00,0x00,0x00,0x00,0x00,0x00,0x00,0x00,0x00,
    0x00,0x00,0x00,0x00,0x00,0x00,0x00,0x00,0x00,0x00,0x00,0x00,0x00,0x00,0x00,0x00,
    0x00,0x00,0x00,0x00,0x00,0x00,0x00,0x00,0x00,0x00,0x00,0x00,0x00,0x00,0x00,0x00,
    0x00,0x00,0x00,0x00,0x00,0x00,0x00,0x00,0x00,0x00,0x00,0x00,0x00,0x00,0x00,0x00,
    0x00,0x00,0x00,0x00,0x00,0x00,0x00,0x00,0x00,0x00,0x00,0x00,0x00,0x00,0x00,0x00,
    0x00,0x00,0x00,0x00,0x00,0x00,0x00,0x00,0x00,0x00,0x00,0x00,0x00,0x00,0x00,0x00,
    0x00,0x00,0x00,0x00,0x00,0x00,0x00,0x00,0x00,0x00,0x00,0x00,0x00,0x00,0x00,0x00,
    0x00,0x00,0x00,0x00,0x00,0x00,0x00,0x00,0x00,0x00,0x00,0x00,0x00,0x00,0x00,0x00,
    0x00,0x00,0x00,0x00,0x00,0x00,0x00,0x00,0x00,0x00,0x00,0x00,0x00,0x00,0x00,0x00,
    0x00,0x00,0x00,0x00,0x00,0x00,0x00,0x00,0x00,0x00,0x00,0x00,0x00,0x00,0x00,0x00,
    0x00,0x00,0x00,0x00,0x00,0x00,0x00,0x00,0x00,0x00,0x00,0x00,0x00,0x00,0x00,0x00,
    0x00,0x00,0x00,0x00,0x00,0x00,0x00,0x00,0x00,0x00,0x00,0x00,0x00,0x00,0x00,0x00,
    0x00,0x00,0x00,0x00,0x00,0x00,0x00,0x00,0x00,0x00,0x00,0x00,0x00,0x00,0x00,0x00,
    0x00,0x00,0x00,0x00,0x00,0x00,0x00,0x00,0x00,0x00,0x00,0x00,0x00,0x00,0x00,0x00,
    0x00,0x00,0x00,0x00,0x00,0x00,0x00,0x00,0x00,0x00,0x00,0x00,0x00,0x00,0x00,0x00,
    0x00,0x00,0x00,0x00,0x00,0x00,0x00,0x00,0x00,0x00,0x00,0x00,0x00,0x00,0x00,0x00,
    0x00,0x00,0x00,0x00,0x00,0x00,0x00,0x00,0x00,0x00,0x00,0x00,0x00,0x00,0x00,0x00,
    0x00,0x00,0x00,0x00,0x00,0x00,0x00,0x00,0x00,0x00,0x00,0x00,0x00,0x00,0x00,0x00,
    0x00,0x00,0x00,0x00,0x00,0x00,0x00,0x00,0x00,0x00,0x00,0x00,0x00,0x00,0x00,0x00,
    0x00,0x00,0x00,0x00,0x00,0x00,0x00,0x00,0x00,0x00,0x00,0x00,0x00,0x00,0x00,0x00,
    0x00,0x00,0x00,0x00,0x00,0x00,0x00,0x00,0x00,0x00,0x00,0x00,0x00,0x00,0x00,0x00,
    0x00,0x00,0x00,0x00,0x00,0x00,0x00,0x00,0x00,0x00,0x00,0x00,0x00,0x00,0x00,0x00,
    0x00,0x00,0x00,0x00,0x00,0x00,0x00,0x00,0x00,0x00,0x00,0x00,0x00,0x00,0x00,0x00,
    0x00,0x00,0x00,0x00,0x00,0x00,0x00,0x00,0x00,0x00,0x00,0x00,0x00,0x00,0x00,0x00,
    0x00,0x00,0x00,0x00,0x00,0x00,0x00,0x00,0x00,0x00,0x00,0x00,0x00,0x00,0x00,0x00,
    0x00,0x00,0x00,0x00,0x00,0x00,0x00,0x00,0x00,0x00,0x00,0x00,0x00,0x00,0x00,0x00,
    0x00,0x00,0x00,0x00,0x00,0x00,0x00,0x00,0x00,0x00,0x00,0x00,0x00,0x00,0x00,0x00,
    0x00,0x00,0x00,0x00,0x00,0x00,0x00,0x00,0x00,0x00,0x00,0x00,0x00,0x00,0x00,0x00,
    0x00,0x00,0x00,0x00,0x00,0x00,0x00,0x00,0x00,0x00,0x00,0x00,0x00,0x00,0x00,0x00,
    0x00,0x00,0x00,0x00,0x00,0x00,0x00,0x00,0x00,0x00,0x00,0x00,0x00,0x00,0x00,0x00,
    0x00,0x00,0x00,0x00,0x00,0x00,0x00,0x00,0x00,0x00,0x00,0x00,0x00,0x00,0x00,0x00,
    0x00,0x00,0x00,0x00,0x00,0x00,0x00,0x00,0x00,0x00,0x00,0x00,0x00,0x00,0x00,0x00,
    0x00,0x00,0x00,0x00,0x00,0x00,0x00,0x00,0x00,0x00,0x00,0x00,0x00,0x00,0x00,0x00,
    0x00,0x00,0x00,0x00,0x00,0x00,0x00,0x00,0x00,0x00,0x00,0x00,0x00,0x00,0x00,0x00,
    0x00,0x00,0x00,0x00,0x00,0x00,0x00,0x00,0x00,0x00,0x00,0x00,0x00,0x00,0x00,0x00,
    0x00,0x00,0x00,0x00,0x00,0x00,0x00,0x00,0x00,0x00,0x00,0x00,0x00,0x00,0x00,0x00,
    0x00,0x00,0x00,0x00,0x00,0x00,0x00,0x00,0x00,0x00,0x00,0x00,0x00,0x00,0x00,0x00,
    0x00,0x00,0x00,0x00,0x00,0x00,0x00,0x00,0x00,0x00,0x00,0x00,0x00,0x00,0x00,0x00,
    0x00,0x00,0x00,0x00,0x00,0x00,0x00,0x00,0x00,0x00,0x00,0x00,0x00,0x00,0x00,0x00,
    0x00,0x00,0x00,0x00,0x00,0x00,0x00,0x00,0x00,0x00,0x00,0x00,0x00,0x00,0x00,0x00,
    0x00,0x00,0x00,0x00,0x00,0x00,0x00,0x00,0x00,0x00,0x00,0x00,0x00,0x00,0x00,0x00,
    0x00,0x00,0x00,0x00,0x00,0x00,0x00,0x00,0x00,0x00,0x00,0x00,0x00,0x00,0x00,0x00,
    0x00,0x00,0x00,0x00,0x00,0x00,0x00,0x00,0x00,0x00,0x00,0x00,0x00,0x00,0x00,0x00,
    0x00,0x00,0x00,0x00,0x00,0x00,0x00,0x00,0x00,0x00,0x00,0x00,0x00,0x00,0x00,0x00,
    0x00,0x00,0x00,0x00,0x00,0x00,0x00,0x00,0x00,0x00,0x00,0x00,0x00,0x00,0x00,0x00,
    0x00,0x00,0x00,0x00,0x00,0x00,0x00,0x00,0x00,0x00,0x00,0x00,0x00,0x00,0x00,0x00,
    0x00,0x00,0x00,0x00,0x00,0x00,0x00,0x00,0x00,0x00,0x00,0x00,0x00,0x00,0x00,0x00,
    0x00,0x00,0x00,0x00,0x00,0x00,0x00,0x00,0x00,0x00,0x00,0x00,0x00,0x00,0x00,0x00,
    0x00,0x00,0x00,0x00,0x00,0x00,0x00,0x00,0x00,0x00,0x00,0x00,0x00,0x00,0x00,0x00,
    0x00,0x00,0x00,0x00,0x00,0x00,0x00,0x00,0x00,0x00,0x00,0x00,0x00,0x00,0x00,0x00,
    0x00,0x00,0x00,0x00,0x00,0x00,0x00,0x00,0x00,0x00,0x00,0x00,0x00,0x00,0x00,0x00,
    0x00,0x00,0x00,0x00,0x00,0x00,0x00,0x00,0x00,0x00,0x00,0x00,0x00,0x00,0x00,0x00,
    0x00,0x00,0x00,0x00,0x00,0x00,0x00,0x00,0x00,0x00,0x00,0x00,0x00,0x00,0x00,0x00,
    0x00,0x00,0x00,0x00,0x00,0x00,0x00,0x00,0x00,0x00,0x00,0x00,0x00,0x00,0x00,0x00,
    0x00,0x00,0x00,0x00,0x00,0x00,0x00,0x00,0x00,0x00,0x00,0x00,0x00,0x00,0x00,0x00,
    0x00,0x00,0x00,0x00,0x00,0x00,0x00,0x00,0x00,0x00,0x00,0x00,0x00,0x00,0x00,0x00,
    0x00,0x00,0x00,0x00,0x00,0x00,0x00,0x00,0x00,0x00,0x00,0x00,0x00,0x00,0x00,0x00,
    0x00,0x00,0x00,0x00,0x00,0x00,0x00,0x00,0x00,0x00,0x00,0x00,0x00,0x00,0x00,0x00,
    0x00,0x00,0x00,0x00,0x00,0x00,0x00,0x00,0x00,0x00,0x00,0x00,0x00,0x00,0x00,0x00,
    0x00,0x00,0x00,0x00,0x00,0x00,0x00,0x00,0x00,0x00,0x00,0x00,0x00,0x00,0x00,0x00,
    0x00,0x00,0x00,0x00,0x00,0x00,0x00,0x00,0x00,0x00,0x00,0x00,0x00,0x00,0x00,0x00,
    0x00,0x00,0x00,0x00,0x00,0x00,0x00,0x00,0x00,0x00,0x00,0x00,0x00,0x00,0x00,0x00,
    0x00,0x00,0x00,0x00,0x00,0x00,0x00,0x00,0x00,0x00,0x00,0x00,0x00,0x00,0x00,0x00,
    0x00,0x00,0x00,0x00,0x00,0x00,0x00,0x00,0x00,0x00,0x00,0x00,0x00,0x00,0x00,0x00,
    0x00,0x00,0x00,0x00,0x00,0x00,0x00,0x00,0x00,0x00,0x00,0x00,0x00,0x00,0x00,0x00,
    0x00,0x00,0x00,0x00,0x00,0x00,0x00,0x00,0x00,0x00,0x00,0x00,0x00,0x00,0x00,0x00,
    0x00,0x00,0x00,0x00,0x00,0x00,0x00,0x00,0x00,0x00,0x00,0x00,0x00,0x00,0x00,0x00,
    0x00,0x00,0x00,0x00,0x00,0x00,0x00,0x00,0x00,0x00,0x00,0x00,0x00,0x00,0x00,0x00,
    0x00,0x00,0x00,0x00,0x00,0x00,0x00,0x00,0x00,0x00,0x00,0x00,0x00,0x00,0x00,0x00,
    0x00,0x00,0x00,0x00,0x00,0x00,0x00,0x00,0x00,0x00,0x00,0x00,0x00,0x00,0x00,0x00,
    0x00,0x00,0x00,0x00,0x00,0x00,0x00,0x00,0x00,0x00,0x00,0x00,0x00,0x00,0x00,0x00,
    0x00,0x00,0x00,0x00,0x00,0x00,0x00,0x00,0x00,0x00,0x00,0x00,0x00,0x00,0x00,0x00,
    0x00,0x00,0x00,0x00,0x00,0x00,0x00,0x00,0x00,0x00,0x00,0x00,0x00,0x00,0x00,0x00,
    0x00,0x00,0x00,0x00,0x00,0x00,0x00,0x00,0x00,0x00,0x00,0x00,0x00,0x00,0x00,0x00,
    0x00,0x00,0x00,0x00,0x00,0x00,0x00,0x00,0x00,0x00,0x00,0x00,0x00,0x00,0x00,0x00,
    0x00,0x00,0x00,0x00,0x00,0x00,0x00,0x00,0x00,0x00,0x00,0x00,0x00,0x00,0x00,0x00,
    0x00,0x00,0x00,0x00,0x00,0x00,0x00,0x00,0x00,0x00,0x00,0x00,0x00,0x00,0x00,0x00,
    0x00,0x00,0x00,0x00,0x00,0x00,0x00,0x00,0x00,0x00,0x00,0x00,0x00,0x00,0x00,0x00,
    0x00,0x00,0x00,0x00,0x00,0x00,0x00,0x00,0x00,0x00,0x00,0x00,0x00,0x00,0x00,0x00,
    0x00,0x00,0x00,0x00,0x00,0x00,0x00,0x00,0x00,0x00,0x00,0x00,0x00,0x00,0x00,0x00,
    0x00,0x00,0x00,0x00,0x00,0x00,0x00,0x00,0x00,0x00,0x00,0x00,0x00,0x00,0x00,0x00,
    0x00,0x00,0x00,0x00,0x00,0x00,0x00,0x00,0x00,0x00,0x00,0x00,0x00,0x00,0x00,0x00,
    0x00,0x00,0x00,0x00,0x00,0x00,0x00,0x00,0x00,0x00,0x00,0x00,0x00,0x00,0x00,0x00,
    0x00,0x00,0x00,0x00,0x00,0x00,0x00,0x00,0x00,0x00,0x00,0x00,0x00,0x00,0x00,0x00,
    0x00,0x00,0x00,0x00,0x00,0x00,0x00,0x00,0x00,0x00,0x00,0x00,0x00,0x00,0x00,0x00,
    0x00,0x00,0x00,0x00,0x00,0x00,0x00,0x00,0x00,0x00,0x00,0x00,0x00,0x00,0x00,0x00,
    0x00,0x00,0x00,0x00,0x00,0x00,0x00,0x00,0x00,0x00,0x00,0x00,0x00,0x00,0x00,0x00,
    0x00,0x00,0x00,0x00,0x00,0x00,0x00,0x00,0x00,0x00,0x00,0x00,0x00,0x00,0x00,0x00,
    0x00,0x00,0x00,0x00,0x00,0x00,0x00,0x00,0x00,0x00,0x00,0x00,0x00,0x00,0x00,0x00,
    0x00,0x00,0x00,0x00,0x00,0x00,0x00,0x00,0x00,0x00,0x00,0x00,0x00,0x00,0x00,0x00,
    0x00,0x00,0x00,0x00,0x00,0x00,0x00,0x00,0x00,0x00,0x00,0x00,0x00,0x00,0x00,0x00,
    0x00,0x00,0x00,0x00,0x00,0x00,0x00,0x00,0x00,0x00,0x00,0x00,0x00,0x00,0x00,0x00,
    0x00,0x00,0x00,0x00,0x00,0x00,0x00,0x00,0x00,0x00,0x00,0x00,0x00,0x00,0x00,0x00,
    0x00,0x00,0x00,0x00,0x00,0x00,0x00,0x00,0x00,0x00,0x00,0x00,0x00,0x00,0x00,0x00,
    0x00,0x00,0x00,0x00,0x00,0x00,0x00,0x00,0x00,0x00,0x00,0x00,0x00,0x00,0x00,0x00,
    0x00,0x00,0x00,0x00,0x00,0x00,0x00,0x00,0x00,0x00,0x00,0x00,0x00,0x00,0x00,0x00,
    0x00,0x00,0x00,0x00,0x00,0x00,0x00,0x00,0x00,0x00,0x00,0x00,0x00,0x00,0x00,0x00,
    0x00,0x00,0x00,0x00,0x00,0x00,0x00,0x00,0x00,0x00,0x00,0x00,0x00,0x00,0x00,0x00,
    0x00,0x00,0x00,0x00,0x00,0x00,0x00,0x00,0x00,0x00,0x00,0x00,0x00,0x00,0x00,0x00,
    0x00,0x00,0x00,0x00,0x00,0x00,0x00,0x00,0x00,0x00,0x00,0x00,0x00,0x00,0x00,0x00,
    0x00,0x00,0x00,0x00,0x00,0x00,0x00,0x00,0x00,0x00,0x00,0x00,0x00,0x00,0x00,0x00,
    0x00,0x00,0x00,0x00,0x00,0x00,0x00,0x00,0x00,0x00,0x00,0x00,0x00,0x00,0x00,0x00,
    0x00,0x00,0x00,0x00,0x00,0x00,0x00,0x00,0x00,0x00,0x00,0x00,0x00,0x00,0x00,0x00,
    0x00,0x00,0x00,0x00,0x00,0x00,0x00,0x00,0x00,0x00,0x00,0x00,0x00,0x00,0x00,0x00,
    0x00,0x00,0x00,0x00,0x00,0x00,0x00,0x00,0x00,0x00,0x00,0x00,0x00,0x00,0x00,0x00,
    0x00,0x00,0x00,0x00,0x00,0x00,0x00,0x00,0x00,0x00,0x00,0x00,0x00,0x00,0x00,0x00,
    0x00,0x00,0x00,0x00,0x00,0x00,0x00,0x00,0x00,0x00,0x00,0x00,0x00,0x00,0x00,0x00,
    0x00,0x00,0x00,0x00,0x00,0x00,0x00,0x00,0x00,0x00,0x00,0x00,0x00,0x00,0x00,0x00,
    0x00,0x00,0x00,0x00,0x00,0x00,0x00,0x00,0x00,0x00,0x00,0x00,0x00,0x00,0x00,0x00,
    0x00,0x00,0x00,0x00,0x00,0x00,0x00,0x00,0x00,0x00,0x00,0x00,0x00,0x00,0x00,0x00,
    0x00,0x00,0x00,0x00,0x00,0x00,0x00,0x00,0x00,0x00,0x00,0x00,0x00,0x00,0x00,0x00,
    0x00,0x00,0x00,0x00,0x00,0x00,0x00,0x00,0x00,0x00,0x00,0x00,0x00,0x00,0x00,0x00,
    0x00,0x00,0x00,0x00,0x00,0x00,0x00,0x00,0x00,0x00,0x00,0x00,0x00,0x00,0x00,0x00,
    0x00,0x00,0x00,0x00,0x00,0x00,0x00,0x00,0x00,0x00,0x00,0x00,0x00,0x00,0x00,0x00,
    0x00,0x00,0x00,0x00,0x00,0x00,0x00,0x00,0x00,0x00,0x00,0x00,0x00,0x00,0x00,0x00,
    0x00,0x00,0x00,0x00,0x00,0x00,0x00,0x00,0x00,0x00,0x00,0x00,0x00,0x00,0x00,0x00,
    0x00,0x00,0x00,0x00,0x00,0x00,0x00,0x00,0x00,0x00,0x00,0x00,0x00,0x00,0x00,0x00,
    0x00,0x00,0x00,0x00,0x00,0x00,0x00,0x00,0x00,0x00,0x00,0x00,0x00,0x00,0x00,0x00,
    0x00,0x00,0x00,0x00,0x00,0x00,0x00,0x00,0x00,0x00,0x00,0x00,0x00,0x00,0x00,0x00,
    0x00,0x00,0x00,0x00,0x00,0x00,0x00,0x00,0x00,0x00,0x00,0x00,0x00,0x00,0x00,0x00,
    0x00,0x00,0x00,0x00,0x00,0x00,0x00,0x00,0x00,0x00,0x00,0x00,0x00,0x00,0x00,0x00,
    0x00,0x00,0x00,0x00,0x00,0x00,0x00,0x00,0x00,0x00,0x00,0x00,0x00,0x00,0x00,0x00,
    0x00,0x00,0x00,0x00,0x00,0x00,0x00,0x00,0x00,0x00,0x00,0x00,0x00,0x00,0x00,0x00,
    0x00,0x00,0x00,0x00,0x00,0x00,0x00,0x00,0x00,0x00,0x00,0x00,0x00,0x00,0x00,0x00,
    0x00,0x00,0x00,0x00,0x00,0x00,0x00,0x00,0x00,0x00,0x00,0x00,0x00,0x00,0x00,0x00,
    0x00,0x00,0x00,0x00,0x00,0x00,0x00,0x00,0x00,0x00,0x00,0x00,0x00,0x00,0x00,0x00,
    0x00,0x00,0x00,0x00,0x00,0x00,0x00,0x00,0x00,0x00,0x00,0x00,0x00,0x00,0x00,0x00,
    0x00,0x00,0x00,0x00,0x00,0x00,0x00,0x00,0x00,0x00,0x00,0x00,0x00,0x00,0x00,0x00,
    0x00,0x00,0x00,0x00,0x00,0x00,0x00,0x00,0x00,0x00,0x00,0x00,0x00,0x00,0x00,0x00,
    0x00,0x00,0x00,0x00,0x00,0x00,0x00,0x00,0x00,0x00,0x00,0x00,0x00,0x00,0x00,0x00,
    0x00,0x00,0x00,0x00,0x00,0x00,0x00,0x00,0x00,0x00,0x00,0x00,0x00,0x00,0x00,0x00,
    0x00,0x00,0x00,0x00,0x00,0x00,0x00,0x00,0x00,0x00,0x00,0x00,0x00,0x00,0x00,0x00,
    0x00,0x00,0x00,0x00,0x00,0x00,0x00,0x00,0x00,0x00,0x00,0x00,0x00,0x00,0x00,0x00,
    0x00,0x00,0x00,0x00,0x00,0x00,0x00,0x00,0x00,0x00,0x00,0x00,0x00,0x00,0x00,0x00,
    0x00,0x00,0x00,0x00,0x00,0x00,0x00,0x00,0x00,0x00,0x00,0x00,0x00,0x00,0x00,0x00,
    0x00,0x00,0x00,0x00,0x00,0x00,0x00,0x00,0x00,0x00,0x00,0x00,0x00,0x00,0x00,0x00,
    0x00,0x00,0x00,0x00,0x00,0x00,0x00,0x00,0x00,0x00,0x00,0x00,0x00,0x00,0x00,0x00,
    0x00,0x00,0x00,0x00,0x00,0x00,0x00,0x00,0x00,0x00,0x00,0x00,0x00,0x00,0x00,0x00,
    0x00,0x00,0x00,0x00,0x00,0x00,0x00,0x00,0x00,0x00,0x00,0x00,0x00,0x00,0x00,0x00,
    0x00,0x00,0x00,0x00,0x00,0x00,0x00,0x00,0x00,0x00,0x00,0x00,0x00,0x00,0x00,0x00,
    0x00,0x00,0x00,0x00,0x00,0x00,0x00,0x00,0x00,0x00,0x00,0x00,0x00,0x00,0x00,0x00,
    0x00,0x00,0x00,0x00,0x00,0x00,0x00,0x00,0x00,0x00,0x00,0x00,0x00,0x00,0x00,0x00,
    0x00,0x00,0x00,0x00,0x00,0x00,0x00,0x00,0x00,0x00,0x00,0x00,0x00,0x00,0x00,0x00,
    0x00,0x00,0x00,0x00,0x00,0x00,0x00,0x00,0x00,0x00,0x00,0x00,0x00,0x00,0x00,0x00,
    0x00,0x00,0x00,0x00,0x00,0x00,0x00,0x00,0x00,0x00,0x00,0x00,0x00,0x00,0x00,0x00,
    0x00,0x00,0x00,0x00,0x00,0x00,0x00,0x00,0x00,0x00,0x00,0x00,0x00,0x00,0x00,0x00,
    0x00,0x00,0x00,0x00,0x00,0x00,0x00,0x00,0x00,0x00,0x00,0x00,0x00,0x00,0x00,0x00,
    0x00,0x00,0x00,0x00,0x00,0x00,0x00,0x00,0x00,0x00,0x00,0x00,0x00,0x00,0x00,0x00,
    0x00,0x00,0x00,0x00,0x00,0x00,0x00,0x00,0x00,0x00,0x00,0x00,0x00,0x00,0x00,0x00,
    0x00,0x00,0x00,0x00,0x00,0x00,0x00,0x00,0x00,0x00,0x00,0x00,0x00,0x00,0x00,0x00,
    0x00,0x00,0x00,0x00,0x00,0x00,0x00,0x00,0x00,0x00,0x00,0x00,0x00,0x00,0x00,0x00,
    0x00,0x00,0x00,0x00,0x00,0x00,0x00,0x00,0x00,0x00,0x00,0x00,0x00,0x00,0x00,0x00,
    0x00,0x00,0x00,0x00,0x00,0x00,0x00,0x00,0x00,0x00,0x00,0x00,0x00,0x00,0x00,0x00,
    0x00,0x00,0x00,0x00,0x00,0x00,0x00,0x00,0x00,0x00,0x00,0x00,0x00,0x00,0x00,0x00,
    0x00,0x00,0x00,0x00,0x00,0x00,0x00,0x00,0x00,0x00,0x00,0x00,0x00,0x00,0x00,0x00,
    0x00,0x00,0x00,0x00,0x00,0x00,0x00,0x00,0x00,0x00,0x00,0x00,0x00,0x00,0x00,0x00,
    0x00,0x00,0x00,0x00,0x00,0x00,0x00,0x00,0x00,0x00,0x00,0x00,0x00,0x00,0x00,0x00,
    0x00,0x00,0x00,0x00,0x00,0x00,0x00,0x00,0x00,0x00,0x00,0x00,0x00,0x00,0x00,0x00,
    0x00,0x00,0x00,0x00,0x00,0x00,0x00,0x00,0x00,0x00,0x00,0x00,0x00,0x00,0x00,0x00,
    0x00,0x00,0x00,0x00,0x00,0x00,0x00,0x00,0x00,0x00,0x00,0x00,0x00,0x00,0x00,0x00,
    0x00,0x00,0x00,0x00,0x00,0x00,0x00,0x00,0x00,0x00,0x00,0x00,0x00,0x00,0x00,0x00,
    0x00,0x00,0x00,0x00,0x00,0x00,0x00,0x00,0x00,0x00,0x00,0x00,0x00,0x00,0x00,0x00,
    0x00,0x00,0x00,0x00,0x00,0x00,0x00,0x00,0x00,0x00,0x00,0x00,0x00,0x00,0x00,0x00,
    0x00,0x00,0x00,0x00,0x00,0x00,0x00,0x00,0x00,0x00,0x00,0x00,0x00,0x00,0x00,0x00,
    0x00,0x00,0x00,0x00,0x00,0x00,0x00,0x00,0x00,0x00,0x00,0x00,0x00,0x00,0x00,0x00,
    0x00,0x00,0x00,0x00,0x00,0x00,0x00,0x00,0x00,0x00,0x00,0x00,0x00,0x00,0x00,0x00,
    0x00,0x00,0x00,0x00,0x00,0x00,0x00,0x00,0x00,0x00,0x00,0x00,0x00,0x00,0x00,0x00,
    0x00,0x00,0x00,0x00,0x00,0x00,0x00,0x00,0x00,0x00,0x00,0x00,0x00,0x00,0x00,0x00,
    0x00,0x00,0x00,0x00,0x00,0x00,0x00,0x00,0x00,0x00,0x00,0x00,0x00,0x00,0x00,0x00,
    0x00,0x00,0x00,0x00,0x00,0x00,0x00,0x00,0x00,0x00,0x00,0x00,0x00,0x00,0x00,0x00,
    0x00,0x00,0x00,0x00,0x00,0x00,0x00,0x00,0x00,0x00,0x00,0x00,0x00,0x00,0x00,0x00,
    0x00,0x00,0x00,0x00,0x00,0x00,0x00,0x00,0x00,0x00,0x00,0x00,0x00,0x00,0x00,0x00,
    0x00,0x00,0x00,0x00,0x00,0x00,0x00,0x00,0x00,0x00,0x00,0x00,0x00,0x00,0x00,0x00,
    0x00,0x00,0x00,0x00,0x00,0x00,0x00,0x00,0x00,0x00,0x00,0x00,0x00,0x00,0x00,0x00,
    0x00,0x00,0x00,0x00,0x00,0x00,0x00,0x00,0x00,0x00,0x00,0x00,0x00,0x00,0x00,0x00,
    0x00,0x00,0x00,0x00,0x00,0x00,0x00,0x00,0x00,0x00,0x00,0x00,0x00,0x00,0x00,0x00,
    0x00,0x00,0x00,0x00,0x00,0x00,0x00,0x00,0x00,0x00,0x00,0x00,0x00,0x00,0x00,0x00,
    0x00,0x00,0x00,0x00,0x00,0x00,0x00,0x00,0x00,0x00,0x00,0x00,0x00,0x00,0x00,0x00,
    0x00,0x00,0x00,0x00,0x00,0x00,0x00,0x00,0x00,0x00,0x00,0x00,0x00,0x00,0x00,0x00,
    0x00,0x00,0x00,0x00,0x00,0x00,0x00,0x00,0x00,0x00,0x00,0x00,0x00,0x00,0x00,0x00,
    0x00,0x00,0x00,0x00,0x00,0x00,0x00,0x00,0x00,0x00,0x00,0x00,0x00,0x00,0x00,0x00,
    0x00,0x00,0x00,0x00,0x00,0x00,0x00,0x00,0x00,0x00,0x00,0x00,0x00,0x00,0x00,0x00,
    0x00,0x00,0x00,0x00,0x00,0x00,0x00,0x00,0x00,0x00,0x00,0x00,0x00,0x00,0x00,0x00,
    0x00,0x00,0x00,0x00,0x00,0x00,0x00,0x00,0x00,0x00,0x00,0x00,0x00,0x00,0x00,0x00,
    0x00,0x00,0x00,0x00,0x00,0x00,0x00,0x00,0x00,0x00,0x00,0x00,0x00,0x00,0x00,0x00,
    0x00,0x00,0x00,0x00,0x00,0x00,0x00,0x00,0x00,0x00,0x00,0x00,0x00,0x00,0x00,0x00,
    0x00,0x00,0x00,0x00,0x00,0x00,0x00,0x00,0x00,0x00,0x00,0x00,0x00,0x00,0x00,0x00,
    0x00,0x00,0x00,0x00,0x00,0x00,0x00,0x00,0x00,0x00,0x00,0x00,0x00,0x00,0x00,0x00,
    0x00,0x00,0x00,0x00,0x00,0x00,0x00,0x00,0x00,0x00,0x00,0x00,0x00,0x00,0x00,0x00,
    0x00,0x00,0x00,0x00,0x00,0x00,0x00,0x00,0x00,0x00,0x00,0x00,0x00,0x00,0x00,0x00,
    0x00,0x00,0x00,0x00,0x00,0x00,0x00,0x00,0x00,0x00,0x00,0x00,0x00,0x00,0x00,0x00,
    0x00,0x00,0x00,0x00,0x00,0x00,0x00,0x00,0x00,0x00,0x00,0x00,0x00,0x00,0x00,0x00,
    0x00,0x00,0x00,0x00,0x00,0x00,0x00,0x00,0x00,0x00,0x00,0x00,0x00,0x00,0x00,0x00,
    0x00,0x00,0x00,0x00,0x00,0x00,0x00,0x00,0x00,0x00,0x00,0x00,0x00,0x00,0x00,0x00,
    0x00,0x00,0x00,0x00,0x00,0x00,0x00,0x00,0x00,0x00,0x00,0x00,0x00,0x00,0x00,0x00,
    0x00,0x00,0x00,0x00,0x00,0x00,0x00,0x00,0x00,0x00,0x00,0x00,0x00,0x00,0x00,0x00,
    0x00,0x00,0x00,0x00,0x00,0x00,0x00,0x00,0x00,0x00,0x00,0x00,0x00,0x00,0x00,0x00,
    0x00,0x00,0x00,0x00,0x00,0x00,0x00,0x00,0x00,0x00,0x00,0x00,0x00,0x00,0x00,0x00,
    0x00,0x00,0x00,0x00,0x00,0x00,0x00,0x00,0x00,0x00,0x00,0x00,0x00,0x00,0x00,0x00,
    0x00,0x00,0x00,0x00,0x00,0x00,0x00,0x00,0x00,0x00,0x00,0x00,0x00,0x00,0x00,0x00,
    0x00,0x00,0x00,0x00,0x00,0x00,0x00,0x00,0x00,0x00,0x00,0x00,0x00,0x00,0x00,0x00,
    0x00,0x00,0x00,0x00,0x00,0x00,0x00,0x00,0x00,0x00,0x00,0x00,0x00,0x00,0x00,0x00,
    0x00,0x00,0x00,0x00,0x00,0x00,0x00,0x00,0x00,0x00,0x00,0x00,0x00,0x00,0x00,0x00,
    0x00,0x00,0x00,0x00,0x00,0x00,0x00,0x00,0x00,0x00,0x00,0x00,0x00,0x00,0x00,0x00,
    0x00,0x00,0x00,0x00,0x00,0x00,0x00,0x00,0x00,0x00,0x00,0x00,0x00,0x00,0x00,0x00,
    0x00,0x00,0x00,0x00,0x00,0x00,0x00,0x00,0x00,0x00,0x00,0x00,0x00,0x00,0x00,0x00,
    0x00,0x00,0x00,0x00,0x00,0x00,0x00,0x00,0x00,0x00,0x00,0x00,0x00,0x00,0x00,0x00,
    0x00,0x00,0x00,0x00,0x00,0x00,0x00,0x00,0x00,0x00,0x00,0x00,0x00,0x00,0x00,0x00,
    0x00,0x00,0x00,0x00,0x00,0x00,0x00,0x00,0x00,0x00,0x00,0x00,0x00,0x00,0x00,0x00,
    0x00,0x00,0x00,0x00,0x00,0x00,0x00,0x00,0x00,0x00,0x00,0x00,0x00,0x00,0x00,0x00,
    0x00,0x00,0x00,0x00,0x00,0x00,0x00,0x00,0x00,0x00,0x00,0x00,0x00,0x00,0x00,0x00,
    0x00,0x00,0x00,0x00,0x00,0x00,0x00,0x00,0x00,0x00,0x00,0x00,0x00,0x00,0x00,0x00,
    0x00,0x00,0x00,0x00,0x00,0x00,0x00,0x00,0x00,0x00,0x00,0x00,0x00,0x00,0x00,0x00,
    0x00,0x00,0x00,0x00,0x00,0x00,0x00,0x00,0x00,0x00,0x00,0x00,0x00,0x00,0x00,0x00,
    0x00,0x00,0x00,0x00,0x00,0x00,0x00,0x00,0x00,0x00,0x00,0x00,0x00,0x00,0x00,0x00,
    0x00,0x00,0x00,0x00,0x00,0x00,0x00,0x00,0x00,0x00,0x00,0x00,0x00,0x00,0x00,0x00,
    0x00,0x00,0x00,0x00,0x00,0x00,0x00,0x00,0x00,0x00,0x00,0x00,0x00,0x00,0x00,0x00,
    0x00,0x00,0x00,0x00,0x00,0x00,0x00,0x00,0x00,0x00,0x00,0x00,0x00,0x00,0x00,0x00,
    0x00,0x00,0x00,0x00,0x00,0x00,0x00,0x00,0x00,0x00,0x00,0x00,0x00,0x00,0x00,0x00,
    0x00,0x00,0x00,0x00,0x00,0x00,0x00,0x00,0x00,0x00,0x00,0x00,0x00,0x00,0x00,0x00,
    0x00,0x00,0x00,0x00,0x00,0x00,0x00,0x00,0x00,0x00,0x00,0x00,0x00,0x00,0x00,0x00,
    0x00,0x00,0x00,0x00,0x00,0x00,0x00,0x00,0x00,0x00,0x00,0x00,0x00,0x00,0x00,0x00,
    0x00,0x00,0x00,0x00,0x00,0x00,0x00,0x00,0x00,0x00,0x00,0x00,0x00,0x00,0x00,0x00,
    0x00,0x00,0x00,0x00,0x00,0x00,0x00,0x00,0x00,0x00,0x00,0x00,0x00,0x00,0x00,0x00,
    0x00,0x00,0x00,0x00,0x00,0x00,0x00,0x00,0x00,0x00,0x00,0x00,0x00,0x00,0x00,0x00,
    0x00,0x00,0x00,0x00,0x00,0x00,0x00,0x00,0x00,0x00,0x00,0x00,0x00,0x00,0x00,0x00,
    0x00,0x00,0x00,0x00,0x00,0x00,0x00,0x00,0x00,0x00,0x00,0x00,0x00,0x00,0x00,0x00,
    0x00,0x00,0x00,0x00,0x00,0x00,0x00,0x00,0x00,0x00,0x00,0x00,0x00,0x00,0x00,0x00,
    0x00,0x00,0x00,0x00,0x00,0x00,0x00,0x00,0x00,0x00,0x00,0x00,0x00,0x00,0x00,0x00,
    0x00,0x00,0x00,0x00,0x00,0x00,0x00,0x00,0x00,0x00,0x00,0x00,0x00,0x00,0x00,0x00,
    0x00,0x00,0x00,0x00,0x00,0x00,0x00,0x00,0x00,0x00,0x00,0x00,0x00,0x00,0x00,0x00,
    0x00,0x00,0x00,0x00,0x00,0x00,0x00,0x00,0x00,0x00,0x00,0x00,0x00,0x00,0x00,0x00,
    0x00,0x00,0x00,0x00,0x00,0x00,0x00,0x00,0x00,0x00,0x00,0x00,0x00,0x00,0x00,0x00,
    0x00,0x00,0x00,0x00,0x00,0x00,0x00,0x00,0x00,0x00,0x00,0x00,0x00,0x00,0x00,0x00,
    0x00,0x00,0x00,0x00,0x00,0x00,0x00,0x00,0x00,0x00,0x00,0x00,0x00,0x00,0x00,0x00,
    0x00,0x00,0x00,0x00,0x00,0x00,0x00,0x00,0x00,0x00,0x00,0x00,0x00,0x00,0x00,0x00,
    0x00,0x00,0x00,0x00,0x00,0x00,0x00,0x00,0x00,0x00,0x00,0x00,0x00,0x00,0x00,0x00,
    0x00,0x00,0x00,0x00,0x00,0x00,0x00,0x00,0x00,0x00,0x00,0x00,0x00,0x00,0x00,0x00,
    0x00,0x00,0x00,0x00,0x00,0x00,0x00,0x00,0x00,0x00,0x00,0x00,
};
